iso3,year,rural,rural_growth,urban,urban_growth,air_pollution,ag_land
AFG,1990,78.823,8.96E-02,21.177,0.623574329,49.28239771,58.32298422
AFG,1991,78.734,0.356908546,21.266,0.889255391,..,58.30765221
AFG,1992,78.645,11.40941718,21.355,11.940176,..,58.30765221
AFG,1993,78.556,14.85122864,21.444,15.38033614,..,58.16046487
AFG,1994,78.466,9.749627521,21.534,10.28308499,..,57.97494749
AFG,1995,78.376,5.931764954,21.624,6.463627944,48.5648929,57.89828741
AFG,1996,78.286,3.988128929,21.714,4.518348289,..,57.88908821
AFG,1997,78.195,3.794296747,21.805,4.328815439,..,57.94734986
AFG,1998,78.105,3.767769307,21.895,4.294823852,..,58.05927357
AFG,1999,78.014,3.961296941,21.986,4.492655212,..,57.89982062
AFG,2000,77.922,1.325806085,22.078,1.8613773,51.55453373,57.94581666
AFG,2001,77.831,0.625666868,22.169,1.153838615,..,57.94734986
AFG,2002,77.739,6.331047782,22.261,6.863452978,..,57.93968385
AFG,2003,77.647,7.422603719,22.353,7.953447688,..,58.08380479
AFG,2004,77.5,3.743680311,22.5,4.588653258,..,58.15126566
AFG,2005,77.297,3.314227377,22.703,4.47468959,46.15192895,58.13440044
AFG,2006,77.093,3.875414618,22.907,5.034216003,..,58.12366803
AFG,2007,76.887,1.525627223,23.113,2.688468426,..,58.12980084
AFG,2008,76.68,1.732743176,23.32,2.8939489,..,58.13286724
AFG,2009,76.472,3.289663734,23.528,4.449268736,..,58.13286724
AFG,2010,76.263,2.621229215,23.737,3.779279064,51.82178913,58.13440044
AFG,2011,76.052,3.412449184,23.948,4.574493314,56.24722763,58.13133404
AFG,2012,75.84,3.798482719,24.16,4.958980984,54.70023262,58.12980084
AFG,2013,75.627,3.185536778,24.373,4.344553352,58.79165857,58.12366803
AFG,2014,75.413,3.374205965,24.587,4.531768503,61.86532919,58.12366803
AFG,2015,75.197,2.834510708,24.803,3.996007967,60.59701482,58.12366803
AFG,2016,74.98,2.292555436,25.02,3.452642906,57.20370424,58.12366803
AFG,2017,74.75,2.559272446,25.25,3.781556617,53.35536322,58.12366803
AFG,2018,74.505,2.556908766,25.495,3.850832833,52.80462038,58.27698818
AFG,2019,74.246,2.56029651,25.754,3.919286985,52.41704109,58.27698818
AFG,2020,73.974,2.767723855,26.026,4.185357062,..,58.74154823
AFG,2021,73.686,2.461274744,26.314,3.951857289,..,58.74154823
AFG,2022,73.384,2.123806465,26.616,3.675647413,..,..
ALB,1990,63.572,1.375264651,36.428,2.543042545,24.9474816,40.91240876
ALB,1991,63.3,-1.031569348,36.7,0.141060582,..,41.13138686
ALB,1992,62.751,-1.477534579,37.249,0.87843043,..,41.13138686
ALB,1993,62.201,-1.490477174,37.799,0.85553496,..,41.09489051
ALB,1994,61.646,-1.510146215,38.354,0.84372567,..,41.09489051
ALB,1995,61.089,-1.525393407,38.911,0.82417126,24.12933961,41.13138686
ALB,1996,60.527,-1.545737004,39.473,0.812476342,..,41.27737226
ALB,1997,59.965,-1.558245659,40.035,0.788237295,..,41.42335766
ALB,1998,59.399,-1.577691905,40.601,0.774515179,..,41.56934307
ALB,1999,58.831,-1.594233873,41.169,0.755983737,..,41.78832117
ALB,2000,58.259,-1.614394032,41.741,0.742478629,24.30286936,41.75182482
ALB,2001,57.565,-2.136817959,42.435,0.710442618,..,41.56934307
ALB,2002,56.499,-2.169088757,43.501,2.181208904,..,41.60583942
ALB,2003,55.427,-2.289748621,44.573,2.060274182,..,40.91240876
ALB,2004,54.349,-2.382000972,45.651,1.971798937,..,40.94890511
ALB,2005,53.269,-2.518952622,46.731,1.826429357,22.16948971,39.30656934
ALB,2006,52.185,-2.686833451,47.815,1.662227897,..,40.87591241
ALB,2007,51.098,-2.860733909,48.902,1.49221507,..,40.83941606
ALB,2008,50.009,-2.921578419,49.991,1.435124211,..,43.10218978
ALB,2009,48.924,-2.867395703,51.076,1.473287913,..,43.84306569
ALB,2010,47.837,-2.743291493,52.163,1.609373264,21.63144957,43.84306569
ALB,2011,46.753,-2.561111693,53.247,1.787783785,23.414815,43.83211679
ALB,2012,45.67,-2.508854494,54.33,1.848378936,21.55597679,43.84306569
ALB,2013,44.613,-2.524864649,55.387,1.74363937,20.05028087,43.33211679
ALB,2014,43.577,-2.556585404,56.423,1.646115996,19.94217042,42.85729927
ALB,2015,42.566,-2.638588443,57.434,1.484764333,19.54397528,42.85766423
ALB,2016,41.579,-2.505938185,58.421,1.54401448,17.81730527,43.12773723
ALB,2017,40.617,-2.432825322,59.383,1.541284964,19.01906113,42.8569708
ALB,2018,39.681,-2.578121102,60.319,1.317162104,18.82011853,42.84967153
ALB,2019,38.771,-2.746066612,61.229,1.071413549,18.63878032,42.84671533
ALB,2020,37.888,-2.878003312,62.112,0.857610923,..,42.53850365
ALB,2021,37.031,-3.214804211,62.969,0.44340448,..,41.47189781
ALB,2022,36.201,-3.556688564,63.799,1.97E-02,..,..
DZA,1990,47.915,0.86491495,52.085,4.016594614,30.06889972,16.23854829
DZA,1991,47.129,0.73064488,52.871,3.88245075,..,16.21587579
DZA,1992,46.343,0.641925394,53.657,3.799446791,..,16.31790204
DZA,1993,45.561,0.538553515,54.439,3.687255638,..,16.31664245
DZA,1994,44.781,0.38093414,55.219,3.530373614,..,16.6432944
DZA,1995,44.003,0.165428401,55.997,3.317148645,32.11741075,16.64707315
DZA,1996,43.226,-1.82E-02,56.774,3.141354438,..,16.64161495
DZA,1997,42.456,-0.116230971,57.544,3.028298532,..,16.66428745
DZA,1998,41.687,-0.317323381,58.313,2.838094931,..,16.72138856
DZA,1999,40.882,-0.551511395,59.118,2.769464534,..,16.68150176
DZA,2000,40.081,-0.576456855,59.919,2.748112305,35.37684627,16.80326148
DZA,2001,39.288,-0.622398145,60.712,2.690703779,..,16.84020926
DZA,2002,38.499,-0.679816979,61.501,2.640071821,..,16.73356454
DZA,2003,37.716,-0.700547991,62.284,2.61935316,..,16.7548515
DZA,2004,36.939,-0.674375308,63.061,2.647066229,..,17.27518537
DZA,2005,36.17,-0.739705161,63.83,2.576161539,34.00185152,17.3028962
DZA,2006,35.407,-0.690913238,64.593,2.629411988,..,17.29030037
DZA,2007,34.652,-0.527500611,65.348,2.789987447,..,17.32011051
DZA,2008,33.903,-0.476222486,66.097,2.848624388,..,17.34404259
DZA,2009,33.174,-0.377807621,66.826,2.892792882,..,17.37385273
DZA,2010,32.46,-0.317085021,67.54,2.921480596,31.94215239,17.37133356
DZA,2011,31.764,-0.269105499,68.236,2.92362164,31.47118632,17.37721162
DZA,2012,31.085,-0.217713341,68.915,2.933258344,32.49110136,17.38149
DZA,2013,30.424,-0.182649747,69.576,2.921299417,30.3495654,17.39553226
DZA,2014,29.779,-0.163783327,70.221,2.901821798,31.87523927,17.39526565
DZA,2015,29.152,-0.128045042,70.848,2.888877932,33.44000481,17.40592281
DZA,2016,28.541,-0.124752261,71.459,2.852142557,32.79009631,17.36553219
DZA,2017,27.948,-0.142598336,72.052,2.783424625,32.55274407,17.35501081
DZA,2018,27.371,-0.182834594,72.629,2.700947183,32.66295035,17.35656799
DZA,2019,26.811,-0.227737006,73.189,2.607529824,32.83308539,17.34700415
DZA,2020,26.267,-0.317427607,73.733,2.472988752,..,17.34700415
DZA,2021,25.739,-0.372904438,74.261,2.371249675,..,17.34700415
DZA,2022,25.228,-0.376939621,74.772,2.314093577,..,..
ASM,1990,19.052,-0.284994164,80.948,4.10286915,6.724221144,9.65
ASM,1991,18.114,-2.624705832,81.886,3.577881438,..,9.82
ASM,1992,17.211,-2.915658429,82.789,3.287987568,..,9.99
ASM,1993,16.346,-2.991273423,83.654,3.204337377,..,10.16
ASM,1994,15.515,-3.071188759,84.485,3.143329433,..,10.33
ASM,1995,14.72,-3.143062204,85.28,3.040940545,6.677788857,10.5
ASM,1996,13.957,-3.28449488,86.043,2.927734995,..,10.67
ASM,1997,13.229,-3.409649096,86.771,2.802988413,..,10.84
ASM,1998,12.533,-3.57230287,87.467,2.625617652,..,11.01
ASM,1999,11.869,-3.70465911,88.131,2.491476974,..,11.18
ASM,2000,11.413,-2.818759532,88.587,1.614230592,5.899967661,11.35
ASM,2001,11.509,1.003077502,88.491,5.23E-02,..,11.5
ASM,2002,11.606,0.579281234,88.394,-0.361039252,..,11.65
ASM,2003,11.703,0.428582641,88.297,-0.516645883,..,11.8
ASM,2004,11.802,0.294507649,88.198,-0.65696172,..,11.95
ASM,2005,11.9,0.17628916,88.1,-0.758402308,6.073849362,12.1
ASM,2006,12,0.102692006,88,-0.844138879,..,12.25
ASM,2007,12.1,2.93E-02,87.9,-0.915871352,..,12.4
ASM,2008,12.201,-4.40E-02,87.799,-0.991562675,..,12.55
ASM,2009,12.303,-0.102707074,87.697,-1.061202674,..,12.7
ASM,2010,12.406,-0.10281267,87.594,-1.055932294,5.822674196,12.85
ASM,2011,12.498,-0.250128873,87.502,-1.092449598,5.495040024,13
ASM,2012,12.58,-0.502142541,87.42,-1.238648471,5.582985487,13.15
ASM,2013,12.652,-0.728140523,87.348,-1.388032196,5.575990242,13.3
ASM,2014,12.712,-1.004280344,87.288,-1.547887091,5.977969295,13.45
ASM,2015,12.762,-1.243005242,87.238,-1.697112343,6.029516789,13.6
ASM,2016,12.802,-1.506098855,87.198,-1.851362534,6.543290084,13.75
ASM,2017,12.83,-1.749497918,87.17,-2.004498446,6.339296397,13.9
ASM,2018,12.847,-1.989402763,87.153,-2.142604233,6.35907699,14.05
ASM,2019,12.853,-2.259707628,87.147,-2.310689801,6.300155035,14.2
ASM,2020,12.847,-2.463506739,87.153,-2.41501908,..,14.35
ASM,2021,12.831,-2.664091982,87.169,-2.510444748,..,14.5
ASM,2022,12.804,-1.90448667,87.196,-1.677387423,..,..
AND,1990,5.288,6.753158277,94.712,3.499911002,14.26030327,48.93617021
AND,1991,5.47,6.788624693,94.53,3.230904074,..,48.93617021
AND,1992,5.676,6.974017354,94.324,3.063170511,..,48.93617021
AND,1993,5.889,6.921841767,94.111,2.99008639,..,48.93617021
AND,1994,6.11,6.795904221,93.89,2.896290249,..,48.93617021
AND,1995,6.339,6.740047173,93.661,2.806278073,12.89488469,48.93617021
AND,1996,6.575,5.582050913,93.425,1.665751744,..,48.93617021
AND,1997,6.82,4.474033907,93.18,0.569053116,..,48.93617021
AND,1998,7.073,4.43433321,92.927,0.503120734,..,48.93617021
AND,1999,7.334,4.329129203,92.666,0.436520069,..,48.93617021
AND,2000,7.605,4.308733946,92.395,0.377327984,13.6184311,48.93617021
AND,2001,7.944,6.935087384,92.056,2.205721721,..,48.40425532
AND,2002,8.359,9.449997113,91.641,3.918559741,..,48.61702128
AND,2003,8.793,9.297408923,91.207,3.750014339,..,48.63829787
AND,2004,9.249,9.069745089,90.751,3.511382789,..,48.53191489
AND,2005,9.715,8.599202682,90.285,3.177421112,12.17828755,46.38297872
AND,2006,10.193,5.298753855,89.807,-3.75E-02,..,46.34042553
AND,2007,10.692,2.189382885,89.308,-3.149977749,..,44.19148936
AND,2008,10.996,5.98E-02,89.004,-3.080926144,..,44.17021277
AND,2009,11.088,-2.102542411,88.912,-3.04324036,..,44.19148936
AND,2010,11.181,-2.372531894,88.819,-3.314929836,11.25750375,42.06382979
AND,2011,11.274,-0.514011036,88.726,-1.444532107,12.31364419,42.06382979
AND,2012,11.369,1.459879942,88.631,0.524091012,11.21333853,39.91489362
AND,2013,11.463,1.328923212,88.537,0.390086599,10.22088866,40.0212766
AND,2014,11.559,1.190779563,88.441,0.246585861,9.589170072,40
AND,2015,11.655,0.997544478,88.345,6.63E-02,10.34568624,40.0212766
AND,2016,11.752,1.930539024,88.248,0.990596724,8.943875425,40.04255319
AND,2017,11.85,2.60506772,88.15,1.660740559,9.137722902,40.04255319
AND,2018,11.938,2.315833514,88.062,1.48083075,9.181820028,40.07234043
AND,2019,12.016,2.405235101,87.984,1.669357528,9.066401367,40.00021277
AND,2020,12.084,2.327440475,87.916,1.68440885,..,39.95170213
AND,2021,12.142,2.18075537,87.858,1.636346031,..,39.90680851
AND,2022,12.189,1.386755122,87.811,0.940293027,..,..
AGO,1990,62.856,1.122046849,37.144,7.22349673,28.66082231,35.6589396
AGO,1991,61.42,1.015044908,38.58,7.119319908,..,35.68059678
AGO,1992,59.961,0.844740079,40.039,6.960837482,..,35.70305607
AGO,1993,58.489,0.675978915,41.511,6.771998639,..,35.70225395
AGO,1994,57,0.61968998,43,6.722597969,..,35.70225395
AGO,1995,55.831,1.217472165,44.169,5.971988064,27.29682483,35.6862116
AGO,1996,54.654,1.199444188,45.346,5.960013044,..,35.65172054
AGO,1997,53.475,1.154336098,46.525,5.901940058,..,35.6541269
AGO,1998,52.29,1.038158829,47.71,5.794187303,..,35.7046603
AGO,1999,51.103,0.930256897,48.897,5.683946642,..,35.74797465
AGO,2000,49.913,0.88794687,50.087,5.648669553,28.13389466,35.71268148
AGO,2001,48.726,0.878350985,51.274,5.627442316,..,35.62605278
AGO,2002,47.539,0.868889745,52.461,5.623762279,..,35.64450148
AGO,2003,46.355,0.891201637,53.645,5.645138173,..,35.69343066
AGO,2004,45.173,0.923422382,54.827,5.685844963,..,35.54183043
AGO,2005,44,0.92667002,56,5.674547482,28.31636067,35.4399615
AGO,2006,43.236,1.840393911,56.764,4.947079621,..,35.40306409
AGO,2007,42.476,1.86616167,57.524,4.969582617,..,35.48969279
AGO,2008,41.718,1.870259779,58.282,4.980011828,..,35.44958691
AGO,2009,40.966,1.874463434,59.034,4.975504409,..,35.79850806
AGO,2010,40.217,1.889525487,59.783,4.995580748,28.62971853,35.97497393
AGO,2011,39.472,1.888973109,60.528,4.9972692,28.8143365,36.34876073
AGO,2012,38.732,1.866160149,61.268,4.97386378,29.11115709,36.3383332
AGO,2013,37.998,1.822269381,62.002,4.926418529,29.20983831,36.48672495
AGO,2014,37.269,1.747263494,62.731,4.85333966,28.23624771,36.63591883
AGO,2015,36.554,1.680549129,63.446,4.75101947,29.1040242,36.72816235
AGO,2016,35.851,1.644296557,64.149,4.688145399,29.17977414,36.75623646
AGO,2017,35.161,1.607594751,64.839,4.62086229,28.0424247,36.71452635
AGO,2018,34.486,1.526050949,65.514,4.500115171,28.50920176,36.7305687
AGO,2019,33.823,1.454033348,66.177,4.402191144,28.4208104,36.7987487
AGO,2020,33.175,1.333900536,66.825,4.242778261,..,36.81078046
AGO,2021,32.54,1.233383566,67.46,4.111785847,..,36.81479105
AGO,2022,31.919,1.169889508,68.081,4.013085739,..,..
ATG,1990,64.574,-0.611920922,35.426,-0.2537451,18.11745994,20.45454545
ATG,1991,64.535,0.422162928,35.465,0.591073427,..,20.45454545
ATG,1992,64.915,2.184602589,35.085,0.521502044,..,20.45454545
ATG,1993,65.291,2.380139901,34.709,0.72031232,..,20.45454545
ATG,1994,65.666,2.4338476,34.334,0.780317393,..,20.45454545
ATG,1995,66.039,2.524458141,33.961,0.864720681,18.1303641,20.45454545
ATG,1996,66.41,2.5875004,33.59,0.925575447,..,20.45454545
ATG,1997,66.779,2.568503069,33.221,0.908633969,..,20.45454545
ATG,1998,67.145,2.4282768,32.855,0.778902113,..,20.45454545
ATG,1999,67.51,2.250386652,32.49,0.5854328,..,20.45454545
ATG,2000,67.873,2.193005061,32.127,0.536417279,18.17867165,20.45454545
ATG,2001,68.26,2.101741991,31.74,0.322954901,..,20.45454545
ATG,2002,68.902,2.214645748,31.098,-0.767686406,..,20.45454545
ATG,2003,69.536,2.048843987,30.464,-0.924866922,..,20.45454545
ATG,2004,70.163,2.000486126,29.837,-0.975947246,..,20.45454545
ATG,2005,70.782,2.047962927,29.218,-0.929842485,16.5773788,20.45454545
ATG,2006,71.394,2.136807263,28.606,-0.839129652,..,20.45454545
ATG,2007,71.998,2.219193157,28.002,-0.759107469,..,20.45454545
ATG,2008,72.595,2.320041123,27.405,-0.659664697,..,20.45454545
ATG,2009,73.182,2.335347343,26.818,-0.637574986,..,20.45454545
ATG,2010,73.762,2.152408918,26.238,-0.81940443,16.89122391,20.45454545
ATG,2011,74.297,1.922548581,25.703,-0.862055052,16.08669375,20.45454545
ATG,2012,74.474,1.321214616,25.526,0.393983318,16.78599453,20.45454545
ATG,2013,74.65,1.170868375,25.35,0.240996234,16.94753609,20.45454545
ATG,2014,74.825,1.066002235,25.175,0.13808773,16.48732491,20.45454545
ATG,2015,75,1.020667894,25,8.90E-02,18.14588457,20.45454545
ATG,2016,75.154,0.8943521,24.846,7.56E-02,17.6733477,20.45454545
ATG,2017,75.287,0.788805741,24.713,7.11E-02,17.18390999,20.45454545
ATG,2018,75.401,0.705946805,24.599,9.32E-02,17.5653142,20.45454545
ATG,2019,75.494,0.657868635,24.506,0.155165948,17.59200058,20.45454545
ATG,2020,75.567,0.687849322,24.433,0.296362044,..,20.45454545
ATG,2021,75.62,0.667546869,24.38,0.379122302,..,20.45454545
ATG,2022,75.654,0.626473656,24.346,0.443420768,..,..
ARG,1990,13.016,-1.354077224,86.984,1.8838311,15.62276872,46.61287906
ARG,1991,12.672,-1.254386936,87.328,1.8187577,..,46.64759253
ARG,1992,12.458,-0.315742024,87.542,1.632186829,..,46.682306
ARG,1993,12.248,-0.342076887,87.752,1.597564758,..,46.71701947
ARG,1994,12.04,-0.3657895,87.96,1.583773749,..,46.75282915
ARG,1995,11.836,-0.391306164,88.164,1.54920796,15.5412485,46.78827343
ARG,1996,11.634,-0.460997591,88.366,1.489269537,..,46.8237177
ARG,1997,11.436,-0.518294348,88.564,1.422082095,..,46.85770036
ARG,1998,11.241,-0.56166918,88.759,1.378115353,..,46.89241383
ARG,1999,11.048,-0.579781,88.952,1.369248714,..,46.92237703
ARG,2000,10.858,-0.601445456,89.142,1.346646898,14.16360006,46.95818671
ARG,2001,10.671,-0.638083047,89.329,1.308731698,..,46.99326559
ARG,2002,10.49,-0.637198372,89.51,1.275955188,..,47.0312677
ARG,2003,10.314,-0.659646637,89.686,1.228792108,..,47.17498146
ARG,2004,10.14,-0.68608506,89.86,1.209159175,..,47.31869521
ARG,2005,9.969,-0.667304254,90.031,1.223592348,13.29202423,47.47373652
ARG,2006,9.8,-0.675121506,90.2,1.222209318,..,47.55339479
ARG,2007,9.634,-0.702067992,90.366,1.190161258,..,47.49109325
ARG,2008,9.47,-0.724676159,90.53,1.173614884,..,46.42356277
ARG,2009,9.309,-0.700442043,90.691,1.191967816,..,45.43020949
ARG,2010,9.151,-1.456277026,90.849,0.429649599,13.7363052,46.13891234
ARG,2011,9.01,-0.3997476,90.99,1.308141316,14.18995612,45.79196036
ARG,2012,8.879,-0.32770453,91.121,1.280773703,13.35883878,45.58130442
ARG,2013,8.751,-0.332978803,91.249,1.25948243,14.70187086,44.92193124
ARG,2014,8.623,-0.374035542,91.377,1.239638679,13.77937715,44.28302073
ARG,2015,8.497,-0.393992379,91.503,1.215797063,14.58721171,44.11877122
ARG,2016,8.373,-0.412892629,91.627,1.192602919,14.11129971,43.4794953
ARG,2017,8.251,-0.430673051,91.749,1.170195959,13.61076539,42.98638136
ARG,2018,8.13,-0.46153037,91.87,1.147602159,13.63250289,42.37153631
ARG,2019,8.009,-0.506115919,91.991,1.125019726,13.51118918,42.59077926
ARG,2020,7.889,-0.53958153,92.111,1.100415053,..,43.02926517
ARG,2021,7.771,-0.55955889,92.229,1.075515039,..,43.10234616
ARG,2022,7.653,-0.604271965,92.347,1.053695664,..,..
ARM,1990,32.579,3.923075907,67.421,2.695764679,32.12429552,..
ARM,1991,32.85,2.531539145,67.15,1.30038689,..,..
ARM,1992,33.122,-0.373300225,66.878,-1.603742387,..,41.09589041
ARM,1993,33.394,-2.516007135,66.606,-3.741397338,..,41.48226203
ARM,1994,33.668,-1.63162252,66.332,-2.861061195,..,42.14963119
ARM,1995,33.943,-0.707689525,66.057,-1.936587501,31.47305054,43.69511767
ARM,1996,34.219,8.84E-02,65.781,-1.140086823,..,45.87284861
ARM,1997,34.496,-3.03E-02,65.504,-1.258456871,..,46.78609062
ARM,1998,34.774,-0.14534158,65.226,-1.373374112,..,46.64559185
ARM,1999,35.053,-0.271829247,64.947,-1.499634505,..,46.46996839
ARM,2000,35.334,-0.378358783,64.666,-1.610374905,31.07417312,46.46996839
ARM,2001,35.615,-0.331122131,64.385,-1.558676244,..,46.64559185
ARM,2002,35.764,-0.483303207,64.236,-1.132465702,..,48.85844749
ARM,2003,35.863,-0.399993856,64.137,-0.830795278,..,50.7200562
ARM,2004,35.962,-0.321386885,64.038,-0.751432255,..,52.86266245
ARM,2005,36.062,-0.327518996,63.938,-0.761535436,31.92346789,56.37513172
ARM,2006,36.161,-0.409428167,63.839,-0.838572638,..,61.69301019
ARM,2007,36.261,-0.456537952,63.739,-0.889415093,..,61.53494907
ARM,2008,36.36,-0.427837162,63.64,-0.855937609,..,61.42606252
ARM,2009,36.46,-0.368497347,63.54,-0.800339953,..,61.33825079
ARM,2010,36.56,-0.335226341,63.44,-0.766716914,35.39548583,60.94134176
ARM,2011,36.66,-0.316328844,63.34,-0.747249768,39.93109313,59.6452406
ARM,2012,36.76,-0.225816653,63.24,-0.656142903,40.53562091,59.11485774
ARM,2013,36.836,-0.241765086,63.164,-0.568544597,38.4153887,59.11485774
ARM,2014,36.888,-0.254544962,63.112,-0.477941161,38.00214063,59.03407095
ARM,2015,36.915,-0.319824388,63.085,-0.43578728,37.38765045,58.89357218
ARM,2016,36.918,-0.436095044,63.082,-0.449033645,34.24036582,58.89708465
ARM,2017,36.897,-0.543530334,63.103,-0.453337251,34.90719855,58.87249737
ARM,2018,36.851,-0.664961112,63.149,-0.467403785,34.03041055,58.914647
ARM,2019,36.781,-0.754200198,63.219,-0.453278,33.65637939,58.90410959
ARM,2020,36.687,-0.788976479,63.313,-0.384383434,..,58.8689849
ARM,2021,36.569,-0.845109531,63.431,-0.336768059,..,58.82753776
ARM,2022,36.427,-0.766181006,63.573,-0.153477829,..,..
ABW,1990,49.681,1.742721154,50.319,1.683479832,..,11.11111111
ABW,1991,49.696,3.254671652,50.304,3.190556921,..,11.11111111
ABW,1992,50.002,3.984660349,49.998,2.764753684,..,11.11111111
ABW,1993,50.412,3.859368241,49.588,2.217710681,..,11.11111111
ABW,1994,50.823,4.00870351,49.177,2.363030279,..,11.11111111
ABW,1995,51.233,3.88711859,48.767,2.247285585,..,11.11111111
ABW,1996,51.644,3.824591169,48.356,2.17966459,..,11.11111111
ABW,1997,52.054,3.817549568,47.946,2.176490597,..,11.11111111
ABW,1998,52.464,3.790198797,47.536,2.145090883,..,11.11111111
ABW,1999,52.873,3.710577036,47.127,2.070733072,..,11.11111111
ABW,2000,53.283,3.312759436,46.717,1.664222124,..,11.11111111
ABW,2001,53.661,2.475631412,46.339,0.956373099,..,11.11111111
ABW,2002,54.028,1.874806829,45.972,0.401335154,..,11.11111111
ABW,2003,54.394,1.673854961,45.606,0.196517211,..,11.11111111
ABW,2004,54.76,1.572139772,45.24,9.46E-02,..,11.11111111
ABW,2005,55.125,1.666914994,44.875,0.193588049,..,11.11111111
ABW,2006,55.489,1.839591516,44.511,0.367257987,..,11.11111111
ABW,2007,55.853,1.880382921,44.147,0.408048969,..,11.11111111
ABW,2008,56.217,1.891066725,43.783,0.413382967,..,11.11111111
ABW,2009,56.579,1.87556634,43.421,0.40239631,..,11.11111111
ABW,2010,56.941,1.769301372,43.059,0.29437351,..,11.11111111
ABW,2011,57.06,1.148537815,42.94,0.662063111,..,11.11111111
ABW,2012,57.043,0.780749035,42.957,0.84939325,..,11.11111111
ABW,2013,57.01,0.691191802,42.99,0.826413458,..,11.11111111
ABW,2014,56.959,0.601745854,43.041,0.810669185,..,11.11111111
ABW,2015,56.892,0.520623218,43.108,0.793025568,..,11.11111111
ABW,2016,56.808,0.442422772,43.192,0.784578493,..,11.11111111
ABW,2017,56.707,0.358555441,43.293,0.771898934,..,11.11111111
ABW,2018,56.589,0.287255738,43.411,0.765986265,..,11.11111111
ABW,2019,56.454,0.213237457,43.546,0.762320963,..,11.11111111
ABW,2020,56.303,-0.133220116,43.697,0.479957876,..,11.11111111
ABW,2021,56.134,-0.347205183,43.866,0.342950565,..,11.11111111
ABW,2022,55.948,-0.417236293,44.052,0.335380822,..,..
AUS,1990,14.567,1.686182206,85.433,1.444941615,7.593652633,60.45546256
AUS,1991,14.597,1.480373335,85.403,1.239497244,..,60.24003228
AUS,1992,14.715,1.924717095,85.285,0.981336449,..,60.65943793
AUS,1993,14.843,1.755661611,85.157,0.739338148,..,59.89052758
AUS,1994,14.972,1.828429416,85.028,0.811493536,..,61.06803952
AUS,1995,15.102,1.978251053,84.898,0.960730427,7.475606975,60.31891491
AUS,1996,15.233,2.077568194,84.767,1.059429602,..,60.55868685
AUS,1997,15.364,1.938315206,84.636,0.927383277,..,60.16856931
AUS,1998,15.497,1.858673504,84.503,0.83946685,..,60.3830884
AUS,1999,15.63,1.948559361,84.37,0.93645823,..,59.05692306
AUS,2000,15.765,2.004495212,84.235,0.984333804,7.356627454,59.28810382
AUS,2001,15.9,2.13662258,84.1,1.123578712,..,59.31817294
AUS,2002,15.778,0.367291657,84.222,1.282497609,..,58.1856996
AUS,2003,15.657,0.380360733,84.343,1.293754881,..,57.20942947
AUS,2004,15.537,0.299808313,84.463,1.211374539,..,51.40465746
AUS,2005,15.418,0.448435651,84.582,1.35808044,6.904730947,53.39937258
AUS,2006,15.3,0.581168148,84.7,1.488863154,..,53.27857543
AUS,2007,15.178,1.02439382,84.822,1.968934751,..,51.85367663
AUS,2008,15.057,1.20352835,84.943,2.14645819,..,50.67336605
AUS,2009,14.937,1.260659092,85.063,2.202006395,..,50.01848405
AUS,2010,14.818,0.755851597,85.182,1.695502161,6.785235613,48.99209872
AUS,2011,14.7,0.590016538,85.3,1.527957416,6.707494797,51.56281322
AUS,2012,14.598,1.049502902,85.402,1.865330137,6.995491287,50.38543145
AUS,2013,14.498,1.033771428,85.502,1.838175799,6.964302296,48.39371022
AUS,2014,14.398,0.799422657,85.602,1.608455102,6.880050681,48.73839866
AUS,2015,14.299,0.749250647,85.701,1.554800599,6.848476723,45.31442407
AUS,2016,14.2,0.867186153,85.8,1.677390128,6.815366192,44.53992579
AUS,2017,14.096,0.918303249,85.904,1.774528892,6.673638956,48.34061794
AUS,2018,13.988,0.733859077,86.012,1.628637215,6.738086439,46.65809501
AUS,2019,13.876,0.681314001,86.124,1.615335783,6.745497859,47.12377243
AUS,2020,13.759,0.388923756,86.241,1.371462726,..,46.25247984
AUS,2021,13.638,-0.755585899,86.362,0.267934456,..,47.2592375
AUS,2022,13.512,0.197729794,86.488,1.27168738,..,..
AUT,1990,37.04,1.496330736,62.96,0.332494358,21.28759264,36.64444983
AUT,1991,37.311,1.727370232,62.689,0.567072342,..,36.8019874
AUT,1992,37.583,1.826939991,62.417,0.665705624,..,36.51236064
AUT,1993,37.856,1.548368933,62.144,0.386303389,..,36.3427048
AUT,1994,38.13,1.106079299,61.87,-5.70E-02,..,36.28332525
AUT,1995,38.404,0.869134511,61.596,-0.290743622,20.10142092,36.12578769
AUT,1996,38.68,0.851121717,61.32,-0.314066228,..,36.03126515
AUT,1997,38.955,0.821743669,61.045,-0.336146843,..,35.92583616
AUT,1998,39.232,0.81830545,60.768,-0.345078398,..,35.86888027
AUT,1999,39.509,0.898124912,60.491,-0.262302086,..,35.81192438
AUT,2000,39.787,0.941656372,60.213,-0.220175992,17.30168358,35.63015027
AUT,2001,40.066,1.081575344,59.934,-8.16E-02,..,35.33809985
AUT,2002,40.345,1.185935427,59.655,2.54E-02,..,35.16965584
AUT,2003,40.625,1.178734238,59.375,1.67E-02,..,34.96400873
AUT,2004,40.906,1.309714736,59.094,0.14603312,..,34.74793989
AUT,2005,41.187,1.365873734,58.813,0.204609525,16.47804063,34.61948619
AUT,2006,41.468,1.174731549,58.532,1.59E-02,..,34.45588948
AUT,2007,41.751,1.004290182,58.249,-0.160527934,..,34.29592826
AUT,2008,42.034,0.988586776,57.966,-0.173990969,..,34.04507998
AUT,2009,42.317,0.932950942,57.683,-0.227452142,..,33.87057683
AUT,2010,42.601,0.90928454,57.399,-0.253173146,15.7085395,33.6791081
AUT,2011,42.885,1.001509422,57.115,-0.158921842,16.0961842,33.41371789
AUT,2012,42.853,0.381293052,57.147,0.511947896,14.50094818,33.14590402
AUT,2013,42.664,0.14737907,57.336,0.919560199,14.50183038,32.91808047
AUT,2014,42.474,0.335191174,57.526,1.112385233,12.81319702,32.89142026
AUT,2015,42.285,0.675020793,57.715,1.44900148,13.35116934,32.94292293
AUT,2016,42.095,0.631048572,57.905,1.4100618,12.30410306,32.35785264
AUT,2017,41.906,0.244636215,58.094,1.020478626,11.96813105,32.16941348
AUT,2018,41.703,1.46E-03,58.297,0.835905515,12.31952644,32.14772176
AUT,2019,41.485,-7.94E-02,58.515,0.817910607,12.16821803,32.12809016
AUT,2020,41.252,-0.148053196,58.748,0.812573161,..,31.53981338
AUT,2021,41.005,-0.164882069,58.995,0.855226835,..,31.47672564
AUT,2022,40.744,0.325231477,59.256,1.405210558,..,..
AZE,1990,46.251,2.052591012,53.749,0.812999167,22.69528563,..
AZE,1991,46.559,1.994175015,53.441,0.755758911,..,..
AZE,1992,46.868,2.17309155,53.132,0.931758773,..,53.42898687
AZE,1993,47.176,2.170831688,52.824,0.934423069,..,53.55396133
AZE,1994,47.485,2.001335458,52.515,0.761794041,..,53.90725453
AZE,1995,47.794,1.804277695,52.206,0.565535951,26.19512957,53.94450653
AZE,1996,48.104,1.658340974,51.896,0.416211303,..,54.3903289
AZE,1997,48.412,1.602910039,51.588,0.369412688,..,55.14137736
AZE,1998,48.722,1.587426632,51.278,0.346417135,..,56.34838492
AZE,1999,48.815,1.068281404,51.185,0.696083254,..,56.73659392
AZE,2000,48.614,0.408911483,51.386,1.213443781,24.5397947,57.38635676
AZE,2001,48.413,0.360451489,51.587,1.165156383,..,57.45000242
AZE,2002,48.213,0.332205821,51.787,1.13311843,..,57.43179452
AZE,2003,48.012,0.339883605,51.988,1.145024135,..,57.52552872
AZE,2004,47.811,0.455912672,52.189,1.261300756,..,57.51524095
AZE,2005,47.611,0.60307468,52.389,1.404755514,23.1507772,57.56835229
AZE,2006,47.411,0.677623372,52.589,1.479626007,..,57.55291213
AZE,2007,47.21,0.70900867,52.79,1.515330138,..,57.56453545
AZE,2008,47.01,1.675300163,52.99,2.478011081,..,57.56834933
AZE,2009,46.81,1.649796841,53.19,2.452869587,..,57.57909516
AZE,2010,46.594,0.727279912,53.406,1.595056682,25.08164307,57.67034456
AZE,2011,46.363,0.806006377,53.637,1.734594585,27.00590351,57.69193544
AZE,2012,46.117,0.79676266,53.883,1.786347912,28.76775881,57.68709623
AZE,2013,45.855,0.723697759,54.145,1.778515184,28.23862769,57.70454518
AZE,2014,45.578,0.642294219,54.422,1.758498053,27.48496809,57.70054317
AZE,2015,45.286,0.548505861,54.714,1.726309145,26.06618737,57.7017529
AZE,2016,44.979,0.437619372,55.021,1.677401514,24.38549474,57.73557518
AZE,2017,44.657,0.262814274,55.343,1.56477338,25.0632901,57.79560136
AZE,2018,44.32,0.108814371,55.68,1.473400152,25.13594199,57.8253926
AZE,2019,43.969,5.15E-02,56.031,1.47506479,25.4950546,57.82781233
AZE,2020,43.603,-0.151513099,56.397,1.335443211,..,57.83824989
AZE,2021,43.224,-0.431819746,56.776,1.110980253,..,57.8415003
AZE,2022,42.83,-0.548794842,57.17,1.058485804,..,..
BHS,1990,20.162,-0.777560637,79.838,2.631200227,16.80969086,1.098901099
BHS,1991,19.933,0.826639501,80.067,2.253856249,..,1.098901099
BHS,1992,19.707,0.978352213,80.293,2.402246772,..,1.098901099
BHS,1993,19.482,1.024107493,80.518,2.45153837,..,1.098901099
BHS,1994,19.26,0.858435267,80.74,2.279192902,..,0.999000999
BHS,1995,19.039,0.717959021,80.961,2.14596843,16.96833987,0.999000999
BHS,1996,18.82,0.622270842,81.18,2.049995575,..,0.999000999
BHS,1997,18.604,0.549127297,81.396,1.968816344,..,0.999000999
BHS,1998,18.389,0.509927382,81.611,1.934686305,..,0.999000999
BHS,1999,18.176,0.368292847,81.824,1.79422591,..,0.999000999
BHS,2000,17.993,0.457611795,82.007,1.693214596,17.36915156,1.098901099
BHS,2001,17.951,1.174674156,82.049,1.460391065,..,1.098901099
BHS,2002,17.908,1.079147163,82.092,1.371192377,..,1.098901099
BHS,2003,17.866,1.100702786,82.134,1.385741945,..,1.098901099
BHS,2004,17.824,1.113251156,82.176,1.400857265,..,1.098901099
BHS,2005,17.782,1.130102516,82.218,1.415780814,16.44163266,1.098901099
BHS,2006,17.74,1.151045584,82.26,1.438768834,..,1.098901099
BHS,2007,17.698,1.17112801,82.302,1.459475285,..,1.098901099
BHS,2008,17.657,1.191920454,82.343,1.473634917,..,1.098901099
BHS,2009,17.615,1.20101993,82.385,1.491156609,..,1.098901099
BHS,2010,17.573,1.168474054,82.427,1.457872509,15.43740141,1.198801199
BHS,2011,17.524,0.96642563,82.476,1.304840154,15.61181668,1.298701299
BHS,2012,17.468,0.7610776,82.532,1.149857735,16.42049683,1.298701299
BHS,2013,17.404,0.569265752,82.596,1.012229123,15.70876377,1.298701299
BHS,2014,17.332,0.483046056,82.668,0.985922159,16.18216874,1.298701299
BHS,2015,17.254,0.461539281,82.746,1.006460428,16.20392015,1.298701299
BHS,2016,17.168,0.331523764,82.832,0.935473698,15.86345443,1.298701299
BHS,2017,17.075,0.223342291,82.925,0.8778563,15.39542797,1.298701299
BHS,2018,16.975,0.133473182,83.025,0.841151627,15.72864111,1.298701299
BHS,2019,16.868,2.49E-02,83.132,0.786275055,15.59065792,1.298701299
BHS,2020,16.755,-0.200960866,83.245,0.607991106,..,1.298701299
BHS,2021,16.635,-0.366287305,83.365,0.496450111,..,1.298701299
BHS,2022,16.508,-0.258236024,83.492,0.660362476,..,..
BHR,1990,11.86,1.75735846,88.14,3.571393635,61.13442627,14.49275362
BHR,1991,11.671,1.811860246,88.329,3.633420444,..,14.49275362
BHR,1992,11.602,2.905154711,88.398,3.575002204,..,14.08450704
BHR,1993,11.605,3.443822302,88.395,3.415716025,..,14.08450704
BHR,1994,11.608,3.368375793,88.392,3.338555048,..,14.08450704
BHR,1995,11.612,3.297951682,88.388,3.258932363,58.5159852,14.08450704
BHR,1996,11.615,3.208979351,88.385,3.179317043,..,14.08450704
BHR,1997,11.618,3.119748853,88.382,3.091225641,..,14.08450704
BHR,1998,11.621,3.020239566,88.379,2.991460766,..,14.08450704
BHR,1999,11.624,2.906833165,88.376,2.876450165,..,14.08450704
BHR,2000,11.628,2.784834945,88.372,2.74720093,63.07217982,13.94366197
BHR,2001,11.631,2.636408973,88.369,2.606822301,..,13.78873239
BHR,2002,11.627,2.410203674,88.373,2.448392174,..,13.64788732
BHR,2003,11.617,3.83548123,88.383,3.933318651,..,13.30555556
BHR,2004,11.601,6.714476136,88.399,6.869993357,..,12.98630137
BHR,2005,11.578,7.695989198,88.422,7.921316366,66.59652745,12.66216216
BHR,2006,11.548,7.119046013,88.452,7.411854088,..,12.52702703
BHR,2007,11.512,6.60568232,88.488,6.958759726,..,12.21333333
BHR,2008,11.47,6.127949715,88.53,6.541168421,..,11.92105263
BHR,2009,11.421,5.610088768,88.579,6.093509175,..,11.77631579
BHR,2010,11.366,2.37533541,88.634,2.91977637,63.75377018,11.61417323
BHR,2011,11.305,-0.667716542,88.695,-6.04E-02,65.33843793,11.39504563
BHR,2012,11.238,0.461622174,88.762,1.131013216,68.07534915,11.22077922
BHR,2013,11.165,2.302947123,88.835,3.03697969,64.28454239,11.07792208
BHR,2014,11.085,3.125986085,88.915,3.935429616,59.51273914,10.93385214
BHR,2015,11.001,3.055917565,88.999,3.911034989,66.36107967,10.6940874
BHR,2016,10.91,2.598592421,89.09,3.531256311,61.64582457,10.55198973
BHR,2017,10.814,2.407804478,89.186,3.399333001,61.67431284,10.3974359
BHR,2018,10.713,1.134191866,89.287,2.185530334,60.43815811,10.41131105
BHR,2019,10.606,-0.544346604,89.394,0.579117628,59.21710593,10.38461538
BHR,2020,10.494,-2.186869492,89.506,-1.000032035,..,10.31847134
BHR,2021,10.378,-2.077597341,89.622,-0.836505335,..,10.25316456
BHR,2022,10.257,-0.561968032,89.743,0.745948678,..,..
BGD,1990,80.189,1.528017947,19.811,4.583963889,52.90993831,79.78796958
BGD,1991,79.743,1.37880522,20.257,4.162852569,..,79.28094031
BGD,1992,79.39,1.39687879,20.61,3.568129894,..,73.35791657
BGD,1993,79.034,1.461392911,20.966,3.623392223,..,72.56664362
BGD,1994,78.672,1.458715463,21.328,3.629664976,..,71.89060459
BGD,1995,78.307,1.401663988,21.693,3.563582316,51.64362616,72.01352078
BGD,1996,77.936,1.278438186,22.064,3.449107981,..,71.65245448
BGD,1997,77.562,1.30670345,22.438,3.468605378,..,71.94438043
BGD,1998,77.182,1.385010288,22.818,3.555515451,..,72.47445648
BGD,1999,76.798,1.41630697,23.202,3.583953433,..,72.87393409
BGD,2000,76.41,1.399021566,23.59,3.563966632,53.74695817,72.21325958
BGD,2001,75.904,1.234833296,24.096,4.021548526,..,72.23630637
BGD,2002,75.244,0.984705257,24.756,4.560228226,..,71.85219329
BGD,2003,74.571,0.848089274,25.429,4.428774162,..,71.66013674
BGD,2004,73.886,0.738358498,26.114,4.319324359,..,71.62172544
BGD,2005,73.191,0.572885342,26.809,4.144582157,55.06194439,71.5295383
BGD,2006,72.483,0.238549009,27.517,3.81722387,..,71.29138818
BGD,2007,71.763,5.28E-02,28.237,3.634036977,..,71.18383652
BGD,2008,71.032,-0.136020608,28.968,3.443691072,..,71.08396712
BGD,2009,70.291,-0.168577919,29.709,3.405919776,..,71.03019129
BGD,2010,69.538,6.45E-02,30.462,3.644549781,56.41649854,70.99177998
BGD,2011,68.775,0.11563333,31.225,3.692842583,60.5358739,70.12368441
BGD,2012,68.007,0.120604693,31.993,3.673378508,68.94271136,70.0852731
BGD,2013,67.238,0.129949393,32.762,3.64237554,66.42738113,71.27602366
BGD,2014,66.465,8.97E-02,33.535,3.577997448,73.27082296,71.59867865
BGD,2015,65.692,2.12E-02,34.308,3.469949019,68.97033719,72.47630022
BGD,2016,64.917,4.40E-02,35.083,3.464608062,67.7673598,73.11369747
BGD,2017,64.142,4.87E-02,35.858,3.434725872,62.75318316,73.45263886
BGD,2018,63.368,-5.27E-02,36.632,3.296925086,63.27546257,73.95943766
BGD,2019,62.595,-0.114188087,37.405,3.201394572,63.4255285,75.83928709
BGD,2020,61.823,-9.68E-02,38.177,3.187094227,..,76.26949374
BGD,2021,61.054,-0.102356944,38.946,3.143603061,..,77.34501037
BGD,2022,60.289,-0.186067869,39.711,3.020051347,..,..
BRB,1990,62.63,0.496515218,37.37,-0.714833194,22.03546704,44.18604651
BRB,1991,62.994,0.785782618,37.006,-0.773094084,..,44.18604651
BRB,1992,63.357,0.886468514,36.643,-0.67418452,..,44.18604651
BRB,1993,63.717,0.866653369,36.283,-0.686152361,..,44.18604651
BRB,1994,64.076,0.836549357,35.924,-0.720670372,..,44.18604651
BRB,1995,64.434,0.782286508,35.566,-0.77519768,22.02975898,44.18604651
BRB,1996,64.79,0.738045534,35.21,-0.820153128,..,44.18604651
BRB,1997,65.144,0.708730972,34.856,-0.84655212,..,44.18604651
BRB,1998,65.497,0.699110512,34.503,-0.859276384,..,44.18604651
BRB,1999,65.848,0.734506186,34.152,-0.822377595,..,41.86046512
BRB,2000,66.173,0.676061495,33.827,-0.771096202,22.09745927,41.86046512
BRB,2001,66.371,0.570512616,33.629,-0.315489438,..,41.86046512
BRB,2002,66.569,0.703238176,33.431,-0.185057505,..,39.53488372
BRB,2003,66.766,0.686569693,33.234,-0.200022541,..,39.53488372
BRB,2004,66.963,0.670209012,33.037,-0.219586028,..,37.20930233
BRB,2005,67.159,0.653591663,32.841,-0.233627826,19.76708368,37.20930233
BRB,2006,67.354,0.641112573,32.646,-0.244368892,..,37.20930233
BRB,2007,67.549,0.665392332,32.451,-0.223395361,..,37.20930233
BRB,2008,67.744,0.72598756,32.256,-0.164747491,..,37.20930233
BRB,2009,67.937,0.707315351,32.063,-0.176410045,..,37.20930233
BRB,2010,68.13,0.619565393,31.87,-0.269197589,19.93972371,34.88372093
BRB,2011,68.3,0.53075117,31.7,-0.252746319,19.16245671,32.55813953
BRB,2012,68.447,0.472952001,31.553,-0.207477278,20.0960981,30.23255814
BRB,2013,68.571,0.422277863,31.429,-0.151581297,20.12125502,29.06976744
BRB,2014,68.672,0.373808626,31.328,-9.54E-02,20.19670971,27.90697674
BRB,2015,68.751,0.327444005,31.249,-4.03E-02,21.94444639,25.58139535
BRB,2016,68.807,0.284658667,31.193,2.42E-02,21.08043284,23.25581395
BRB,2017,68.841,0.24223493,31.159,8.40E-02,20.92639263,23.25581395
BRB,2018,68.853,0.197001381,31.147,0.140144533,21.26503022,23.25581395
BRB,2019,68.842,0.159810752,31.158,0.210994735,21.34389367,23.25581395
BRB,2020,68.809,0.134706671,31.191,0.289392764,..,23.25581395
BRB,2021,68.754,0.100393821,31.246,0.356868377,..,23.25581395
BRB,2022,68.676,4.14E-02,31.324,0.403219483,..,..
BLR,1990,34.019,-0.967290124,65.981,0.792058036,25.2079681,..
BLR,1991,33.626,-1.115824732,66.374,0.639994095,..,..
BLR,1992,33.234,-0.95290419,66.766,0.808537238,..,46.27749744
BLR,1993,32.845,-0.956630191,67.155,0.801717817,..,46.10334562
BLR,1994,32.459,-1.300383767,67.541,0.454953118,..,46.06709451
BLR,1995,32.074,-1.51761808,67.926,0.243991257,23.08216971,46.03486011
BLR,1996,31.692,-1.534793293,68.308,0.224119147,..,46.00845929
BLR,1997,31.313,-1.618703805,68.687,0.137704544,..,45.87513248
BLR,1998,30.936,-1.661736149,69.064,9.69E-02,..,45.88594333
BLR,1999,30.518,-1.81039955,69.482,0.153373481,..,45.75640299
BLR,2000,30.027,-2.093120675,69.973,0.233049858,21.8129049,45.61050639
BLR,2001,29.542,-2.141348053,70.458,0.177758875,..,45.0000986
BLR,2002,29.061,-2.278155234,70.939,4.38E-02,..,44.4956096
BLR,2003,28.585,-2.351298315,71.415,-3.11E-02,..,44.3039847
BLR,2004,28.113,-2.347178305,71.887,-2.34E-02,..,44.16340014
BLR,2005,27.646,-2.358110436,72.354,-3.55E-02,21.00241299,44.12003964
BLR,2006,27.184,-2.29752951,72.816,2.42E-02,..,44.14895714
BLR,2007,26.727,-2.154289011,73.273,0.166805782,..,43.94261241
BLR,2008,26.274,-2.054853146,73.726,0.270915781,..,43.94732432
BLR,2009,25.828,-1.957980168,74.172,0.357203605,..,43.99747656
BLR,2010,25.328,-2.173401506,74.672,0.45332816,22.09841962,43.85368306
BLR,2011,24.812,-2.292587349,75.188,0.454360842,19.55318145,43.73860332
BLR,2012,24.303,-2.229364807,75.697,0.51806668,18.88122818,43.35161829
BLR,2013,23.801,-2.125604191,76.199,0.622602358,19.78007712,42.93177203
BLR,2014,23.307,-2.041266954,76.693,0.702371856,20.21540632,42.48791711
BLR,2015,22.819,-1.983148114,77.181,0.767134236,18.50294397,42.24201638
BLR,2016,22.339,-2.03821118,77.661,0.707705043,16.71207883,42.03548978
BLR,2017,21.866,-2.249891015,78.134,0.497427219,16.40896425,41.84483812
BLR,2018,21.405,-2.344681141,78.595,0.37445941,16.50189248,41.64449699
BLR,2019,20.956,-2.321768552,79.044,0.367878413,16.42351285,41.32239549
BLR,2020,20.517,-2.540556787,79.483,0.130365174,..,40.79712287
BLR,2021,20.09,-2.931426282,79.91,-0.292441093,..,40.27593003
BLR,2022,19.674,-3.106746637,80.326,-0.495123385,..,..
BEL,1990,3.623,-2.020879949,96.377,0.386473447,21.05108459,..
BEL,1991,3.539,-1.974120882,96.461,0.458708968,..,..
BEL,1992,3.458,-1.909610208,96.542,0.489648012,..,..
BEL,1993,3.378,-1.950016442,96.622,0.473469732,..,..
BEL,1994,3.3,-2.02803521,96.7,0.38889489,..,..
BEL,1995,3.223,-2.151708087,96.777,0.289038165,19.69909675,..
BEL,1996,3.149,-2.12740085,96.851,0.271829214,..,..
BEL,1997,3.076,-2.10337182,96.924,0.317332906,..,..
BEL,1998,3.004,-2.155090966,96.996,0.287787746,..,..
BEL,1999,2.935,-2.094553885,97.065,0.300301132,..,..
BEL,2000,2.871,-1.962186434,97.129,0.308431312,17.64764194,45.89167768
BEL,2001,2.814,-1.661288993,97.186,0.402615693,..,45.7992074
BEL,2002,2.759,-1.525407877,97.241,0.504840006,..,45.87516513
BEL,2003,2.704,-1.595004582,97.296,0.475187017,..,45.97754293
BEL,2004,2.65,-1.584640447,97.35,0.488278481,..,45.94782034
BEL,2005,2.597,-1.47005146,97.403,0.604479238,15.83183972,45.67371202
BEL,2006,2.546,-1.323905325,97.454,0.711907501,..,45.57463672
BEL,2007,2.495,-1.289223384,97.505,0.786651496,..,45.14200793
BEL,2008,2.445,-1.234241525,97.555,0.841239516,..,45.08916777
BEL,2009,2.397,-1.178154071,97.603,0.853791423,..,45.0330251
BEL,2010,2.349,-1.10933298,97.651,0.962809677,16.88463686,44.77212682
BEL,2011,2.302,-0.719949467,97.698,1.349117439,16.14879057,44.11162483
BEL,2012,2.256,-1.39855214,97.744,0.667241433,15.11497046,43.98943197
BEL,2013,2.211,-1.543547112,97.789,0.517369105,14.23228565,44.13804491
BEL,2014,2.167,-1.566099724,97.833,0.488911944,12.83901513,43.9663144
BEL,2015,2.124,-1.424674361,97.876,0.623385919,13.20164452,43.85733157
BEL,2016,2.081,-1.538941856,97.919,0.550223217,12.37628991,44.61030383
BEL,2017,2.039,-1.653926778,97.961,0.428116624,12.82757618,43.82430647
BEL,2018,1.999,-1.52577216,98.001,0.496003003,12.76304285,44.71598415
BEL,2019,1.959,-1.48096626,98.041,0.581271661,12.6724532,44.79599075
BEL,2020,1.921,-1.527587984,98.079,0.469743865,..,45.06635733
BEL,2021,1.883,-1.528378298,98.117,0.508647378,..,45.10138705
BEL,2022,1.847,-1.272404968,98.153,0.694343319,..,..
BLZ,1990,52.535,2.517801545,47.465,1.756503841,23.58068506,5.523893029
BLZ,1991,52.729,2.468167896,47.271,1.688750032,..,5.699254713
BLZ,1992,52.941,2.437503255,47.059,1.588147845,..,5.962297238
BLZ,1993,53.152,2.415356074,46.848,1.567716754,..,6.269180184
BLZ,1994,53.363,2.555976342,46.637,1.707915501,..,6.269180184
BLZ,1995,53.575,2.953652016,46.425,2.102346512,23.01906852,6.400701447
BLZ,1996,53.786,3.434007211,46.214,2.584279687,..,6.444541868
BLZ,1997,53.997,3.800511274,46.003,2.951625209,..,6.488382288
BLZ,1998,54.207,3.912655362,45.793,3.06818499,..,6.488382288
BLZ,1999,54.418,3.809540004,45.582,2.957991781,..,6.57606313
BLZ,2000,54.602,3.580631816,45.398,2.840022864,22.6202028,6.532222709
BLZ,2001,54.619,3.181963953,45.381,3.112144006,..,6.532222709
BLZ,2002,54.636,3.160363392,45.364,3.092290669,..,6.663743972
BLZ,2003,54.653,3.112757646,45.347,3.043810949,..,6.663743972
BLZ,2004,54.67,3.063828393,45.33,2.996056587,..,6.663743972
BLZ,2005,54.687,3.01710069,45.313,2.947474173,21.00124164,6.663743972
BLZ,2006,54.704,2.966726291,45.296,2.899023555,..,6.663743972
BLZ,2007,54.721,2.91383908,45.279,2.844843993,..,6.663743972
BLZ,2008,54.738,2.85046001,45.262,2.782048904,..,6.663743972
BLZ,2009,54.755,2.77378086,45.245,2.705334327,..,6.795265235
BLZ,2010,54.772,2.525618678,45.228,2.456443064,18.69962284,6.882946076
BLZ,2011,54.772,2.281288782,45.228,2.280869087,21.04575637,6.882946076
BLZ,2012,54.754,2.223360854,45.246,2.296908462,19.6942048,7.014467339
BLZ,2013,54.718,2.172349795,45.282,2.317757064,22.42094081,7.014467339
BLZ,2014,54.665,2.097608453,45.335,2.310964017,21.65038865,7.014467339
BLZ,2015,54.594,1.986330059,45.406,2.272839176,22.05209141,7.452871548
BLZ,2016,54.505,1.883727853,45.495,2.2426752,21.08657207,7.452871548
BLZ,2017,54.399,1.794456033,45.601,2.222162431,20.95634663,7.540552389
BLZ,2018,54.276,1.722323028,45.724,2.217940205,21.26808522,7.540552389
BLZ,2019,54.134,1.561264527,45.866,2.132837292,21.17639652,7.628233231
BLZ,2020,53.975,1.192108352,46.025,1.832244559,..,7.891275756
BLZ,2021,53.799,0.958986928,46.201,1.667341807,..,7.978956598
BLZ,2022,53.604,0.938370415,46.396,1.722996751,..,..
BEN,1990,65.515,1.894793941,34.485,5.254337153,45.48412352,20.13125222
BEN,1991,64.753,1.892299599,35.247,5.247772931,..,20.21993615
BEN,1992,64.173,2.16504513,35.827,4.696913911,..,20.35296204
BEN,1993,63.864,3.968133245,36.136,5.309629917,..,20.57467187
BEN,1994,63.553,3.247823152,36.447,4.592877347,..,21.28414331
BEN,1995,63.242,1.566601352,36.758,2.906896395,41.46454464,22.34835048
BEN,1996,62.929,2.072884888,37.071,3.416917813,..,24.03334516
BEN,1997,62.615,2.409475837,37.385,3.753174036,..,25.62965591
BEN,1998,62.301,2.537424217,37.699,3.87653285,..,27.04859879
BEN,1999,61.985,2.548778938,38.015,3.892012463,..,27.58070238
BEN,2000,61.667,2.524109826,38.333,3.871487515,47.6135595,28.33451579
BEN,2001,61.35,2.497046808,38.65,3.836005417,..,28.9553033
BEN,2002,60.964,2.370216077,39.036,3.995134475,..,29.8421426
BEN,2003,60.464,2.190754578,39.536,4.286991143,..,30.74671869
BEN,2004,59.961,2.191077281,40.039,4.290690659,..,30.74671869
BEN,2005,59.457,2.333238115,40.543,4.428280907,41.76793893,30.89748138
BEN,2006,58.951,2.205147404,41.049,4.300155416,..,29.62043278
BEN,2007,58.442,2.008369595,41.558,4.107927356,..,29.70911671
BEN,2008,57.931,2.069544254,42.069,4.16982557,..,31.48279532
BEN,2009,57.42,2.057356602,42.58,4.150706927,..,32.36963462
BEN,2010,56.907,2.037482549,43.093,4.132534278,41.36262362,32.36963462
BEN,2011,56.392,2.019005671,43.608,4.116116322,41.77270482,32.36963462
BEN,2012,55.875,1.993989315,44.125,4.093598597,43.41596784,33.25647393
BEN,2013,55.358,1.97033946,44.642,4.064773852,39.1788092,35.03015254
BEN,2014,54.834,1.975157839,45.166,4.093172285,39.31147497,35.03015254
BEN,2015,54.305,1.981831198,45.695,4.115683615,49.03490782,35.03015254
BEN,2016,53.771,1.961618334,46.229,4.111680257,46.48119179,35.03015254
BEN,2017,53.232,1.938863258,46.768,4.105513178,45.03636256,35.03015254
BEN,2018,52.688,1.89519832,47.312,4.078861381,46.24556121,35.03015254
BEN,2019,52.139,1.839631665,47.861,4.040767534,46.8584555,35.03015254
BEN,2020,51.585,1.76090217,48.415,3.980015606,..,35.03015254
BEN,2021,51.028,1.674068409,48.972,3.903600912,..,35.03015254
BEN,2022,50.466,1.594563681,49.534,3.84311254,..,..
BMU,1990,0,..,100,0.820876765,9.930088179,5.555555556
BMU,1991,0,..,100,-0.51543457,..,5.555555556
BMU,1992,0,..,100,-0.724394407,..,5.555555556
BMU,1993,0,..,100,0.536148682,..,5.555555556
BMU,1994,0,..,100,0.693566174,..,5.555555556
BMU,1995,0,..,100,0.715572569,9.93145734,7.407407407
BMU,1996,0,..,100,0.639001132,..,7.407407407
BMU,1997,0,..,100,0.610152275,..,7.407407407
BMU,1998,0,..,100,0.734522406,..,7.407407407
BMU,1999,0,..,100,0.55961137,..,7.407407407
BMU,2000,0,..,100,0.890208774,8.413852372,7.407407407
BMU,2001,0,..,100,1.079335217,..,7.407407407
BMU,2002,0,..,100,0.650636983,..,7.407407407
BMU,2003,0,..,100,0.654327136,..,7.407407407
BMU,2004,0,..,100,0.65321131,..,7.407407407
BMU,2005,0,..,100,0.647413399,7.845021263,7.407407407
BMU,2006,0,..,100,0.573530641,..,7.407407407
BMU,2007,0,..,100,0.564095738,..,7.407407407
BMU,2008,0,..,100,0.591576775,..,5.555555556
BMU,2009,0,..,100,0.55458514,..,5.555555556
BMU,2010,0,..,100,-0.783118104,7.093306446,5.555555556
BMU,2011,0,..,100,-0.863616496,6.862490575,5.555555556
BMU,2012,0,..,100,0.361775877,6.830379818,5.555555556
BMU,2013,0,..,100,0.312791571,6.487238908,5.555555556
BMU,2014,0,..,100,0.210544188,6.882271843,5.555555556
BMU,2015,0,..,100,0.151869636,7.007919722,5.555555556
BMU,2016,0,..,100,-1.05247098,7.455581683,5.555555556
BMU,2017,0,..,100,-1.060534596,7.195360215,5.555555556
BMU,2018,0,..,100,7.04E-02,7.154130038,5.555555556
BMU,2019,0,..,100,-1.10E-02,7.069562328,5.555555556
BMU,2020,0,..,100,-2.82E-02,..,5.555555556
BMU,2021,0,..,100,-0.202104145,..,5.555555556
BMU,2022,0,..,100,-0.36450518,..,..
BTN,1990,83.612,1.697029796,16.388,7.221604168,35.10106433,9.716841812
BTN,1991,82.839,0.717024871,17.161,6.255810385,..,10.78697858
BTN,1992,82.038,-4.880908904,17.962,0.651708047,..,10.78697858
BTN,1993,81.209,-5.723564305,18.791,-0.194964667,..,10.80838131
BTN,1994,80.351,-0.98099515,19.649,4.545124826,..,12.78894472
BTN,1995,79.463,8.54E-02,20.537,5.617289695,33.84334506,14.1959799
BTN,1996,78.544,0.706711682,21.456,6.247979921,..,14.32160804
BTN,1997,77.599,0.518115676,22.401,6.038129004,..,14.3718593
BTN,1998,76.623,0.59629292,23.377,6.126641691,..,14.3718593
BTN,1999,75.617,1.133398106,24.383,6.668221044,..,14.3718593
BTN,2000,74.582,1.422325715,25.418,6.957880564,36.71562148,14.52261307
BTN,2001,73.52,1.258626018,26.48,6.785950001,..,14.54773869
BTN,2002,72.43,1.093887397,27.57,6.62211334,..,14.57286432
BTN,2003,71.312,0.929923311,28.688,6.460370252,..,14.64824121
BTN,2004,70.165,0.770613665,29.835,6.312419797,..,15.32124774
BTN,2005,69.035,0.406787936,30.965,5.747807397,39.28993221,15.55736286
BTN,2006,68.288,0.399049872,31.712,3.870600751,..,15.13760264
BTN,2007,67.531,0.118470935,32.469,3.592242126,..,14.77031246
BTN,2008,66.764,4.24E-02,33.236,3.51958628,..,13.67631241
BTN,2009,65.99,-2.13E-02,34.01,3.446702648,..,13.64220689
BTN,2010,65.207,-7.65E-02,34.793,3.393386179,39.72804014,13.64220689
BTN,2011,64.415,-0.120495307,35.585,3.35254676,38.04491799,13.63171288
BTN,2012,63.629,-0.138291674,36.371,3.274292891,44.30762611,13.63171288
BTN,2013,62.851,-0.162055324,37.149,3.184508104,42.70851915,13.63171288
BTN,2014,62.082,-0.211743422,37.918,3.068313219,48.53903271,13.78912296
BTN,2015,61.322,-0.29684501,38.678,2.919585661,44.4829243,13.78912296
BTN,2016,60.572,-0.361564681,39.428,2.789410829,43.64904826,13.60633389
BTN,2017,59.833,-0.382768198,40.167,2.701527654,40.16357364,13.44903523
BTN,2018,59.105,-0.437062568,40.895,2.583305004,40.41256497,13.45044573
BTN,2019,58.388,-0.519287432,41.612,2.43936953,40.29859817,13.45044573
BTN,2020,57.684,-0.55767301,42.316,2.333262264,..,13.45044573
BTN,2021,56.992,-0.564185596,43.008,2.264510209,..,13.45044573
BTN,2022,56.314,-0.559670231,43.686,2.201199782,..,..
BOL,1990,44.423,-0.145246715,55.577,3.920762958,49.97818193,32.72869934
BOL,1991,43.421,-0.207616729,56.579,3.86063553,..,33.04347826
BOL,1992,42.459,-0.197537214,57.541,3.728889705,..,33.07578695
BOL,1993,41.921,0.733986855,58.079,2.939822,..,33.42841318
BOL,1994,41.385,0.671903141,58.615,2.87737058,..,33.55580172
BOL,1995,40.85,0.601008058,59.15,2.810773911,43.14937091,33.78565494
BOL,1996,40.318,0.557626024,59.682,2.763898336,..,33.86319579
BOL,1997,39.788,0.515348142,60.212,2.722727071,..,34.0385858
BOL,1998,39.261,0.484801669,60.739,2.689602206,..,34.13828118
BOL,1999,38.736,0.472827023,61.264,2.679712003,..,34.21859134
BOL,2000,38.213,0.444444294,61.787,2.653839287,29.95434417,34.28690114
BOL,2001,37.694,0.40232501,62.306,2.60629659,..,34.2989015
BOL,2002,37.217,0.47754165,62.783,2.513734308,..,34.44198283
BOL,2003,36.752,0.489001769,63.248,2.484199244,..,33.82904089
BOL,2004,36.289,0.471344502,63.711,2.468558749,..,33.80134773
BOL,2005,35.83,0.460085833,64.17,2.450839931,27.56278704,34.11981907
BOL,2006,35.372,0.460645096,64.628,2.458320969,..,34.24582295
BOL,2007,34.918,0.458414922,65.082,2.450263701,..,34.33582572
BOL,2008,34.465,0.423938062,65.535,2.423400168,..,34.41475122
BOL,2009,34.016,0.401793987,65.984,2.395901813,..,34.49367673
BOL,2010,33.57,0.376470593,66.43,2.369926001,30.99186302,34.57260223
BOL,2011,33.126,0.346373982,66.874,2.343987829,27.93127669,34.65706637
BOL,2012,32.685,0.314413474,67.315,2.311919714,27.74731988,34.74614604
BOL,2013,32.301,0.447775262,67.699,2.198400311,26.09198709,34.8361488
BOL,2014,31.953,0.520112219,68.047,2.116034377,27.64739605,34.84615785
BOL,2015,31.607,0.484390273,68.393,2.080332797,28.74197769,34.84707413
BOL,2016,31.262,0.449768893,68.738,2.050452435,27.56633411,34.87974808
BOL,2017,30.92,0.42009944,69.08,2.016417375,27.1847545,34.77480522
BOL,2018,30.575,0.365408686,69.425,1.985657203,27.01261068,34.96409056
BOL,2019,30.227,0.312798304,69.773,1.95751015,26.83286559,35.07377633
BOL,2020,29.877,0.175074868,70.123,1.84011335,..,35.0850864
BOL,2021,29.525,8.33E-03,70.475,1.694205951,..,35.1881909
BOL,2022,29.17,-1.94E-02,70.83,1.692732516,..,..
BIH,1990,60.751,-0.256817591,39.249,1.146072958,36.72380163,..
BIH,1991,60.422,-0.363471983,39.578,1.014243058,..,..
BIH,1992,60.113,-5.677973947,39.887,-4.387564595,..,42.96875
BIH,1993,59.804,-8.617170467,40.196,-7.330030525,..,42.7734375
BIH,1994,59.494,-5.209534547,40.506,-3.921644797,..,42.578125
BIH,1995,59.183,-0.838356336,40.817,0.450698054,36.26619836,42.48046875
BIH,1996,58.87,3.576310954,41.13,4.870452508,..,42.3828125
BIH,1997,58.558,2.988464384,41.442,4.27558922,..,42.28515625
BIH,1998,58.245,1.113309826,41.755,2.401674342,..,42.1875
BIH,1999,57.931,0.377579806,42.069,1.667275693,..,41.11328125
BIH,2000,57.616,8.69E-02,42.384,1.378163167,38.18887373,41.6015625
BIH,2001,57.302,-0.17432317,42.698,1.110234257,..,41.5234375
BIH,2002,56.986,-0.470114616,43.014,0.820230917,..,41.46484375
BIH,2003,56.67,-0.905696006,43.33,0.38234497,..,42.36328125
BIH,2004,56.352,-1.545067532,43.648,-0.251084195,..,42.37109375
BIH,2005,56.035,-1.743251868,43.965,-0.455501858,35.95591128,42.12890625
BIH,2006,55.718,-1.45568538,44.282,-0.169916584,..,42.16796875
BIH,2007,55.399,-1.819166351,44.601,-0.527207527,..,41.97265625
BIH,2008,55.08,-2.199507066,44.92,-0.909325793,..,41.6015625
BIH,2009,54.761,-2.259429397,45.239,-0.971012219,..,41.5625
BIH,2010,54.442,-2.318264765,45.558,-1.031377052,34.36075673,41.875
BIH,2011,54.122,-2.38848859,45.878,-1.098943342,38.14529617,42.01171875
BIH,2012,53.801,-2.449111384,46.199,-1.157034265,34.47534031,42.109375
BIH,2013,53.481,-2.154877495,46.519,-0.868074565,32.95117432,42.20703125
BIH,2014,53.16,-1.895500293,46.84,-0.605805986,31.60560208,42.12890625
BIH,2015,52.827,-1.945981477,47.173,-0.609197628,32.86433955,42.5
BIH,2016,52.482,-1.892546115,47.518,-0.508590554,28.77587802,43.14453125
BIH,2017,52.124,-1.868080338,47.876,-0.433076051,29.92213704,43.515625
BIH,2018,51.755,-1.877044552,48.245,-0.398803329,29.93448538,43.18359375
BIH,2019,51.374,-1.904959378,48.626,-0.37947001,29.46633319,43.28125
BIH,2020,50.98,-2.036664497,49.02,-0.459756543,..,43.7890625
BIH,2021,50.575,-2.238286295,49.425,-0.617820533,..,44.19921875
BIH,2022,50.159,-1.976449661,49.841,-0.312364152,..,..
BWA,1990,58.067,-2.490945276,41.933,11.16973636,23.84569363,45.91428017
BWA,1991,54.708,-3.08502126,45.292,10.57952501,..,45.70253913
BWA,1992,53.557,0.737650525,46.443,5.373452241,..,45.61431369
BWA,1993,52.714,1.29727046,47.286,4.682714916,..,45.79076456
BWA,1994,51.867,1.164162607,48.133,4.559471296,..,45.87016745
BWA,1995,51.019,0.983043409,48.981,4.377812526,23.65460191,45.78194202
BWA,1996,50.17,0.787573451,49.83,4.184278438,..,45.78194202
BWA,1997,49.323,0.620414828,50.677,4.008529034,..,45.70253913
BWA,1998,48.475,0.485352358,51.525,3.879107808,..,45.57902352
BWA,1999,47.628,0.379915334,52.372,3.773186208,..,45.59666861
BWA,2000,46.781,0.278391509,53.219,3.677005808,24.03724388,45.79076456
BWA,2001,45.938,0.184752875,54.062,3.574932985,..,45.52608826
BWA,2002,45.43,0.754870123,54.57,2.801951499,..,45.60549115
BWA,2003,44.971,0.73679985,55.029,2.589889559,..,45.51726572
BWA,2004,44.512,0.722468767,55.488,2.579096083,..,45.57196549
BWA,2005,44.056,0.767905274,55.944,2.616102174,24.43023197,45.55079138
BWA,2006,43.6,0.838308956,56.4,2.69052299,..,45.52961728
BWA,2007,42.072,-1.602468149,57.928,4.638094156,..,45.49609161
BWA,2008,40.556,-1.639620659,59.444,4.613661651,..,45.66724895
BWA,2009,39.063,-1.695809393,60.937,4.535576707,..,45.73253578
BWA,2010,37.588,-1.788131079,62.412,4.452652195,26.14248485,45.63195878
BWA,2011,36.135,-1.93681332,63.865,4.306994074,26.54697541,45.74665184
BWA,2012,35.232,-0.609791299,64.768,3.324834498,26.62372992,45.67783601
BWA,2013,34.428,-0.402926399,65.572,3.139390156,25.67039823,45.66901346
BWA,2014,33.632,-0.414027084,66.368,3.131653847,25.16656494,45.88428352
BWA,2015,32.845,-0.405577937,67.155,3.141255402,26.15619973,45.63301749
BWA,2016,32.067,-0.368380589,67.933,3.18064512,25.20036677,45.63301749
BWA,2017,31.3,-0.34167184,68.7,3.201930116,24.88065732,45.63301749
BWA,2018,30.554,-0.369408328,69.446,3.122788215,24.91056457,45.63301749
BWA,2019,29.828,-0.454030748,70.172,2.990881683,24.71873626,45.63372329
BWA,2020,29.123,-0.540883513,70.877,2.850621129,..,45.63372329
BWA,2021,28.44,-0.736399588,71.56,2.595762801,..,45.63372329
BWA,2022,27.776,-0.757738983,72.224,2.528399764,..,..
BRA,1990,26.078,-1.148480978,73.922,2.874729845,14.63356471,28.104339
BRA,1991,25.31,-1.259186302,74.69,2.763634888,..,27.93446867
BRA,1992,24.556,-1.365799557,75.444,2.662979207,..,27.76459834
BRA,1993,23.819,-1.431099074,76.181,2.588308071,..,27.59472801
BRA,1994,23.097,-1.487926148,76.903,2.533436683,..,27.42485768
BRA,1995,22.39,-1.546464749,77.61,2.47750695,14.47943507,27.25546593
BRA,1996,21.698,-1.608967974,78.302,2.418151369,..,27.267873
BRA,1997,20.952,-1.998447768,79.048,2.448363428,..,27.28028006
BRA,1998,20.219,-2.092795146,79.781,2.391351447,..,27.29268713
BRA,1999,19.504,-2.18009689,80.496,2.312433773,..,27.3050942
BRA,2000,18.808,-2.266954871,81.192,2.227693974,14.59147229,27.31750126
BRA,2001,18.447,-0.617359074,81.553,1.764333912,..,27.32990833
BRA,2002,18.12,-0.5257059,81.88,1.663006484,..,27.3423154
BRA,2003,17.797,-0.612968048,82.203,1.579372654,..,27.35472246
BRA,2004,17.479,-0.663582221,82.521,1.525494072,..,27.36712953
BRA,2005,17.166,-0.689746256,82.834,1.495783047,14.56811401,27.3795366
BRA,2006,16.857,-0.739114444,83.143,1.449695025,..,27.39257777
BRA,2007,16.552,-0.793877848,83.448,1.398193688,..,27.47881706
BRA,2008,16.251,-0.847965868,83.749,1.347339007,..,27.56505634
BRA,2009,15.956,-0.878802894,84.044,1.30477188,..,27.65129562
BRA,2010,15.665,-0.901181005,84.335,1.28506681,14.0825006,27.73753491
BRA,2011,15.369,-0.979055214,84.631,1.278956661,14.6948008,27.82377419
BRA,2012,15.077,-1.017865027,84.923,1.244776637,13.78803347,27.91001347
BRA,2013,14.791,-1.046804359,85.209,1.204555809,13.15581696,27.99625275
BRA,2014,14.508,-1.074033358,85.492,1.189409325,13.00059985,28.08249204
BRA,2015,14.23,-1.088786788,85.77,1.170641414,11.69149461,28.16873132
BRA,2016,13.958,-1.118703784,86.042,1.127882077,11.42284509,28.2549706
BRA,2017,13.691,-1.139151008,86.309,1.102096588,11.66527298,28.34106631
BRA,2018,13.431,-1.12355296,86.569,1.094558477,11.62699706,28.41562848
BRA,2019,13.176,-1.150739823,86.824,1.060237553,11.65399121,28.4901295
BRA,2020,12.927,-1.242708647,87.073,0.951553411,..,28.56461856
BRA,2021,12.683,-1.376971574,87.317,0.808423004,..,28.63909446
BRA,2022,12.445,-1.434774133,87.555,0.731782792,..,..
VGB,1990,62.186,0.744112569,37.814,8.000037157,..,53.33333333
VGB,1991,60.666,0.503261988,39.334,6.934279614,..,53.33333333
VGB,1992,60.397,1.927819444,39.603,3.049870742,..,53.33333333
VGB,1993,60.128,1.832173127,39.872,2.944720133,..,53.33333333
VGB,1994,59.858,1.886387364,40.142,3.033866451,..,53.33333333
VGB,1995,59.587,1.946463485,40.413,3.070603713,..,53.33333333
VGB,1996,59.316,2.039640235,40.684,3.155618363,..,53.33333333
VGB,1997,59.045,2.108248395,40.955,3.229961815,..,53.33333333
VGB,1998,58.772,2.127164477,41.228,3.256101605,..,53.33333333
VGB,1999,58.5,2.161435651,41.5,3.276521683,..,46.66666667
VGB,2000,58.226,2.141335488,41.774,3.267869143,..,46.66666667
VGB,2001,57.952,2.23855274,42.048,3.371895185,..,46.66666667
VGB,2002,57.672,2.524053493,42.328,3.673351914,..,46.66666667
VGB,2003,57.385,2.707971504,42.615,3.885357304,..,46.66666667
VGB,2004,57.091,2.767747619,42.909,3.965991906,..,46.66666667
VGB,2005,56.79,2.858206118,43.21,4.080968296,..,46.66666667
VGB,2006,56.483,2.909887018,43.517,4.166867627,..,46.66666667
VGB,2007,56.169,2.95489083,43.831,4.217771187,..,46.66666667
VGB,2008,55.848,3.027897923,44.152,4.333671782,..,46.66666667
VGB,2009,55.521,2.905609812,44.479,4.236806673,..,46.66666667
VGB,2010,55.186,1.270614672,44.814,2.625468712,..,46.66666667
VGB,2011,54.846,0.844715759,45.154,2.218309181,..,46.66666667
VGB,2012,54.498,0.992708882,45.502,2.394667992,..,46.66666667
VGB,2013,54.144,0.174165501,45.856,1.60322538,..,46.66666667
VGB,2014,53.784,0.424465233,46.216,1.869636065,..,46.66666667
VGB,2015,53.417,0.665219288,46.583,2.150143788,..,46.66666667
VGB,2016,53.043,0.559442019,46.957,2.06192872,..,46.66666667
VGB,2017,52.663,0.354385892,47.337,1.87982127,..,46.66666667
VGB,2018,52.277,0.176723096,47.723,1.720877107,..,46.66666667
VGB,2019,51.884,0.151228762,48.116,1.718926076,..,46.66666667
VGB,2020,51.485,0.201283248,48.515,1.803305494,..,46.66666667
VGB,2021,51.08,-0.106881278,48.92,1.515531472,..,46.66666667
VGB,2022,50.669,-0.220410052,49.331,1.421701264,..,..
BRN,1990,33.562,2.703786635,66.438,3.367171945,7.963653174,2.466793169
BRN,1991,33.415,2.545032412,66.585,3.204064799,..,2.466793169
BRN,1992,32.922,1.274913277,67.078,3.499267544,..,2.466793169
BRN,1993,32.396,0.986023994,67.604,3.37731075,..,2.466793169
BRN,1994,31.874,0.879722005,68.126,3.274507412,..,2.466793169
BRN,1995,31.356,0.785719857,68.644,3.180903317,6.826810749,2.277039848
BRN,1996,30.842,0.6928017,69.158,3.091806222,..,2.277039848
BRN,1997,30.334,0.605972886,69.666,2.998156946,..,2.277039848
BRN,1998,29.83,0.514404426,70.17,2.911768184,..,2.277039848
BRN,1999,29.331,0.444034225,70.669,2.838464252,..,2.277039848
BRN,2000,28.836,0.37977956,71.164,2.780315365,6.446695124,2.277039848
BRN,2001,28.348,0.315212355,71.652,2.705919492,..,2.466793169
BRN,2002,27.954,0.552330737,72.046,2.499695358,..,2.466793169
BRN,2003,27.579,0.525744131,72.421,2.395839391,..,2.466793169
BRN,2004,27.206,0.434318982,72.794,2.309676551,..,2.466793169
BRN,2005,26.837,0.355247392,73.163,2.226229364,6.693596917,2.466793169
BRN,2006,26.471,0.273969994,73.529,2.146377817,..,2.333965844
BRN,2007,26.108,0.200435356,73.892,2.073050812,..,2.352941176
BRN,2008,25.748,0.136430495,74.252,2.01098722,..,2.352941176
BRN,2009,25.392,8.98E-02,74.608,1.960697538,..,2.542694497
BRN,2010,25.039,6.05E-02,74.961,1.932423996,6.393486339,2.542694497
BRN,2011,24.69,-3.63E-02,75.31,1.831980334,7.345177681,2.542694497
BRN,2012,24.344,-0.142335846,75.656,1.727535803,7.610637069,2.542694497
BRN,2013,24.003,-0.171880414,75.997,1.688290676,7.616318907,2.542694497
BRN,2014,23.668,-0.209689342,76.332,1.636052298,7.745818643,2.542694497
BRN,2015,23.337,-0.267052681,76.663,1.573509212,7.926244379,2.542694497
BRN,2016,23.01,-0.336097112,76.99,1.501274627,7.649925898,2.542694497
BRN,2017,22.688,-0.408910722,77.312,1.417462897,7.348749548,2.542694497
BRN,2018,22.371,-0.482616508,77.629,1.334193204,7.683014194,2.542694497
BRN,2019,22.058,-0.542896222,77.942,1.267432882,7.680643971,2.542694497
BRN,2020,21.75,-0.570837046,78.25,1.230452465,..,2.542694497
BRN,2021,21.446,-0.584583324,78.554,1.210065548,..,2.542694497
BRN,2022,21.146,-0.597499428,78.854,1.192773484,..,..
BGR,1990,33.623,-2.815798938,66.377,-1.287166619,28.04612218,55.67206002
BGR,1991,33.283,-2.006765295,66.717,-0.479518197,..,55.6901383
BGR,1992,32.944,-2.0976107,67.056,-0.567024807,..,55.62686432
BGR,1993,32.67,-1.632859147,67.33,-0.389884232,..,55.32857272
BGR,1994,32.443,-1.036859018,67.557,-3.00E-03,..,55.67206002
BGR,1995,32.218,-1.141317924,67.782,-0.112909661,26.69048619,55.71725572
BGR,1996,31.993,-1.216556672,68.007,-0.184328579,..,55.71725572
BGR,1997,31.769,-1.311411561,68.231,-0.279961453,..,56.06978216
BGR,1998,31.546,-1.371713409,68.454,-0.341007759,..,51.02594233
BGR,1999,31.323,-1.270064401,68.677,-0.235410718,..,51.33327307
BGR,2000,31.101,-1.205181443,68.899,-0.171157651,26.03477866,50.45647654
BGR,2001,30.834,-2.852817852,69.166,-1.603863629,..,49.69718883
BGR,2002,30.476,-3.338561751,69.524,-1.654432119,..,48.94301471
BGR,2003,30.121,-1.963804895,69.879,-0.282796715,..,48.96570746
BGR,2004,29.767,-1.936994662,70.233,-0.249495596,..,49.00698786
BGR,2005,29.416,-1.93916417,70.584,-0.254448057,23.85248605,48.46281296
BGR,2006,29.068,-1.949583399,70.932,-0.267690119,..,47.77685722
BGR,2007,28.722,-1.932731297,71.278,-0.248678762,..,47.1043182
BGR,2008,28.378,-1.906840052,71.622,-0.220466621,..,46.96620937
BGR,2009,28.037,-1.853219467,71.963,-0.169290725,..,46.33382461
BGR,2010,27.698,-1.874738601,72.302,-0.188314948,22.7674356,46.53647752
BGR,2011,27.362,-1.861705773,72.638,-0.177597399,25.5775453,46.86809138
BGR,2012,27.025,-1.818539445,72.975,-0.116335429,22.6468314,47.19049374
BGR,2013,26.687,-1.818228656,73.313,-9.75E-02,21.22186088,46.01142225
BGR,2014,26.349,-1.843022323,73.651,-0.108408405,21.63806967,45.84561533
BGR,2015,26.01,-1.932996217,73.99,-0.178845947,20.32357683,46.16709654
BGR,2016,25.671,-2.013280588,74.329,-0.244263619,19.40617985,46.25092115
BGR,2017,25.331,-2.063741338,74.669,-0.274061375,19.66415885,46.3294031
BGR,2018,24.992,-2.069403814,75.008,-0.269102082,19.65003099,46.33382461
BGR,2019,24.653,-2.069630137,75.347,-0.252969936,19.36594583,46.39830508
BGR,2020,24.314,-1.984872851,75.686,-0.151331327,..,46.49042004
BGR,2021,23.975,-2.218884841,76.025,-0.367953365,..,46.48670965
BGR,2022,23.637,-7.607092539,76.363,-5.743646005,..,..
BFA,1990,86.185,2.327944148,13.815,4.460862303,51.84606211,34.99634503
BFA,1991,85.93,2.230827923,14.07,4.35613271,..,34.90497076
BFA,1992,85.67,2.159614434,14.33,4.293644118,..,34.81359649
BFA,1993,85.407,2.17761509,14.593,4.303733592,..,34.72222222
BFA,1994,85.14,2.207481013,14.86,4.333739073,..,34.47002924
BFA,1995,84.869,2.244442748,15.131,4.370462727,49.36244134,34.53947368
BFA,1996,84.593,2.229379419,15.407,4.362779215,..,34.90497076
BFA,1997,84.125,2.011923397,15.875,5.559057858,..,36.00146199
BFA,1998,83.49,1.991181476,16.51,6.670962952,..,36.44005848
BFA,1999,82.834,2.13636233,17.166,6.821605814,..,36.79093567
BFA,2000,82.156,2.162009463,17.844,6.857564848,54.88701913,37.14546784
BFA,2001,81.46,2.189958501,18.54,6.867020476,..,37.51096491
BFA,2002,80.742,2.18946952,19.258,6.874385754,..,37.86915205
BFA,2003,80.004,2.186288461,19.996,6.865102857,..,38.22368421
BFA,2004,79.243,2.182269799,20.757,6.873132332,..,38.63669591
BFA,2005,78.463,2.159802488,21.537,6.837877696,54.9070878,39.04605263
BFA,2006,77.661,2.09508238,22.339,6.7786523,..,39.4371345
BFA,2007,77.004,2.183198165,22.996,5.931429341,..,39.80628655
BFA,2008,76.466,2.242456573,23.534,5.256141677,..,40.20285088
BFA,2009,75.921,2.216115947,24.079,5.220812479,..,40.61403509
BFA,2010,75.367,2.20689154,24.633,5.213942985,54.03992338,41.08918129
BFA,2011,74.804,2.219918949,25.196,5.229574839,51.23693236,41.71418129
BFA,2012,74.233,2.265626641,25.767,5.272806597,54.18097152,42.1747076
BFA,2013,73.654,2.225385511,26.346,5.230613935,47.34169055,42.85453216
BFA,2014,73.066,2.178248933,26.934,5.187071442,48.4137269,43.31140351
BFA,2015,72.47,2.15329513,27.53,5.161046779,60.27252262,43.80847953
BFA,2016,71.866,2.097870253,28.134,5.105060382,56.2288836,44.23245614
BFA,2017,71.257,2.01463449,28.743,5.007199057,53.53072599,44.65277778
BFA,2018,70.642,1.901861737,29.358,4.885763881,53.64967602,45.36915205
BFA,2019,70.02,1.81948546,29.98,4.800404381,53.67033962,45.75657895
BFA,2020,69.393,1.789294301,30.607,4.7586163,..,46.10380117
BFA,2021,68.76,1.733995673,31.24,4.697431091,..,46.56432749
BFA,2022,68.123,1.629258116,31.877,4.578534343,..,..
BDI,1990,93.729,1.789371435,6.271,5.665683878,34.45562826,81.07476636
BDI,1991,93.545,1.808064342,6.455,4.896337782,..,80.88006231
BDI,1992,93.363,2.420632822,6.637,5.396053763,..,81.07476636
BDI,1993,93.177,-3.525268906,6.823,-0.56195738,..,80.88006231
BDI,1994,92.986,0.354651196,7.014,3.320735185,..,80.72429907
BDI,1995,92.789,5.803612378,7.211,8.785555984,34.74639363,79.32242991
BDI,1996,92.588,-0.255222354,7.412,2.710851717,..,77.60903427
BDI,1997,92.382,-0.334856272,7.618,2.629328804,..,76.01246106
BDI,1998,92.17,1.634619063,7.83,4.609154639,..,74.49376947
BDI,1999,91.964,2.147772904,8.036,4.96838682,..,73.48130841
BDI,2000,91.754,1.813097622,8.246,4.621537631,36.18281228,72.70249221
BDI,2001,91.539,2.240531755,8.461,5.048884501,..,72.07943925
BDI,2002,91.318,2.552409593,8.682,5.372687858,..,71.41744548
BDI,2003,91.092,2.889573877,8.908,5.707083167,..,71.37850467
BDI,2004,90.861,3.46075037,9.139,6.27479147,..,71.96261682
BDI,2005,90.625,3.439718699,9.375,6.249386007,33.64156521,70.83333333
BDI,2006,90.383,3.312642001,9.617,6.128583213,..,70.95015576
BDI,2007,90.136,3.398137953,9.864,6.207720606,..,71.06697819
BDI,2008,89.882,3.829901019,10.118,6.654543906,..,71.18380062
BDI,2009,89.624,4.790984717,10.376,7.596415415,..,71.30062305
BDI,2010,89.358,4.382246881,10.642,7.210724872,33.17087207,71.37850467
BDI,2011,89.085,3.236764003,10.915,6.075706778,35.29849847,71.69003115
BDI,2012,88.806,3.216293384,11.194,6.053998154,37.10546174,72.42990654
BDI,2013,88.518,3.226284019,11.482,6.091330472,35.06835865,73.48130841
BDI,2014,88.224,3.013169465,11.776,5.874201054,34.92429065,74.53271028
BDI,2015,87.922,1.845808188,12.078,4.720912812,35.79366221,75.58411215
BDI,2016,87.612,1.275818703,12.388,4.16327338,35.48687315,76.63551402
BDI,2017,87.294,1.92367197,12.706,4.821943468,32.8625076,77.68691589
BDI,2018,86.968,2.609680188,13.032,5.517135369,33.76642862,78.73831776
BDI,2019,86.634,2.879455704,13.366,5.794906079,33.27977863,79.78971963
BDI,2020,86.292,2.471535569,13.708,5.393632938,..,80.8411215
BDI,2021,85.942,2.266052349,14.058,5.193691055,..,81.89252336
BDI,2022,85.583,2.241568332,14.417,5.181768293,..,..
CPV,1990,55.88,-2.80013745,44.12,7.886680073,47.44695547,16.87344913
CPV,1991,54.956,0.545832843,45.044,4.285592208,..,16.87344913
CPV,1992,54.027,0.740297358,45.973,4.486603166,..,17.12158809
CPV,1993,53.098,0.799297634,46.902,4.534770776,..,17.12158809
CPV,1994,52.166,0.726164642,47.834,4.465098673,..,17.12158809
CPV,1995,51.232,0.586269126,48.768,4.326570842,46.98602472,17.36972705
CPV,1996,50.296,0.469103294,49.704,4.213563663,..,17.36972705
CPV,1997,49.363,0.393087084,50.637,4.125295055,..,17.86600496
CPV,1998,48.428,0.283251045,51.572,4.025284097,..,17.86600496
CPV,1999,47.495,0.170128246,52.505,3.908906986,..,17.86600496
CPV,2000,46.565,-7.73E-02,53.435,3.655309915,50.90455589,17.86600496
CPV,2001,45.709,-0.187630517,54.291,3.257164152,..,18.36228288
CPV,2002,44.854,-0.339566885,55.146,3.111503078,..,18.61042184
CPV,2003,44.003,-0.476487087,55.997,2.970001406,..,18.61042184
CPV,2004,43.154,-0.604891288,56.846,2.848545665,..,18.85856079
CPV,2005,42.311,-0.697732819,57.689,2.747137507,42.85174163,18.85856079
CPV,2006,41.471,-0.783804192,58.529,2.66717644,..,18.85856079
CPV,2007,40.637,-0.86602483,59.363,2.580528812,..,18.85856079
CPV,2008,39.806,-0.962158251,60.194,2.494126651,..,19.35483871
CPV,2009,38.984,-1.053058029,61.016,2.389895898,..,19.35483871
CPV,2010,38.179,-1.010983336,61.821,2.385641686,34.11058979,19.35483871
CPV,2011,37.678,-0.118163799,62.322,2.010574962,46.89453877,19.60297767
CPV,2012,37.179,-0.137950501,62.821,1.99271509,52.29133025,19.60297767
CPV,2013,36.683,-0.211322204,63.317,1.91810125,42.89778424,19.60297767
CPV,2014,36.19,-0.222901296,63.81,1.905536961,39.18447447,19.60297767
CPV,2015,35.7,-0.254339614,64.3,1.874129117,53.84034644,19.60297767
CPV,2016,35.216,-0.243291203,64.784,1.871445661,47.92595122,19.60297767
CPV,2017,34.739,-0.195977187,65.261,1.901637848,52.61609912,19.60297767
CPV,2018,34.268,-0.264796749,65.732,1.818752369,50.05668918,19.60297767
CPV,2019,33.805,-0.345441164,66.195,1.717171369,51.11721004,19.60297767
CPV,2020,33.348,-0.393462666,66.652,1.655483825,..,19.60297767
CPV,2021,32.898,-0.45549,67.102,1.575813409,..,19.60297767
CPV,2022,32.455,-0.471079299,67.545,1.542630676,..,..
KHM,1990,84.454,3.493014823,15.546,6.067316935,28.34054536,25.23793338
KHM,1991,84.113,3.432430273,15.887,6.006828067,..,25.5495128
KHM,1992,83.766,4.423289942,16.234,6.997333267,..,25.57783821
KHM,1993,83.413,4.842320972,16.587,7.415795467,..,25.66847949
KHM,1994,83.054,3.331633417,16.946,5.904156129,..,25.88941763
KHM,1995,82.689,2.187067914,17.311,4.758535392,26.79196053,25.88941763
KHM,1996,82.317,1.929836731,17.683,4.506903321,..,25.94606843
KHM,1997,81.94,1.742829938,18.06,4.311445525,..,25.94606843
KHM,1998,81.645,1.695689136,18.355,3.676621785,..,26.22932246
KHM,1999,81.53,1.810301918,18.47,2.575814618,..,26.28597326
KHM,2000,81.414,1.688261597,18.586,2.456757645,27.44127631,27.02243372
KHM,2001,81.297,1.650003687,18.703,2.421335744,..,27.70224337
KHM,2002,81.18,1.651907089,18.82,2.419559701,..,28.32540222
KHM,2003,81.063,1.63834654,18.937,2.402337466,..,28.89191027
KHM,2004,80.945,1.626668238,19.055,2.393482677,..,29.62837072
KHM,2005,80.826,1.606048045,19.174,2.375768814,29.35286761,30.34217086
KHM,2006,80.707,1.582932094,19.293,2.348980646,..,30.33650578
KHM,2007,80.587,1.59446329,19.413,2.363298607,..,30.33650578
KHM,2008,80.429,1.460384654,19.571,2.467234865,..,30.33650578
KHM,2009,80.07,1.060533374,19.93,3.325629881,..,30.33650578
KHM,2010,79.706,1.001592969,20.294,3.267137094,28.99049207,30.60842964
KHM,2011,79.337,0.989844283,20.663,3.255822995,24.76841347,30.87861885
KHM,2012,78.963,0.976767928,21.037,3.243077865,24.96952852,31.34133356
KHM,2013,78.585,0.950642095,21.415,3.211392729,28.06749912,31.56653184
KHM,2014,78.201,0.907933572,21.799,3.175027434,24.24631214,31.73507874
KHM,2015,77.812,0.85111264,22.188,3.118540361,24.05520361,31.99426694
KHM,2016,77.418,0.82644656,22.582,3.094250411,24.82502572,32.29311126
KHM,2017,77.02,0.795070703,22.98,3.057575395,22.01765339,32.76757251
KHM,2018,76.612,0.690299599,23.388,2.98134356,22.29493219,33.1740528
KHM,2019,76.195,0.58665651,23.805,2.899692092,22.1120864,33.7108305
KHM,2020,75.768,0.598078767,24.232,2.937896229,..,34.24760764
KHM,2021,75.332,0.588033612,24.668,2.948412356,..,34.55211704
KHM,2022,74.886,0.47835914,25.114,2.864036159,..,..
CMR,1990,60.343,2.082966274,39.657,4.491867048,66.34276906,19.39878572
CMR,1991,59.765,2.029779786,40.235,4.439236067,..,19.35647649
CMR,1992,59.183,1.957124374,40.817,4.371849232,..,19.37763111
CMR,1993,58.601,1.922069712,41.399,4.326138863,..,19.37763111
CMR,1994,58.015,1.853509967,41.985,4.26410922,..,19.37763111
CMR,1995,57.427,1.765662186,42.573,4.175124132,59.40534304,19.37763111
CMR,1996,56.836,1.68102135,43.164,4.094161911,..,19.37763111
CMR,1997,56.245,1.614059645,43.755,4.01924827,..,19.37763111
CMR,1998,55.652,1.583374943,44.348,3.989442456,..,19.37763111
CMR,1999,55.056,1.573054166,44.944,3.984735334,..,19.37763111
CMR,2000,54.458,1.543910176,45.542,3.957808167,67.41490186,19.37763111
CMR,2001,53.861,1.524366216,46.139,3.929030286,..,19.37763111
CMR,2002,53.262,1.561310675,46.738,3.969565343,..,19.37763111
CMR,2003,52.662,1.596216432,47.338,4.004695418,..,19.37763111
CMR,2004,52.06,1.594897329,47.94,4.00831089,..,19.4834042
CMR,2005,51.459,1.572007758,48.541,3.979016471,61.29110011,19.48975059
CMR,2006,50.857,1.54227227,49.143,3.951597641,..,19.48975059
CMR,2007,50.254,1.587915797,49.746,4.00022755,..,19.48975059
CMR,2008,49.65,1.627795577,50.35,4.04382685,..,19.59552368
CMR,2009,49.046,1.622641909,50.954,4.03909086,..,19.70129678
CMR,2010,48.441,1.610005229,51.559,4.031569928,59.4274705,20.51998054
CMR,2011,47.836,1.57443538,52.164,3.997813481,58.86976922,20.62575363
CMR,2012,47.231,1.542179097,52.769,3.968114178,61.32736378,20.62575363
CMR,2013,46.627,1.526470079,53.373,3.951648616,56.76664192,20.62575363
CMR,2014,46.024,1.733829971,53.976,4.158958158,56.35775552,20.62575363
CMR,2015,45.422,1.830938582,54.578,4.256719555,69.51058018,20.62575363
CMR,2016,44.821,1.66020008,55.179,4.087329958,65.0564255,20.62575363
CMR,2017,44.223,1.4906147,55.777,3.911718902,62.3153609,20.62575363
CMR,2018,43.626,1.404573608,56.374,3.828378075,63.83099556,20.62575363
CMR,2019,43.032,1.403948943,56.968,3.823046878,64.47088106,20.62575363
CMR,2020,42.44,1.326579476,57.56,3.745673451,..,20.62575363
CMR,2021,41.852,1.240651294,58.148,3.652176219,..,20.62575363
CMR,2022,41.267,1.190460829,58.733,3.599127785,..,..
CAN,1990,23.418,1.422296324,76.582,1.533778783,10.09239222,6.848740574
CAN,1991,23.38,1.08035953,76.62,1.29236942,..,6.863267939
CAN,1992,23.113,3.51E-02,76.887,1.531544853,..,6.855655902
CAN,1993,22.848,-5.42E-02,77.152,1.442998242,..,6.848071348
CAN,1994,22.586,-5.81E-02,77.414,1.434271599,..,6.840486795
CAN,1995,22.325,-0.127545202,77.675,1.371351563,9.768846476,6.832902241
CAN,1996,22.049,-0.198676504,77.951,1.400008831,..,6.825206149
CAN,1997,21.66,-0.786217898,78.34,1.491580581,..,6.827771513
CAN,1998,21.276,-0.958835799,78.724,1.318879885,..,6.830448414
CAN,1999,20.897,-0.984566218,79.103,1.293116804,..,6.833125316
CAN,2000,20.522,-0.879527495,79.478,1.404225954,9.200371951,6.835802217
CAN,2001,20.19,-0.544663534,79.81,1.50320904,..,6.838162441
CAN,2002,20.112,0.700370294,79.888,1.185132208,..,6.925478412
CAN,2003,20.033,0.507798298,79.967,1.000212478,..,6.909305467
CAN,2004,19.955,0.542909911,80.045,1.03051181,..,6.893132521
CAN,2005,19.878,0.557844254,80.122,1.040618588,9.020255828,6.876959575
CAN,2006,19.787,0.551491249,80.213,1.123846755,..,6.757391315
CAN,2007,19.604,4.20E-02,80.396,1.199018842,..,6.693145683
CAN,2008,19.422,0.150191984,80.578,1.309029905,..,6.62890005
CAN,2009,19.242,0.210657043,80.758,1.364893948,..,6.564654418
CAN,2010,19.063,0.177253215,80.937,1.333268714,7.884019371,6.500408785
CAN,2011,18.904,0.141129968,81.096,1.174952642,7.340076929,6.435683541
CAN,2012,18.863,0.868694356,81.137,1.136362333,7.600495484,6.443636169
CAN,2013,18.822,0.838999351,81.178,1.107109995,7.275026619,6.451555335
CAN,2014,18.782,0.792587518,81.218,1.05460142,7.492005176,6.459474502
CAN,2015,18.741,0.527807559,81.259,0.796807975,7.279802012,6.467505206
CAN,2016,18.7,0.913336126,81.3,1.182792155,6.205823409,6.474755147
CAN,2017,18.65,0.931791086,81.35,1.261000552,7.281874712,6.454410697
CAN,2018,18.589,1.084828177,81.411,1.487415579,7.07877626,6.456819908
CAN,2019,18.518,1.053469262,81.482,1.523308331,7.100156005,6.434356244
CAN,2020,18.438,0.640840768,81.562,1.171930462,..,6.370735222
CAN,2021,18.347,8.07E-02,81.653,0.686929106,..,6.484576786
CAN,2022,18.248,1.282312507,81.752,1.944541562,..,..
CYM,1990,0,..,100,4.474870114,..,11.25
CYM,1991,0,..,100,4.921637056,..,11.25
CYM,1992,0,..,100,4.774457645,..,11.25
CYM,1993,0,..,100,4.636783903,..,11.25
CYM,1994,0,..,100,4.491773029,..,11.25
CYM,1995,0,..,100,4.310851206,..,11.25
CYM,1996,0,..,100,4.156070094,..,11.25
CYM,1997,0,..,100,3.970538608,..,11.25
CYM,1998,0,..,100,3.772887713,..,11.25
CYM,1999,0,..,100,3.583488606,..,11.25
CYM,2000,0,..,100,3.497335382,..,11.25
CYM,2001,0,..,100,3.459558012,..,11.25
CYM,2002,0,..,100,3.357997223,..,11.25
CYM,2003,0,..,100,3.258009606,..,11.25
CYM,2004,0,..,100,3.194959237,..,11.25
CYM,2005,0,..,100,3.132422211,..,11.25
CYM,2006,0,..,100,3.055957268,..,11.25
CYM,2007,0,..,100,3.005623696,..,11.25
CYM,2008,0,..,100,2.929652809,..,11.25
CYM,2009,0,..,100,2.851964804,..,11.25
CYM,2010,0,..,100,2.7599337,..,11.25
CYM,2011,0,..,100,2.588538738,..,11.25
CYM,2012,0,..,100,2.435324,..,11.25
CYM,2013,0,..,100,2.349941283,..,11.25
CYM,2014,0,..,100,2.287589883,..,11.25
CYM,2015,0,..,100,2.24463645,..,11.25
CYM,2016,0,..,100,2.182507103,..,11.25
CYM,2017,0,..,100,2.107583017,..,11.25
CYM,2018,0,..,100,2.028637661,..,11.25
CYM,2019,0,..,100,1.908192659,..,11.25
CYM,2020,0,..,100,1.764068377,..,11.25
CYM,2021,0,..,100,1.218203729,..,11.25
CYM,2022,0,..,100,0.833082382,..,..
CAF,1990,63.175,2.948450617,36.825,3.296779972,45.2320172,7.955311567
CAF,1991,63.094,2.984883657,36.906,3.332832252,..,7.958521943
CAF,1992,63.013,3.052739778,36.987,3.40043929,..,7.961732319
CAF,1993,62.932,3.075736845,37.068,3.423180304,..,7.961732319
CAF,1994,62.851,3.016248553,37.149,3.363248159,..,7.961732319
CAF,1995,62.769,2.618841461,37.231,2.969852265,44.42833063,7.945680439
CAF,1996,62.688,2.487289447,37.312,2.83376504,..,7.945680439
CAF,1997,62.606,2.651493753,37.394,3.001941086,..,7.945680439
CAF,1998,62.525,2.625164566,37.475,2.97098127,..,7.945680439
CAF,1999,62.443,2.650888137,37.557,3.000775225,..,7.945680439
CAF,2000,62.361,2.668973745,37.639,3.018425134,45.264541,7.948890815
CAF,2001,62.28,2.121680057,37.72,2.466582443,..,7.948890815
CAF,2002,62.198,2.077189413,37.802,2.426184496,..,7.948890815
CAF,2003,62.116,2.285901854,37.884,2.63441584,..,7.937654499
CAF,2004,62.034,2.036912606,37.966,2.385243856,..,7.937654499
CAF,2005,61.931,2.085141168,38.069,2.522273852,41.7241462,7.937654499
CAF,2006,61.807,1.811072689,38.193,2.336706673,..,7.92962856
CAF,2007,61.661,1.637111203,38.339,2.255097612,..,7.92962856
CAF,2008,61.494,1.802035871,38.506,2.507944079,..,7.92962856
CAF,2009,61.306,1.84867828,38.694,2.641880426,..,7.923207808
CAF,2010,61.096,1.728088871,38.904,2.612441135,43.8549236,7.876657357
CAF,2011,60.865,1.153443923,39.135,2.124326336,46.92326876,7.825291342
CAF,2012,60.612,0.452113334,39.388,1.513056644,47.17214767,7.833317281
CAF,2013,60.337,0.153518425,39.663,1.303990554,44.7263164,7.842948409
CAF,2014,60.041,-0.568730704,39.959,0.666562219,42.4180555,7.876657357
CAF,2015,59.723,-0.102718008,40.277,1.221025125,48.22091955,7.876657357
CAF,2016,59.382,1.172565196,40.618,2.58825522,45.52426043,7.876657357
CAF,2017,59.02,1.258411751,40.98,2.757101428,44.3882319,7.876657357
CAF,2018,58.636,1.290283534,41.364,2.875770155,46.10881594,7.879867733
CAF,2019,58.23,1.528540096,41.77,3.200112445,46.3767539,7.879867733
CAF,2020,57.802,1.796361489,42.198,3.553540599,..,7.879867733
CAF,2021,57.352,1.332085989,42.648,3.174372247,..,7.88147292
CAF,2022,56.88,1.384397422,43.12,3.31145591,..,..
TCD,1990,79.189,2.458015571,20.811,3.730904647,59.46452558,38.35768742
TCD,1991,78.977,3.361091177,21.023,4.642772823,..,38.39739517
TCD,1992,78.765,3.952026048,21.235,5.224120364,..,38.41327827
TCD,1993,78.592,2.060052525,21.408,3.091378748,..,38.43710292
TCD,1994,78.56,2.178749792,21.44,2.368840469,..,38.45298602
TCD,1995,78.527,4.347676058,21.473,4.54346576,55.03201712,38.47681067
TCD,1996,78.494,4.37959995,21.506,4.575234504,..,38.46092757
TCD,1997,78.462,3.380225677,21.538,3.56963295,..,38.61975858
TCD,1998,78.429,3.365137092,21.571,3.560308977,..,38.61975858
TCD,1999,78.396,3.435086932,21.604,3.63003125,..,38.61975858
TCD,2000,78.363,3.372399911,21.637,3.56712411,60.26263791,38.61975858
TCD,2001,78.33,3.287954377,21.67,3.482520996,..,38.69917408
TCD,2002,78.298,3.407279755,21.702,3.595700247,..,38.69917408
TCD,2003,78.265,3.928453703,21.735,4.122533259,..,38.77858958
TCD,2004,78.232,4.393855677,21.768,4.587731966,..,38.77858958
TCD,2005,78.199,3.949549652,21.801,4.143264578,59.44666881,38.85800508
TCD,2006,78.166,3.498578768,21.834,3.692013797,..,38.85800508
TCD,2007,78.132,3.343679044,21.868,3.542804178,..,38.85879924
TCD,2008,78.099,3.40364772,21.901,3.596653239,..,38.85879924
TCD,2009,78.066,3.476283424,21.934,3.669146723,..,38.94139136
TCD,2010,78.015,3.34314055,21.985,3.640735801,57.53023063,39.10022236
TCD,2011,77.946,3.40597057,22.054,3.80779169,58.78662177,39.17963787
TCD,2012,77.858,3.374668021,22.142,3.88585228,59.8616705,39.45759212
TCD,2013,77.752,3.420779357,22.248,4.034612029,55.79298325,39.73634053
TCD,2014,77.628,3.410376031,22.372,4.125793921,53.37526383,39.89517154
TCD,2015,77.485,2.999715962,22.515,3.821269132,63.96919397,39.89596569
TCD,2016,77.323,2.939355312,22.677,3.865598021,59.85638516,39.97617535
TCD,2017,77.142,3.090245073,22.858,4.119566294,59.52255694,39.97617535
TCD,2018,76.941,3.11722432,23.059,4.25364266,59.20016634,39.97617535
TCD,2019,76.721,3.00824268,23.279,4.24412488,59.2825236,39.97617535
TCD,2020,76.48,2.845909792,23.52,4.190490624,..,39.97617535
TCD,2021,76.219,2.822040493,23.781,4.267461907,..,39.97617535
TCD,2022,75.937,2.744351934,24.063,4.293859527,..,..
CHI,1990,68.608,1.135339214,31.392,0.645530143,..,42.92929293
CHI,1991,68.738,0.865993945,31.262,0.264732989,..,42.92929293
CHI,1992,68.924,0.591241738,31.076,-0.27832795,..,42.92929293
CHI,1993,69.109,0.464794737,30.891,-0.399610004,..,42.42424242
CHI,1994,69.294,0.389737421,30.706,-0.476620325,..,42.42424242
CHI,1995,69.478,0.33069248,30.522,-0.536341793,..,42.42424242
CHI,1996,69.6,0.4130905,30.4,-0.16330665,..,42.42424242
CHI,1997,69.584,0.43141571,30.416,0.507446297,..,40.90909091
CHI,1998,69.568,0.43753691,30.432,0.511720402,..,40.4040404
CHI,1999,69.551,0.38996876,30.449,0.472835616,..,39.8989899
CHI,2000,69.535,0.319197717,30.465,0.391575969,..,39.8989899
CHI,2001,69.505,0.463103219,30.495,0.605837241,..,37.87878788
CHI,2002,69.443,0.676471002,30.557,0.96977499,..,37.37373737
CHI,2003,69.381,0.704966428,30.619,0.997895239,..,37.37373737
CHI,2004,69.319,0.714503132,30.681,1.005473909,..,37.87878788
CHI,2005,69.257,0.726674734,30.743,1.017042454,..,38.38383838
CHI,2006,69.195,0.717628807,30.805,1.008938663,..,42.42424242
CHI,2007,69.133,0.722900422,30.867,1.013662188,..,41.41414141
CHI,2008,69.071,0.722398333,30.929,1.013955718,..,40.90909091
CHI,2009,69.008,0.71256436,30.992,1.005849857,..,44.44444444
CHI,2010,68.946,0.685343892,31.054,0.975315737,..,46.01010101
CHI,2011,68.909,0.50887411,31.091,0.683015273,..,48.53535354
CHI,2012,68.941,0.553860549,31.059,0.402709678,..,48.28282828
CHI,2013,68.973,0.783353279,31.027,0.633316903,..,47.77777778
CHI,2014,69.005,0.743047549,30.995,0.595251823,..,48.08080808
CHI,2015,69.038,0.83942917,30.962,0.683373958,..,46.76767677
CHI,2016,69.07,0.985544846,30.93,0.836841562,..,46.91919192
CHI,2017,69.086,0.931254585,30.914,0.85731103,..,46.56565657
CHI,2018,69.086,1.230353406,30.914,1.227868824,..,43.28282828
CHI,2019,69.069,1.253010206,30.931,1.333276239,..,43.28282828
CHI,2020,69.037,0.953477694,30.963,1.10456419,..,43.28282828
CHI,2021,68.988,0.842954979,31.012,1.070091124,..,43.28282828
CHI,2022,68.923,0.710133426,31.077,1.016255692,..,..
CHL,1990,16.729,0.856520967,83.271,1.772584546,21.02891948,21.3830743
CHL,1991,16.602,0.866525394,83.398,1.780965261,..,21.23513178
CHL,1992,16.436,0.606801525,83.564,1.810573027,..,20.92176261
CHL,1993,16.104,-0.484915625,83.896,1.952220375,..,20.81551298
CHL,1994,15.777,-0.546315031,84.223,1.894143783,..,20.77919982
CHL,1995,15.455,-0.621996782,84.545,1.821641959,20.87261133,20.61780798
CHL,1996,15.139,-0.697091651,84.861,1.741822963,..,20.48600464
CHL,1997,14.828,-0.758392034,85.172,1.683132215,..,20.47255532
CHL,1998,14.523,-0.820508419,85.477,1.615290907,..,20.46852052
CHL,1999,14.222,-0.903435422,85.778,1.54245153,..,20.25467633
CHL,2000,13.927,-0.947025,86.073,1.492362852,22.20915288,20.32192293
CHL,2001,13.637,-0.988950611,86.363,1.451668793,..,20.37572021
CHL,2002,13.394,-0.710071243,86.606,1.368907632,..,20.933867
CHL,2003,13.335,0.606475096,86.665,1.116009889,..,20.74557652
CHL,2004,13.275,0.545696226,86.725,1.065885323,..,21.43149185
CHL,2005,13.217,0.53964743,86.783,1.044364784,21.10676982,21.36424525
CHL,2006,13.158,0.532377446,86.842,1.047762223,..,21.24992603
CHL,2007,13.1,0.538813958,86.9,1.047355646,..,21.15847065
CHL,2008,13.041,0.549458017,86.959,1.068716339,..,20.66551809
CHL,2009,12.983,0.581190616,87.017,1.093618177,..,20.17256688
CHL,2010,12.926,0.569051807,87.074,1.074513723,21.13580447,19.67826805
CHL,2011,12.868,0.541625557,87.132,1.057951582,22.4347061,19.18531549
CHL,2012,12.811,0.530696043,87.189,1.040031087,21.42944248,18.69236294
CHL,2013,12.754,0.519073551,87.246,1.030327214,22.96134961,18.19941173
CHL,2014,12.697,0.558882692,87.303,1.072127884,22.30595213,17.70645917
CHL,2015,12.64,0.579508943,87.36,1.094691346,23.55853654,17.21216034
CHL,2016,12.578,0.6973201,87.422,1.260010542,23.76052341,16.71920913
CHL,2017,12.51,1.019976261,87.49,1.639806835,21.93712901,16.22625657
CHL,2018,12.436,1.202664973,87.564,1.880510218,22.72046987,15.73330401
CHL,2019,12.357,1.154120147,87.643,1.881570024,22.76585719,15.23900518
CHL,2020,12.273,0.678567202,87.727,1.456438123,..,14.74605397
CHL,2021,12.183,0.258328078,87.817,1.096883013,..,14.25027706
CHL,2022,12.088,-0.217344013,87.912,0.673638885,..,..
CHN,1990,73.558,0.464975035,26.442,4.309678481,48.88419264,53.86456475
CHN,1991,72.688,0.174643831,27.312,4.601685132,..,54.47010891
CHN,1992,71.8,-3.65E-03,28.2,4.42511729,..,54.78273374
CHN,1993,70.897,-0.116016198,29.103,4.301547743,..,55.19910526
CHN,1994,69.976,-0.177318685,30.024,4.245840597,..,55.6901446
CHN,1995,69.039,-0.261567332,30.961,4.159637994,49.09456138,55.69020391
CHN,1996,68.084,-0.344790969,31.916,4.086051744,..,55.69441737
CHN,1997,67.117,-0.407037131,32.883,4.008285508,..,55.694444
CHN,1998,66.133,-0.517399494,33.867,3.908078566,..,55.69447063
CHN,1999,65.135,-0.654731362,34.865,3.77008873,..,55.69449726
CHN,2000,64.123,-0.777935943,35.877,3.649252711,50.76470176,55.69458321
CHN,2001,62.907,-1.188186246,37.093,4.059565758,..,55.75787186
CHN,2002,61.575,-1.470150496,38.425,4.198001148,..,55.82113207
CHN,2003,60.224,-1.595639068,39.776,4.078403526,..,55.88438929
CHN,2004,58.856,-1.703783318,41.144,3.97537213,..,55.94764475
CHN,2005,57.478,-1.781026631,42.522,3.882472976,51.55204637,56.01090318
CHN,2006,56.132,-1.811246341,43.868,3.674728093,..,56.07415984
CHN,2007,54.801,-1.877489851,45.199,3.511255552,..,56.1374177
CHN,2008,53.461,-1.963215611,46.539,3.433957689,..,56.20067197
CHN,2009,52.12,-2.042985048,47.88,3.338102468,..,56.26392504
CHN,2010,50.774,-2.133474239,49.226,3.255365494,53.28667651,56.18347308
CHN,2011,49.489,-2.01694146,50.511,3.123377177,58.40555752,56.10366022
CHN,2012,48.235,-1.888206999,51.765,3.130656596,58.90513577,56.02352781
CHN,2013,46.987,-1.955320006,53.013,3.048365006,63.28657095,55.94339539
CHN,2014,45.741,-2.057265243,54.259,2.953497442,60.26956062,55.86326298
CHN,2015,44.5,-2.169130106,55.5,2.842870548,56.20412426,55.78313057
CHN,2016,43.264,-2.243779902,56.736,2.775641769,51.58657201,55.70300409
CHN,2017,42.04,-2.264688494,57.96,2.73966382,49.92778443,55.62287167
CHN,2018,40.848,-2.408696463,59.152,2.503400504,49.27568382,55.54273924
CHN,2019,39.692,-2.516079661,60.308,2.290177234,47.67263439,55.46264943
CHN,2020,38.572,-2.624262199,61.428,2.078140058,..,55.46264943
CHN,2021,37.488,-2.76132205,62.512,1.838530282,..,55.46264943
CHN,2022,36.44,-2.848480476,63.56,1.649480857,..,..
COL,1990,30.519,0.564496263,69.481,2.785547996,29.45036561,40.63361875
COL,1991,30.051,0.492652629,69.949,2.709314385,..,40.45425868
COL,1992,29.585,0.420248066,70.415,2.647073934,..,40.54348806
COL,1993,29.126,0.407728076,70.874,2.621085916,..,40.47138351
COL,1994,28.672,0.376471792,71.328,2.586021305,..,40.43713384
COL,1995,28.223,0.314990224,71.777,2.520882824,28.26313943,40.11987382
COL,1996,27.777,0.232082402,72.223,2.444422376,..,40.48670572
COL,1997,27.338,0.19088579,72.662,2.389957302,..,40.63271744
COL,1998,26.902,0.126787295,73.098,2.332737753,..,41.04821992
COL,1999,26.47,5.54E-02,73.53,2.263463456,..,41.16088328
COL,2000,26.043,-6.46E-03,73.957,2.198864928,28.35304869,40.431726
COL,2001,25.621,-5.81E-02,74.379,2.144513638,..,37.62505633
COL,2002,25.203,-0.110064976,74.797,2.095281133,..,37.50067598
COL,2003,24.789,-0.175169422,75.211,2.0331029,..,37.90085624
COL,2004,24.38,-0.235514827,75.62,1.970499762,..,38.20730059
COL,2005,23.976,-0.305325437,76.024,1.898479988,23.55652816,38.35691753
COL,2006,23.577,-0.379305882,76.423,1.822328282,..,38.01171699
COL,2007,23.184,-0.440959857,76.816,1.752892764,..,38.2478594
COL,2008,22.796,-0.519854616,77.204,1.671704636,..,38.40829202
COL,2009,22.413,-0.5628568,77.587,1.626404495,..,38.34159531
COL,2010,22.036,-0.569475436,77.964,1.611612252,25.0816067,38.30824696
COL,2011,21.665,-0.604363512,78.335,1.568316264,25.94720366,37.60342497
COL,2012,21.299,-0.664128484,78.701,1.505801078,23.4265212,38.41153673
COL,2013,20.939,-0.714634376,79.061,1.446419694,24.2848162,40.39260928
COL,2014,20.585,-0.757944813,79.415,1.393893618,23.85881131,40.3785489
COL,2015,20.236,-0.767949412,79.764,1.380494192,22.92043409,40.36448851
COL,2016,19.892,-0.645941678,80.108,1.498956328,22.72386043,40.35042812
COL,2017,19.554,-0.20148523,80.446,1.933331802,22.0407325,39.19513294
COL,2018,19.222,0.183138129,80.778,2.307438449,22.11926649,39.70076611
COL,2019,18.896,0.120229422,81.104,2.233509463,22.01072747,39.97656602
COL,2020,18.575,-0.243267277,81.425,1.865109516,..,39.7046219
COL,2021,18.26,-0.566548048,81.74,1.529933014,..,38.50202794
COL,2022,17.95,-1.020795408,82.05,1.07001571,..,..
COM,1990,72.131,2.033593988,27.869,4.489676369,16.46789079,61.2573885
COM,1991,71.634,1.864050112,28.366,4.322246027,..,61.79473401
COM,1992,71.565,2.296814085,28.435,2.636782405,..,61.79473401
COM,1993,71.61,2.317304026,28.39,2.095765487,..,63.40677055
COM,1994,71.654,2.230633373,28.346,2.014006091,..,64.48146158
COM,1995,71.699,2.211083246,28.301,1.989583223,16.41713972,65.55615261
COM,1996,71.743,2.214304092,28.257,1.997318548,..,66.63084363
COM,1997,71.787,2.211854549,28.213,1.994707398,..,67.70553466
COM,1998,71.832,2.203119228,28.168,1.980469149,..,67.70553466
COM,1999,71.876,2.0726767,28.124,1.855591225,..,68.24288017
COM,2000,71.92,2.001579076,28.08,1.783974563,17.57244296,68.78022569
COM,2001,71.964,2.08668807,28.036,1.868684979,..,69.85491671
COM,2002,72.008,2.10441599,27.992,1.885539956,..,70.39226222
COM,2003,72.053,2.025507094,27.947,1.802329819,..,70.92960774
COM,2004,72.097,1.976224577,27.903,1.757470746,..,71.46695325
COM,2005,72.125,2.003214181,27.875,1.864005657,17.37458137,71.46695325
COM,2006,72.137,2.016845895,27.863,1.957591447,..,71.46695325
COM,2007,72.133,1.998772807,27.867,2.018359462,..,71.46695325
COM,2008,72.114,1.990890343,27.886,2.08558553,..,71.46695325
COM,2009,72.079,1.999327261,27.921,2.172945038,..,71.46695325
COM,2010,72.027,2.011788458,27.973,2.270695521,17.12974601,71.46695325
COM,2011,71.96,2.025633392,28.04,2.35768787,17.91529648,71.46695325
COM,2012,71.877,2.02281745,28.123,2.433842089,17.34428608,71.46695325
COM,2013,71.777,2.005421122,28.223,2.499700564,17.73411712,71.46695325
COM,2014,71.662,1.992358637,28.338,2.55929867,17.0517918,71.46695325
COM,2015,71.53,1.975840285,28.47,2.624426023,17.9161831,71.46695325
COM,2016,71.381,1.961025579,28.619,2.691783947,17.31528735,71.46695325
COM,2017,71.216,1.815517336,28.784,2.621678289,16.63714372,71.46695325
COM,2018,71.035,1.650491218,28.965,2.532020265,17.18012088,71.46695325
COM,2019,70.836,1.59192825,29.164,2.557093459,17.15567571,71.46695325
COM,2020,70.62,1.595441843,29.38,2.639099981,..,71.46695325
COM,2021,70.387,1.569003398,29.613,2.689265697,..,71.46695325
COM,2022,70.136,1.469820839,29.864,2.670869748,..,..
COD,1990,69.367,2.661761872,30.633,4.698132524,39.49893211,11.45100461
COD,1991,68.933,2.672025434,31.067,4.70648156,..,11.45982665
COD,1992,68.494,2.37347707,31.506,4.415550258,..,11.46864868
COD,1993,68.054,2.560769951,31.946,4.592127444,..,11.46864868
COD,1994,67.61,4.109129247,32.39,6.143971059,..,11.46864868
COD,1995,67.162,3.519396206,32.838,5.557888844,39.35947828,11.38042831
COD,1996,66.711,1.232174924,33.289,3.270013558,..,11.38042831
COD,1997,66.258,0.900593068,33.742,2.933591443,..,11.33631812
COD,1998,65.801,1.67429184,34.199,3.711712703,..,11.33631812
COD,1999,65.341,2.158788647,34.659,4.196422528,..,11.29220794
COD,2000,64.878,2.187726735,35.122,4.225872942,39.65498549,11.29220794
COD,2001,64.413,2.300155648,35.587,4.334733621,..,11.27015284
COD,2002,63.945,2.327785525,36.055,4.363516778,..,11.27015284
COD,2003,63.474,2.204754567,36.526,4.241929569,..,11.27015284
COD,2004,63,2.231491584,37,4.270414742,..,11.27015284
COD,2005,62.519,2.349041593,37.481,4.407081906,35.92843565,11.27015284
COD,2006,62.029,2.400321253,37.971,4.486030374,..,11.28603251
COD,2007,61.53,2.407822095,38.47,4.521138926,..,11.31426303
COD,2008,61.024,2.373982564,38.976,4.506475852,..,11.33631812
COD,2009,60.509,2.346734942,39.491,4.50691983,..,11.85990605
COD,2010,59.987,2.38045481,40.013,4.560043569,35.88052514,12.54008513
COD,2011,59.456,2.462661439,40.544,4.670133565,36.98630498,13.07249509
COD,2012,58.918,2.447666802,41.082,4.674882179,39.0123562,13.62387243
COD,2013,58.373,2.47982569,41.627,4.727037581,38.18559351,13.86383185
COD,2014,57.82,2.494145179,42.18,4.765734496,36.66375068,14.22509429
COD,2015,57.26,2.416147067,42.74,4.708299539,40.27107846,14.31375576
COD,2016,56.693,2.470880278,43.307,4.783936856,37.9286139,14.41168038
COD,2017,56.12,2.426917802,43.88,4.757202096,35.59581848,14.69795549
COD,2018,55.54,2.23394956,44.46,4.585954982,36.47254408,14.8183763
COD,2019,54.954,2.125586629,45.046,4.495717425,35.86088793,14.92247635
COD,2020,54.362,2.141369957,45.638,4.530128954,..,14.95114797
COD,2021,53.765,2.118260822,46.235,4.522165517,..,14.95247127
COD,2022,53.163,2.071830989,46.837,4.491476331,..,..
COG,1990,45.676,1.903702268,54.324,3.591251023,37.86580591,30.80819912
COG,1991,45.257,1.858228082,54.743,3.548102508,..,30.81405564
COG,1992,44.838,1.815834362,55.162,3.508453967,..,30.81991215
COG,1993,44.42,1.926044655,55.58,3.617616324,..,30.83455344
COG,1994,44.004,1.911190313,55.996,3.597669789,..,30.79941435
COG,1995,43.587,1.749181886,56.413,3.443377332,36.98057787,30.80527086
COG,1996,43.168,1.706939125,56.832,3.41280477,..,30.81112738
COG,1997,42.701,0.965983895,57.299,2.872035471,..,30.85212299
COG,1998,42.234,1.038275594,57.766,2.949691281,..,30.8579795
COG,1999,41.769,1.563312303,58.231,3.472260151,..,30.87554905
COG,2000,41.305,2.699907472,58.695,4.610635433,38.54485822,30.86383602
COG,2001,40.844,2.637276572,59.156,4.541976541,..,30.86383602
COG,2002,40.383,1.205327181,59.617,3.116644971,..,30.86383602
COG,2003,39.924,1.624821919,60.076,3.535027994,..,30.86383602
COG,2004,39.467,2.24649568,60.533,4.15548666,..,30.87847731
COG,2005,39.012,2.439184085,60.988,4.347636194,36.89651998,30.88433382
COG,2006,38.559,2.585611865,61.441,4.493641026,..,30.89311859
COG,2007,38.107,2.502399703,61.893,4.41453378,..,30.89311859
COG,2008,37.654,2.117264214,62.346,4.042328574,..,30.89311859
COG,2009,37.2,2.804073731,62.8,4.742655516,..,30.93118594
COG,2010,36.744,2.922482068,63.256,4.879408263,38.03920932,30.96925329
COG,2011,36.288,1.99534514,63.712,3.962442445,38.52385349,31.02781845
COG,2012,35.831,1.508652325,64.169,3.490731273,39.05647597,31.04538799
COG,2013,35.373,1.120236737,64.627,3.117874224,41.03303244,31.11859444
COG,2014,34.915,1.087034956,65.085,3.096484618,38.07507474,31.11859444
COG,2015,34.457,1.067953333,65.543,3.08964367,41.60345611,31.11859444
COG,2016,33.999,1.050771204,66.001,3.085207459,40.36513118,31.11859444
COG,2017,33.541,1.034849925,66.459,3.082607835,38.36895785,31.12152269
COG,2018,33.084,1.022306082,66.916,3.079472989,39.50958584,31.13030747
COG,2019,32.627,0.964270796,67.373,3.03586515,39.30341272,31.13616398
COG,2020,32.171,0.924593574,67.829,3.006643832,..,31.15373353
COG,2021,31.717,0.895271039,68.283,2.983567819,..,31.26793558
COG,2022,31.264,0.841960506,68.736,2.941799495,..,..
CRI,1990,49.997,0.729811012,50.003,4.38615709,16.75082661,43.0591461
CRI,1991,49.083,0.692327303,50.917,4.348717328,..,43.15742264
CRI,1992,48.168,0.63383527,51.832,4.296707562,..,42.30317274
CRI,1993,47.257,0.571138302,52.743,4.222892742,..,41.38268703
CRI,1994,46.347,0.485992438,53.653,4.141121066,..,41.0301606
CRI,1995,45.439,0.39208996,54.561,4.048837674,16.11801169,40.10967489
CRI,1996,44.533,0.292831561,55.467,3.953711382,..,39.07168038
CRI,1997,43.633,0.208046266,56.367,3.859271007,..,38.24911868
CRI,1998,42.736,9.19E-02,57.264,3.748025461,..,37.5048962
CRI,1999,41.843,-3.96E-02,58.157,3.619484337,..,36.97610654
CRI,2000,40.948,-0.188541922,59.052,3.500786609,17.96339577,36.03603604
CRI,2001,39.59,-1.529309775,60.41,4.116918185,..,35.89894242
CRI,2002,38.247,-1.753395829,61.753,3.896541185,..,35.76184881
CRI,2003,36.92,-1.943251099,63.08,3.714060873,..,35.82060321
CRI,2004,35.612,-2.086230841,64.388,3.573229195,..,35.6835096
CRI,2005,34.328,-2.199573669,65.672,3.44704913,18.192241,35.35056796
CRI,2006,33.065,-2.315752017,66.935,3.337772795,..,35.54641598
CRI,2007,31.826,-2.416499738,68.174,3.236892506,..,35.25264395
CRI,2008,30.61,-2.511097082,69.39,3.152490142,..,35.11555033
CRI,2009,29.425,-2.597823631,70.575,3.043718017,..,35.56600078
CRI,2010,28.264,-2.738198948,71.736,2.919069249,18.10693704,35.62475519
CRI,2011,27.132,-2.847419148,72.868,2.8056905,19.56315996,35.62475519
CRI,2012,26.054,-2.850706051,73.946,2.672143798,18.87125053,35.48766157
CRI,2013,25.03,-2.85637073,74.97,2.528573057,19.18037888,35.27222875
CRI,2014,24.059,-2.86165379,75.941,2.381815837,18.28090193,34.95887192
CRI,2015,23.138,-2.856929379,76.862,2.251827421,18.5648497,35.08617313
CRI,2016,22.265,-2.830546166,77.735,2.144865479,17.90242599,34.8021935
CRI,2017,21.44,-2.797030933,78.56,2.034414843,17.43892166,34.88053271
CRI,2018,20.66,-2.771263508,79.34,1.922588528,17.52546596,34.90990991
CRI,2019,19.924,-2.762364015,80.076,1.788517924,17.42174135,34.7826087
CRI,2020,19.229,-2.794747303,80.771,1.619944523,..,34.97845672
CRI,2021,18.575,-2.859852965,81.425,1.406834718,..,35.46807677
CRI,2022,17.958,-2.858138071,82.042,1.274945307,..,..
CIV,1990,60.655,3.223912355,39.345,4.772700031,57.67999629,59.52830189
CIV,1991,60.284,3.165601252,39.716,4.717661221,..,59.59119497
CIV,1992,59.912,3.102903929,40.088,4.654171295,..,60.37735849
CIV,1993,59.539,3.032068479,40.461,4.582754797,..,61.32704403
CIV,1994,59.165,2.953279268,40.835,4.503519543,..,61.94968553
CIV,1995,58.79,2.90479589,41.21,4.454760641,48.62890102,62.26415094
CIV,1996,58.413,2.869270519,41.587,4.423279484,..,62.26415094
CIV,1997,58.036,2.832591802,41.964,4.382526597,..,61.94968553
CIV,1998,57.658,2.703458692,42.342,4.25367328,..,61.94968553
CIV,1999,57.259,2.329603423,42.741,3.961934412,..,61.63522013
CIV,2000,56.845,2.012594382,43.155,3.702214082,59.88341803,61.63522013
CIV,2001,56.432,1.889834316,43.568,3.571466815,..,61.63522013
CIV,2002,56.017,1.77239007,43.983,3.458533948,..,61.63522013
CIV,2003,55.601,1.671190539,44.399,3.357976387,..,61.63522013
CIV,2004,55.183,1.582831749,44.817,3.274513349,..,62.89308176
CIV,2005,54.766,1.508975354,45.234,3.193663706,56.69825521,63.52201258
CIV,2006,54.348,1.443479784,45.652,3.12949799,..,63.83647799
CIV,2007,53.929,1.386931991,46.071,3.074510227,..,64.77987421
CIV,2008,53.509,1.348667281,46.491,3.038019087,..,64.77987421
CIV,2009,53.09,1.331694724,46.91,3.015027885,..,64.77987421
CIV,2010,52.67,1.322104613,47.33,3.007712381,50.91110203,64.77987421
CIV,2011,52.249,1.272718215,47.751,2.960809396,56.51620975,64.77987421
CIV,2012,51.828,1.246415169,48.172,2.933226844,56.69822576,65.09433962
CIV,2013,51.407,1.246308952,48.593,2.932079401,48.79181091,66.66666667
CIV,2014,50.986,1.492915615,49.014,3.177891895,48.05276242,67.13836478
CIV,2015,50.556,1.733816064,49.444,3.454247897,63.41107876,69.81132075
CIV,2016,50.119,1.712531754,49.881,3.460619562,61.24645868,68.86792453
CIV,2017,49.674,1.694400205,50.326,3.474423641,55.04316481,69.18238994
CIV,2018,49.221,1.650350483,50.779,3.462574019,55.59821808,72.79874214
CIV,2019,48.761,1.592328559,51.239,3.433099047,55.62337378,73.05031447
CIV,2020,48.294,1.546273588,51.706,3.415901462,..,73.27044025
CIV,2021,47.82,1.468967716,52.18,3.367846789,..,73.89937107
CIV,2022,47.339,1.441752678,52.661,3.37029173,..,..
HRV,1990,48.963,-0.50046778,51.037,0.899934925,26.11057713,..
HRV,1991,48.643,-2.522285113,51.357,-1.241523501,..,..
HRV,1992,48.412,-2.919876498,51.588,-1.995069437,..,42.99767483
HRV,1993,48.182,6.09E-02,51.818,0.981999237,..,40.63673761
HRV,1994,47.952,0.636068606,52.048,1.557401244,..,41.35217314
HRV,1995,47.721,-1.173013614,52.279,-0.247281785,25.65266755,41.7098909
HRV,1996,47.491,-1.854692372,52.509,-0.932540428,..,34.5659164
HRV,1997,47.261,-0.973295886,52.739,-5.08E-02,..,34.67309753
HRV,1998,47.032,-0.547161082,52.968,0.371850657,..,36.63029869
HRV,1999,46.802,-0.922255414,53.198,1.25E-03,..,36.34412449
HRV,2000,46.572,-1.479076152,53.428,-0.555021491,23.65186739,20.9078552
HRV,2001,46.358,-4.308254043,53.642,-3.447913599,..,21.06882244
HRV,2002,46.19,-0.304190615,53.81,0.371575015,..,21.12247818
HRV,2003,46.021,-0.338085345,53.979,0.342049333,..,21.37088128
HRV,2004,45.853,-0.337813639,54.147,0.338652385,..,21.01350868
HRV,2005,45.685,-0.2383032,54.315,0.438497775,23.07265013,21.63891073
HRV,2006,45.517,-0.344915639,54.483,0.332373847,..,21.9784147
HRV,2007,45.349,-0.391631744,54.651,0.286028714,..,21.47809306
HRV,2008,45.181,-0.3830024,54.819,0.295033356,..,23.03445072
HRV,2009,45.013,-0.477574093,54.987,0.200979934,..,23.22207133
HRV,2010,44.845,-0.600750996,55.155,7.82E-02,21.21532951,23.83317847
HRV,2011,44.678,-0.718356316,55.322,-4.29E-02,23.24147685,23.69559002
HRV,2012,44.494,-0.718340099,55.506,2.64E-02,20.57402212,23.78314631
HRV,2013,44.294,-0.72900158,55.706,8.11E-02,20.04200652,28.00550354
HRV,2014,44.077,-0.898446562,55.923,-1.86E-02,19.54244679,26.9548281
HRV,2015,43.845,-1.351865329,56.155,-0.410081982,19.94360466,27.46765778
HRV,2016,43.597,-1.265605033,56.403,-0.257731227,17.72824296,27.62490172
HRV,2017,43.333,-1.808001957,56.667,-0.733638348,18.34290048,26.74933886
HRV,2018,43.053,-1.541744026,56.947,-0.400587698,18.62479372,26.51704667
HRV,2019,42.758,-1.241697295,57.242,-3.75E-02,18.46495986,26.87441927
HRV,2020,42.447,-1.163208866,57.553,0.108620197,..,26.89421015
HRV,2021,42.122,-5.025294833,57.878,-3.693511916,..,26.37598284
HRV,2022,41.781,-1.459390321,58.219,-5.92E-02,..,..
CUB,1990,26.636,-0.830627155,73.364,1.591607676,20.08741907,62.76536313
CUB,1991,26.324,-0.361646638,73.676,1.240960124,..,62.89571695
CUB,1992,26.173,7.54E-02,73.827,0.855391456,..,63.08193669
CUB,1993,26.023,-4.59E-02,73.977,0.731867049,..,62.66294227
CUB,1994,25.873,-0.152146639,74.127,0.628485642,..,62.25325885
CUB,1995,25.723,-0.219315051,74.277,0.564265777,19.57760506,62.23463687
CUB,1996,25.574,-0.249004379,74.426,0.532314743,..,61.59217877
CUB,1997,25.382,-0.433977402,74.618,0.577286278,..,62.26256983
CUB,1998,25.145,-0.614700184,74.855,0.640550076,..,62.141527
CUB,1999,24.911,-0.606172125,75.089,0.640888309,..,62.01117318
CUB,2000,24.677,-0.621836563,75.323,0.633089366,20.69946783,61.02420857
CUB,2001,24.445,-0.644859338,75.555,0.607246251,..,61.97392924
CUB,2002,24.215,-0.668119958,75.785,0.581186005,..,62.54347213
CUB,2003,24.053,-0.410479191,75.947,0.474300935,..,62.38721805
CUB,2004,23.959,-0.159012787,76.041,0.356276118,..,61.34761771
CUB,2005,23.866,-0.203593059,76.134,0.307522633,19.00076003,62.35437805
CUB,2006,23.773,-0.261444495,76.227,0.251071009,..,62.29446585
CUB,2007,23.68,-0.309819413,76.32,0.204110466,..,62.19466366
CUB,2008,23.587,-0.333863934,76.413,0.181403517,..,61.69673055
CUB,2009,23.495,-0.332530371,76.505,0.178630734,..,61.19691845
CUB,2010,23.403,-0.328265567,76.597,0.184255878,18.07248309,60.70274333
CUB,2011,23.311,-0.320461945,76.689,0.193461744,18.92277826,59.96275605
CUB,2012,23.219,-0.3018399,76.781,0.213485542,19.05070976,60.06244784
CUB,2013,23.173,-8.97E-02,76.827,0.16849035,19.19138531,60.85492228
CUB,2014,23.139,-5.46E-02,76.861,0.136489478,19.5657393,60.36223803
CUB,2015,23.104,-8.20E-02,76.896,0.114929392,20.0554292,59.94524496
CUB,2016,23.07,-0.12859562,76.93,6.29E-02,19.35410515,59.8490965
CUB,2017,23.023,-0.253358783,76.977,1.16E-02,18.38056914,60.69364162
CUB,2018,22.963,-0.332969943,77.037,5.90E-03,18.21883434,60.69364162
CUB,2019,22.891,-0.416040478,77.109,-8.56E-03,17.72659724,61.66666667
CUB,2020,22.806,-0.513494255,77.194,-3.13E-02,..,61.66666667
CUB,2021,22.708,-0.823640913,77.292,-0.266142849,..,61.66666667
CUB,2022,22.599,-0.874436312,77.401,-0.252344638,..,..
CUW,1990,15.322,-2.819207354,84.678,-0.728323551,..,..
CUW,1991,15.053,-2.458376673,84.947,-0.371051901,..,..
CUW,1992,14.556,-3.697270127,85.444,0.24264149,..,..
CUW,1993,13.776,-5.237927826,86.224,1.177130948,..,..
CUW,1994,13.031,-5.331014812,86.969,1.089526091,..,..
CUW,1995,12.32,-5.261505344,87.68,1.165832182,..,..
CUW,1996,11.642,-4.858605771,88.358,1.570992544,..,..
CUW,1997,10.998,-5.248983107,89.002,1.169711914,..,..
CUW,1998,10.385,-7.441262671,89.615,-1.018209617,..,..
CUW,1999,9.802,-9.326601312,90.198,-2.905818994,..,..
CUW,2000,9.248,-9.898267943,90.752,-3.462540835,..,..
CUW,2001,8.989,-6.499639044,91.011,-3.377070396,..,..
CUW,2002,9.106,1.412392407,90.894,-5.96E-03,..,..
CUW,2003,9.225,3.359834663,90.775,1.931164286,..,..
CUW,2004,9.345,3.01961664,90.655,1.592530197,..,..
CUW,2005,9.466,3.840759896,90.534,2.416076659,..,..
CUW,2006,9.589,3.853867451,90.411,2.432716284,..,..
CUW,2007,9.713,3.261592904,90.287,1.837419787,..,..
CUW,2008,9.839,2.547324187,90.161,1.118551673,..,..
CUW,2009,9.966,1.932027252,90.034,0.510377368,..,..
CUW,2010,10.095,2.557062916,89.905,1.121523954,..,..
CUW,2011,10.225,2.694518014,89.775,1.276866103,..,..
CUW,2012,10.346,2.009246911,89.654,0.694728326,..,..
CUW,2013,10.456,2.193745852,89.544,1.010621865,..,..
CUW,2014,10.557,2.304745103,89.443,1.235278417,..,..
CUW,2015,10.648,2.181511348,89.352,1.217371631,..,..
CUW,2016,10.728,1.808537998,89.272,0.97077532,..,..
CUW,2017,10.797,0.958668702,89.203,0.24245324,..,..
CUW,2018,10.855,1.16E-02,89.145,-0.590340791,..,..
CUW,2019,10.902,-0.766109377,89.098,-1.248966883,..,..
CUW,2020,10.938,-1.266433436,89.062,-1.637260049,..,..
CUW,2021,10.962,-1.456148876,89.038,-1.7050456,..,..
CUW,2022,10.975,-1.453364946,89.025,-1.58398557,..,..
CYP,1990,33.224,0.151658435,66.776,2.016476218,17.48988591,17.38095238
CYP,1991,32.812,8.28E-02,67.188,1.945515669,..,17.22943723
CYP,1992,32.402,0.155492577,67.598,2.021257925,..,17.27272727
CYP,1993,32.208,1.30073907,67.792,2.187691905,..,17.17532468
CYP,1994,32.085,1.827327399,67.915,2.391384549,..,15.51948052
CYP,1995,31.962,1.722003962,68.038,2.287141744,18.79731478,15.48701299
CYP,1996,31.839,1.639333786,68.161,2.205329771,..,15.4978355
CYP,1997,31.717,1.575309684,68.283,2.138162856,..,15.38961039
CYP,1998,31.595,1.511783592,68.405,2.075661543,..,15.60606061
CYP,1999,31.473,1.448008687,68.527,2.01340429,..,15.60606061
CYP,2000,31.352,1.384966582,68.648,1.946477616,18.48744599,15.31385281
CYP,2001,31.231,1.348127805,68.769,1.910819293,..,15.15151515
CYP,2002,31.306,2.023682261,68.694,1.674512229,..,15.15151515
CYP,2003,31.447,2.280885806,68.553,1.626228986,..,16.66666667
CYP,2004,31.59,2.269803377,68.41,1.60738049,..,16.88311688
CYP,2005,31.732,2.236747149,68.268,1.580115773,17.96776089,18.07359307
CYP,2006,31.875,2.205943076,68.125,1.546774422,..,16.99134199
CYP,2007,32.018,2.179272255,67.982,1.521432577,..,15.93073593
CYP,2008,32.161,2.155280023,67.839,1.499036299,..,12.51082251
CYP,2009,32.305,2.133492354,67.695,1.474503321,..,13.80952381
CYP,2010,32.449,2.115115681,67.551,1.457270698,18.80666676,12.39177489
CYP,2011,32.594,1.799721731,67.406,1.139186936,18.49284254,12.58658009
CYP,2012,32.739,1.440691839,67.261,0.781282204,16.81350235,12.65151515
CYP,2013,32.863,1.27431377,67.137,0.711682046,16.29507954,11.77813853
CYP,2014,32.969,1.177392986,67.031,0.697654028,16.41203304,11.79437229
CYP,2015,33.054,1.127769366,66.946,0.743032157,17.13237684,13.70995671
CYP,2016,33.119,1.08520142,66.881,0.79186324,14.41331917,11.83874459
CYP,2017,33.164,1.020420856,66.836,0.817093172,15.1441739,13.14069264
CYP,2018,33.19,0.927582474,66.81,0.810470834,15.58861663,14.33408009
CYP,2019,33.195,0.832556548,66.805,0.810045861,15.57380293,13.56367965
CYP,2020,33.179,0.657291063,66.821,0.729555946,..,13.81485931
CYP,2021,33.144,0.430632907,66.856,0.588276354,..,13.32628788
CYP,2022,33.089,0.418886029,66.911,0.667269431,..,..
CZE,1990,24.78,-0.150749101,75.22,-0.306371411,26.11674239,..
CZE,1991,24.842,9.84E-03,75.158,-0.322529151,..,..
CZE,1992,24.97,0.616172095,75.03,-6.82E-02,..,..
CZE,1993,25.099,0.619225773,74.901,-6.81E-02,..,55.41607351
CZE,1994,25.228,0.548769399,74.772,-0.136253767,..,55.44195677
CZE,1995,25.357,0.4487497,74.643,-0.233997707,24.93815019,55.39019024
CZE,1996,25.487,0.394952461,74.513,-0.290683396,..,55.39019024
CZE,1997,25.618,0.404915792,74.382,-0.283728236,..,55.39019024
CZE,1998,25.749,0.415318124,74.251,-0.27102019,..,55.44195677
CZE,1999,25.88,0.405297006,74.12,-0.278762131,..,55.41607351
CZE,2000,26.012,0.228335193,73.988,-0.458662205,21.41269573,55.39019024
CZE,2001,26.123,5.01E-02,73.877,-0.525860173,..,55.36430698
CZE,2002,26.191,6.70E-02,73.809,-0.284981654,..,47.26362107
CZE,2003,26.26,0.234497037,73.74,-0.122154096,..,47.47534619
CZE,2004,26.329,0.292852957,73.671,-6.32E-02,..,47.00220036
CZE,2005,26.398,0.400048709,73.602,4.46E-02,20.87395739,46.66696868
CZE,2006,26.467,0.531831127,73.533,0.17700669,..,46.16116505
CZE,2007,26.537,0.847673363,73.463,0.488301512,..,46.5592233
CZE,2008,26.606,1.089071809,73.394,0.735450035,..,46.24041947
CZE,2009,26.676,0.832486479,73.324,0.474306872,..,45.90717245
CZE,2010,26.745,0.549702006,73.255,0.197209094,20.48778139,45.62890069
CZE,2011,26.815,0.468135388,73.185,0.111145922,20.7873617,45.37148776
CZE,2012,26.803,9.52E-02,73.197,0.156317297,19.04740747,45.65440891
CZE,2013,26.71,-0.314421843,73.29,0.160148205,18.71154684,45.5969956
CZE,2014,26.616,-0.247282198,73.384,0.233456973,18.16896079,45.53224553
CZE,2015,26.523,-0.153432423,73.477,0.323237456,17.63788699,45.25320554
CZE,2016,26.43,-0.159182461,73.57,0.318529833,16.71289546,45.1754954
CZE,2017,26.325,-0.13243355,73.675,0.408265434,16.73176229,45.60290118
CZE,2018,26.208,-0.110997956,73.792,0.493103393,16.96278201,45.62880456
CZE,2019,26.079,-9.97E-02,73.921,0.568457639,16.75140093,45.63999974
CZE,2020,25.939,-0.295068578,74.061,0.432440108,..,45.64686659
CZE,2021,25.786,-2.403462924,74.214,-1.605498205,..,45.73056051
CZE,2022,25.623,-0.441056897,74.377,0.412435689,..,..
DNK,1990,15.157,-0.272084251,84.843,0.240285134,17.25015977,69.7
DNK,1991,15.129,7.47E-02,84.871,0.29250621,..,69.25
DNK,1992,15.102,0.151975908,84.898,0.362491946,..,68.9
DNK,1993,15.075,0.154302261,84.925,0.364949969,..,68.475
DNK,1994,15.048,0.158404542,84.952,0.369501788,..,67.275
DNK,1995,15.021,0.341376195,84.979,0.552739608,15.39446635,68.15
DNK,1996,14.994,0.38597096,85.006,0.597701841,..,67.9
DNK,1997,14.967,0.235420797,85.033,0.447306502,..,67.2
DNK,1998,14.94,0.182512342,85.06,0.394925758,..,66.8
DNK,1999,14.914,0.156732433,85.086,0.361443444,..,66.1
DNK,2000,14.9,0.240358111,85.1,0.350679181,14.54206031,66.175
DNK,2001,14.85,2.21E-02,85.15,0.417063623,..,66.9
DNK,2002,14.75,-0.356134116,85.25,0.43684812,..,66.625
DNK,2003,14.64,-0.476573624,85.36,0.40096413,..,66.45
DNK,2004,14.434,-1.158641597,85.566,0.499468403,..,66.15
DNK,2005,14.144,-1.754200676,85.856,0.613841538,13.09783363,67.675
DNK,2006,13.902,-1.397014603,86.098,0.610096501,..,67.75
DNK,2007,13.707,-0.96924033,86.293,0.669712104,..,66.575
DNK,2008,13.513,-0.837858836,86.487,0.812104326,..,66.7
DNK,2009,13.346,-0.70850232,86.654,0.727990766,..,65.85
DNK,2010,13.205,-0.61782185,86.795,0.606766049,13.29038466,65.65
DNK,2011,13.043,-0.822679883,86.957,0.598214063,13.56725749,67.25
DNK,2012,12.858,-1.052354382,87.142,0.588807879,10.82992224,65.6
DNK,2013,12.708,-0.756438117,87.292,0.58887049,10.4485287,65.7
DNK,2014,12.59,-0.425825398,87.41,0.642139402,11.03144858,66.315775
DNK,2015,12.474,-0.219236536,87.526,0.839047238,10.16512436,65.847475
DNK,2016,12.358,-0.154006347,87.642,0.912853069,9.286433949,65.6275
DNK,2017,12.243,-0.291439392,87.757,0.774461185,10.28076623,65.7825
DNK,2018,12.126,-0.464518357,87.874,0.629088603,9.868317849,65.8125
DNK,2019,12.006,-0.636293607,87.994,0.494581335,9.785959755,65.649125
DNK,2020,11.884,-0.72979382,88.116,0.430201638,..,65.499675
DNK,2021,11.76,-0.61545069,88.24,0.574034304,..,65.45
DNK,2022,11.633,-0.298374865,88.367,0.931334143,..,..
DJI,1990,24.043,9.374622363,75.957,10.48808591,38.8456207,56.03968939
DJI,1991,23.886,7.867703813,76.114,8.729190141,..,57.65746333
DJI,1992,23.839,-1.047908268,76.161,-0.788860627,..,59.16738568
DJI,1993,23.793,-2.132097064,76.207,-1.878336953,..,60.46160483
DJI,1994,23.746,1.786193781,76.254,2.045273993,..,60.46160483
DJI,1995,23.7,0.786491804,76.3,1.040576439,37.31743369,62.62295082
DJI,1996,23.653,2.16051546,76.347,2.420717666,..,63.91716997
DJI,1997,23.607,3.331244463,76.393,3.586493307,..,64.77998274
DJI,1998,23.561,3.787940338,76.439,4.043065435,..,64.77998274
DJI,1999,23.515,3.262628295,76.485,3.518206834,..,66.93701467
DJI,2000,23.468,2.90145608,76.532,3.163117967,42.5053916,69.09404659
DJI,2001,23.422,2.916176573,76.578,3.172288986,..,72.54529767
DJI,2002,23.376,2.844924656,76.624,3.101371367,..,73.40811044
DJI,2003,23.33,1.969451986,76.67,2.226371807,..,73.4124245
DJI,2004,23.284,1.274952177,76.716,1.532493731,..,73.4124245
DJI,2005,23.239,1.321070006,76.761,1.573041286,39.76661984,73.4124245
DJI,2006,23.193,1.719098806,76.807,1.977566441,..,73.4253667
DJI,2007,23.147,1.933516079,76.853,2.191591117,..,73.43399482
DJI,2008,23.101,1.824790505,76.899,2.083923433,..,73.42105263
DJI,2009,23.056,1.847455954,76.944,2.100820844,..,73.4253667
DJI,2010,23.001,1.749638485,76.999,2.059712289,42.00889257,73.43830889
DJI,2011,22.936,1.614890639,77.064,1.982273986,45.33865903,73.45987921
DJI,2012,22.862,1.525992691,77.138,1.945372617,47.01194744,73.45987921
DJI,2013,22.778,1.444792911,77.222,1.921442628,46.26029567,73.45987921
DJI,2014,22.686,1.363178177,77.314,1.887179714,42.85562418,73.45987921
DJI,2015,22.583,1.266105964,77.417,1.854406166,44.89784611,73.45987921
DJI,2016,22.472,1.182891808,77.528,1.818752314,43.47619484,73.45987921
DJI,2017,22.352,1.109728986,77.648,1.799635586,43.66118465,73.45987921
DJI,2018,22.223,1.038828135,77.777,1.783753445,43.39312927,73.45987921
DJI,2019,22.085,0.953552095,77.915,1.753448511,43.16577438,73.46419327
DJI,2020,21.938,0.825448163,78.062,1.682229503,..,73.50733391
DJI,2021,21.783,0.693780245,78.217,1.601216679,..,73.50733391
DJI,2022,21.62,0.622995655,78.38,1.581786654,..,..
DMA,1990,36.921,-5.02499873,63.079,1.907276685,19.22167236,24
DMA,1991,35.518,-4.36228571,64.482,1.70797379,..,24
DMA,1992,35.431,-0.289530226,64.569,9.42E-02,..,24
DMA,1993,35.344,-0.163485548,64.656,0.217131047,..,24
DMA,1994,35.256,-0.208832457,64.744,0.178723072,..,24
DMA,1995,35.169,-0.242135837,64.831,0.138291013,19.24067287,22.66666667
DMA,1996,35.082,-0.29628432,64.918,8.24E-02,..,22.66666667
DMA,1997,34.995,-0.371594152,65.005,1.11E-02,..,22.66666667
DMA,1998,34.908,-0.456053858,65.092,-7.35E-02,..,22.66666667
DMA,1999,34.821,-0.600176853,65.179,-0.214166284,..,25.33333333
DMA,2000,34.735,-0.759534505,65.265,-0.382623561,19.15179877,28
DMA,2001,34.618,-0.621133132,65.382,-0.103178351,..,29.33333333
DMA,2002,34.311,-0.731700206,65.689,0.628630385,..,29.33333333
DMA,2003,34.006,-0.629619812,65.994,0.726597204,..,29.33333333
DMA,2004,33.701,-0.70714334,66.299,0.653193248,..,29.33333333
DMA,2005,33.399,-0.755769571,66.601,0.600865824,17.52865528,29.33333333
DMA,2006,33.097,-0.805467496,66.903,0.549451932,..,29.33333333
DMA,2007,32.797,-0.865194768,67.203,0.49669874,..,29.33333333
DMA,2008,32.498,-0.904056571,67.502,0.453329504,..,29.33333333
DMA,2009,32.201,-0.912304375,67.799,0.44699535,..,30.66666667
DMA,2010,31.906,-0.966278755,68.094,0.387352686,17.6150034,33.33333333
DMA,2011,31.611,-0.948091468,68.389,0.413514391,16.88759795,33.33333333
DMA,2012,31.315,-0.729761679,68.685,0.644561641,17.78294307,33.33333333
DMA,2013,31.018,-1.053180898,68.982,0.331262369,17.79640821,33.33333333
DMA,2014,30.72,-0.164099716,69.28,1.228910193,17.49910192,33.33333333
DMA,2015,30.421,-6.57E-02,69.579,1.343411751,19.2530028,33.33333333
DMA,2016,30.12,-0.896147871,69.88,0.528267573,18.53218593,33.33333333
DMA,2017,29.819,-0.54156902,70.181,0.898580931,18.1758119,33.33333333
DMA,2018,29.517,-0.420068401,70.483,1.02288263,18.56540278,33.33333333
DMA,2019,29.214,-0.181940106,70.786,1.279886897,18.60844325,33.33333333
DMA,2020,28.91,-0.254312654,71.09,1.21878413,..,33.33333333
DMA,2021,28.605,-0.486431474,71.395,1.007006954,..,33.33333333
DMA,2022,28.3,-0.619886725,71.7,0.872409265,..,..
DOM,1990,44.774,1.508339076,55.226,2.603717601,16.66158736,52.70130408
DOM,1991,44.503,1.466879211,55.497,2.563490393,..,52.70130408
DOM,1992,44.233,1.41709509,55.767,2.510979832,..,52.70130408
DOM,1993,43.963,1.370455929,56.037,2.465725145,..,52.70130408
DOM,1994,43.248,0.293144565,56.752,3.20073048,..,52.70130408
DOM,1995,42.402,-0.105250872,57.598,3.349973599,16.39220976,53.32229352
DOM,1996,41.559,-0.212846749,58.441,3.248276749,..,53.30159387
DOM,1997,40.724,-0.324897355,59.276,3.123452855,..,51.74912026
DOM,1998,39.893,-0.454415426,60.107,2.999416626,..,51.95611675
DOM,1999,39.067,-0.543790016,60.933,2.913392057,..,51.06603188
DOM,2000,38.247,-0.594416208,61.753,2.863641585,17.97651855,52.05961499
DOM,2001,37.435,-0.655453462,62.565,2.796785013,..,52.05961499
DOM,2002,36.629,-0.732883603,63.371,2.723702669,..,52.05961499
DOM,2003,35.395,-2.018523589,64.605,3.336997107,..,50.40364314
DOM,2004,33.997,-2.657269945,66.003,3.513410318,..,50.03104947
DOM,2005,32.63,-2.767859882,67.37,3.386115146,17.47346106,50.03104947
DOM,2006,31.29,-2.898966128,68.71,3.263900955,..,50.03104947
DOM,2007,29.98,-3.013437604,70.02,3.151995347,..,50.03104947
DOM,2008,28.7,-3.087314829,71.3,3.087549073,..,49.61705651
DOM,2009,27.458,-3.11868777,72.542,3.032180497,..,49.61705651
DOM,2010,26.247,-3.195780614,73.753,2.970446232,16.76999522,49.61705651
DOM,2011,25.173,-2.877260932,74.827,2.746383398,16.21392774,49.61705651
DOM,2012,24.198,-2.674567558,75.802,2.570228437,16.98500632,48.68557235
DOM,2013,23.251,-2.74222745,76.749,2.491530296,16.85065699,48.68557235
DOM,2014,22.33,-2.817939417,77.67,2.416660365,17.44234007,48.68557235
DOM,2015,21.434,-2.899207163,78.566,2.343036226,18.22650845,50.27944525
DOM,2016,20.564,-2.980326515,79.436,2.264583043,17.77201952,50.27944525
DOM,2017,19.723,-3.045500739,80.277,2.183293735,17.74186912,50.27944525
DOM,2018,18.926,-3.020067879,81.074,2.092759383,17.73840139,50.27944525
DOM,2019,18.172,-2.990454325,81.828,2.000682301,17.72938154,51.10349035
DOM,2020,17.46,-2.920425291,82.54,1.942914555,..,51.10349035
DOM,2021,16.787,-2.861851473,83.213,1.880982794,..,51.10349035
DOM,2022,16.152,-2.863102342,83.848,1.753181432,..,..
ECU,1990,44.91,0.615675008,55.09,3.731319313,21.67806892,28.34128016
ECU,1991,44.291,0.849520316,55.709,3.354771128,..,28.58690941
ECU,1992,43.774,0.936472609,56.226,3.034364988,..,28.727785
ECU,1993,43.26,0.80199278,56.74,2.893179509,..,28.80725329
ECU,1994,42.746,0.715963959,57.254,2.81306965,..,29.36353128
ECU,1995,42.234,0.663557689,57.766,2.758842874,18.90217376,29.28767519
ECU,1996,41.723,0.612786648,58.277,2.710814152,..,28.85059962
ECU,1997,41.215,0.564496562,58.785,2.657443804,..,28.94090449
ECU,1998,40.709,0.516516477,59.291,2.608889712,..,32.32001933
ECU,1999,40.204,0.477397007,59.796,2.573790369,..,32.51328716
ECU,2000,39.701,0.454085054,60.299,2.550757611,18.79918179,32.47704944
ECU,2001,39.201,0.452270744,60.799,2.545469735,..,31.34562732
ECU,2002,38.882,0.919999369,61.118,2.260407589,..,30.1578354
ECU,2003,38.684,1.238162532,61.316,2.072130883,..,29.19149622
ECU,2004,38.486,1.226417446,61.514,2.06198227,..,30.30681269
ECU,2005,38.289,1.211255031,61.711,2.044166974,19.62900732,30.19809953
ECU,2006,38.093,1.207909362,61.907,2.038217928,..,29.97262039
ECU,2007,37.896,1.199621701,62.104,2.035856558,..,29.84377517
ECU,2008,37.7,1.185657364,62.3,2.01930925,..,29.9766468
ECU,2009,37.505,1.163897188,62.495,1.994991129,..,30.33660815
ECU,2010,37.31,1.139027561,62.69,1.97184718,21.29437515,30.18883878
ECU,2011,37.149,1.20944012,62.851,1.898366989,19.5062242,29.57843453
ECU,2012,37.012,1.233051417,62.988,1.82026264,20.88473743,30.22588178
ECU,2013,36.875,1.161579014,63.125,1.749693041,19.99272951,30.25044291
ECU,2014,36.739,1.114099501,63.261,1.698814561,20.83237429,22.04461266
ECU,2015,36.602,1.106243743,63.398,1.696160575,20.91779236,23.30890643
ECU,2016,36.466,1.121133203,63.534,1.707678065,20.71374205,22.2096956
ECU,2017,36.33,1.179714066,63.67,1.767183166,19.21356831,22.50765019
ECU,2018,36.179,1.474405089,63.821,2.127790937,20.05559153,21.9358995
ECU,2019,36.014,1.452581624,63.986,2.167881184,19.97447395,21.46078273
ECU,2020,35.834,0.900836063,64.166,1.682826688,..,21.82315993
ECU,2021,35.639,0.636395805,64.361,1.485504897,..,22.02448059
ECU,2022,35.43,0.547440268,64.57,1.459802764,..,..
EGY,1990,56.522,2.800392589,43.478,2.259373467,66.63510423,2.660103471
EGY,1991,56.655,2.646360508,43.345,2.104959691,..,2.655080617
EGY,1992,56.788,2.558543851,43.212,2.016751041,..,3.009975388
EGY,1993,56.921,2.529561447,43.079,1.987372053,..,3.028961776
EGY,1994,57.054,2.478436177,42.946,1.935836818,..,3.026430258
EGY,1995,57.186,2.422814661,42.814,1.883887756,74.62389167,3.298005927
EGY,1996,57.319,2.388040574,42.681,1.844607351,..,3.190978954
EGY,1997,57.342,2.195521057,42.658,2.101496371,..,3.259751871
EGY,1998,57.296,2.064372004,42.704,2.252406688,..,3.274519062
EGY,1999,57.25,2.033003486,42.75,2.220979875,..,3.498920086
EGY,2000,57.203,1.989704822,42.797,2.181715962,69.84884709,3.306042493
EGY,2001,57.157,1.975973091,42.843,2.163845004,..,3.353257321
EGY,2002,57.111,2.010591413,42.889,2.198413656,..,3.439650409
EGY,2003,57.065,2.007279097,42.935,2.195052605,..,3.424581847
EGY,2004,57.019,1.951023419,42.981,2.138746881,..,3.493897232
EGY,2005,56.973,1.902632412,43.027,2.090310365,69.6572716,3.539102918
EGY,2006,56.927,1.865828317,43.073,2.053452765,..,3.549148626
EGY,2007,56.922,1.94289187,43.078,1.963280359,..,3.55417148
EGY,2008,56.942,1.993511233,43.058,1.911946429,..,3.558189763
EGY,2009,56.961,1.989517513,43.039,1.912018203,..,3.705861671
EGY,2010,56.981,2.062744461,43.019,1.9811604,78.51079086,3.687779396
EGY,2011,57,2.240983042,43,2.163464747,69.78315269,3.636546286
EGY,2012,57.054,2.35627867,42.946,2.135927917,69.70422324,3.712893666
EGY,2013,57.107,2.408559741,42.893,2.192219288,74.75519581,3.748023507
EGY,2014,57.161,2.438306448,42.839,2.217820747,72.02485383,3.73217138
EGY,2015,57.215,2.299686526,42.785,2.079125183,73.13098828,3.807199859
EGY,2016,57.268,2.178891774,42.732,1.962352533,66.74703838,3.750831684
EGY,2017,57.295,2.036905158,42.705,1.926562651,66.95918516,3.854506806
EGY,2018,57.296,1.900676087,42.704,1.89658912,68.47289608,3.880656989
EGY,2019,57.27,1.748613156,42.73,1.854868207,67.88817813,3.939926666
EGY,2020,57.217,1.640542893,42.783,1.857087004,..,3.989150635
EGY,2021,57.138,1.520216541,42.862,1.842867363,..,4.049424883
EGY,2022,57.033,1.385138878,42.967,1.813746863,..,..
SLV,1990,50.726,0.791649306,49.274,2.872495201,30.14009817,61.33204633
SLV,1991,50.206,0.703839051,49.794,2.784007791,..,61.9546332
SLV,1992,49.685,0.611921154,50.315,2.695924487,..,62.81370656
SLV,1993,48.583,-0.834030398,51.417,3.57553288,..,62.56756757
SLV,1994,47.296,-1.588860532,52.704,3.568172519,..,62.46621622
SLV,1995,46.012,-1.788171462,53.988,3.371238495,28.90809997,62.26833977
SLV,1996,44.732,-1.973399083,55.268,3.191081916,..,60.13996139
SLV,1997,43.463,-2.09614454,56.537,3.05189567,..,59.89382239
SLV,1998,42.2,-2.225145067,57.8,2.933200382,..,61.28378378
SLV,1999,41.643,-0.672072827,58.357,1.61565125,..,62.53378378
SLV,2000,41.088,-0.758850222,58.912,1.529443959,30.14238869,62.09942085
SLV,2001,40.536,-0.856810262,59.464,1.428389238,..,61.66505792
SLV,2002,39.986,-0.979763176,60.014,1.307038559,..,60.98938224
SLV,2003,39.439,-1.118658563,60.561,1.166057789,..,60.55501931
SLV,2004,38.893,-1.248096371,61.107,1.043545369,..,61.80984556
SLV,2005,38.352,-1.364915698,61.648,0.917230748,24.81827804,58.81274131
SLV,2006,37.813,-1.471415422,62.187,0.814524918,..,58.73069498
SLV,2007,37.226,-1.404016056,62.774,1.1000302,..,59.90830116
SLV,2008,36.322,-2.062603726,63.678,1.825574156,..,59.72490347
SLV,2009,35.43,-2.106693368,64.57,1.77085305,..,59.54150579
SLV,2010,34.548,-2.14658728,65.452,1.731093062,24.2580053,59.35810811
SLV,2011,33.675,-2.178774627,66.325,1.705590718,28.62940035,59.16988417
SLV,2012,32.813,-2.203757268,67.187,1.680586952,25.40130599,58.98648649
SLV,2013,31.964,-2.226963886,68.036,1.650195663,26.89077892,58.8030888
SLV,2014,31.126,-2.271325246,68.874,1.609564363,24.42849717,58.6003861
SLV,2015,30.3,-2.343287556,69.7,1.53844155,25.55917474,59.02509653
SLV,2016,29.499,-2.367568451,70.501,1.454219902,23.50688297,58.59555985
SLV,2017,28.725,-2.400927197,71.275,1.349833359,23.11248633,58.16602317
SLV,2018,27.977,-2.484022672,72.023,1.198460806,22.74562226,57.70752896
SLV,2019,27.254,-2.556532206,72.746,1.060564674,22.32472418,57.70752896
SLV,2020,26.556,-2.395355262,73.444,1.153976141,..,57.70752896
SLV,2021,25.882,-2.230731428,74.118,1.253590142,..,57.70752896
SLV,2022,25.233,-2.188145494,74.767,1.223189558,..,..
GNQ,1990,65.255,2.242916691,34.745,6.639531279,47.3546656,3.702317291
GNQ,1991,64.252,2.16021503,35.748,6.555420249,..,3.702317291
GNQ,1992,63.234,2.099394651,36.766,6.503633021,..,3.737967914
GNQ,1993,62.208,2.064877108,37.792,6.453852114,..,3.666666667
GNQ,1994,61.169,2.043084449,38.831,6.438973688,..,3.666666667
GNQ,1995,59.506,1.013891592,40.494,7.96390886,40.89112012,3.666666667
GNQ,1996,57.813,0.933372126,42.187,7.915541511,..,3.702317291
GNQ,1997,56.107,0.876189888,43.893,7.835929366,..,3.737967914
GNQ,1998,54.384,0.793857377,45.616,7.762881493,..,3.666666667
GNQ,1999,52.65,0.697757098,47.35,7.669114888,..,3.666666667
GNQ,2000,50.908,1.105866246,49.092,8.083603819,46.84866156,3.666666667
GNQ,2001,49.168,1.407565536,50.832,8.36803727,..,3.666666667
GNQ,2002,47.427,1.125548748,52.573,8.098586799,..,3.666666667
GNQ,2003,45.693,0.883812329,54.307,7.853419548,..,3.666666667
GNQ,2004,43.967,0.689083625,56.033,7.668213543,..,3.666666667
GNQ,2005,42.26,0.57879537,57.74,7.539909129,40.2537776,3.671301248
GNQ,2006,40.569,0.514772847,59.431,7.484946032,..,3.675935829
GNQ,2007,38.9,0.480712705,61.1,7.451129507,..,3.68057041
GNQ,2008,37.255,0.429055831,62.745,7.40691599,..,3.685204991
GNQ,2009,35.642,0.354129475,64.358,7.318135538,..,3.689839572
GNQ,2010,34.06,0.215901027,65.94,7.184535373,40.0552493,3.694474153
GNQ,2011,32.512,-0.179078959,67.488,6.793050532,41.37893343,3.699108734
GNQ,2012,31,-0.566190516,69,6.411567523,39.74657182,3.703743316
GNQ,2013,30.456,2.357757018,69.544,4.913302123,39.40271655,3.708377897
GNQ,2014,29.917,2.251068843,70.083,4.808830863,39.10904578,3.713012478
GNQ,2015,29.384,2.123216589,70.616,4.678398385,47.84805559,3.717647059
GNQ,2016,28.862,1.991928814,71.138,4.521135555,46.74295432,3.72228164
GNQ,2017,28.354,1.858012345,71.646,4.345169463,42.80037217,3.726916221
GNQ,2018,27.857,1.713052893,72.143,4.172967625,44.88882315,3.731550802
GNQ,2019,27.373,1.582397033,72.627,4.00365647,45.28465901,3.736185383
GNQ,2020,26.9,0.989184704,73.1,3.381430764,..,3.740463458
GNQ,2021,26.439,0.649819518,73.561,3.007180465,..,3.740463458
GNQ,2022,25.99,0.731577023,74.01,3.052659936,..,..
ERI,1990,81.095,1.431874949,18.905,5.836122386,44.9983915,..
ERI,1991,80.41,-6.136445958,19.59,-1.728970908,..,..
ERI,1992,79.706,-6.843579447,20.294,-2.433477654,..,..
ERI,1993,78.985,2.180109068,21.015,6.579789441,..,73.26732673
ERI,1994,78.245,2.094805383,21.755,6.496920925,..,73.32673267
ERI,1995,77.486,4.489793878,22.514,8.894025567,41.77925302,73.33663366
ERI,1996,76.707,3.824076044,23.293,8.236049178,..,72.65346535
ERI,1997,75.912,0.165004387,24.088,4.562745612,..,72.87128713
ERI,1998,75.097,0.272569207,24.903,4.679443897,..,73.93069307
ERI,1999,74.265,0.327385367,25.735,4.727796547,..,73.93069307
ERI,2000,73.413,0.379100828,26.587,4.790097388,44.91584852,74.55445545
ERI,2001,72.545,1.655277174,27.455,6.057256465,..,74.57425743
ERI,2002,71.659,2.185018026,28.341,6.589897649,..,74.57425743
ERI,2003,70.756,2.807395601,29.244,7.212044501,..,74.92079208
ERI,2004,69.836,2.744151268,30.164,7.150540167,..,61.99237287
ERI,2005,68.901,1.104228489,31.099,5.504640792,42.13880224,62.15228042
ERI,2006,67.949,0.302040666,32.051,4.708757182,..,62.57642772
ERI,2007,66.983,0.155270773,33.017,4.556501821,..,62.56165384
ERI,2008,66,1.205892424,34,5.618101771,..,62.5487919
ERI,2009,65.415,1.675112192,34.585,4.271408429,..,62.70773589
ERI,2010,64.825,1.142936052,35.175,3.740471823,43.29440019,62.71006105
ERI,2011,64.229,0.959647465,35.771,3.563503518,43.39379676,62.69769087
ERI,2012,63.628,0.453877913,36.372,3.060124275,44.54206936,62.70124772
ERI,2013,63.021,0.378156524,36.979,2.991899259,44.70930865,62.71825925
ERI,2014,62.41,-0.156712472,37.59,2.456206539,39.15059178,62.72504375
ERI,2015,61.794,-0.494289048,38.206,2.123184678,43.06823697,62.69780167
ERI,2016,61.173,-0.255956982,38.827,2.366372693,41.32723515,62.70366146
ERI,2017,60.549,-8.93E-02,39.451,2.530319023,43.85000214,62.70688595
ERI,2018,59.92,0.371681341,40.08,2.99776585,43.4782267,62.7035294
ERI,2019,59.288,0.478926568,40.712,3.10382465,44.07053957,62.70206281
ERI,2020,58.653,0.54057798,41.347,3.165100157,..,62.72263717
ERI,2021,58.015,0.702400696,41.985,3.327338652,..,62.72263717
ERI,2022,57.375,0.63544981,42.625,3.257634334,..,..
EST,1990,28.769,0.70825006,71.231,-0.191542944,9.908308897,..
EST,1991,28.954,0.138793756,71.046,-0.762198743,..,..
EST,1992,29.14,-1.183806545,70.86,-2.086340062,..,32.41330502
EST,1993,29.326,-1.938108672,70.674,-2.837130639,..,31.13941967
EST,1994,29.513,-1.502902512,70.487,-2.403555928,..,25.97310686
EST,1995,29.7,-1.15390556,70.3,-2.050996123,9.334029522,23.37815523
EST,1996,29.889,-0.840921562,70.111,-1.744615,..,23.7084218
EST,1997,30.077,-0.513954771,69.923,-1.409400099,..,24.13305025
EST,1998,30.267,-0.330761314,69.733,-1.232687744,..,24.60485964
EST,1999,30.457,0.920318486,69.543,2.16E-02,..,23.61405992
EST,2000,30.632,1.056448357,69.368,0.231832895,8.43278366,23.26020288
EST,2001,30.758,-0.22646463,69.242,-0.818771347,..,20.99551781
EST,2002,30.884,-0.2246312,69.116,-0.815565256,..,16.47086577
EST,2003,31.011,-0.217138001,68.989,-0.811590354,..,19.54942203
EST,2004,31.138,-0.189086941,68.862,-0.782094569,..,18.17409766
EST,2005,31.265,-0.165361232,68.735,-0.756789977,8.36496091,20.80443501
EST,2006,31.393,-0.1810075,68.607,-0.776088125,..,21.1960368
EST,2007,31.521,-4.92E-02,68.479,-0.642967542,..,21.57584336
EST,2008,31.649,0.137152824,68.351,-0.455241458,..,21.3918377
EST,2009,31.777,0.210800968,68.223,-0.380188579,..,21.98159943
EST,2010,31.906,0.176937196,68.094,-0.417258644,8.648386553,22.38263741
EST,2011,32.035,1.00E-01,67.965,-0.493242835,7.749831914,22.3165841
EST,2012,32.026,-0.38593348,67.974,-0.344754608,7.484387015,22.55012975
EST,2013,31.878,-0.819196814,68.122,-0.138346707,7.541812181,22.19921785
EST,2014,31.731,-0.724501508,68.269,-4.67E-02,8.097020858,22.40625719
EST,2015,31.584,-0.398762924,68.416,0.280631504,6.563380324,22.84334023
EST,2016,31.437,-0.43734081,68.563,0.243716597,6.517719719,23.07338394
EST,2017,31.283,-0.370082843,68.717,0.345466679,5.683914429,22.97076023
EST,2018,31.12,-0.174374313,68.88,0.58496349,5.985799478,23.04093567
EST,2019,30.949,-0.179305477,69.051,0.61944107,5.893562381,23.12046784
EST,2020,30.771,-0.37937562,69.229,0.455068188,..,23.04093567
EST,2021,30.585,-0.500140106,69.415,0.374238419,..,23.0877193
EST,2022,30.391,0.397669429,69.609,1.313390343,..,..
SWZ,1990,79.798,2.841977659,20.202,5.335550874,25.37778737,71.97674419
SWZ,1991,79.393,3.58649906,20.607,6.080496948,..,71.3372093
SWZ,1992,78.982,3.388437448,21.018,5.882148786,..,71.10465116
SWZ,1993,78.566,2.483432828,21.434,4.971762103,..,71.04651163
SWZ,1994,78.143,-0.509782168,21.857,1.983975777,..,71.04651163
SWZ,1995,77.714,-0.567705124,22.286,1.926558087,25.51417334,71.04651163
SWZ,1996,77.278,1.514530141,22.722,4.01454777,..,71.04651163
SWZ,1997,76.919,1.280233434,23.081,3.313564866,..,71.10465116
SWZ,1998,77.051,1.616777172,22.949,0.872116904,..,71.10465116
SWZ,1999,77.183,1.477124159,22.817,0.728673843,..,71.10465116
SWZ,2000,77.314,1.353254658,22.686,0.607975031,24.84005617,71.10465116
SWZ,2001,77.445,1.221426751,22.555,0.473260034,..,71.1627907
SWZ,2002,77.575,1.06754899,22.425,0.321764412,..,71.1627907
SWZ,2003,77.704,0.923510114,22.296,0.180194362,..,71.1627907
SWZ,2004,77.834,0.823001096,22.166,7.11E-02,..,71.1627907
SWZ,2005,77.962,0.737095959,22.038,-6.35E-03,23.11401387,71.1627907
SWZ,2006,78.09,0.70817882,21.91,-3.81E-02,..,71.10465116
SWZ,2007,78.171,0.684082969,21.829,0.209831704,..,71.10465116
SWZ,2008,77.955,0.262583033,22.045,1.524070684,..,71.10465116
SWZ,2009,77.738,0.180391053,22.262,1.438849962,..,71.1627907
SWZ,2010,77.52,0.177955206,22.48,1.433000901,23.88204643,70.99088953
SWZ,2011,77.3,0.210179855,22.7,1.468167469,23.07978384,70.98837209
SWZ,2012,77.151,0.354918939,22.849,1.202297037,23.42327297,70.93023256
SWZ,2013,77.001,0.422086653,22.999,1.270862013,23.37482286,70.85735465
SWZ,2014,76.851,0.477538565,23.149,1.322466109,23.10280385,70.69767442
SWZ,2015,76.7,0.517589953,23.3,1.364645734,23.45888757,70.46511628
SWZ,2016,76.541,0.546948208,23.459,1.434737293,22.08084937,70.23255814
SWZ,2017,76.375,0.555913975,23.625,1.478062835,23.41488293,70
SWZ,2018,76.201,0.553858456,23.799,1.515573004,23.18486991,69.8255814
SWZ,2019,76.019,0.549233189,23.981,1.550362947,23.34521196,69.59302326
SWZ,2020,75.829,0.689419439,24.171,1.728736141,..,69.47674419
SWZ,2021,75.631,0.717530297,24.369,1.795086063,..,69.47674419
SWZ,2022,75.424,0.511263374,24.576,1.630781685,..,..
ETH,1990,87.379,3.301109942,12.621,5.504532665,30.06183701,51.1462307
ETH,1991,87.133,3.929390855,12.867,6.141690359,..,51.00635786
ETH,1992,86.884,3.783327975,13.116,5.986198564,..,50.9582198
ETH,1993,86.63,3.072503461,13.37,5.283343059,..,30.54
ETH,1994,86.373,3.045694674,13.627,5.246762715,..,30.472
ETH,1995,86.173,3.051191853,13.827,4.740030259,27.40849476,30.5
ETH,1996,85.994,2.995633759,14.006,4.489830727,..,30.5
ETH,1997,85.814,2.918624243,14.186,4.405125626,..,30.492
ETH,1998,85.631,2.847002843,14.369,4.342247485,..,30.449
ETH,1999,85.447,2.813008374,14.553,4.300514967,..,30.557
ETH,2000,85.26,2.739716467,14.74,4.235576849,30.87949696,30.534
ETH,2001,85.073,2.701700692,14.927,4.181949928,..,30.559
ETH,2002,84.882,2.708203884,15.118,4.204416353,..,30.498
ETH,2003,84.69,2.679455875,15.31,4.167915795,..,31.607
ETH,2004,84.496,2.643080484,15.504,4.131598839,..,29.32932773
ETH,2005,84.3,2.607389143,15.7,4.095892776,31.47408068,29.76342988
ETH,2006,84.101,2.590389276,15.899,4.086275739,..,30.31951014
ETH,2007,83.884,2.593187491,16.116,4.207178148,..,31.07924394
ETH,2008,83.49,2.367828612,16.51,5.254001728,..,30.58122141
ETH,2009,83.09,2.323325819,16.91,5.197463801,..,30.99889291
ETH,2010,82.681,2.327528495,17.319,5.210884782,34.02327199,31.61786145
ETH,2011,82.265,2.345887788,17.735,5.223891069,34.91967839,32.18678248
ETH,2012,81.84,2.30969499,18.16,5.195780334,35.57819849,32.33083576
ETH,2013,81.425,2.241243059,18.575,5.009145147,35.36549106,32.51808342
ETH,2014,81.002,2.184577099,18.998,4.957142099,32.99059157,32.70602388
ETH,2015,80.572,2.163128255,19.428,4.933553685,34.42531071,32.89296018
ETH,2016,80.134,2.170957757,19.866,4.945494657,33.61502933,33.07936603
ETH,2017,79.69,2.165718798,20.31,4.931696265,33.94832602,33.26392822
ETH,2018,79.237,2.103247077,20.763,4.87923658,33.85373372,33.58523429
ETH,2019,78.775,2.071242598,21.225,4.856728303,33.7807199,33.83925761
ETH,2020,78.305,2.056436253,21.695,4.845067621,..,34.09275178
ETH,2021,77.826,1.990730093,22.174,4.788180355,..,34.19810622
ETH,2022,77.339,1.914367621,22.661,4.714586798,..,..
FRO,1990,69.406,-0.257611029,30.594,0.51073339,..,69.14899713
FRO,1991,68.846,-2.227769333,31.154,0.391631955,..,69.14899713
FRO,1992,68.128,-2.784555941,31.872,0.547084726,..,69.14899713
FRO,1993,67.404,-3.061513177,32.596,0.245215026,..,69.14899713
FRO,1994,66.67,-3.26012255,33.33,6.80E-02,..,69.14899713
FRO,1995,65.929,-1.85933798,34.071,1.457810794,..,69.14326648
FRO,1996,65.178,-0.388565574,34.822,2.937989827,..,69.12679083
FRO,1997,64.646,-1.39E-02,35.354,2.321573029,..,69.12679083
FRO,1998,64.346,0.36437498,35.654,1.670540314,..,69.12106017
FRO,1999,64.14,0.42860665,35.86,1.328964476,..,69.12106017
FRO,2000,63.663,0.261789271,36.337,2.323204391,..,69.12106017
FRO,2001,62.825,-5.51E-02,37.175,3.558377968,..,69.12106017
FRO,2002,61.978,-0.134327607,38.022,3.46981166,..,69.15401146
FRO,2003,61.286,0.106787933,38.714,3.032379745,..,69.15401146
FRO,2004,60.753,0.378007323,39.247,2.619767369,..,69.15401146
FRO,2005,60.219,-0.257577201,39.781,1.981928456,..,69.15401146
FRO,2006,59.853,-0.56209952,40.147,0.95838276,..,69.15401146
FRO,2007,59.659,-0.225034283,40.341,0.580903831,..,69.15401146
FRO,2008,59.464,-0.22554183,40.536,0.58774094,..,69.15401146
FRO,2009,59.269,-0.292224943,40.731,0.518425558,..,69.06160458
FRO,2010,59.074,-0.366486161,40.926,0.435025219,..,69.0508596
FRO,2011,58.912,-0.325727483,41.088,0.347668705,..,69.05659026
FRO,2012,58.775,-0.221258453,41.225,0.346464156,..,69.05659026
FRO,2013,58.637,-0.179473242,41.363,0.385221979,..,69.05659026
FRO,2014,58.499,-0.137461911,41.501,0.428500905,..,69.06733524
FRO,2015,58.362,0.485557409,41.638,1.053448254,..,69.06733524
FRO,2016,58.223,1.151644206,41.777,1.726619492,..,69.01862464
FRO,2017,58.086,1.231113709,41.914,1.787601815,..,69.01862464
FRO,2018,57.936,1.172114683,42.064,1.79353785,..,69.00787966
FRO,2019,57.775,1.138442743,42.225,1.794018894,..,69.00787966
FRO,2020,57.602,1.109068669,42.398,1.820915337,..,70.32942899
FRO,2021,57.417,0.577950386,42.583,1.336482068,..,70.12408759
FRO,2022,57.221,3.95E-02,42.779,0.835677934,..,..
FJI,1990,58.389,-0.308508995,41.611,2.852981636,7.742750421,22.44116037
FJI,1991,57.619,-0.765068491,42.381,2.396043827,..,23.2074439
FJI,1992,56.844,-1.096182824,43.156,2.070002816,..,22.88998358
FJI,1993,56.067,-1.079400249,43.933,2.081104402,..,22.57252326
FJI,1994,55.287,-1.197934959,44.713,1.963193665,..,22.25506294
FJI,1995,54.504,-1.243950279,45.496,1.918180129,7.754227815,21.93760263
FJI,1996,53.718,-0.91242825,46.282,2.253302741,..,21.62014231
FJI,1997,53.268,0.16229543,46.732,1.971199142,..,21.30268199
FJI,1998,52.877,0.421901274,47.123,1.991510742,..,20.98522167
FJI,1999,52.485,0.413187319,47.515,1.985855233,..,20.66776136
FJI,2000,52.092,0.346021106,47.908,1.921113347,10.99824794,20.35030104
FJI,2001,51.7,0.297248884,48.3,1.867922506,..,20.03284072
FJI,2002,51.308,0.252576412,48.692,1.821830055,..,19.71538041
FJI,2003,50.915,0.21624899,49.085,1.789232396,..,19.39792009
FJI,2004,50.521,0.195686726,49.479,1.772006485,..,19.08045977
FJI,2005,50.129,0.166124367,49.871,1.734047946,11.098569,18.76299945
FJI,2006,49.736,0.14126227,50.264,1.713277218,..,18.44553914
FJI,2007,49.343,5.96E-02,50.657,1.63190218,..,18.12807882
FJI,2008,48.854,-0.315192025,51.146,1.641244203,..,17.8106185
FJI,2009,48.342,-0.536028639,51.658,1.513426371,..,17.50410509
FJI,2010,47.829,-0.647881808,52.171,1.407464761,10.93396761,17.46579091
FJI,2011,47.317,-0.724903753,52.683,1.327974837,10.98057046,17.42747674
FJI,2012,46.804,-0.792792905,53.196,1.266218189,10.99967408,17.38916256
FJI,2013,46.294,-0.833175271,53.706,1.216553529,11.14022253,17.35084839
FJI,2014,45.784,-0.877384039,54.216,1.175543625,10.73278375,17.31253421
FJI,2015,45.274,-0.941244891,54.726,1.1152774,10.62224564,17.27422003
FJI,2016,44.765,-1.002958688,55.235,1.053309897,11.08714633,17.23590586
FJI,2017,44.258,-1.068668405,55.742,0.984371516,11.06543703,17.19759168
FJI,2018,43.752,-1.152311537,56.248,0.901096948,10.98446945,17.1592775
FJI,2019,43.25,-1.211802422,56.75,0.83071645,10.9932094,17.12096333
FJI,2020,42.753,-0.942916449,57.247,1.084786284,..,17.05528188
FJI,2021,42.26,-0.705902086,57.74,1.311501626,..,17.05528188
FJI,2022,41.771,-0.607615913,58.229,1.399308402,..,..
FIN,1990,20.633,-2.78044353,79.367,1.298781979,8.801565223,7.856462786
FIN,1991,20.157,-1.787766973,79.843,1.144107705,..,7.960865426
FIN,1992,19.872,-0.862089297,80.128,0.918226849,..,7.900784661
FIN,1993,19.591,-0.940286585,80.409,0.833929125,..,7.825929939
FIN,1994,19.312,-1.003336136,80.688,0.777430262,..,7.918513411
FIN,1995,19.037,-1.052577225,80.963,0.721897583,8.138244898,7.367280607
FIN,1996,18.777,-1.047145142,81.223,0.648659887,..,7.281919958
FIN,1997,18.534,-1.005200494,81.466,0.596105747,..,7.058669031
FIN,1998,18.293,-1.043407347,81.707,0.560873975,..,7.196559309
FIN,1999,18.054,-1.082928339,81.946,0.524180976,..,7.227420467
FIN,2000,17.817,-1.11386623,82.183,0.496415301,7.505004878,7.281919958
FIN,2001,17.632,-0.816011104,82.368,0.452527985,..,7.295052365
FIN,2002,17.497,-0.526224991,82.503,0.406146959,..,7.341015792
FIN,2003,17.362,-0.536190178,82.638,0.40197389,..,7.37384681
FIN,2004,17.228,-0.484442123,82.772,0.452371561,..,7.396828524
FIN,2005,17.095,-0.432705794,82.905,0.502793641,7.114175404,7.465117043
FIN,2006,16.963,-0.391367194,83.037,0.542867278,..,7.56568347
FIN,2007,16.832,-0.349871454,83.168,0.583073551,..,7.546778914
FIN,2008,16.701,-0.315708964,83.299,0.622924638,..,7.556433037
FIN,2009,16.571,-0.303257112,83.429,0.634201339,..,7.556762093
FIN,2010,16.23,-1.621753252,83.77,0.8653859,7.205869088,7.541625535
FIN,2011,15.687,-2.939368707,84.313,1.109674692,7.018955644,7.524433183
FIN,2012,15.159,-2.947939769,84.841,1.100086716,6.363062222,7.519497186
FIN,2013,14.875,-1.430549673,85.125,0.794913367,5.983816655,7.431965514
FIN,2014,14.825,7.69E-02,85.175,0.47228159,6.373112438,7.460265228
FIN,2015,14.775,-8.40E-03,85.225,0.388059711,5.62877844,7.480504097
FIN,2016,14.725,-5.16E-02,85.275,0.346086568,5.589432223,7.485768813
FIN,2017,14.675,-0.105470569,85.325,0.293287961,5.257788389,7.469070808
FIN,2018,14.618,-0.256536015,85.382,0.199422968,5.596788665,7.475651487
FIN,2019,14.554,-0.328473207,85.446,0.185101615,5.565330197,7.481985984
FIN,2020,14.483,-0.345412722,85.517,0.226703842,..,7.468579325
FIN,2021,14.404,-0.339718596,85.596,0.29963319,..,7.461810042
FIN,2022,14.319,-0.305932284,85.681,0.385119329,..,..
FRA,1990,25.944,7.31E-02,74.056,0.624054065,18.55297943,55.8705252
FRA,1991,25.771,0.210653547,74.229,1.113041605,..,55.67347133
FRA,1992,25.599,-0.171615054,74.401,0.729483995,..,55.48974918
FRA,1993,25.428,-0.235797246,74.572,0.66401041,..,55.31990664
FRA,1994,25.257,-0.300847661,74.743,0.602959078,..,55.16211744
FRA,1995,25.088,-0.307826938,74.912,0.589396276,17.22733302,55.06222081
FRA,1996,24.918,-0.323047616,75.082,0.583546767,..,54.96378519
FRA,1997,24.75,-0.319998185,75.25,0.580003913,..,54.86023603
FRA,1998,24.583,-0.306122877,75.417,0.592587181,..,54.7513907
FRA,1999,24.386,-0.288212742,75.614,0.777258649,..,54.65843387
FRA,2000,24.129,-0.372692676,75.871,1.026090187,16.07573118,54.43607814
FRA,2001,23.873,-0.337200121,76.127,1.066277206,..,54.26422703
FRA,2002,23.62,-0.336690422,76.38,1.060536548,..,54.0768527
FRA,2003,23.368,-0.362171533,76.632,1.039832796,..,53.90833907
FRA,2004,23.117,-0.344835561,76.883,1.06210371,..,53.79871322
FRA,2005,22.87,-0.324305033,77.13,1.070669664,14.89539999,53.67550776
FRA,2006,22.623,-0.392189218,77.377,1.013434616,..,53.53360472
FRA,2007,22.379,-0.467906239,77.621,0.931335018,..,53.33892179
FRA,2008,22.132,-0.552291217,77.868,0.875272982,..,53.16359758
FRA,2009,21.883,-0.618336963,78.117,0.83236329,..,52.99886587
FRA,2010,21.631,-0.665439917,78.369,0.814895002,15.07698542,52.82792476
FRA,2011,21.378,-0.69381838,78.622,0.805006988,14.99131566,52.74081055
FRA,2012,21.122,-0.720770002,78.878,0.809033957,13.68529611,52.67908181
FRA,2013,20.865,-0.707658762,79.135,0.841828231,13.61154039,52.54923232
FRA,2014,20.606,-0.780834947,79.394,0.795000594,11.58971968,52.536083
FRA,2015,20.345,-0.919145181,79.655,0.683771062,12.30792454,52.46376176
FRA,2016,20.083,-1.032279761,79.917,0.592247249,11.4918237,52.4475461
FRA,2017,19.82,-1.028011757,80.18,0.618752779,11.43000879,52.4100669
FRA,2018,19.556,-0.982443583,80.444,0.687212829,11.53704439,52.34176533
FRA,2019,19.291,-1.022979379,80.709,0.670255811,11.40575038,52.27069693
FRA,2020,19.025,-1.117124439,80.975,0.600387385,..,52.14754628
FRA,2021,18.758,-1.149501747,81.242,0.593043485,..,52.14754628
FRA,2022,18.491,-1.159414168,81.509,0.602314012,..,..
PYF,1990,42.148,2.739210548,57.852,1.746257059,..,11.74863388
PYF,1991,42.39,2.614723799,57.61,1.622868996,..,11.74863388
PYF,1992,42.633,2.491505298,57.367,1.497786959,..,11.74863388
PYF,1993,42.876,2.415298549,57.124,1.421705376,..,11.74863388
PYF,1994,43.119,2.32269038,56.881,1.332306281,..,11.74863388
PYF,1995,43.363,2.204223504,56.637,1.209568379,..,11.74863388
PYF,1996,43.607,2.165459318,56.393,1.172495743,..,11.74863388
PYF,1997,43.715,1.870098064,56.285,1.43056888,..,11.74863388
PYF,1998,43.795,1.778435889,56.205,1.454353755,..,11.74863388
PYF,1999,43.874,1.788923138,56.126,1.468160445,..,11.74863388
PYF,2000,43.953,1.830044668,56.047,1.508797535,..,12.3883607
PYF,2001,44.033,1.811402832,55.967,1.48637079,..,12.3883607
PYF,2002,44.112,1.769551551,55.888,1.448721129,..,12.96456353
PYF,2003,43.758,0.7390978,56.242,2.177384204,..,12.96456353
PYF,2004,43.169,0.137974744,56.831,2.534922344,..,12.96456353
PYF,2005,42.583,9.27E-02,57.417,2.485743486,..,12.96456353
PYF,2006,41.998,2.43E-02,58.002,2.420432808,..,12.96456353
PYF,2007,41.415,-0.213301043,58.585,2.185442061,..,12.96456353
PYF,2008,40.834,-0.560562028,59.166,1.838539655,..,12.96456353
PYF,2009,40.258,-0.808053335,59.742,1.582045744,..,12.82051282
PYF,2010,39.683,-0.906055514,60.317,1.489077406,..,12.82051282
PYF,2011,39.111,-0.933160492,60.889,1.463198864,..,13.10861423
PYF,2012,38.541,-1.007115916,61.459,1.393282636,..,13.10861423
PYF,2013,38.417,0.18181412,61.583,0.705497239,..,13.10861423
PYF,2014,38.367,0.507507771,61.633,0.717908014,..,13.10861423
PYF,2015,38.317,0.52730819,61.683,0.739463552,..,13.10861423
PYF,2016,38.266,0.46580194,61.734,0.682176965,..,13.10861423
PYF,2017,38.216,0.517682689,61.784,0.729063369,..,13.39671564
PYF,2018,38.166,0.596046676,61.834,0.808051035,..,13.68481706
PYF,2019,38.103,0.541740245,61.897,0.808581602,..,13.68481706
PYF,2020,38.025,0.527498319,61.975,0.85822694,..,13.97291847
PYF,2021,37.934,0.457121803,62.066,0.844035068,..,13.97291847
PYF,2022,37.83,0.46194653,62.17,0.903689729,..,..
GAB,1990,30.857,-1.550230995,69.143,4.707931636,36.6967399,7.782745372
GAB,1991,29.538,-1.662425162,70.462,4.596031662,..,7.806659681
GAB,1992,28.251,-1.773064316,71.749,4.49162737,..,7.83057399
GAB,1993,27.001,-1.867623224,72.999,4.3850947,..,7.854488299
GAB,1994,26.079,-0.85988775,73.921,3.869517612,..,7.878402608
GAB,1995,25.203,-0.857089751,74.797,3.737621744,35.47223745,7.902316917
GAB,1996,24.346,-0.939437779,75.654,3.659708946,..,7.926231226
GAB,1997,23.51,-0.987636661,76.49,3.605536887,..,7.950145535
GAB,1998,22.694,-1.019339141,77.306,3.574290794,..,7.974059844
GAB,1999,21.898,-1.045661614,78.102,3.548909612,..,7.997974153
GAB,2000,21.121,-1.052991822,78.879,3.549742507,37.1754755,8.021888462
GAB,2001,20.367,-1.025860914,79.633,3.560955435,..,8.041522102
GAB,2002,19.632,-1.023964831,80.368,3.570090073,..,8.061155742
GAB,2003,18.917,-1.011161826,81.083,3.584452517,..,8.080789382
GAB,2004,18.222,-0.973459356,81.778,3.623278533,..,8.100423022
GAB,2005,17.548,-0.900153509,82.452,3.689618428,34.34349626,8.120056662
GAB,2006,16.893,-0.819646167,83.107,3.775816192,..,8.139690302
GAB,2007,16.258,-0.735889122,83.742,3.856795032,..,8.159323941
GAB,2008,15.641,-0.680587635,84.359,3.922109842,..,8.178957581
GAB,2009,15.045,-0.592353263,84.955,3.997058474,..,8.198591221
GAB,2010,14.467,-0.495245018,85.533,4.099968792,35.45526085,8.218224861
GAB,2011,13.908,-0.415735371,86.092,4.176634128,36.03479593,8.264338107
GAB,2012,13.366,-0.41665626,86.634,4.185787962,34.93156522,8.310451353
GAB,2013,12.844,-0.478547959,87.156,4.10587924,37.16684022,8.356564598
GAB,2014,12.349,-0.589071281,87.651,3.907445663,34.1318172,8.356564598
GAB,2015,11.882,-0.768320529,88.118,3.618323114,39.73197591,8.356564598
GAB,2016,11.441,-0.977679761,88.559,3.30339813,39.0009896,8.356564598
GAB,2017,11.024,-1.157149147,88.976,3.02571111,35.36985071,8.356564598
GAB,2018,10.63,-1.247915748,89.37,2.833171531,36.93641776,8.356564598
GAB,2019,10.259,-1.262816448,89.741,2.704146114,36.74675483,8.356564598
GAB,2020,9.908,-1.285571086,90.092,2.585990581,..,8.356564598
GAB,2021,9.577,-1.299637446,90.423,2.464697044,..,8.356564598
GAB,2022,9.265,-1.290543211,90.735,2.366156728,..,..
GMB,1990,61.688,2.2628647,38.312,6.883772904,60.38782104,57.50988142
GMB,1991,60.59,2.245696627,39.41,6.867393578,..,57.50988142
GMB,1992,59.48,2.097527885,40.52,6.723935655,..,54.15019763
GMB,1993,58.414,1.777875855,41.586,6.183121831,..,54.0513834
GMB,1994,57.528,1.637036477,42.472,5.273487223,..,55.03952569
GMB,1995,56.638,1.404494149,43.362,5.037490153,59.87209076,55.03952569
GMB,1996,55.742,1.333860459,44.258,4.973895989,..,55.03952569
GMB,1997,54.845,1.300244266,45.155,4.92887818,..,55.03952569
GMB,1998,53.943,1.273713311,46.057,4.909984037,..,56.02766798
GMB,1999,53.039,1.238929135,46.961,4.872764802,..,56.02766798
GMB,2000,52.132,1.171607119,47.868,4.809358172,59.47831452,50
GMB,2001,51.225,1.118593254,48.775,4.750765999,..,47.82608696
GMB,2002,50.317,1.06170831,49.683,4.694725696,..,48.51778656
GMB,2003,49.445,1.103510156,50.555,4.591574465,..,46.54150198
GMB,2004,48.712,1.399063584,51.288,4.332180681,..,47.23320158
GMB,2005,47.98,1.428350091,52.02,4.359495257,55.3530761,47.92490119
GMB,2006,47.249,1.485685937,52.751,4.416585107,..,49.01185771
GMB,2007,46.519,1.526439898,53.481,4.457789443,..,49.01185771
GMB,2008,45.789,1.52328503,54.211,4.460730685,..,55.92885375
GMB,2009,45.063,1.515435756,54.937,4.443951552,..,61.46245059
GMB,2010,44.338,1.479192342,55.662,4.412243421,54.96105771,63.63636364
GMB,2011,43.616,1.455221292,56.384,4.38583159,56.9350963,63.63636364
GMB,2012,42.895,1.42767455,57.105,4.36513947,62.12654192,63.63636364
GMB,2013,42.18,1.370319958,57.82,4.295494657,51.51717091,63.63636364
GMB,2014,41.472,1.281542954,58.528,4.19140572,53.61781493,63.63636364
GMB,2015,40.772,1.1844799,59.228,4.075764597,61.80443087,63.63636364
GMB,2016,40.082,1.097319163,59.918,3.962237171,57.52369277,63.63636364
GMB,2017,39.401,1.009867752,60.599,3.853630488,61.41990384,62.64822134
GMB,2018,38.73,0.923658354,61.27,3.742600951,58.00293314,62.64822134
GMB,2019,38.069,0.8612988,61.931,3.655721232,58.08072376,62.64822134
GMB,2020,37.418,0.837228935,62.582,3.607885889,..,62.64822134
GMB,2021,36.778,0.803605068,63.222,3.546248166,..,62.64822134
GMB,2022,36.148,0.744358437,63.852,3.463684796,..,..
GEO,1990,44.962,0.505891722,55.038,-0.460359304,19.00295967,..
GEO,1991,45.201,1.233631682,54.799,0.268281554,..,..
GEO,1992,45.441,1.304069301,54.559,0.335584058,..,46.46711757
GEO,1993,45.68,1.293121564,54.32,0.329551199,..,45.01367103
GEO,1994,45.92,-1.015394525,54.08,-1.982249472,..,44.56756368
GEO,1995,46.159,-3.238586238,53.841,-4.200641231,19.19401083,43.86242625
GEO,1996,46.4,-3.108816842,53.6,-4.078147119,..,43.67534897
GEO,1997,46.64,-2.691614629,53.36,-3.656280542,..,43.70413009
GEO,1998,46.88,-1.960939863,53.12,-2.925032556,..,43.81925457
GEO,1999,47.121,-1.544639763,52.879,-2.512077108,..,43.15728882
GEO,2000,47.362,-1.434449614,52.638,-2.401458557,17.21162364,43.17167938
GEO,2001,47.602,-1.045785186,52.398,-2.008223136,..,43.21485106
GEO,2002,47.559,-0.987632743,52.441,-0.815217755,..,43.22924162
GEO,2003,47.17,-1.496656423,52.83,6.37E-02,..,43.25802274
GEO,2004,46.782,-1.445238514,53.218,0.112500652,..,35.861275
GEO,2005,46.395,-1.465990478,53.605,8.93E-02,16.51679403,36.26421068
GEO,2006,46.008,-1.406100223,53.992,0.150848035,..,36.23542956
GEO,2007,45.621,-1.366341714,54.379,0.192552046,..,36.221039
GEO,2008,45.235,-1.15350452,54.765,0.403545544,..,36.17786732
GEO,2009,44.85,-1.7429394,55.15,-0.187640082,..,35.94761836
GEO,2010,44.465,-1.591598357,55.535,-3.38E-02,17.80213302,35.40077709
GEO,2011,44.081,-1.669504655,55.919,-0.113096107,19.82880145,35.14750324
GEO,2012,43.697,-1.611524662,56.303,-5.22E-02,20.13867477,35.0410131
GEO,2013,43.315,-1.179006618,56.685,0.375199997,19.58915924,35.7763707
GEO,2014,42.933,-0.838876895,57.067,0.718598583,19.38130856,34.76759246
GEO,2015,42.552,-0.733936139,57.448,0.822919001,18.48419633,34.79781263
GEO,2016,42.163,-0.858530992,57.837,0.734644622,17.68579608,34.45100014
GEO,2017,41.769,-0.925479746,58.231,0.692303719,18.02704398,34.31860699
GEO,2018,41.368,-1.003703788,58.632,0.647230647,17.81426399,34.16606706
GEO,2019,40.961,-1.160313062,59.039,0.520212544,17.85586499,34.14304216
GEO,2020,40.547,-0.947171275,59.453,0.767418224,..,34.21931213
GEO,2021,40.128,-1.418405768,59.872,0.322666414,..,34.24809325
GEO,2022,39.703,-0.959845542,60.297,0.812214346,..,..
DEU,1990,26.882,0.335124557,73.118,1.056365142,20.5580271,51.64838312
DEU,1991,26.731,0.165309318,73.269,0.934907555,..,49.08200384
DEU,1992,26.64,0.419335734,73.36,0.884470377,..,48.55211526
DEU,1993,26.503,0.141800163,73.497,0.843967295,..,49.15788268
DEU,1994,26.29,-0.460071969,73.71,0.636244936,..,49.57749706
DEU,1995,26.078,-0.515756838,73.922,0.581105997,18.63671331,49.67917502
DEU,1996,25.867,-0.522928221,74.133,0.574504624,..,49.66341058
DEU,1997,25.658,-0.664944089,74.342,0.427841044,..,49.64045266
DEU,1998,25.449,-0.802753303,74.551,0.295882538,..,49.77651711
DEU,1999,25.242,-0.752086269,74.758,0.341913194,..,49.14894836
DEU,2000,25.035,-0.688009709,74.965,0.411941894,16.43916499,48.91245164
DEU,2001,24.83,-0.654000976,75.17,0.44131365,..,48.82201204
DEU,2002,24.626,-0.65684916,75.374,0.439144631,..,48.63555581
DEU,2003,24.423,-0.772385227,75.577,0.324324959,..,48.74000172
DEU,2004,24.221,-0.852240951,75.779,0.245211653,..,48.77999828
DEU,2005,24.02,-0.890098299,75.98,0.2081153,15.08202344,48.83300837
DEU,2006,23.821,-0.944725877,76.179,0.148771506,..,48.59486121
DEU,2007,23.622,-0.972624936,76.378,0.127167671,..,48.61330198
DEU,2008,23.425,-1.02760728,76.575,6.75E-02,..,48.53569687
DEU,2009,23.229,-1.093614698,76.771,2.25E-03,..,48.43808267
DEU,2010,23.034,-0.99621059,76.966,0.100481934,16.08934354,47.91003242
DEU,2011,22.84,-2.699515016,77.16,-1.601972315,15.57511307,47.96591692
DEU,2012,22.83,0.143933886,77.17,0.200687484,13.8086903,47.81086819
DEU,2013,22.82,0.229090401,77.18,0.285857247,13.57835046,47.85886265
DEU,2014,22.81,0.373045523,77.19,0.429833546,12.24528447,47.93637145
DEU,2015,22.8,0.82185231,77.2,0.878656939,12.72693664,47.95906667
DEU,2016,22.776,0.701902386,77.224,0.838301068,11.77992518,47.68433707
DEU,2017,22.739,0.211141646,77.261,0.421625392,11.88161987,47.76311647
DEU,2018,22.688,7.60E-02,77.312,0.366515156,11.92460308,47.64153644
DEU,2019,22.624,-5.70E-02,77.376,0.308266936,11.80580716,47.70027763
DEU,2020,22.547,-0.25923313,77.453,0.181157523,..,47.49706632
DEU,2021,22.456,-0.362094669,77.544,0.159749771,..,47.48561779
DEU,2022,22.352,0.592423075,77.648,1.190654805,..,..
GHA,1990,63.559,1.457760347,36.441,4.588479599,58.50614317,55.49793443
GHA,1991,62.83,1.380795137,37.17,4.515123624,..,55.90225894
GHA,1992,62.095,1.304792319,37.905,4.439627086,..,55.90225894
GHA,1993,61.356,1.248256347,38.644,4.376361925,..,56.25384548
GHA,1994,60.61,1.135290991,39.39,4.27062197,..,56.69332865
GHA,1995,59.86,1.063678556,40.14,4.194963586,49.43767636,57.57229498
GHA,1996,59.104,1.025615609,40.896,4.162489909,..,58.45126132
GHA,1997,58.346,1.057741234,41.654,4.185034594,..,59.69365826
GHA,1998,57.582,1.097581746,42.418,4.233212225,..,57.06781533
GHA,1999,56.816,1.099901827,43.184,4.228819121,..,57.3945258
GHA,2000,56.071,1.196595084,43.929,4.226983348,60.34547396,56.10231212
GHA,2001,55.399,1.454047785,44.601,4.177928313,..,56.68467434
GHA,2002,54.725,1.524288141,45.275,4.248254543,..,57.35466072
GHA,2003,54.049,1.471471693,45.951,4.196494828,..,55.33589347
GHA,2004,53.37,1.404682849,46.63,4.135760588,..,52.16477938
GHA,2005,52.692,1.381377824,47.308,4.103427598,52.84830506,53.26351235
GHA,2006,52.012,1.340250738,47.988,4.066309976,..,52.93043992
GHA,2007,51.331,1.287501883,48.669,4.014595326,..,54.81344818
GHA,2008,50.649,1.234789564,49.351,3.963903055,..,52.75890261
GHA,2009,49.969,1.183833817,50.031,3.903987082,..,54.10242287
GHA,2010,49.287,1.095754383,50.713,3.823939622,50.08807979,54.49783774
GHA,2011,48.606,1.046844716,51.394,3.772095787,53.47816985,54.09091017
GHA,2012,47.927,1.053798392,52.073,3.773111837,54.52706673,54.27765843
GHA,2013,47.252,1.034021586,52.748,3.740356548,47.78909296,54.77312165
GHA,2014,46.581,0.977424431,53.419,3.671704153,46.9526973,54.38452492
GHA,2015,45.914,0.922001492,54.086,3.605160954,60.48227972,54.56409642
GHA,2016,45.251,0.884854152,54.749,3.557754668,59.661617,54.31107585
GHA,2017,44.593,0.770153305,55.407,3.429632929,55.93672757,53.10698734
GHA,2018,43.94,0.647501577,56.06,3.294336639,54.23685549,53.69403885
GHA,2019,43.293,0.605517789,56.707,3.236444646,53.98926008,54.84738639
GHA,2020,42.651,0.572246227,57.349,3.192042501,..,55.39301991
GHA,2021,42.015,0.505341525,57.985,3.110640633,..,55.39301991
GHA,2022,41.385,0.428164103,58.615,3.019610067,..,..
GIB,1990,0,..,100,-1.348988732,..,..
GIB,1991,0,..,100,-1.211689624,..,..
GIB,1992,0,..,100,-0.159457138,..,..
GIB,1993,0,..,100,0.639996265,..,..
GIB,1994,0,..,100,0.602943003,..,..
GIB,1995,0,..,100,0.475372965,..,..
GIB,1996,0,..,100,0.287780466,..,..
GIB,1997,0,..,100,0.265189512,..,..
GIB,1998,0,..,100,0.260869713,..,..
GIB,1999,0,..,100,0.213262086,..,..
GIB,2000,0,..,100,0.165957178,..,..
GIB,2001,0,..,100,-7.21E-02,..,..
GIB,2002,0,..,100,0.614966065,..,..
GIB,2003,0,..,100,1.455723036,..,..
GIB,2004,0,..,100,1.4557319,..,..
GIB,2005,0,..,100,1.517196596,..,..
GIB,2006,0,..,100,1.470865099,..,..
GIB,2007,0,..,100,1.372896377,..,..
GIB,2008,0,..,100,1.331277734,..,..
GIB,2009,0,..,100,1.375456613,..,..
GIB,2010,0,..,100,1.427191957,..,..
GIB,2011,0,..,100,1.394492365,..,..
GIB,2012,0,..,100,1.437521818,..,..
GIB,2013,0,..,100,0.777442704,..,..
GIB,2014,0,..,100,0.126420318,..,..
GIB,2015,0,..,100,0.209321015,..,..
GIB,2016,0,..,100,0.138280732,..,..
GIB,2017,0,..,100,0.113554419,..,..
GIB,2018,0,..,100,0.140996192,..,..
GIB,2019,0,..,100,0.113265896,..,..
GIB,2020,0,..,100,7.34E-02,..,..
GIB,2021,0,..,100,-0.122365337,..,..
GIB,2022,0,..,100,-6.12E-02,..,..
GRC,1990,28.533,0.401084974,71.467,1.321212332,20.37743795,71.54383243
GRC,1991,28.365,0.60979873,71.635,1.435158819,..,71.09387122
GRC,1992,28.243,0.33286447,71.757,0.934038999,..,71.11714507
GRC,1993,28.122,0.158913124,71.878,0.756746029,..,71.06283941
GRC,1994,28.002,7.31E-02,71.998,0.66752056,..,71.14041893
GRC,1995,27.881,3.42E-02,72.119,0.635109319,20.07166871,71.09387122
GRC,1996,27.761,9.34E-03,72.239,0.606925097,..,71.15593483
GRC,1997,27.642,6.37E-02,72.358,0.657865751,..,69.70519783
GRC,1998,27.522,0.119135584,72.478,0.719920109,..,68.13033359
GRC,1999,27.403,-4.98E-02,72.597,0.547519475,..,67.26144298
GRC,2000,27.284,-2.61E-02,72.716,0.572820546,20.71409122,66.16757176
GRC,2001,27.087,-0.204771056,72.913,0.790435679,..,65.46159814
GRC,2002,26.697,-1.083708341,73.303,0.900026595,..,64.72459271
GRC,2003,26.311,-1.217790233,73.689,0.763851549,..,64.01861908
GRC,2004,25.927,-1.222804073,74.073,0.76716829,..,62.68425136
GRC,2005,25.548,-1.179322013,74.452,0.803596722,19.15743208,62.10240497
GRC,2006,25.173,-1.178363433,74.827,0.802744715,..,61.0007758
GRC,2007,24.801,-1.234046237,75.199,0.750673417,..,60.14740109
GRC,2008,24.432,-1.233576699,75.568,0.754959747,..,59.4026377
GRC,2009,24.068,-1.238022978,75.932,0.743552267,..,58.65011637
GRC,2010,23.708,-1.378168421,76.292,0.601864645,19.06202926,58.09930178
GRC,2011,23.351,-1.665241407,76.649,0.318901464,19.73341964,57.37781226
GRC,2012,22.996,-2.072695833,77.004,-7.87E-02,17.37070897,56.50116369
GRC,2013,22.645,-2.263253776,77.355,-0.270332501,16.69353,55.49262995
GRC,2014,22.298,-2.210331234,77.702,-0.218532603,15.72743666,48.10705974
GRC,2015,21.954,-2.213599773,78.046,-0.217128484,16.04385798,48.09154383
GRC,2016,21.613,-1.981347927,78.387,2.01E-02,14.46980163,47.60279286
GRC,2017,21.276,-1.769309061,78.724,0.231212226,14.43912017,46.96307836
GRC,2018,20.942,-1.785205019,79.058,0.220496954,14.51537033,46.11086424
GRC,2019,20.612,-1.693682732,79.388,0.311210821,14.2538714,45.5173623
GRC,2020,20.285,-1.813734798,79.715,0.196455024,..,45.5173623
GRC,2021,19.962,-2.142866618,80.038,-0.133384917,..,45.5173623
GRC,2022,19.643,-2.31531718,80.357,-0.306597731,..,..
GRL,1990,20.302,-1.110045756,79.698,0.966015812,6.745468652,0.69300556
GRL,1991,19.967,-1.841804411,80.033,0.238927196,..,0.693883524
GRL,1992,19.699,-1.710999148,80.301,-2.70E-02,..,0.694761487
GRL,1993,19.497,-1.219076789,80.503,7.20E-02,..,0.69563945
GRL,1994,19.297,-0.484352661,80.703,0.788994096,..,0.696517413
GRL,1995,19.098,-0.496093122,80.902,0.785032886,6.628074959,0.697395376
GRL,1996,18.9,-0.867030217,81.1,0.424413201,..,0.698273339
GRL,1997,18.774,-0.493406447,81.226,0.334720975,..,0.582044098
GRL,1998,18.649,-0.486294165,81.351,0.331413198,..,0.582775003
GRL,1999,18.524,-0.671336558,81.476,0.153263446,..,0.583505908
GRL,2000,18.4,-0.491970317,81.6,0.329813441,6.321862093,0.584236813
GRL,2001,18.151,-1.098751877,81.849,0.57185879,..,0.584967718
GRL,2002,17.905,-0.903561441,82.095,0.75814392,..,0.585698623
GRL,2003,17.662,-1.091172418,82.338,0.570743514,..,0.586429529
GRL,2004,17.42,-1.123381924,82.58,0.550483595,..,0.587160434
GRL,2005,17.142,-1.565549917,82.858,0.378032137,6.361755729,0.587891339
GRL,2006,16.828,-2.133248546,83.172,9.53E-02,..,0.588622244
GRL,2007,16.518,-2.243955289,83.482,-1.48E-02,..,0.589353149
GRL,2008,16.213,-2.273563341,83.787,-3.60E-02,..,0.590084054
GRL,2009,15.913,-1.867973629,84.087,0.346884734,..,0.590814959
GRL,2010,15.617,-0.851545762,84.383,1.379795004,6.028100954,0.591545864
GRL,2011,15.245,-2.437478305,84.755,0.413571536,5.785407287,0.592276769
GRL,2012,14.8,-3.103111813,85.2,0.382947921,6.13427501,0.593007675
GRL,2013,14.449,-2.981692309,85.551,-0.165419168,6.082991842,0.592203679
GRL,2014,14.187,-2.155149055,85.813,-2.90E-02,6.378015917,0.592228042
GRL,2015,13.929,-2.164230519,86.071,-2.07E-02,6.226964273,0.592276769
GRL,2016,13.674,-1.716281885,86.326,0.423549977,6.472452957,0.592301133
GRL,2017,13.426,-1.852269705,86.574,0.261497272,6.616395462,0.592301133
GRL,2018,13.184,-2.090108241,86.816,1.44E-02,6.515998783,0.592301133
GRL,2019,12.948,-1.445545422,87.052,0.631266059,6.462977097,0.592301133
GRL,2020,12.718,-1.536468734,87.282,0.515575355,..,0.592301133
GRL,2021,12.493,-1.277479295,87.507,0.763370214,..,0.592301133
GRL,2022,12.273,-1.767434834,87.727,0.265909385,..,..
GRD,1990,66.573,-0.252944207,33.427,-3.02E-02,21.6841061,38.23529412
GRD,1991,66.497,0.600266403,33.503,0.943942076,..,35.29411765
GRD,1992,66.256,0.91386505,33.744,1.993638019,..,35.29411765
GRD,1993,66.015,0.75151959,33.985,1.825154562,..,35.29411765
GRD,1994,65.773,0.607491282,34.227,1.684887651,..,35.29411765
GRD,1995,65.53,0.485109586,34.47,1.562224461,21.53427898,32.35294118
GRD,1996,65.286,0.37909604,34.714,1.458546579,..,32.35294118
GRD,1997,65.041,0.291758048,34.959,1.372557191,..,32.35294118
GRD,1998,64.796,0.237154836,35.204,1.31386,..,32.35294118
GRD,1999,64.55,0.204693503,35.45,1.280978503,..,35.29411765
GRD,2000,64.302,0.184011353,35.698,1.264776765,21.81550263,35.29411765
GRD,2001,64.081,0.122968326,35.919,1.086614859,..,38.23529412
GRD,2002,64.087,0.282975472,35.913,0.255026607,..,38.23529412
GRD,2003,64.093,0.478941206,35.907,0.451780936,..,35.29411765
GRD,2004,64.099,0.720548673,35.901,0.69421682,..,35.29411765
GRD,2005,64.105,0.680028459,35.895,0.656587861,19.66107509,26.47058824
GRD,2006,64.111,0.674029936,35.889,0.644773541,..,26.47058824
GRD,2007,64.117,0.670913148,35.883,0.645631731,..,26.47058824
GRD,2008,64.123,0.680307857,35.877,0.656359574,..,26.47058824
GRD,2009,64.129,0.692235526,35.871,0.666850257,..,29.41176471
GRD,2010,64.135,0.705252505,35.865,0.677103809,19.82709385,29.41176471
GRD,2011,64.141,0.777673498,35.859,0.750234921,19.10315605,29.41176471
GRD,2012,64.131,0.845688139,35.869,0.889066544,20.0647388,23.52941176
GRD,2013,64.104,0.843932083,35.896,0.964641554,20.08742225,23.52941176
GRD,2014,64.062,0.809086325,35.938,0.990811178,20.26503477,23.52941176
GRD,2015,64.003,0.759267057,35.997,1.013783822,21.94013568,23.52941176
GRD,2016,63.928,0.707918922,36.072,1.033654953,21.17807748,23.52941176
GRD,2017,63.836,0.648546947,36.164,1.048237266,21.00966255,23.52941176
GRD,2018,63.728,0.58642861,36.272,1.053204008,21.38302419,23.52941176
GRD,2019,63.604,0.529217302,36.396,1.066856844,21.48591655,23.52941176
GRD,2020,63.463,0.540448622,36.537,1.148593596,..,23.52941176
GRD,2021,63.306,0.515995705,36.694,1.190241427,..,23.52941176
GRD,2022,63.132,0.387151131,36.868,1.135164957,..,..
GUM,1990,9.204,4.090057689,90.796,1.601126223,9.290175111,37.03703704
GUM,1991,8.939,-1.145940544,91.061,2.066334187,..,37.03703704
GUM,1992,8.68,-1.231621455,91.32,1.999263204,..,37.03703704
GUM,1993,8.429,-1.287727857,91.571,1.914314629,..,37.03703704
GUM,1994,8.184,-1.387144169,91.816,1.837110291,..,37.03703704
GUM,1995,7.945,-1.448576778,92.055,1.770681464,9.074368401,37.03703704
GUM,1996,7.713,-1.52945649,92.287,1.685090431,..,37.03703704
GUM,1997,7.487,-1.622422815,92.513,1.594148666,..,37.03703704
GUM,1998,7.267,-1.684378959,92.733,1.542929452,..,37.03703704
GUM,1999,7.054,-1.677430057,92.946,1.524239258,..,37.03703704
GUM,2000,6.871,-1.496871952,93.129,1.321868217,7.819470772,37.03703704
GUM,2001,6.767,-0.702013185,93.233,0.942714012,..,37.03703704
GUM,2002,6.666,-0.863737797,93.334,0.749537944,..,37.03703704
GUM,2003,6.565,-1.020322366,93.435,0.612382247,..,37.03703704
GUM,2004,6.466,-1.143941213,93.534,0.484221309,..,37.03703704
GUM,2005,6.369,-1.243077164,93.631,0.362445371,7.53353071,37.03703704
GUM,2006,6.273,-1.374823366,93.727,0.251701387,..,37.03703704
GUM,2007,6.178,-1.472550866,93.822,0.15472814,..,35.18518519
GUM,2008,6.084,-1.554409793,93.916,7.70E-02,..,35.18518519
GUM,2009,5.992,-1.609368874,94.008,9.70E-03,..,33.33333333
GUM,2010,5.901,-1.337232196,94.099,0.29429629,7.184061682,33.33333333
GUM,2011,5.812,-1.064114592,94.188,0.544354563,6.859106867,33.33333333
GUM,2012,5.723,-1.096559471,94.277,0.542044857,6.884723871,33.33333333
GUM,2013,5.636,-1.14057631,94.364,0.48965466,7.840641715,33.33333333
GUM,2014,5.551,-1.228976195,94.449,0.38242175,7.432922337,33.33333333
GUM,2015,5.466,-1.276935433,94.534,0.348853334,10.04977671,31.48148148
GUM,2016,5.383,-1.315519958,94.617,0.306841287,8.340218624,31.48148148
GUM,2017,5.301,-1.377799573,94.699,0.240788699,7.745768475,31.48148148
GUM,2018,5.22,-1.499210856,94.78,0.128309061,8.252069387,29.62962963
GUM,2019,5.141,-1.556629806,94.859,5.13E-02,8.221834725,29.62962963
GUM,2020,5.062,-1.195256469,94.938,0.442892621,..,29.62962963
GUM,2021,4.985,-0.761707556,95.015,0.847856631,..,29.62962963
GUM,2022,4.909,-0.814981184,95.091,0.804614406,..,..
GTM,1990,58.008,2.165497169,41.992,3.525821801,40.0462231,39.98693542
GTM,1991,57.677,2.117171247,42.323,3.474602648,..,39.98693542
GTM,1992,57.345,2.047387656,42.655,3.406049265,..,39.98693542
GTM,1993,57.013,1.970002282,42.987,3.32593028,..,41.82530795
GTM,1994,56.68,1.904753922,43.32,3.262246701,..,42.10526316
GTM,1995,56.346,1.861973286,43.654,3.22103718,38.01561498,42.10526316
GTM,1996,56.011,1.806420257,43.989,3.167170804,..,42.10526316
GTM,1997,55.677,1.759950529,44.323,3.114487416,..,42.68784994
GTM,1998,55.341,1.756686127,44.659,3.117190313,..,43.27043673
GTM,1999,55.005,1.760471139,44.995,3.119040283,..,43.85302352
GTM,2000,54.668,1.819402037,45.332,3.180107275,35.86654107,44.4356103
GTM,2001,54.332,1.785882697,45.668,3.140868873,..,45.01819709
GTM,2002,53.995,1.675680227,46.005,3.033119427,..,45.60078387
GTM,2003,53.682,1.599386536,46.318,2.858788916,..,46.18327734
GTM,2004,53.384,1.569319391,46.616,2.767302634,..,44.07428145
GTM,2005,53.087,1.519267204,46.913,2.712274051,29.198214,42.57185517
GTM,2006,52.79,1.465196308,47.21,2.657321527,..,40.27110116
GTM,2007,52.492,1.409863995,47.508,2.605198302,..,41.50802538
GTM,2008,52.193,1.35620066,47.807,2.554851746,..,41.37737962
GTM,2009,51.896,1.310406435,48.104,2.5003787,..,40.77640911
GTM,2010,51.597,1.25873655,48.403,2.456204159,28.87738634,40.28742068
GTM,2011,51.299,1.240256723,48.701,2.433268646,32.544288,40.07838746
GTM,2012,51,1.192927337,49,2.389575305,30.32467663,39.77603583
GTM,2013,50.689,1.145508626,49.311,2.38984373,32.24187476,39.40836133
GTM,2014,50.366,1.089491888,49.634,2.381655772,29.42704565,39.98600224
GTM,2015,50.029,1.020115247,49.971,2.368139661,30.94349566,41.65733483
GTM,2016,49.681,0.960051086,50.319,2.352058721,29.17182245,41.93542367
GTM,2017,49.32,0.89836637,50.68,2.342514138,27.81052009,42.2135125
GTM,2018,48.946,0.839175699,51.054,2.335647233,28.02331277,42.49160134
GTM,2019,48.561,0.77069607,51.439,2.31165941,27.64788197,42.76969018
GTM,2020,48.164,0.699106194,51.836,2.288806327,..,43.03844718
GTM,2021,47.755,0.627500193,52.245,2.266255112,..,43.03844718
GTM,2022,47.334,0.554381887,52.666,2.242452955,..,..
GIN,1990,71.974,3.095526705,28.026,4.512849559,55.01450539,57.54924304
GIN,1991,71.688,3.636181065,28.312,5.049651498,..,57.17483314
GIN,1992,71.399,2.815584201,28.601,4.235093086,..,57.19925118
GIN,1993,71.11,2.677202415,28.89,4.08815196,..,57.18704216
GIN,1994,70.818,2.608190383,29.182,4.025384812,..,57.17076347
GIN,1995,70.525,2.385719052,29.475,3.799300839,50.50935562,57.07309132
GIN,1996,70.23,2.4159697,29.77,3.831008269,..,57.11785772
GIN,1997,69.948,1.654810189,30.052,2.999977568,..,57.1219274
GIN,1998,69.677,1.503078723,30.323,2.788969133,..,57.24808725
GIN,1999,69.405,1.864739666,30.595,3.148926008,..,57.29285365
GIN,2000,69.131,1.567581405,30.869,2.854697255,53.0035338,57.29692333
GIN,2001,68.856,0.897403787,31.144,2.182922844,..,57.300993
GIN,2002,68.58,1.150035273,31.42,2.434005882,..,57.3457594
GIN,2003,68.302,1.835566014,31.698,3.122626796,..,57.43122253
GIN,2004,68.023,1.719928892,31.977,3.005557346,..,57.47598893
GIN,2005,67.743,1.566178674,32.257,2.850515627,50.87115318,57.46784958
GIN,2006,67.461,1.645774241,32.539,2.933327127,..,57.50447664
GIN,2007,67.178,1.872974578,32.822,3.159315116,..,57.70796028
GIN,2008,66.894,1.984530876,33.106,3.269765247,..,57.95214065
GIN,2009,66.609,2.012810145,33.391,3.296938482,..,57.99283738
GIN,2010,66.322,2.026472092,33.678,3.314124096,51.07018507,58.19632102
GIN,2011,66.034,2.036118849,33.966,3.322836103,51.94689259,58.19632102
GIN,2012,65.745,2.010150351,34.255,3.295982919,52.85547204,58.6032883
GIN,2013,65.455,2.000240038,34.545,3.285348735,45.97257249,59.01025558
GIN,2014,65.164,2.037356935,34.836,3.321790187,48.19905641,59.14455478
GIN,2015,64.859,2.080127099,35.141,3.420999075,56.21359737,59.19339085
GIN,2016,64.54,2.096454627,35.46,3.493168421,53.58936352,59.27478431
GIN,2017,64.207,2.0461904,35.793,3.498213721,53.48751596,59.39687449
GIN,2018,63.86,1.991540396,36.14,3.498230942,52.44233437,59.50675566
GIN,2019,63.5,1.972317574,36.5,3.528846943,52.51253174,59.53931304
GIN,2020,63.125,1.919953556,36.875,3.534396425,..,59.5596614
GIN,2021,62.736,1.826176313,37.264,3.493701573,..,59.57187042
GIN,2022,62.332,1.744853013,37.668,3.469252822,..,..
GNB,1990,69.17,-0.585595763,30.83,6.634505132,58.31124322,20.57859175
GNB,1991,67.61,-0.216895156,32.39,7.000298043,..,20.71301565
GNB,1992,66.729,1.569296594,33.271,5.564373176,..,20.71301565
GNB,1993,66.365,2.709190163,33.635,4.344635031,..,21.4242532
GNB,1994,65.998,2.507234747,34.002,4.146976662,..,21.77987198
GNB,1995,65.629,1.941332579,34.371,3.581070053,56.04283361,22.08019203
GNB,1996,65.258,1.504268134,34.742,3.145072098,..,22.38051209
GNB,1997,64.886,1.324991125,35.114,2.961498002,..,22.68083215
GNB,1998,64.512,1.265388581,35.488,2.902967426,..,22.9811522
GNB,1999,64.135,1.288225718,35.865,2.931134152,..,23.28147226
GNB,2000,63.757,1.409048775,36.243,3.04871478,56.42631336,23.58179232
GNB,2001,63.378,1.536396582,36.622,3.172866323,..,23.88211238
GNB,2002,62.996,1.621117534,37.004,3.263162966,..,24.18243243
GNB,2003,62.613,1.694847926,37.387,3.334417328,..,24.48275249
GNB,2004,62.228,1.738565211,37.772,3.37984053,..,24.78307255
GNB,2005,61.843,1.778260286,38.157,3.413036819,52.66763856,25.0833926
GNB,2006,61.455,1.831802741,38.545,3.472805818,..,25.38371266
GNB,2007,61.066,1.91203179,38.934,3.551377106,..,25.68403272
GNB,2008,60.675,1.934196801,39.325,3.575576246,..,25.98435277
GNB,2009,60.284,1.924544023,39.716,3.560507856,..,26.28467283
GNB,2010,59.889,1.929550675,40.111,3.576733971,52.80501579,26.58499289
GNB,2011,59.492,1.966908503,40.508,3.616894913,53.95598891,26.88527738
GNB,2012,59.092,2.005176136,40.908,3.662202461,56.80371059,27.18556188
GNB,2013,58.69,2.005809669,41.31,3.666500198,47.569479,27.48584637
GNB,2014,58.285,1.955541549,41.715,3.623477781,49.37871651,27.78613087
GNB,2015,57.877,1.880178869,42.123,3.555964431,57.5086131,28.08641536
GNB,2016,57.467,1.807924781,42.533,3.487558081,54.0903092,28.38655761
GNB,2017,57.055,1.718400924,42.945,3.401855261,57.49587976,28.68669986
GNB,2018,56.64,1.642329651,43.36,3.334025823,54.03820301,28.98684211
GNB,2019,56.223,1.597289827,43.777,3.293474288,54.06829369,28.98684211
GNB,2020,55.804,1.528449923,44.196,3.228982531,..,28.98684211
GNB,2021,55.383,1.445262607,44.617,3.150706358,..,28.98684211
GNB,2022,54.959,1.384324041,45.041,3.098652451,..,..
GUY,1990,70.417,-0.642867274,29.583,-1.07465494,22.41327571,5.120650241
GUY,1991,70.507,-0.277329329,29.493,-0.709691383,..,5.130133096
GUY,1992,70.596,0.247292333,29.404,-0.181065691,..,5.139615443
GUY,1993,70.685,0.419699124,29.315,-9.59E-03,..,5.149098298
GUY,1994,70.774,0.44075697,29.226,1.10E-02,..,5.158581153
GUY,1995,70.863,0.411042075,29.137,-1.92E-02,22.71361857,5.17822352
GUY,1996,70.952,0.375699725,29.048,-5.62E-02,..,5.192786386
GUY,1997,71.041,0.342612195,28.959,-8.91E-02,..,5.202269241
GUY,1998,71.129,0.320449871,28.871,-0.107967657,..,5.211751588
GUY,1999,71.218,0.298866811,28.782,-0.13466535,..,5.221234442
GUY,2000,71.306,0.260292759,28.694,-0.169734933,26.43412436,5.235797308
GUY,2001,71.394,0.223123132,28.606,-0.207283489,..,5.255439675
GUY,2002,71.482,0.190800388,28.518,-0.240453384,..,5.26492253
GUY,2003,71.693,0.326241789,28.307,-0.711377823,..,5.274405385
GUY,2004,71.936,0.320245191,28.064,-0.880347745,..,5.283887732
GUY,2005,72.178,0.241746682,27.822,-0.960054081,22.24598196,5.293370587
GUY,2006,72.418,0.15507453,27.582,-1.042956719,..,5.293370587
GUY,2007,72.657,8.57E-02,27.343,-1.113876175,..,5.293370587
GUY,2008,72.895,1.33E-02,27.105,-1.188533399,..,5.293370587
GUY,2009,73.131,-6.11E-02,26.869,-1.258299312,..,5.293370587
GUY,2010,73.366,-0.122754152,26.634,-1.322514663,21.69833304,5.293370587
GUY,2011,73.6,-0.177841706,26.4,-1.378404916,20.95555676,5.293370587
GUY,2012,73.6,-3.54E-02,26.4,-3.56E-02,22.32520255,5.293370587
GUY,2013,73.6,0.463167929,26.4,0.463267161,21.66481921,5.293370587
GUY,2014,73.586,0.474060024,26.414,0.546348641,21.30120727,5.293370587
GUY,2015,73.559,0.48334733,26.441,0.622053167,22.92175634,5.293370587
GUY,2016,73.518,0.480126369,26.482,0.690365369,22.33097583,5.293370587
GUY,2017,73.462,0.470876817,26.538,0.758726349,21.43446346,5.293370587
GUY,2018,73.394,2.782402809,26.606,3.130889971,20.8255222,5.293370587
GUY,2019,73.311,1.558253154,26.689,1.982664496,20.10090382,5.293370587
GUY,2020,73.214,-0.326880128,26.786,0.16872974,..,5.293370587
GUY,2021,73.103,0.768035889,26.897,1.332754531,..,5.298450597
GUY,2022,72.978,0.344378732,27.022,0.979457775,..,..
HTI,1990,71.49,0.525665706,28.51,6.01248827,17.93831381,57.94629898
HTI,1991,70.359,0.416971083,29.641,5.901987912,..,57.91001451
HTI,1992,69.2,0.297127977,30.8,5.793736598,..,57.14804064
HTI,1993,68.61,1.070159775,31.39,3.823927513,..,57.14804064
HTI,1994,68.013,1.015962445,31.987,3.773902697,..,57.87373004
HTI,1995,67.41,0.978382956,32.59,3.736502683,17.36049931,57.69230769
HTI,1996,66.8,0.952009304,33.2,3.715501211,..,57.69230769
HTI,1997,66.208,0.953317341,33.792,3.610913651,..,61.32075472
HTI,1998,65.611,0.918528097,34.389,3.575609244,..,61.32075472
HTI,1999,65.008,0.896620522,34.992,3.558188362,..,61.32075472
HTI,2000,64.4,0.886479539,35.6,3.548742766,19.58669508,61.32075472
HTI,2001,62.749,-0.801141142,37.251,6.329288637,..,60.59506531
HTI,2002,61.065,-0.975549394,38.935,6.166300562,..,60.59506531
HTI,2003,59.355,-1.115349565,40.645,6.023122741,..,60.59506531
HTI,2004,58.321,-7.80E-02,41.679,4.191573671,..,60.59506531
HTI,2005,57.362,6.47E-03,42.638,3.93933451,18.63563931,64.22351234
HTI,2006,56.396,-1.82E-02,43.604,3.920455676,..,64.22351234
HTI,2007,55.426,-8.10E-02,44.574,3.854180156,..,64.22351234
HTI,2008,54.449,-0.15257957,45.551,3.794045886,..,64.22351234
HTI,2009,53.472,-0.200810432,46.528,3.73197282,..,65.90457184
HTI,2010,52.491,-0.70476144,47.509,3.233385661,18.05516481,71.98838897
HTI,2011,51.508,-0.764709557,48.492,3.173711713,17.73545429,72.89550073
HTI,2012,50.523,-0.393379545,49.477,3.548379393,18.54325277,73.43976778
HTI,2013,49.54,-0.465844746,50.46,3.466294816,18.71624801,75.03628447
HTI,2014,48.556,-0.540289108,51.444,3.397249299,19.17668414,75.03628447
HTI,2015,47.573,-0.605347915,52.427,3.332683828,19.88014557,75.03628447
HTI,2016,46.604,-0.647080117,53.396,3.242233475,19.14929749,75.03628447
HTI,2017,45.654,-0.671979366,54.346,3.151043155,19.12974699,72.9317852
HTI,2018,44.722,-0.701436224,55.278,3.061529887,19.14097132,72.38751814
HTI,2019,43.808,-0.729766621,56.192,2.975074661,19.03230796,64.94920174
HTI,2020,42.912,-0.763589981,57.088,2.884885867,..,64.94920174
HTI,2021,42.036,-0.825205318,57.964,2.760112803,..,65.13062409
HTI,2022,41.18,-0.864032501,58.82,2.659326048,..,..
HND,1990,59.54,1.979346058,40.46,4.021562328,27.96905139,29.67199929
HND,1991,59.047,1.971662451,40.953,4.014276453,..,29.86862097
HND,1992,58.552,1.964091341,41.448,4.007412568,..,29.98480651
HND,1993,58.057,1.956437042,41.943,3.992618501,..,31.7097149
HND,1994,57.559,1.938626809,42.441,3.980458738,..,31.45946912
HND,1995,57.059,1.916864008,42.941,3.960519658,26.48486237,31.10197515
HND,1996,56.558,1.89563298,43.442,3.937535859,..,31.10197515
HND,1997,56.056,1.873519857,43.944,3.914022658,..,30.34230047
HND,1998,55.553,1.739614798,44.447,3.779062908,..,30.34230047
HND,1999,55.048,1.72779148,44.952,3.770789972,..,29.82393422
HND,2000,54.542,1.807932689,45.458,3.850742167,27.53958991,26.23111985
HND,2001,54.036,1.752688807,45.964,3.791688008,..,26.2400572
HND,2002,53.39,1.424803582,46.61,4.023187862,..,27.06229332
HND,2003,52.733,1.321010498,47.267,3.958940577,..,28.17946197
HND,2004,52.073,1.229817673,47.927,3.875947911,..,28.06327643
HND,2005,51.415,1.152931763,48.585,3.788189758,25.50601519,28.15264992
HND,2006,50.755,1.067215965,49.245,3.708523536,..,28.24202342
HND,2007,50.095,0.979220781,49.905,3.619448513,..,28.24202342
HND,2008,49.434,0.884618293,50.566,3.528725238,..,28.4565198
HND,2009,48.775,0.80131874,51.225,3.438183397,..,28.58164268
HND,2010,48.115,0.713578284,51.885,3.356189879,24.06241788,29.20725713
HND,2011,47.457,0.632890851,52.543,3.270067592,28.6901789,29.59156314
HND,2012,46.798,0.552481265,53.202,3.197257819,25.51904301,30.01161855
HND,2013,46.142,0.484261508,53.858,3.121464789,28.04343945,30.11886674
HND,2014,45.486,0.416725698,54.514,3.05927203,25.60894093,30.16355349
HND,2015,44.835,0.367805376,55.165,2.99648243,26.72226603,30.16355349
HND,2016,44.187,0.317503406,55.813,2.941139499,24.75521888,30.6014836
HND,2017,43.543,0.271683114,56.457,2.887097406,22.74896563,31.17347395
HND,2018,42.904,0.231326369,57.096,2.835216397,23.36239296,31.36115828
HND,2019,42.27,0.191960203,57.73,2.784981233,22.87512366,31.36115828
HND,2020,41.641,0.123593387,58.359,2.7065036,..,31.62034141
HND,2021,41.018,2.77E-02,58.982,2.596999092,..,31.95996068
HND,2022,40.4,-2.60E-02,59.6,2.534459169,..,..
HKG,1990,0.483,-62.58004277,99.517,0.747269786,..,8.080808081
HKG,1991,0.168,-104.7807264,99.832,1.14526821,..,8.080808081
HKG,1992,2.10E-02,-207.109399,99.979,0.986784646,..,8.080808081
HKG,1993,0,..,100,1.738771129,..,8.080808081
HKG,1994,0,..,100,2.252030431,..,8.080808081
HKG,1995,0,..,100,1.980132777,..,7.619047619
HKG,1996,0,..,100,4.438607795,..,7.619047619
HKG,1997,0,..,100,0.832512855,..,6.666666667
HKG,1998,0,..,100,0.834808807,..,6.666666667
HKG,1999,0,..,100,0.955125814,..,6.666666667
HKG,2000,0,..,100,0.881594076,..,6.666666667
HKG,2001,0,..,100,0.736962668,..,6.666666667
HKG,2002,0,..,100,0.442846827,..,6.666666667
HKG,2003,0,..,100,-0.197404126,..,6.666666667
HKG,2004,0,..,100,0.779918562,..,6.666666667
HKG,2005,0,..,100,0.436871406,..,6.666666667
HKG,2006,0,..,100,0.642270483,..,5.714285714
HKG,2007,0,..,100,0.859633272,..,5.714285714
HKG,2008,0,..,100,0.598238787,..,5.714285714
HKG,2009,0,..,100,0.215353334,..,5.714285714
HKG,2010,0,..,100,0.734446396,..,5.238095238
HKG,2011,0,..,100,0.672543292,..,5.238095238
HKG,2012,0,..,100,1.103957997,..,4.857142857
HKG,2013,0,..,100,0.401982536,..,4.857142857
HKG,2014,0,..,100,0.702370951,..,4.857142857
HKG,2015,0,..,100,0.851197911,..,4.857142857
HKG,2016,0,..,100,0.619366345,..,4.761904762
HKG,2017,0,..,100,0.768513878,..,4.857142857
HKG,2018,0,..,100,0.800230597,..,4.761904762
HKG,2019,0,..,100,0.739283471,..,4.761904762
HKG,2020,0,..,100,-0.358932662,..,3.80952381
HKG,2021,0,..,100,-0.911776749,..,3.80952381
HKG,2022,0,..,100,-0.907914524,..,..
HUN,1990,34.162,-1.115047591,65.838,-0.990578862,25.58181863,72.03738734
HUN,1991,34.287,0.359571077,65.713,-0.195710409,..,71.88160677
HUN,1992,34.413,0.327657519,65.587,-0.231053829,..,68.27639924
HUN,1993,34.539,0.251449028,65.461,-0.30633822,..,68.2172268
HUN,1994,34.665,0.227254137,65.335,-0.329547515,..,68.12819942
HUN,1995,34.791,0.22359439,65.209,-0.332255421,25.08759254,68.76251947
HUN,1996,34.917,0.189743486,65.083,-0.365186965,..,68.81816158
HUN,1997,35.044,0.161602506,64.956,-0.396785895,..,68.98663697
HUN,1998,35.171,0.129055465,64.829,-0.428381368,..,68.96436526
HUN,1999,35.298,7.72E-02,64.702,-0.479352633,..,68.88641425
HUN,2000,35.425,9.94E-02,64.575,-0.456240197,21.3395071,65.32024102
HUN,2001,35.33,-0.497887333,64.67,-8.24E-02,..,65.44298148
HUN,2002,34.919,-1.454908471,65.081,0.348782884,..,65.2644499
HUN,2003,34.511,-1.461713176,65.489,0.338511283,..,65.44298148
HUN,2004,34.104,-1.407793744,65.896,0.398121565,..,65.43182325
HUN,2005,33.635,-1.583634776,66.365,0.510331494,20.28580736,65.42796563
HUN,2006,33.105,-1.743994731,66.895,0.6397211,..,64.82535431
HUN,2007,32.579,-1.756542697,67.421,0.628309488,..,64.80303538
HUN,2008,32.057,-1.790342422,67.943,0.596165591,..,64.61332441
HUN,2009,31.54,-1.780803739,68.46,0.603140959,..,63.879377
HUN,2010,31.089,-1.666276993,68.911,0.430609461,20.010989,59.01910969
HUN,2011,30.642,-1.731586288,69.358,0.363199419,20.74074009,58.95283331
HUN,2012,30.322,-1.566266142,69.678,-5.61E-02,18.42206445,58.96387938
HUN,2013,30.047,-1.186444903,69.953,0.118529731,17.48896034,58.06914835
HUN,2014,29.773,-1.185438606,70.227,0.121535685,17.52501676,57.68134999
HUN,2015,29.5,-1.159048296,70.5,0.150141441,17.54829004,57.68134999
HUN,2016,29.221,-1.245353271,70.779,9.98E-02,15.73414047,57.87858865
HUN,2017,28.938,-1.239060531,71.062,0.133177105,16.57651016,58.10870042
HUN,2018,28.649,-1.130520009,71.351,0.279085902,16.63089611,58.03199649
HUN,2019,28.356,-1.073223655,71.644,0.36454098,16.49434933,57.83475783
HUN,2020,28.058,-1.271555244,71.942,0.200015936,..,53.8754394
HUN,2021,27.755,-1.499546483,72.245,6.54E-03,..,55.26724304
HUN,2022,27.448,-1.38439113,72.552,0.15193207,..,..
ISL,1990,9.25,-1.636863039,90.75,1.027072119,7.222283054,18.96259352
ISL,1991,9.068,-0.826450985,90.932,1.359338051,..,18.96259352
ISL,1992,8.888,-0.747105235,91.112,1.454266176,..,18.96259352
ISL,1993,8.713,-0.974434423,91.287,1.208954948,..,18.95261845
ISL,1994,8.54,-1.137967462,91.46,1.056099063,..,18.95261845
ISL,1995,8.37,-1.467712856,91.63,0.728118798,6.861635874,18.94264339
ISL,1996,8.203,-1.475975136,91.797,0.722045346,..,18.92269327
ISL,1997,8.04,-1.18565847,91.96,0.996408787,..,18.90274314
ISL,1998,7.879,-0.954122147,92.121,1.245970553,..,18.86284289
ISL,1999,7.733,-0.659823034,92.267,1.367486189,..,18.84289277
ISL,2000,7.599,-0.378337171,92.401,1.514278587,6.862278769,18.84289277
ISL,2001,7.468,-0.412661781,92.532,1.471213093,..,18.84289277
ISL,2002,7.338,-0.863640659,92.662,1.032998441,..,18.82294264
ISL,2003,7.211,-1.053017473,92.789,0.829430493,..,18.80299252
ISL,2004,7.086,-0.870762965,92.914,1.012559992,..,18.79301746
ISL,2005,6.963,-0.164418046,93.037,1.714901831,6.649553492,18.77306733
ISL,2006,6.841,0.5790963,93.159,2.478519638,..,18.76309227
ISL,2007,6.722,0.771723423,93.278,2.657999695,..,18.71321696
ISL,2008,6.605,0.104991897,93.395,1.98483023,..,18.71321696
ISL,2009,6.489,-1.431615534,93.511,0.465437225,..,18.7032419
ISL,2010,6.426,-1.119124175,93.574,-7.66E-02,6.595638323,18.69326683
ISL,2011,6.413,0.102702051,93.587,0.31937762,6.809186658,18.68528678
ISL,2012,6.4,0.331837119,93.6,0.545808759,6.191914657,18.67531172
ISL,2013,6.367,0.427808139,93.633,0.9812125,6.091801055,18.67531172
ISL,2014,6.333,0.575617716,93.667,1.148908265,5.939603293,18.67531172
ISL,2015,6.3,0.51955666,93.7,1.077160783,5.833587216,18.67331671
ISL,2016,6.265,0.831426808,93.735,1.425397053,5.436588878,18.67331671
ISL,2017,6.227,1.740651038,93.773,2.385884023,5.709265082,18.67331671
ISL,2018,6.187,2.032148066,93.813,2.720893704,5.690458273,18.56590301
ISL,2019,6.145,1.518901416,93.855,2.243618728,5.698616135,18.56590301
ISL,2020,6.102,0.920961607,93.898,1.668886086,..,18.56590301
ISL,2021,6.056,0.88153369,93.944,1.688364331,..,18.56590301
ISL,2022,6.008,1.692162122,93.992,2.53781702,..,..
IND,1990,74.453,1.816630324,25.547,3.092929503,71.4997561,61.01628218
IND,1991,74.222,1.791145932,25.778,3.002043136,..,61.07446884
IND,1992,74.016,1.796412636,25.984,2.87029913,..,60.97995755
IND,1993,73.809,1.76777634,26.191,2.841324866,..,61.00585566
IND,1994,73.601,1.738649754,26.399,2.811885018,..,60.97524881
IND,1995,73.393,1.708866229,26.607,2.776692245,65.62043097,60.85887548
IND,1996,73.183,1.664894588,26.817,2.737602928,..,60.73913877
IND,1997,72.972,1.630527795,27.028,2.702997788,..,60.87098369
IND,1998,72.76,1.596612575,27.24,2.66886959,..,60.83499541
IND,1999,72.547,1.556160698,27.453,2.628230166,..,60.88443725
IND,2000,72.333,1.526766896,27.667,2.598675553,70.47513018,60.86896566
IND,2001,72.082,1.460836745,27.918,2.711573919,..,60.70483218
IND,2002,71.756,1.323479362,28.244,2.937708255,..,60.72938494
IND,2003,71.428,1.266116509,28.572,2.878886128,..,60.62478348
IND,2004,71.097,1.208330179,28.903,2.82462859,..,60.66716221
IND,2005,70.765,1.136067722,29.235,2.746251941,70.80607699,60.58341377
IND,2006,70.431,1.051205933,29.569,2.660297138,..,60.50941918
IND,2007,70.094,0.986740874,29.906,2.599633138,..,60.4132262
IND,2008,69.754,0.936148347,30.246,2.552873022,..,60.45930465
IND,2009,69.413,0.901135162,30.587,2.512308892,..,60.56390611
IND,2010,69.07,0.882227128,30.93,2.49274629,76.67834222,60.39741826
IND,2011,68.724,0.859388098,31.276,2.474032431,79.99719051,60.43004315
IND,2012,68.366,0.80990622,31.634,2.470338202,86.38168408,60.42062566
IND,2013,67.997,0.756345049,32.003,2.457264391,89.45226202,60.43946065
IND,2014,67.616,0.678467711,32.384,2.423844627,95.24264397,60.44955082
IND,2015,67.223,0.604876249,32.777,2.394052977,88.44512429,60.43172485
IND,2016,66.818,0.580751673,33.182,2.413097263,92.23194665,60.39909996
IND,2017,66.4,0.528079622,33.6,2.407475136,81.81164804,60.2839388
IND,2018,65.97,0.437831347,34.03,2.359169975,83.04086375,60.24356466
IND,2019,65.528,0.353054653,34.472,2.315801985,83.19931634,60.21981337
IND,2020,65.074,0.259976035,34.926,2.263634557,..,60.04586286
IND,2021,64.607,7.70E-02,35.393,2.125468465,..,60.04592643
IND,2022,64.128,-6.38E-02,35.872,2.024671217,..,..
IDN,1990,69.416,0.443173058,30.584,4.876404795,26.88206326,24.88614848
IDN,1991,68.387,0.248713572,31.613,5.051320443,..,22.92155423
IDN,1992,67.297,0.103426233,32.703,5.099974508,..,22.82605696
IDN,1993,66.192,1.62E-02,33.808,4.994892083,..,23.19314186
IDN,1994,65.067,-6.35E-02,34.933,4.924132956,..,23.16830153
IDN,1995,63.924,-0.138095998,36.076,4.853756686,25.31042819,23.72417295
IDN,1996,62.765,-0.210911398,37.235,4.780952022,..,23.71865288
IDN,1997,61.594,-0.280223477,38.406,4.699540759,..,24.027225
IDN,1998,60.407,-0.381014864,39.593,4.608797609,..,24.22042758
IDN,1999,59.208,-0.504789531,40.792,4.483407852,..,25.32444233
IDN,2000,57.998,-0.617724991,42.002,4.370212881,23.34531803,25.12730896
IDN,2001,57.217,5.44E-02,42.783,3.25245836,..,25.9251704
IDN,2002,56.432,-7.95E-03,43.568,3.191729753,..,26.60425807
IDN,2003,55.644,-6.82E-02,44.356,3.130548826,..,27.23008396
IDN,2004,54.851,-0.162157394,45.149,3.045241126,..,27.64286274
IDN,2005,54.058,-0.19553909,45.942,3.001908317,21.75442599,27.76536482
IDN,2006,53.262,-0.184132251,46.738,3.017089438,..,28.36722291
IDN,2007,52.465,-0.195838086,47.535,3.002722636,..,28.91581923
IDN,2008,51.665,-0.234400248,48.335,2.971135604,..,29.09158309
IDN,2009,50.866,-0.287052163,49.134,2.911064121,..,29.48039407
IDN,2010,50.086,-0.293803012,49.914,2.826544509,22.31721025,29.49637261
IDN,2011,49.405,-0.113251253,50.595,2.61086126,18.94685133,30.04496892
IDN,2012,48.724,-0.132049402,51.276,2.592946074,20.06768554,30.06094745
IDN,2013,48.045,-0.190547112,51.955,2.528333014,20.01905868,30.34323488
IDN,2014,47.365,-0.265945005,52.635,2.459840852,18.89054816,30.51899874
IDN,2015,46.687,-0.33092545,53.313,2.390745353,19.92482789,30.78530763
IDN,2016,46.011,-0.399583612,53.989,2.318954028,21.15210797,31.79728141
IDN,2017,45.341,-0.460440473,54.659,2.239796021,18.55575927,33.71470542
IDN,2018,44.675,-0.513557189,55.325,2.177306227,19.11325719,34.03427608
IDN,2019,44.015,-0.550668038,55.985,2.123580212,19.37146134,34.14079964
IDN,2020,43.359,-0.661230199,56.641,2.005320259,..,34.2473232
IDN,2021,42.71,-0.813402954,57.29,1.834015854,..,34.13374193
IDN,2022,42.066,-0.882772358,57.934,1.754389675,..,..
IRN,1990,43.67,2.707719012,56.33,4.883724985,37.76866855,37.75878582
IRN,1991,43.135,2.62994622,56.865,4.807892447,..,38.67788993
IRN,1992,42.347,0.510007409,57.653,3.729941878,..,39.16292149
IRN,1993,41.481,-1.422504016,58.519,2.13462743,..,39.38701835
IRN,1994,40.62,-1.712799622,59.38,1.845294269,..,39.39008817
IRN,1995,39.764,-0.790116993,60.236,2.771008966,38.06961746,39.42140033
IRN,1996,38.913,-0.850246247,61.087,2.716002893,..,39.55585844
IRN,1997,38.147,-0.566177398,61.853,2.668102424,..,39.19054987
IRN,1998,37.412,-0.387846319,62.588,2.739010363,..,39.77688548
IRN,1999,36.682,-0.386392401,63.318,2.743750471,..,39.10152509
IRN,2000,35.958,-0.348067314,64.042,2.782339535,39.70649376,38.608512
IRN,2001,35.242,-0.301270784,64.758,2.821844013,..,39.18502419
IRN,2002,34.532,-1.06168777,65.468,2.063947712,..,39.32071023
IRN,2003,33.828,-1.131933895,66.172,1.997413805,..,39.45639628
IRN,2004,33.131,-0.466085015,66.869,2.663672229,..,39.59208232
IRN,2005,32.442,-0.491511732,67.558,2.635140519,38.35606228,29.24371915
IRN,2006,31.761,-0.575879101,68.239,2.54857265,..,29.37940519
IRN,2007,31.136,-0.533803879,68.864,2.365366402,..,29.51509124
IRN,2008,30.542,-0.554306605,69.458,2.230755669,..,28.66290921
IRN,2009,29.955,-0.580184511,70.045,2.202034961,..,28.66364596
IRN,2010,29.374,-0.554207786,70.626,2.230469637,41.37853622,28.57351605
IRN,2011,28.8,-0.695901827,71.2,2.086996047,42.55901964,28.48338613
IRN,2012,28.245,-0.668470676,71.755,2.05389841,41.48378839,28.39325622
IRN,2013,27.705,-0.473848107,72.295,2.20624876,41.23888443,28.21410153
IRN,2014,27.17,-5.27E-02,72.83,2.634513475,39.85297971,28.21410153
IRN,2015,26.642,0.299336321,73.358,2.984144859,40.89116772,28.21410153
IRN,2016,26.12,-0.142951954,73.88,2.544866457,39.84131218,28.21410153
IRN,2017,25.606,-0.558636032,74.394,2.122139707,38.9645715,28.61941448
IRN,2018,25.102,-0.680038299,74.898,1.983072682,38.60762301,28.91525424
IRN,2019,24.609,-0.883936477,75.391,1.755664998,38.01508315,28.96045196
IRN,2020,24.126,-1.147034724,75.874,1.473791895,..,28.98469442
IRN,2021,23.655,-1.248735704,76.345,1.341669514,..,29.00893683
IRN,2022,23.193,-1.261653676,76.807,1.314069461,..,..
IRQ,1990,30.294,1.835478138,69.706,0.967369891,52.98078092,21.10341359
IRQ,1991,30.478,1.664547121,69.522,0.794692343,..,22.01797105
IRQ,1992,30.663,3.582278127,69.337,2.710655665,..,21.83505956
IRQ,1993,30.848,5.433186593,69.152,4.564497671,..,22.56670554
IRQ,1994,31.034,5.418269263,68.966,4.547789219,..,21.37778083
IRQ,1995,31.22,3.999996753,68.78,3.132391534,48.26150047,20.80618241
IRQ,1996,31.407,3.840040483,68.593,2.970590193,..,20.80618241
IRQ,1997,31.595,3.742107665,68.405,2.870838155,..,19.80016919
IRQ,1998,31.612,3.238946858,68.388,3.160297307,..,19.77730526
IRQ,1999,31.558,3.102954136,68.442,3.352863547,..,19.43434621
IRQ,2000,31.504,3.16498429,68.496,3.415115577,50.92544334,19.43434621
IRQ,2001,31.45,3.01246877,68.55,3.262820568,..,19.41148227
IRQ,2002,31.396,3.039194846,68.604,3.289795529,..,19.868761
IRQ,2003,31.342,2.879178409,68.658,3.129987436,..,19.868761
IRQ,2004,31.288,2.704715269,68.712,2.955779088,..,19.868761
IRQ,2005,31.234,2.796963253,68.766,3.04826572,50.85365062,20.21172005
IRQ,2006,31.181,0.548597222,68.819,0.795477296,..,20.5546791
IRQ,2007,31.127,-1.023554225,68.873,-0.771786083,..,20.89763816
IRQ,2008,31.073,1.752837692,68.927,2.00483327,..,18.72556417
IRQ,2009,31.02,3.428074211,68.98,3.675660073,..,18.07423098
IRQ,2010,30.897,2.773624384,69.103,3.349087957,57.24593137,18.92613741
IRQ,2011,30.732,2.963123995,69.268,3.737066187,53.98373198,19.68594585
IRQ,2012,30.568,3.953384747,69.432,4.724947628,53.54775973,19.72854117
IRQ,2013,30.405,4.130753287,69.595,4.899906029,51.54630059,20.41736539
IRQ,2014,30.242,2.964742142,69.758,3.736213568,47.58535292,21.35084583
IRQ,2015,30.079,2.174536061,69.921,2.94836762,53.09642572,21.35084583
IRQ,2016,29.906,1.882587703,70.094,2.706520013,50.08978666,21.44298456
IRQ,2017,29.722,1.740531165,70.278,2.619852811,50.02941919,21.48905392
IRQ,2018,29.527,1.759317488,70.473,2.694646718,49.14829956,21.53512328
IRQ,2019,29.322,1.671684331,70.678,2.658858767,48.46825216,21.58119264
IRQ,2020,29.107,1.626172652,70.893,2.66584656,..,21.74243541
IRQ,2021,28.881,1.489418678,71.119,2.587170386,..,21.70788339
IRQ,2022,28.646,1.369901533,71.354,2.516805592,..,..
IRL,1990,43.071,-0.205338542,56.929,0.304190815,12.72396527,65.86442154
IRL,1991,42.927,0.24001503,57.073,0.82757088,..,64.52024967
IRL,1992,42.707,0.168464628,57.293,1.066969372,..,64.10509508
IRL,1993,42.488,-1.43E-02,57.512,0.881361141,..,63.97590361
IRL,1994,42.269,-0.122616905,57.731,0.774278032,..,63.77703585
IRL,1995,42.051,-4.35E-03,57.949,0.889571873,11.89778993,63.70590797
IRL,1996,41.827,0.257122927,58.173,1.17710047,..,63.0251125
IRL,1997,41.581,0.412958926,58.419,1.424787203,..,63.22601248
IRL,1998,41.336,0.452124357,58.664,1.461582802,..,63.42691247
IRL,1999,41.09,0.530427996,58.91,1.545739621,..,63.62781245
IRL,2000,40.845,0.734957208,59.155,1.74810267,11.0279213,63.81419655
IRL,2001,40.601,0.992979891,59.399,2.003778564,..,64.01509653
IRL,2002,40.351,1.067521503,59.649,2.105131362,..,63.47800842
IRL,2003,40.075,0.942611959,59.925,2.090584678,..,63.43446073
IRL,2004,39.798,1.134704859,60.202,2.289496684,..,62.49092757
IRL,2005,39.523,1.485318694,60.477,2.634456056,10.4600038,62.44737988
IRL,2006,39.262,2.033411221,60.738,3.126665122,..,61.83771229
IRL,2007,39.06,2.375172166,60.94,3.222963174,..,62.06996661
IRL,2008,38.859,1.522777221,61.141,2.368003848,..,67.19407751
IRL,2009,38.658,0.497045373,61.342,1.343885533,..,66.68485992
IRL,2010,38.458,2.62E-02,61.542,0.8703999,9.902931522,66.30860793
IRL,2011,38.258,-8.53E-02,61.742,0.760495841,10.06939194,66.11990129
IRL,2012,38.058,-0.100435696,61.942,0.747174721,9.157206628,65.8005516
IRL,2013,37.859,2.29E-03,62.141,0.847317414,8.786223954,64.98766149
IRL,2014,37.66,0.20401561,62.34,1.05070778,8.522230711,64.82798665
IRL,2015,37.462,0.417687503,62.538,1.261963534,8.381681865,64.30541443
IRL,2016,37.263,0.596193508,62.737,1.446547047,7.838263466,64.75540717
IRL,2017,37.053,0.523520295,62.947,1.422846879,7.664546609,65.16185223
IRL,2018,36.83,0.635216256,63.17,1.59251568,7.916850375,65.55378139
IRL,2019,36.595,0.727558086,63.405,1.738924175,7.854094218,65.66990855
IRL,2020,36.347,0.349111503,63.653,1.41948631,..,65.49571781
IRL,2021,36.088,0.238782653,63.912,1.359959653,..,62.9554362
IRL,2022,35.817,0.309863855,64.183,1.486841657,..,..
IMN,1990,48.254,1.65368253,51.746,1.641004429,..,69.47368421
IMN,1991,48.255,1.309474898,51.745,1.301996451,..,70.1754386
IMN,1992,48.246,0.745697957,51.754,0.786330253,..,70.87719298
IMN,1993,48.236,0.552714996,51.764,0.589131573,..,71.57894737
IMN,1994,48.227,0.52343127,51.773,0.558516075,..,72.45614035
IMN,1995,48.217,0.482980281,51.783,0.525689483,..,73.15789474
IMN,1996,48.208,0.717242858,51.792,0.751205051,..,73.85964912
IMN,1997,48.2,1.103368553,51.8,1.138876379,..,74.56140351
IMN,1998,48.192,1.260336436,51.808,1.288504448,..,75.43859649
IMN,1999,48.185,1.252988005,51.815,1.282452382,..,76.14035088
IMN,2000,48.177,1.17432238,51.823,1.204942193,..,76.84210526
IMN,2001,48.167,1.079201218,51.833,1.119912158,..,77.54385965
IMN,2002,48.149,0.984297176,51.851,1.057546374,..,79.64912281
IMN,2003,48.131,0.937389691,51.869,1.009381317,..,80.29824561
IMN,2004,48.113,0.904911505,51.887,0.977250574,..,80.35087719
IMN,2005,48.095,0.896796238,51.905,0.96779274,..,80.89473684
IMN,2006,48.078,0.982200765,51.922,1.05218404,..,74.31578947
IMN,2007,48.06,1.044510392,51.94,1.114849394,..,73.89473684
IMN,2008,48.042,1.061640697,51.958,1.135423578,..,77.68421053
IMN,2009,48.024,1.075604977,51.976,1.14820398,..,76.1754386
IMN,2010,48.006,1.056704103,51.994,1.13058125,..,76.10526316
IMN,2011,47.988,0.58473903,52.012,0.654030551,..,74.75438596
IMN,2012,47.954,-8.65E-02,52.046,5.24E-02,..,67.36842105
IMN,2013,47.904,-0.334361496,52.096,-0.134502078,..,68.07017544
IMN,2014,47.838,-0.432610505,52.162,-0.168953669,..,68.24561404
IMN,2015,47.755,-0.534640392,52.245,-0.203579872,..,70.87719298
IMN,2016,47.657,-0.376459222,52.343,1.60E-02,..,71.40350877
IMN,2017,47.542,-8.55E-02,52.458,0.374754792,..,70.52631579
IMN,2018,47.412,-4.28E-02,52.588,0.482367261,..,70.70175439
IMN,2019,47.265,-0.120922045,52.735,0.466496917,..,70.70175439
IMN,2020,47.102,-0.211966064,52.898,0.444089503,..,69.8245614
IMN,2021,46.924,-0.118796379,53.076,0.592049452,..,68.77192982
IMN,2022,46.729,-0.113873613,53.271,0.670777026,..,..
ISR,1990,9.641,2.021765227,90.359,3.209753793,22.47989867,26.75600739
ISR,1991,9.537,4.932305498,90.463,6.13205145,..,26.70979667
ISR,1992,9.435,2.38020492,90.565,3.568154834,..,26.66358595
ISR,1993,9.334,1.581901941,90.666,2.769545222,..,26.66358595
ISR,1994,9.233,1.501313628,90.767,2.700597442,..,26.75600739
ISR,1995,9.134,1.590130722,90.866,2.777310683,24.92926693,26.47874307
ISR,1996,9.057,1.769902288,90.943,2.701212771,..,26.06284658
ISR,1997,8.991,1.767139893,91.009,2.570928634,..,26.01663586
ISR,1998,8.926,1.561175563,91.074,2.358287683,..,25.97042514
ISR,1999,8.861,1.815600018,91.139,2.617774983,..,25.83179298
ISR,2000,8.797,1.917431248,91.203,2.712530951,23.32743848,26.15526802
ISR,2001,8.733,1.627019982,91.267,2.427257854,..,25.92421442
ISR,2002,8.67,1.290019012,91.33,2.083065028,..,26.01663586
ISR,2003,8.607,1.076140055,91.393,1.874484433,..,25.46210721
ISR,2004,8.544,1.033059363,91.456,1.836524486,..,23.72920518
ISR,2005,8.482,1.034575719,91.518,1.83066879,23.26803051,23.7754159
ISR,2006,8.42,1.034252995,91.58,1.835520758,..,23.51201479
ISR,2007,8.359,1.048994342,91.641,1.842687544,..,23.94177449
ISR,2008,8.298,1.044040614,91.702,1.843131099,..,23.82624769
ISR,2009,8.237,1.652432836,91.763,2.456699832,..,24.14972274
ISR,2010,8.174,1.058939898,91.826,1.895386753,24.98858454,23.31330869
ISR,2011,8.108,1.037362312,91.892,1.919927095,24.70951301,23.8909427
ISR,2012,8.04,1.003915499,91.96,1.92012572,22.35572158,24.31608133
ISR,2013,7.969,0.97914675,92.031,1.943221838,23.00431254,24.04343808
ISR,2014,7.896,0.999253846,92.104,1.998835119,21.76878839,24.84750462
ISR,2015,7.821,1.026908389,92.179,2.062684956,22.51370748,24.67190388
ISR,2016,7.744,0.970847507,92.256,2.043855169,18.85915608,25.50831793
ISR,2017,7.664,0.900284287,92.336,2.02540416,20.20136227,29.75970425
ISR,2018,7.582,0.850982671,92.418,2.015384411,20.05327737,29.6349353
ISR,2019,7.499,0.808165569,92.501,1.998758439,19.75989688,29.50092421
ISR,2020,7.413,0.610247739,92.587,1.85660693,..,29.87060998
ISR,2021,7.326,0.429895204,92.674,1.70430223,..,29.73659889
ISR,2022,7.237,0.743376922,92.763,2.061657352,..,..
ITA,1990,33.274,0.143834357,66.726,5.37E-02,26.88052783,57.25748869
ITA,1991,33.294,0.129319782,66.706,3.93E-02,..,54.58501921
ITA,1992,33.258,-4.03E-02,66.742,0.121878596,..,54.32661249
ITA,1993,33.198,-0.119433428,66.802,0.150993201,..,54.09540648
ITA,1994,33.138,-0.160524994,66.862,0.110149318,..,53.38818809
ITA,1995,33.078,-0.179634729,66.922,9.13E-02,25.24915008,52.13355547
ITA,1996,33.018,-0.153449924,66.982,0.117720947,..,52.18795689
ITA,1997,32.958,-0.128978609,67.042,0.142443745,..,52.17435653
ITA,1998,32.898,-0.153440908,67.102,0.118229703,..,52.64696882
ITA,1999,32.838,-0.165730443,67.162,0.106198406,..,53.71799667
ITA,2000,32.778,-0.137578558,67.222,0.134599939,24.24042054,52.87807979
ITA,2001,32.718,-0.127049091,67.282,0.145383965,..,52.42156379
ITA,2002,32.618,-0.157193041,67.382,0.297433898,..,51.64717738
ITA,2003,32.499,7.90E-02,67.501,0.620956423,..,50.40951176
ITA,2004,32.38,0.280345353,67.62,0.82332128,..,50.32835336
ITA,2005,32.262,0.126300744,67.738,0.665741727,21.57351808,49.83125816
ITA,2006,32.144,-6.59E-02,67.856,0.474607926,..,48.02886534
ITA,2007,32.026,0.137157224,67.974,0.67868172,..,47.89021974
ITA,2008,31.908,0.293337281,68.092,0.835914949,..,48.88846807
ITA,2009,31.791,8.83E-02,68.209,0.627292741,..,47.28288437
ITA,2010,31.673,-6.43E-02,68.327,0.480438951,20.29490103,48.45088902
ITA,2011,31.556,-0.198103561,68.444,0.343066345,21.4270346,46.84395268
ITA,2012,31.316,-0.493917569,68.684,0.61957915,18.84991698,46.42598692
ITA,2013,31.021,0.21277441,68.979,1.587835187,18.13743581,46.09120852
ITA,2014,30.728,-3.15E-02,69.272,1.341371299,17.10725238,44.5086197
ITA,2015,30.435,-1.054477376,69.565,0.325701454,18.04119054,43.77481249
ITA,2016,30.145,-1.127306555,69.855,0.246127222,15.75652778,43.32505969
ITA,2017,29.856,-1.113183465,70.144,0.26299854,16.09761447,43.3743296
ITA,2018,29.562,-1.179669989,70.438,0.228197851,16.26524128,41.94874847
ITA,2019,29.264,-2.166197776,70.736,-0.730852392,16.08828133,44.36999564
ITA,2020,28.961,-1.527890914,71.039,-5.97E-02,..,42.33226362
ITA,2021,28.654,-1.621065636,71.346,-0.124129801,..,41.94223159
ITA,2022,28.343,-1.51992808,71.657,6.32E-03,..,..
JAM,1990,50.556,0.380690881,49.444,1.196768503,14.6739593,43.95198523
JAM,1991,50.344,0.405604743,49.656,1.253780573,..,43.95198523
JAM,1992,50.104,0.459235605,49.896,1.41919616,..,43.95198523
JAM,1993,49.864,0.520686735,50.136,1.480642992,..,46.44506002
JAM,1994,49.625,0.535837135,50.375,1.491967801,..,46.16805171
JAM,1995,49.385,0.524105296,50.615,1.484207857,14.16875928,45.8910434
JAM,1996,49.145,0.44588656,50.855,1.405999656,..,45.61403509
JAM,1997,48.905,0.377582695,51.095,1.338027957,..,45.15235457
JAM,1998,48.665,0.350405769,51.335,1.31098644,..,44.69067405
JAM,1999,48.426,0.269517469,51.574,1.226307615,..,44.50600185
JAM,2000,48.186,0.115024454,51.814,1.076115059,15.00473993,44.22899354
JAM,2001,47.947,6.83E-03,52.053,0.964240272,..,44.22899354
JAM,2002,47.749,7.40E-02,52.251,0.867511345,..,43.76731302
JAM,2003,47.563,9.31E-02,52.437,0.838687469,..,43.76731302
JAM,2004,47.375,9.30E-02,52.625,0.846977659,..,43.58264081
JAM,2005,47.189,8.74E-02,52.811,0.833568719,15.37177139,43.1209603
JAM,2006,47.002,7.98E-02,52.998,0.830395904,..,43.1209603
JAM,2007,46.816,3.24E-02,53.184,0.779226628,..,42.84395199
JAM,2008,46.629,-2.51E-02,53.371,0.726152615,..,41.45891043
JAM,2009,46.443,6.25E-03,53.557,0.75377544,..,41.18190212
JAM,2010,46.257,2.00E-02,53.743,0.768079903,14.88750421,38.90120037
JAM,2011,46.07,4.28E-02,53.93,0.795248857,14.11539401,38.82733149
JAM,2012,45.868,5.63E-02,54.132,0.86959905,14.82105006,38.76269621
JAM,2013,45.65,4.74E-03,54.35,0.883136817,14.95906723,38.67036011
JAM,2014,45.416,-0.103139194,54.584,0.840344133,15.50872429,38.58725762
JAM,2015,45.167,-0.194792279,54.833,0.810110476,15.75409904,38.50415512
JAM,2016,44.902,-0.293656606,55.098,0.776923967,15.38590695,38.50415512
JAM,2017,44.622,-0.422994555,55.378,0.709354405,15.41666418,38.50415512
JAM,2018,44.326,-0.542503755,55.674,0.656204859,15.3714762,38.50415512
JAM,2019,44.015,-0.635209971,55.985,0.625966781,15.28940246,38.50415512
JAM,2020,43.689,-0.506901553,56.311,0.817135661,..,38.50415512
JAM,2021,43.348,-0.526533488,56.652,0.860776649,..,38.50415512
JAM,2022,42.992,-0.835872716,57.008,0.615165967,..,..
JPN,1990,22.661,-0.222696772,77.339,0.494834368,13.11132222,15.99561163
JPN,1991,22.527,-0.200262218,77.473,0.565933802,..,15.8639605
JPN,1992,22.39,-0.238824322,77.61,0.547872244,..,15.73230938
JPN,1993,22.254,-0.28509567,77.746,0.499248523,..,15.59517279
JPN,1994,22.119,-0.329288216,77.881,0.452684319,..,15.42786615
JPN,1995,21.984,-0.37761738,78.016,0.407782165,12.74090733,15.25507405
JPN,1996,21.855,-0.361633573,78.145,0.392098742,..,15.08916324
JPN,1997,21.728,-0.344525057,78.272,0.400657298,..,14.91632373
JPN,1998,21.602,-0.309855374,78.398,0.432577327,..,14.74897119
JPN,1999,21.477,-0.397743939,78.523,0.341902111,..,14.59807956
JPN,2000,21.351,-0.421126451,78.649,0.327609575,12.79177676,14.42524005
JPN,2001,20.01,-6.245690117,79.99,1.931623759,..,14.30178326
JPN,2002,18.353,-8.411382537,81.647,2.28287211,..,14.19753086
JPN,2003,16.804,-8.603627945,83.196,2.093400149,..,14.10150892
JPN,2004,15.36,-8.951359567,84.64,1.754431988,..,14.01920439
JPN,2005,14.022,-9.10453057,85.978,1.577840667,12.05741833,13.93689986
JPN,2006,12.882,-8.416281442,87.118,1.380580981,..,13.86392318
JPN,2007,11.854,-8.201648896,88.146,1.288009098,..,13.7909465
JPN,2008,10.897,-8.369362562,89.103,1.128273231,..,13.71522634
JPN,2009,10.011,-8.492798525,89.989,0.976949089,..,13.64773663
JPN,2010,9.188,-8.560655094,90.812,0.928359533,11.52530862,13.58847737
JPN,2011,8.931,-3.022223313,91.069,9.74E-02,12.67886893,13.4951989
JPN,2012,8.852,-1.048204221,91.148,-7.30E-02,13.106628,13.45679012
JPN,2013,8.774,-1.029335803,91.226,-5.87E-02,13.36533634,13.42112483
JPN,2014,8.696,-1.02565647,91.304,-4.72E-02,13.71386106,13.36076818
JPN,2015,8.619,-0.995531554,91.381,-2.18E-02,13.40887797,13.29492455
JPN,2016,8.543,-0.936819833,91.457,3.20E-02,13.35633595,13.20438957
JPN,2017,8.465,-0.999097241,91.535,3.38E-03,13.570691,13.10836763
JPN,2018,8.384,-1.088372987,91.616,-3.84E-02,13.47597168,13.02057613
JPN,2019,8.302,-1.123327281,91.698,-5.10E-02,13.46980666,12.93552812
JPN,2020,8.218,-1.311155576,91.782,-0.202631223,..,12.84499314
JPN,2021,8.133,-1.499653332,91.867,-0.36738454,..,12.781893
JPN,2022,8.045,-1.531763824,91.955,-0.348106762,..,..
JOR,1990,26.709,0.615900503,73.291,6.641782967,28.40140577,11.78830462
JOR,1991,25.545,0.744508202,74.455,6.776049621,..,11.4505893
JOR,1992,24.414,0.796010241,75.586,6.832153525,..,12.7005893
JOR,1993,23.32,0.67616008,76.68,6.697710448,..,12.35267452
JOR,1994,22.26,0.194767001,77.74,6.219635901,..,12.1486854
JOR,1995,21.793,2.001632402,78.207,4.720899453,31.27209259,12.62466002
JOR,1996,21.78,3.260075356,78.22,3.336262313,..,11.9106981
JOR,1997,21.768,2.620745666,78.232,2.691268668,..,12.02402539
JOR,1998,21.755,2.252720094,78.245,2.329034579,..,12.08068903
JOR,1999,21.742,2.112271287,78.258,2.188614772,..,12.09202176
JOR,2000,21.73,2.051375205,78.27,2.121929845,29.1775103,12.11468722
JOR,2001,21.717,2.036896166,78.283,2.113396043,..,11.58204896
JOR,2002,21.704,2.090251483,78.296,2.166783557,..,11.61604714
JOR,2003,21.692,2.204771006,78.308,2.275316255,..,11.38939257
JOR,2004,21.679,2.434653358,78.321,2.511231857,..,11.75203989
JOR,2005,20.515,-2.912072796,79.485,4.081984361,33.33893938,11.4800544
JOR,2006,19.03,-0.756015333,80.97,8.608938194,..,11.53671804
JOR,2007,17.629,-1.303327475,82.371,8.059279867,..,10.91681777
JOR,2008,16.308,-5.356188954,83.692,4.023776286,..,11.02107888
JOR,2009,15.072,-5.680527041,84.928,3.667221105,..,11.54539311
JOR,2010,13.912,-5.809511927,86.088,3.555765496,35.89120302,11.28970489
JOR,2011,12.828,-5.566404904,87.172,3.797135678,33.72917392,11.29308403
JOR,2012,11.815,-6.803178237,88.185,2.578148166,33.23273929,11.76954269
JOR,2013,10.875,-1.808452779,89.125,7.542234869,35.54875145,11.90132913
JOR,2014,10,3.405916147,90,12.77098935,33.92842262,11.98468123
JOR,2015,9.744,6.626497788,90.256,9.503967542,35.43994788,11.89794999
JOR,2016,9.494,2.236670171,90.506,5.112458152,32.03573347,12.00675828
JOR,2017,9.253,-8.62E-02,90.747,2.750933446,32.5078793,11.34264474
JOR,2018,9.021,-0.174183513,90.979,2.62043448,31.45267441,11.50934895
JOR,2019,8.797,-0.256904649,91.203,2.503414856,30.64558855,11.67308602
JOR,2020,8.582,-0.346981242,91.418,2.362820141,..,11.58862085
JOR,2021,8.374,-0.46445105,91.626,2.216344393,..,11.52104872
JOR,2022,8.173,-1.202955748,91.827,1.445769018,..,..
KAZ,1990,43.734,0.812635082,56.266,0.442741901,21.24364734,..
KAZ,1991,43.825,0.840251424,56.175,0.470529387,..,..
KAZ,1992,43.917,0.132991286,56.083,-0.24062256,..,82.03244805
KAZ,1993,44.008,-0.149025943,55.992,-0.518417265,..,82.13764492
KAZ,1994,44.1,-1.235586243,55.9,-1.608873441,..,82.10208542
KAZ,1995,44.079,-2.109669374,55.921,-2.024480443,20.38051606,80.44838315
KAZ,1996,44.057,-1.566254816,55.943,-1.476979904,..,79.81390525
KAZ,1997,44.036,-1.625187669,55.964,-1.540002802,..,79.89472904
KAZ,1998,44.014,-1.778388607,55.986,-1.689112751,..,79.76064007
KAZ,1999,43.975,-1.043773622,56.025,-0.885467494,..,79.66637034
KAZ,2000,43.902,-0.466343176,56.098,-0.169987079,18.03449697,79.7841612
KAZ,2001,43.829,-0.336474501,56.171,-4.00E-02,..,79.44793866
KAZ,2002,43.756,-0.162579534,56.244,0.13400913,..,79.07134126
KAZ,2003,43.683,0.169443275,56.317,0.466110205,..,78.89817387
KAZ,2004,43.61,0.527648171,56.39,0.824455478,..,78.7756047
KAZ,2005,43.537,0.72136967,56.463,1.018266274,17.53591329,78.63318146
KAZ,2006,43.464,0.889856377,56.536,1.18687657,..,78.48149794
KAZ,2007,43.391,0.97575962,56.609,1.272885624,..,78.3181835
KAZ,2008,43.318,1.704579013,56.682,2.001836656,..,78.10178909
KAZ,2009,43.245,1.813746585,56.755,2.111112464,..,78.07656406
KAZ,2010,43.173,1.246640534,56.827,1.540051355,18.97825386,80.43923399
KAZ,2011,43.1,1.262278447,56.9,1.559892902,22.31865641,80.37504167
KAZ,2012,43.027,1.239166637,56.973,1.536884701,24.00908326,80.38378338
KAZ,2013,42.954,1.269640115,57.046,1.567494404,22.85330812,80.37711598
KAZ,2014,42.882,1.304898228,57.118,1.598813365,21.45655621,80.30499685
KAZ,2015,42.809,1.291112455,57.191,1.589203106,20.51355436,80.10508575
KAZ,2016,42.736,1.251368768,57.264,1.54961238,20.86881423,80.09856651
KAZ,2017,42.664,1.191770711,57.336,1.48602996,20.10344809,80.08804682
KAZ,2018,42.572,1.098646589,57.428,1.474855819,20.25210336,80.02226173
KAZ,2019,42.46,1.026185619,57.54,1.48443982,20.29485447,79.25854725
KAZ,2020,42.329,0.989628831,57.671,1.526047151,..,79.26925214
KAZ,2021,42.179,0.944513727,57.821,1.559265649,..,79.19246583
KAZ,2022,42.01,2.814411237,57.99,3.507759448,..,..
KEN,1990,83.252,3.085418596,16.748,4.983642492,21.75745986,47.03587869
KEN,1991,82.957,2.856676807,17.043,4.95772371,..,47.22388165
KEN,1992,82.658,2.675715144,17.342,4.775948376,..,47.56650385
KEN,1993,82.355,2.574597837,17.645,4.673959981,..,47.15887128
KEN,1994,82.048,2.506512251,17.952,4.604910545,..,47.84762976
KEN,1995,81.737,2.429598998,18.263,4.526933147,22.09834847,47.82303124
KEN,1996,81.421,2.319119023,18.579,4.421947271,..,46.47538391
KEN,1997,81.102,2.281868578,18.898,4.376846652,..,46.72664019
KEN,1998,80.778,2.288864227,19.222,4.389091907,..,46.48768317
KEN,1999,80.45,2.394391067,19.55,4.493254221,..,47.22212461
KEN,2000,80.108,2.48943497,19.892,4.64966991,25.47181528,46.86193204
KEN,2001,79.761,2.594720521,20.239,4.758207441,..,47.15711424
KEN,2002,79.409,2.591314359,20.591,4.75787616,..,47.12021647
KEN,2003,79.052,2.516856113,20.948,4.686361533,..,47.21861054
KEN,2004,78.69,2.530539294,21.31,4.702835005,..,47.42594089
KEN,2005,78.325,2.511656737,21.675,4.674886415,23.2584201,47.44351126
KEN,2006,77.955,2.501199741,22.045,4.667345812,..,47.53487718
KEN,2007,77.58,2.483617175,22.42,4.652585088,..,47.56298977
KEN,2008,77.2,2.487824887,22.8,4.659556205,..,47.58934533
KEN,2009,76.817,2.463343127,23.183,4.626563536,..,47.94075271
KEN,2010,76.429,2.311147541,23.571,4.477313458,26.8091823,47.98467864
KEN,2011,76.031,2.133328585,23.969,4.329857234,28.78168174,48.53111712
KEN,2012,75.624,1.989213025,24.376,4.209720046,29.07804791,48.55044453
KEN,2013,75.206,1.855661304,24.794,4.110202956,28.08814029,48.56977194
KEN,2014,74.779,1.724787519,25.221,4.001703306,27.25581094,48.58909934
KEN,2015,74.342,1.614218134,25.658,3.918168605,28.08947284,48.61018379
KEN,2016,73.895,1.599054916,26.105,3.929292299,26.88967903,48.62951119
KEN,2017,73.438,1.55534458,26.562,3.911179714,25.06403775,48.6488386
KEN,2018,72.97,1.393422278,27.03,3.779308361,23.28569035,48.668166
KEN,2019,72.493,1.322618475,27.507,3.727770713,21.61458718,48.68749341
KEN,2020,72.005,1.334255013,27.995,3.768242363,..,48.68749341
KEN,2021,71.507,1.248738518,28.493,3.706016741,..,48.68749341
KEN,2022,70.998,1.195146862,29.002,3.680144053,..,..
KIR,1990,65.013,1.824487317,34.987,3.110580557,8.969294845,48.14814815
KIR,1991,64.728,1.52193857,35.272,2.77279662,..,48.14814815
KIR,1992,64.445,1.230575093,35.555,2.467185318,..,48.14814815
KIR,1993,64.161,1.077771701,35.839,2.312571832,..,45.67901235
KIR,1994,63.877,1.025328292,36.123,2.260298528,..,45.67901235
KIR,1995,63.591,1.057389684,36.409,2.291269687,9.811958766,45.67901235
KIR,1996,62.614,9.45E-02,37.386,4.295280437,..,45.67901235
KIR,1997,61.248,-0.438643808,38.752,5.353342099,..,45.67901235
KIR,1998,59.862,-0.528146312,40.138,5.273084529,..,41.97530864
KIR,1999,58.46,-0.65629081,41.54,5.149652577,..,41.97530864
KIR,2000,57.042,-0.709955095,42.958,5.102022898,10.06469304,41.97530864
KIR,2001,56.527,0.993704294,43.473,3.093841546,..,41.97530864
KIR,2002,56.508,2.009991546,43.492,2.086971047,..,41.97530864
KIR,2003,56.488,2.002304243,43.512,2.083306077,..,41.97530864
KIR,2004,56.468,1.983244223,43.532,2.062276872,..,41.97530864
KIR,2005,56.449,1.962723258,43.551,2.039319719,10.27696685,41.97530864
KIR,2006,55.97,1.082314095,44.03,3.03186161,..,41.97530864
KIR,2007,55.134,0.391975701,44.866,3.774284939,..,41.97530864
KIR,2008,54.294,0.374502359,45.706,3.767557865,..,41.97530864
KIR,2009,53.453,0.37310507,46.547,3.756494415,..,41.97530864
KIR,2010,52.61,0.278478069,47.39,3.663471644,9.806587652,41.97530864
KIR,2011,51.765,0.103790107,48.235,3.488714735,9.763735686,41.97530864
KIR,2012,50.918,-7.21E-02,49.082,3.318174151,9.70650164,41.97530864
KIR,2013,50.073,-0.169055793,49.927,3.213365907,9.738884647,41.97530864
KIR,2014,49.227,-0.236452617,50.773,3.145865484,9.287738199,41.97530864
KIR,2015,48.381,-0.247638716,51.619,3.139588862,9.097105532,41.97530864
KIR,2016,47.55,-0.196778918,52.45,3.132532301,9.691195176,41.97530864
KIR,2017,46.738,-0.174055173,53.262,3.084185627,9.564153332,41.97530864
KIR,2018,45.943,-0.151211948,54.057,3.047901792,9.484560864,41.97530864
KIR,2019,45.165,-0.101529181,54.835,3.035570846,9.468882294,41.97530864
KIR,2020,44.406,7.84E-02,55.594,3.146885497,..,41.97530864
KIR,2021,43.665,0.206350691,56.335,3.212155216,..,41.97530864
KIR,2022,42.942,0.143837648,57.058,3.088142657,..,..
PRK,1990,41.616,1.120075634,58.384,1.72889922,41.0299561,20.91188439
PRK,1991,41.469,1.154045611,58.531,1.759351599,..,21.01154389
PRK,1992,41.321,1.167363597,58.679,1.77743127,..,21.01154389
PRK,1993,41.174,1.184964012,58.826,1.79155838,..,21.17764305
PRK,1994,41.061,1.239428579,58.939,1.706166381,..,22.00813886
PRK,1995,40.982,1.067521866,59.018,1.394049541,39.4431899,22.00813886
PRK,1996,40.903,0.823995736,59.097,1.150717037,..,21.17764305
PRK,1997,40.824,0.744265658,59.176,1.071170605,..,21.17764305
PRK,1998,40.745,0.662386492,59.255,0.989511879,..,21.17764305
PRK,1999,40.666,0.588406391,59.334,0.915710723,..,21.17764305
PRK,2000,40.588,0.506127669,59.412,0.829486691,40.4530048,21.17764305
PRK,2001,40.509,0.42575888,59.491,0.753462281,..,21.17764305
PRK,2002,40.43,0.338775207,59.57,0.66668968,..,21.17764305
PRK,2003,40.352,0.411248627,59.648,0.735228496,..,21.17764305
PRK,2004,40.273,0.504737045,59.727,0.833047691,..,21.17764305
PRK,2005,40.195,0.439026642,59.805,0.76340398,40.67379917,21.59289096
PRK,2006,40.116,0.360931319,59.884,0.68967829,..,21.59289096
PRK,2007,40.038,0.302347799,59.962,0.627140102,..,21.59289096
PRK,2008,39.96,0.265984935,60.04,0.590992995,..,22.00813886
PRK,2009,39.805,6.99E-02,60.195,0.716381272,..,22.17423802
PRK,2010,39.623,-3.23E-02,60.377,0.727838674,38.71368093,22.2572876
PRK,2011,39.443,-6.17E-02,60.557,0.691268375,44.5453414,21.8420397
PRK,2012,39.262,-4.13E-02,60.738,0.717123367,45.41253543,21.8420397
PRK,2013,39.082,-2.30E-03,60.918,0.753120628,49.82200792,21.8420397
PRK,2014,38.902,3.43E-02,61.098,0.791027078,49.15322338,21.8420397
PRK,2015,38.723,6.23E-02,61.277,0.816056523,47.15602971,21.8420397
PRK,2016,38.529,1.74E-02,61.471,0.835749842,42.7322875,21.75899012
PRK,2017,38.322,-4.09E-02,61.678,0.833995259,42.74423807,21.59289096
PRK,2018,38.101,-0.102052748,61.899,0.83399112,44.30760137,21.59289096
PRK,2019,37.866,-0.162246271,62.134,0.835379545,44.32957478,21.55136617
PRK,2020,37.619,-0.220420948,62.381,0.830757909,..,21.55136617
PRK,2021,37.358,-0.293264457,62.642,0.820464998,..,21.55136617
PRK,2022,37.084,-0.361422143,62.916,0.811184781,..,..
KOR,1990,26.156,-5.297482686,73.844,3.308648727,24.95127354,22.58967448
KOR,1991,25.028,-3.418556321,74.972,2.505781485,..,22.40306863
KOR,1992,24.18,-2.407777812,75.82,2.163902578,..,22.14389384
KOR,1993,23.355,-2.455655264,76.645,2.098048043,..,21.957288
KOR,1994,22.548,-2.510315913,77.452,2.053559227,..,21.72921418
KOR,1995,21.761,-2.546491794,78.239,2.017184418,24.26881701,21.23159859
KOR,1996,21.338,-1.010212956,78.662,1.491976086,..,20.81691893
KOR,1997,21.095,-0.207626181,78.905,1.246152242,..,20.55774414
KOR,1998,20.855,-0.422371938,79.145,1.025567984,..,20.41260626
KOR,1999,20.616,-0.441830114,79.384,1.012316745,..,20.25710139
KOR,2000,20.379,-0.320068608,79.621,1.134284408,24.22215497,20.45407423
KOR,2001,20.06,-0.81047541,79.94,1.167089278,..,20.10543725
KOR,2002,19.701,-1.227887139,80.299,1.026040123,..,19.82642835
KOR,2003,19.348,-1.289708049,80.652,0.956963846,..,19.64876033
KOR,2004,18.998,-1.42920248,81.002,0.829355606,..,19.55174551
KOR,2005,18.655,-1.609951419,81.345,0.63454984,23.59097074,19.42178627
KOR,2006,18.472,-0.460618473,81.528,0.749916123,..,19.17836499
KOR,2007,18.369,-5.39E-02,81.631,0.631491672,..,18.98472967
KOR,2008,18.267,0.20249655,81.733,0.884188822,..,18.73389009
KOR,2009,18.165,-4.53E-02,81.835,0.639403401,..,18.49371523
KOR,2010,18.064,-5.93E-02,81.936,0.621566983,22.85407832,18.24074074
KOR,2011,18.077,0.840909322,81.923,0.753105096,25.45681317,18.06873135
KOR,2012,18.149,0.923215784,81.851,0.437788266,25.79816942,18.3742678
KOR,2013,18.221,0.851157798,81.779,0.367213427,27.53881372,18.15429146
KOR,2014,18.293,1.022511668,81.707,0.540070703,28.1810993,17.94416504
KOR,2015,18.366,0.925555908,81.634,0.437904533,26.97657307,17.81517779
KOR,2016,18.438,0.788121027,81.562,0.308612806,27.80560684,17.44607084
KOR,2017,18.497,0.600446738,81.503,0.20860462,26.88210754,17.19515947
KOR,2018,18.541,0.671113712,81.459,0.379518534,27.43635201,16.94011485
KOR,2019,18.57,0.504154117,81.43,0.312269898,27.44033926,16.77254098
KOR,2020,18.586,0.223993327,81.414,0.118218403,..,16.60860656
KOR,2021,18.586,-0.176401097,81.414,-0.176410375,..,16.42418033
KOR,2022,18.573,-0.295873531,81.427,-0.209930834,..,..
XKX,1990,..,..,..,..,..,..
XKX,1991,..,..,..,..,..,..
XKX,1992,..,..,..,..,..,..
XKX,1993,..,..,..,..,..,..
XKX,1994,..,..,..,..,..,..
XKX,1995,..,..,..,..,..,..
XKX,1996,..,..,..,..,..,..
XKX,1997,..,..,..,..,..,..
XKX,1998,..,..,..,..,..,..
XKX,1999,..,..,..,..,..,..
XKX,2000,..,..,..,..,..,..
XKX,2001,..,..,..,..,..,..
XKX,2002,..,..,..,..,..,..
XKX,2003,..,..,..,..,..,..
XKX,2004,..,..,..,..,..,..
XKX,2005,..,..,..,..,..,..
XKX,2006,..,..,..,..,..,..
XKX,2007,..,..,..,..,..,..
XKX,2008,..,..,..,..,..,..
XKX,2009,..,..,..,..,..,..
XKX,2010,..,..,..,..,..,..
XKX,2011,..,..,..,..,..,..
XKX,2012,..,..,..,..,..,..
XKX,2013,..,..,..,..,..,..
XKX,2014,..,..,..,..,..,..
XKX,2015,..,..,..,..,..,..
XKX,2016,..,..,..,..,..,..
XKX,2017,..,..,..,..,..,..
XKX,2018,..,..,..,..,..,..
XKX,2019,..,..,..,..,..,..
XKX,2020,..,..,..,..,..,..
XKX,2021,..,..,..,..,..,..
XKX,2022,..,..,..,..,..,..
KWT,1990,2.026,-28.41099548,97.974,-27.70793168,59.7021408,7.912457912
KWT,1991,2.012,-23.03970592,97.988,-22.33372015,..,7.912457912
KWT,1992,1.998,18.35205458,98.002,19.06636219,..,7.912457912
KWT,1993,1.984,1.313143984,98.016,2.030801245,..,7.968574635
KWT,1994,1.971,-1.418202239,98.029,-0.747898657,..,7.968574635
KWT,1995,1.904,-2.602674273,98.096,0.924811083,53.86064104,7.968574635
KWT,1996,1.675,-9.947240753,98.325,3.097418627,..,8.024691358
KWT,1997,1.473,-9.497376029,98.527,3.562223969,..,8.024691358
KWT,1998,1.295,-9.633977001,98.705,3.424315806,..,8.024691358
KWT,1999,1.138,-9.792361605,98.862,3.290564822,..,8.080808081
KWT,2000,1,-9.911333054,99,3.154879277,63.06021564,8.305274972
KWT,2001,9.20E-02,-235.7232472,99.908,3.804940685,..,8.47362514
KWT,2002,0,..,100,2.849787347,..,8.47362514
KWT,2003,0,..,100,2.610111849,..,8.47362514
KWT,2004,0,..,100,2.443137206,..,8.417508418
KWT,2005,0,..,100,3.733592238,65.2862992,8.417508418
KWT,2006,0,..,100,5.568354328,..,8.417508418
KWT,2007,0,..,100,5.888960464,..,8.47362514
KWT,2008,0,..,100,5.59158489,..,8.47362514
KWT,2009,0,..,100,5.311834538,..,8.501683502
KWT,2010,0,..,100,5.152155972,66.2493716,8.529741863
KWT,2011,0,..,100,6.58897845,67.97715751,8.557800224
KWT,2012,0,..,100,7.676428102,69.2648667,8.529741863
KWT,2013,0,..,100,7.156824721,66.7946724,8.61952862
KWT,2014,0,..,100,3.106740562,57.02947492,8.535353535
KWT,2015,0,..,100,3.837569365,66.14461017,8.383838384
KWT,2016,0,..,100,3.502809085,61.00890885,8.417508418
KWT,2017,0,..,100,1.8798817,63.39850808,8.496071829
KWT,2018,0,..,100,4.55608227,61.4947645,8.417508418
KWT,2019,0,..,100,2.829852402,60.96648013,8.417508418
KWT,2020,0,..,100,-1.832820647,..,8.417508418
KWT,2021,0,..,100,-2.562808093,..,8.417508418
KWT,2022,0,..,100,0.440405187,..,..
KGZ,1990,62.223,2.388401639,37.777,1.165022633,22.5686402,..
KGZ,1991,62.51,2.095492329,37.49,0.872684447,..,..
KGZ,1992,62.797,1.61191403,37.203,0.385296254,..,52.59645464
KGZ,1993,63.082,0.481604291,36.918,-0.740233157,..,52.7632951
KGZ,1994,63.367,0.415319701,36.633,-0.810363153,..,53.85297185
KGZ,1995,63.651,1.445489403,36.349,0.220009468,22.6644084,54.93743483
KGZ,1996,63.934,1.923714627,36.066,0.698482734,..,55.47966632
KGZ,1997,64.215,1.897054906,35.785,0.676324101,..,55.58394161
KGZ,1998,64.496,1.970676784,35.504,0.745692358,..,55.73514077
KGZ,1999,64.7,1.801885965,35.3,0.909806158,..,55.92283629
KGZ,2000,64.702,1.194218,35.298,1.185458328,24.55999538,55.86027112
KGZ,2001,64.704,0.951955842,35.296,0.94317541,..,56.1835245
KGZ,2002,64.705,0.919415832,35.295,0.915119207,..,56.1835245
KGZ,2003,64.707,1.051545284,35.293,1.042760903,..,56.51720542
KGZ,2004,64.708,1.211646499,35.292,1.207279922,..,56.15224192
KGZ,2005,64.71,1.130949805,35.29,1.12220722,22.57651105,56.02189781
KGZ,2006,64.711,1.07661562,35.289,1.072182784,..,55.94942649
KGZ,2007,64.713,0.956681403,35.287,0.947912305,..,55.93639208
KGZ,2008,64.715,0.953310203,35.285,0.944553023,..,55.92909281
KGZ,2009,64.716,1.208790013,35.284,1.20446979,..,55.3561001
KGZ,2010,64.694,1.158864163,35.306,1.255195821,23.28809126,55.32794578
KGZ,2011,64.648,1.145784554,35.352,1.34705314,27.72189651,55.31021898
KGZ,2012,64.577,1.555352288,35.423,1.865869594,27.65705871,55.22054223
KGZ,2013,64.483,1.839066369,35.517,2.249758124,28.77509614,55.04014599
KGZ,2014,64.365,1.822948607,35.635,2.33778839,26.29792566,55.04223149
KGZ,2015,64.223,1.838157093,35.777,2.456733891,25.33994116,55.0375391
KGZ,2016,64.056,1.776863672,35.944,2.502902051,24.71003894,54.95881126
KGZ,2017,63.865,1.63500194,36.135,2.463663618,24.09670211,54.9535975
KGZ,2018,63.649,1.651546975,36.351,2.586280571,24.22386133,54.07090719
KGZ,2019,63.409,1.710098237,36.591,2.745930809,24.07288994,54.05839416
KGZ,2020,63.144,1.479061527,36.856,2.619484054,..,54.0552659
KGZ,2021,62.854,1.226011293,37.146,2.470098037,..,54.0464025
KGZ,2022,62.539,1.150072127,37.461,2.496911806,..,..
LAO,1990,84.563,2.442381332,15.437,5.063121428,26.41036352,7.19237435
LAO,1991,84.218,2.397288457,15.782,5.016333748,..,7.201039861
LAO,1992,83.867,2.335959317,16.133,4.95322417,..,7.209705373
LAO,1993,83.51,2.259814948,16.49,4.875114111,..,7.214038128
LAO,1994,83.146,2.147331117,16.854,4.767611837,..,7.322357019
LAO,1995,82.622,1.822511167,17.378,5.516389575,26.04456945,7.365684575
LAO,1996,81.766,1.294996347,18.234,7.144720507,..,7.365684575
LAO,1997,80.88,1.002377282,19.12,6.836617128,..,7.608318891
LAO,1998,79.961,0.711284547,20.039,6.548606011,..,7.647313692
LAO,1999,79.009,0.561738341,20.991,6.400749654,..,7.681975737
LAO,2000,78.023,0.430181736,21.977,6.276325325,25.38939064,7.824956672
LAO,2001,77.007,0.312139629,22.993,6.142139007,..,7.97660312
LAO,2002,75.956,0.17885163,24.044,6.02265909,..,8.128249567
LAO,2003,74.874,3.43E-02,25.126,5.870773749,..,8.279896014
LAO,2004,73.758,-0.120881619,26.242,5.72665316,..,8.431542461
LAO,2005,72.814,0.171366205,27.186,4.993581373,25.8689361,8.600519931
LAO,2006,72.252,0.812080299,27.748,3.633134988,..,8.773830156
LAO,2007,71.684,0.79163879,28.316,3.607168058,..,8.93847487
LAO,2008,71.107,0.744150896,28.893,3.569545858,..,9.116117851
LAO,2009,70.525,0.6996055,29.475,3.515803329,..,9.393414211
LAO,2010,69.936,0.650818699,30.064,3.468050822,26.37801788,9.618717504
LAO,2011,69.34,0.602723348,30.66,3.421665754,21.75888724,9.863518198
LAO,2012,68.736,0.556094179,31.264,3.381797958,22.99309691,9.996750433
LAO,2013,68.128,0.514177891,31.872,3.328695463,24.66969698,10.1169844
LAO,2014,67.513,0.458082204,32.487,3.276163978,21.54907826,10.1169844
LAO,2015,66.892,0.499877336,33.108,3.317448268,20.78189635,10.1169844
LAO,2016,66.264,0.576564015,33.736,3.39884717,23.40354416,10.1169844
LAO,2017,65.632,0.576023994,34.368,3.390407511,19.26088509,9.787261698
LAO,2018,64.996,0.54494604,35.004,3.352344138,20.50574635,9.457538995
LAO,2019,64.355,0.504294758,35.645,3.310059924,20.54733513,9.127816291
LAO,2020,63.71,0.470138668,36.29,3.270805552,..,8.79982669
LAO,2021,63.061,0.409309689,36.939,3.205785518,..,8.79982669
LAO,2022,62.408,0.355601032,37.592,3.148815865,..,..
LVA,1990,30.75,-0.305180684,69.25,-7.05E-02,20.87171164,..
LVA,1991,30.799,-0.313954336,69.201,-0.543870094,..,..
LVA,1992,31.148,-0.249959349,68.852,-1.882423158,..,40.65759236
LVA,1993,31.201,-1.801935396,68.799,-2.048932053,..,40.40046925
LVA,1994,31.099,-2.001205891,68.901,-1.525712573,..,40.81829431
LVA,1995,31.25,-0.941496446,68.75,-1.645180682,19.47926636,29.44059653
LVA,1996,31.35,-0.806898598,68.65,-1.271929779,..,30.1155447
LVA,1997,31.4,-0.837415127,68.6,-1.069614965,..,28.47638485
LVA,1998,31.549,-0.469477038,68.451,-1.160375556,..,28.10677037
LVA,1999,31.78,-8.45E-02,68.22,-1.151982168,..,25.98550468
LVA,2000,31.933,-0.483597901,68.067,-1.188488739,17.24708544,25.51946904
LVA,2001,32.05,-0.92579658,67.95,-1.463509209,..,25.40697768
LVA,2002,32.15,-0.850262264,67.85,-1.309136986,..,25.6319604
LVA,2003,32.2,-0.810985334,67.8,-1.040127247,..,25.42304787
LVA,2004,32.1,-1.402444008,67.9,-0.943886864,..,26.38725955
LVA,2005,32,-1.392517224,68,-0.933435958,17.02533531,27.86571745
LVA,2006,32.033,-0.814287671,67.967,-0.965773377,..,29.810211
LVA,2007,32.1,-0.607238741,67.9,-0.914799375,..,29.55308789
LVA,2008,32.166,-0.845553468,67.834,-1.148183625,..,29.32810516
LVA,2009,32.186,-1.588750204,67.814,-1.680568386,..,29.45666672
LVA,2010,32.159,-2.165245371,67.841,-2.041489814,18.08881031,29.00670127
LVA,2011,32.131,-1.907929867,67.869,-1.779475266,15.79757359,29.18347341
LVA,2012,32.103,-1.327591098,67.897,-1.199087751,15.24810165,29.58522828
LVA,2013,32.075,-1.15815296,67.925,-1.029870124,15.55702788,30.16375528
LVA,2014,32.048,-1.026070018,67.952,-0.901947953,16.19572343,30.08340431
LVA,2015,32.02,-0.906016475,67.98,-0.777437304,13.78739916,30.28428174
LVA,2016,31.979,-1.042043205,68.021,-0.853577171,12.896183,31.03154579
LVA,2017,31.925,-1.055112728,68.075,-0.806909777,11.78077521,31.06368618
LVA,2018,31.858,-0.989293511,68.142,-0.680734207,12.208934,31.14403715
LVA,2019,31.778,-0.946712544,68.222,-0.57788598,12.01165835,31.49758144
LVA,2020,31.685,-0.994281658,68.315,-0.56499148,..,31.64068777
LVA,2021,31.579,-1.178370884,68.421,-0.688264283,..,31.65675719
LVA,2022,31.46,-0.436506157,68.54,0.114794868,..,..
LBN,1990,16.88,-0.176890917,83.12,2.346364831,25.84990838,59.13978495
LBN,1991,16.528,-9.55E-02,83.472,2.434501516,..,59.23753666
LBN,1992,16.182,7.26E-03,83.818,2.536546758,..,59.23753666
LBN,1993,15.843,-0.17669979,84.157,2.344125042,..,59.23753666
LBN,1994,15.509,-0.331119552,84.491,2.195777469,..,59.33528837
LBN,1995,15.18,-0.322070564,84.82,2.210756113,28.611688,59.53079179
LBN,1996,14.858,-0.277388991,85.142,2.245449468,..,60.41055718
LBN,1997,14.541,-0.355816057,85.459,2.172463777,..,60.80156403
LBN,1998,14.23,-0.44264788,85.77,2.082586652,..,61.19257087
LBN,1999,14.115,0.878844297,85.885,1.824338953,..,56.94037146
LBN,2000,14,0.830031824,86,1.78182969,27.94067585,58.16226784
LBN,2001,13.882,0.727890488,86.118,1.711409294,..,58.45552297
LBN,2002,13.76,0.417960434,86.24,1.442341283,..,60.21505376
LBN,2003,13.634,0.379105316,86.366,1.445045595,..,61.29032258
LBN,2004,13.506,0.598513057,86.494,1.689816645,..,62.39491691
LBN,2005,13.373,0.491126977,86.627,1.634440459,28.8068316,63.83186706
LBN,2006,13.238,0.626462036,86.762,1.796682579,..,66.37341153
LBN,2007,13.099,0.828007316,86.901,2.043639156,..,66.18768328
LBN,2008,12.958,0.526538639,87.042,1.770976438,..,64.80938416
LBN,2009,12.813,0.165966501,87.187,1.45772829,..,64.80938416
LBN,2010,12.666,-0.255848468,87.334,1.066535083,32.37350564,62.56109482
LBN,2011,12.516,-0.210250456,87.484,1.152730618,30.2100053,63.63636364
LBN,2012,12.364,1.385738336,87.636,2.781102292,29.24608686,64.32062561
LBN,2013,12.21,7.973100199,87.79,9.402072012,31.07383788,64.51612903
LBN,2014,12.053,8.6776993,87.947,10.15065955,31.01273397,64.71163245
LBN,2015,11.894,0.638489623,88.106,2.146991391,31.74939856,65.00488759
LBN,2016,11.734,-3.571684037,88.266,-2.035837292,29.33919611,65.59139785
LBN,2017,11.571,-3.814273352,88.429,-2.231037015,29.10177799,65.81818182
LBN,2018,11.407,-4.054783097,88.593,-2.441912551,29.3218817,65.64516129
LBN,2019,11.242,-4.336877165,88.758,-2.69379833,28.96029994,65.62072336
LBN,2020,11.075,-3.575939801,88.925,-1.891366858,..,66.20723363
LBN,2021,10.907,-2.777675695,89.093,-1.060279355,..,66.40273705
LBN,2022,10.738,-3.418492131,89.262,-1.667404485,..,..
LSO,1990,86.033,1.161441316,13.967,5.747357366,31.61718622,76.44927536
LSO,1991,85.473,1.028784246,14.527,5.613042205,..,76.51515152
LSO,1992,84.894,0.892892349,15.106,5.480778498,..,76.94334651
LSO,1993,84.297,0.735046228,15.703,5.316920966,..,76.87747036
LSO,1994,83.681,0.592365242,16.319,5.173598661,..,76.71277997
LSO,1995,83.045,0.456287843,16.955,5.042328249,31.82033059,76.54808959
LSO,1996,82.429,0.336387155,17.571,4.649561937,..,76.61396574
LSO,1997,81.951,0.308539343,18.049,3.574336162,..,76.71277997
LSO,1998,81.462,6.14E-02,18.538,3.333140135,..,76.71277997
LSO,1999,80.962,-0.183285325,19.038,3.093744399,..,76.71277997
LSO,2000,80.452,-0.412162878,19.548,2.863287473,30.37208717,76.87747036
LSO,2001,79.933,-0.605021469,20.067,2.662527248,..,76.87747036
LSO,2002,79.403,-0.762296423,20.597,2.509895911,..,75.88932806
LSO,2003,78.863,-0.90815146,21.137,2.362307956,..,75.88932806
LSO,2004,78.311,-1.086772183,21.689,2.193597113,..,76.21870883
LSO,2005,77.751,-1.119394039,22.249,2.147418679,27.37260881,76.64690382
LSO,2006,77.18,-0.769670019,22.82,2.501426635,..,75.98814229
LSO,2007,76.696,-0.291507983,23.304,2.436485119,..,76.71277997
LSO,2008,76.204,-6.30E-02,23.796,2.669853477,..,77.7997365
LSO,2009,75.707,5.27E-02,24.293,2.773902148,..,77.04216074
LSO,2010,75.202,4.21E-03,24.798,2.731131429,32.62987189,76.61396574
LSO,2011,74.69,5.22E-02,25.31,2.779002371,32.67711249,76.15283267
LSO,2012,74.296,0.303885996,25.704,2.377586057,32.54599663,75.27338603
LSO,2013,73.899,0.395333532,26.101,2.463788665,31.82818232,74.1798419
LSO,2014,73.498,0.477840224,26.502,2.546553805,32.68274398,74.97694335
LSO,2015,73.092,0.550960943,26.908,2.625329281,32.06282777,73.22134387
LSO,2016,72.683,0.628386086,27.317,2.698109665,31.39956031,77.60210804
LSO,2017,72.27,0.669987651,27.73,2.740257383,29.79040935,79.64426877
LSO,2018,71.847,0.667365054,28.153,2.768379164,28.73518151,80.14822134
LSO,2019,71.415,0.648597563,28.585,2.774465325,27.52281327,80.13833992
LSO,2020,70.972,0.64560554,29.028,2.805682831,..,80.13833992
LSO,2021,70.52,0.56727865,29.48,2.751412734,..,80.13833992
LSO,2022,70.057,0.403874539,29.943,2.620828123,..,..
LBR,1990,44.578,-18.33118749,55.422,-7.825520844,49.11197595,11.04401993
LBR,1991,42,-19.0147817,58,-8.511012343,..,11.35818106
LBR,1992,44.981,12.53968991,55.019,0.406106612,..,11.66860673
LBR,1993,47.991,10.30749877,52.009,-1.795929295,..,11.98077658
LBR,1994,51.019,5.762786227,48.981,-6.35417524,..,12.29306686
LBR,1995,54.04,6.559830725,45.96,-5.558895489,41.17240398,12.60913829
LBR,1996,57.036,8.227946565,42.964,-3.908719334,..,12.92796719
LBR,1997,56.696,7.224884103,43.304,8.610979578,..,13.24206811
LBR,1998,56.354,9.594804534,43.646,10.98659623,..,13.56666944
LBR,1999,56.012,4.937756646,43.988,6.326939449,..,13.87811462
LBR,2000,55.669,3.097024071,44.331,4.488065964,50.11199831,14.19348214
LBR,2001,55.327,2.325119968,44.673,3.709886902,..,14.50677949
LBR,2002,54.983,1.989763962,45.017,3.380520011,..,14.82114099
LBR,2003,54.639,0.172123265,45.361,1.560925453,..,15.13546408
LBR,2004,54.294,0.567465259,45.706,1.958662508,..,15.44958472
LBR,2005,53.949,3.867207828,46.051,5.256593489,51.11912488,15.7595816
LBR,2006,53.604,4.9858474,46.396,6.373784341,..,16.06935631
LBR,2007,53.258,4.357433905,46.742,5.747949767,..,16.37438642
LBR,2008,52.912,3.424641633,47.088,4.814003434,..,16.68627284
LBR,2009,52.555,2.47529124,47.445,3.907592337,..,16.99679298
LBR,2010,52.187,2.196945813,47.813,3.672268861,44.46963149,17.30725291
LBR,2011,51.807,3.200725755,48.193,4.723154536,51.31718502,17.61481624
LBR,2012,51.417,2.782684766,48.583,4.344256887,49.16699824,17.92604028
LBR,2013,51.015,1.397440619,48.985,3.006398834,44.1458674,18.23662064
LBR,2014,50.603,1.247699357,49.397,2.896162262,45.00740159,18.54623443
LBR,2015,50.18,1.195993409,49.82,2.888083212,55.99663296,18.85852575
LBR,2016,49.746,1.143934519,50.254,2.879974221,54.71186915,19.17029381
LBR,2017,49.303,1.010978063,50.697,2.78314727,48.31232523,19.48389016
LBR,2018,48.849,0.990309151,51.151,2.8069116,50.40175469,19.79758929
LBR,2019,48.385,0.987936296,51.615,2.845409339,50.59973692,19.96511628
LBR,2020,47.911,1.046684322,52.089,2.945325974,..,19.96511628
LBR,2021,47.427,1.043515837,52.573,2.983750285,..,19.96511628
LBR,2022,46.935,1.039288467,53.065,3.013573699,..,..
LBY,1990,24.277,2.334119409,75.723,2.627752984,37.47397925,8.783545699
LBY,1991,24.223,2.225082762,75.777,2.518958049,..,8.786387351
LBY,1992,24.168,2.11373922,75.832,2.413667114,..,8.789229003
LBY,1993,24.114,2.004492517,75.886,2.299359087,..,8.789229003
LBY,1994,24.06,1.873085986,75.94,2.168378045,..,8.794912307
LBY,1995,24.006,1.733175793,75.994,2.028983965,39.69390311,8.817645521
LBY,1996,23.952,1.596299875,76.048,1.892541733,..,8.903463405
LBY,1997,23.886,1.416679896,76.114,1.779378281,..,8.903463405
LBY,1998,23.807,1.259695068,76.193,1.694636035,..,8.780704048
LBY,1999,23.716,1.151782288,76.284,1.654137943,..,8.780704048
LBY,2000,23.613,1.460330591,76.387,2.030487284,39.6695789,8.780704048
LBY,2001,23.498,1.83436865,76.502,2.47303408,..,8.780704048
LBY,2002,23.371,1.881307449,76.629,2.589116222,..,8.780704048
LBY,2003,23.232,1.91205557,76.768,2.689877648,..,8.780704048
LBY,2004,23.081,1.928984921,76.919,2.77758038,..,8.743762574
LBY,2005,22.92,1.910416135,77.08,2.819492848,43.8599594,8.743762574
LBY,2006,22.747,1.534870322,77.253,2.516708839,..,8.743762574
LBY,2007,22.563,1.239306283,77.437,2.289369635,..,8.743762574
LBY,2008,22.368,1.260892991,77.632,2.380374404,..,8.743762574
LBY,2009,22.163,1.173637717,77.837,2.35809978,..,8.743762574
LBY,2010,21.948,1.076260596,78.052,2.326864754,48.07737731,8.724439342
LBY,2011,21.723,-5.824021804,78.277,-4.505691472,40.00846258,8.724439342
LBY,2012,21.488,-6.367754289,78.512,-4.980317037,37.51566204,8.726712664
LBY,2013,21.244,0.804009988,78.756,2.256390947,43.22205102,8.726712664
LBY,2014,20.991,0.664870945,79.009,2.183603882,39.66495649,8.723871012
LBY,2015,20.73,0.286156711,79.27,1.867205672,39.74162327,8.723871012
LBY,2016,20.46,0.131335833,79.54,1.782380213,40.85182106,8.723871012
LBY,2017,20.183,0.154470441,79.817,1.865238503,37.83073851,8.723871012
LBY,2018,19.898,0.126306409,80.102,1.904865083,38.94887339,8.723871012
LBY,2019,19.607,-7.37E-02,80.393,1.762139685,38.59119845,8.723871012
LBY,2020,19.309,-0.248055659,80.691,1.653430898,..,8.723871012
LBY,2021,19.006,-0.36671793,80.994,1.589752615,..,8.723871012
LBY,2022,18.698,-0.496109095,81.302,1.517238127,..,..
LIE,1990,83.072,1.594499551,16.928,0.618048939,..,43.75
LIE,1991,83.179,1.520025943,16.821,0.757036864,..,43.75
LIE,1992,83.264,1.505387178,16.736,0.913063054,..,43.75
LIE,1993,83.349,1.551043281,16.651,0.924815598,..,43.75
LIE,1994,83.434,1.539163235,16.566,0.936168574,..,43.75
LIE,1995,83.518,1.54684542,16.482,0.927485682,..,43.75
LIE,1996,83.71,1.664430806,16.29,0.27461767,..,43.75
LIE,1997,84.006,1.727145596,15.994,-0.471235901,..,43.75
LIE,1998,84.298,1.660976411,15.702,-0.532808365,..,43.75
LIE,1999,84.586,1.651963596,15.414,-0.535662426,..,43.75
LIE,2000,84.87,1.585879291,15.13,-0.598565235,..,43.75
LIE,2001,85.038,1.251545293,14.962,-6.01E-02,..,43.125
LIE,2002,85.094,1.013101754,14.906,0.559106888,..,42.3125
LIE,2003,85.15,0.971858678,14.85,0.536194314,..,41.5
LIE,2004,85.205,0.941976162,14.795,0.513632105,..,40.6875
LIE,2005,85.261,0.946744573,14.739,0.49140148,..,39.875
LIE,2006,85.316,0.887484946,14.684,0.449966523,..,39.0625
LIE,2007,85.371,0.809721023,14.629,0.370190389,..,38.25
LIE,2008,85.426,0.776767391,14.574,0.330065342,..,37.4375
LIE,2009,85.481,0.833104906,14.519,0.406229401,..,36.625
LIE,2010,85.536,0.767664039,14.464,0.308404254,..,35.8125
LIE,2011,85.59,0.790876675,14.41,0.364998964,..,35
LIE,2012,85.633,0.91911821,14.367,0.57361534,..,34.1875
LIE,2013,85.666,0.860014856,14.334,0.589299301,..,33.375
LIE,2014,85.687,0.808646772,14.313,0.64236004,..,32.75
LIE,2015,85.697,0.708489123,14.303,0.619545772,..,32.625
LIE,2016,85.697,0.678686332,14.303,0.671519032,..,32.5
LIE,2017,85.685,0.726489013,14.315,0.833106735,..,32.375
LIE,2018,85.662,0.742653631,14.338,0.917605998,..,32.375
LIE,2019,85.629,0.746283486,14.371,1.017820492,..,32.3125
LIE,2020,85.584,0.656374765,14.416,1.025465494,..,32.3125
LIE,2021,85.529,0.664074917,14.471,1.103606787,..,32.3125
LIE,2022,85.462,0.656718778,14.538,1.196565394,..,..
LTU,1990,32.417,0.550175612,67.583,0.280733489,17.51943295,..
LTU,1991,32.477,0.355079233,67.523,8.13E-02,..,..
LTU,1992,32.536,7.29E-02,67.464,-0.195982483,..,54.06828334
LTU,1993,32.596,-0.289819831,67.404,-0.563105878,..,53.17485641
LTU,1994,32.655,-0.513233887,67.345,-0.781540244,..,49.87236758
LTU,1995,32.715,-0.586102628,67.285,-0.858887852,16.43451936,54.40331844
LTU,1996,32.775,-0.577104178,67.225,-0.849558628,..,54.4192725
LTU,1997,32.834,-0.558046786,67.166,-0.825599754,..,54.51499681
LTU,1998,32.894,-0.541819239,67.106,-0.813829694,..,54.64262923
LTU,1999,32.954,-0.527290141,67.046,-0.79892093,..,55.77536694
LTU,2000,33.014,-0.521429377,66.986,-0.792940722,14.35994595,54.53095086
LTU,2001,33.081,-0.621312533,66.919,-0.92405876,..,46.20293555
LTU,2002,33.172,-0.528050862,66.828,-0.938848527,..,46.02744097
LTU,2003,33.263,-0.538336149,66.737,-0.948536241,..,40.53924697
LTU,2004,33.354,-0.849725232,66.646,-1.259471612,..,41.54913848
LTU,2005,33.365,-1.595505066,66.635,-1.64486853,14.05574145,45.26164646
LTU,2006,33.294,-1.809315051,66.706,-1.489928344,..,44.52297384
LTU,2007,33.223,-1.401454894,66.777,-1.081553558,..,43.01052967
LTU,2008,33.152,-1.242394054,66.848,-0.922228081,..,42.63422417
LTU,2009,33.158,-1.092262397,66.842,-1.119315072,..,42.90386917
LTU,2010,33.243,-1.840997073,66.757,-2.224153089,14.70448134,44.23294775
LTU,2011,33.259,-2.210277778,66.741,-2.282467801,12.99478901,44.76976099
LTU,2012,33.136,-1.711781883,66.864,-1.157042514,13.0260807,45.34894853
LTU,2013,33.014,-1.380865571,66.986,-0.829714261,13.0277502,46.13322696
LTU,2014,32.892,-1.230022231,67.108,-0.677880112,13.3329535,47.12529928
LTU,2015,32.77,-1.312339043,67.23,-0.759129788,11.80372346,47.9792498
LTU,2016,32.634,-1.686518169,67.366,-1.068634221,10.78161948,47.15526324
LTU,2017,32.484,-1.859124916,67.516,-1.175857292,10.19686116,46.8590859
LTU,2018,32.321,-1.457160574,67.679,-0.713094844,10.48238618,47.05412741
LTU,2019,32.145,-0.810799369,67.855,-4.96E-03,10.37350411,47.50878314
LTU,2020,31.954,-0.569100373,68.046,0.30781254,..,46.99457042
LTU,2021,31.751,-0.424603358,68.249,0.510732876,..,46.9222169
LTU,2022,31.535,0.459196816,68.465,1.457665304,..,..
LUX,1990,19.053,0.958478204,80.947,1.320899271,16.20578071,..
LUX,1991,18.87,0.374534842,81.13,1.565508669,..,..
LUX,1992,18.472,-0.802919004,81.528,1.817614994,..,..
LUX,1993,18.143,-0.455184554,81.857,1.745219022,..,..
LUX,1994,17.518,-2.144471028,82.482,2.122621512,..,..
LUX,1995,17.107,-0.969492315,82.893,1.901816172,14.96989211,..
LUX,1996,17.175,1.758336923,82.825,1.27897737,..,..
LUX,1997,17.221,1.520506919,82.779,1.198045907,..,..
LUX,1998,17.107,0.579767785,82.893,1.381474469,..,..
LUX,1999,16.552,-1.947179411,83.448,2.017867615,..,..
LUX,2000,15.784,-3.40603015,84.216,2.260034513,13.12933947,49.71916441
LUX,2001,15.157,-2.863482532,84.843,1.932308783,..,49.71916441
LUX,2002,14.701,-2.007402481,85.299,1.583748903,..,49.71916441
LUX,2003,14.257,-1.851092623,85.743,1.734295068,..,49.71916441
LUX,2004,13.823,-1.670999096,86.177,1.926367794,..,49.71916441
LUX,2005,13.402,-1.562954577,86.598,2.017393087,12.52862468,50.10759538
LUX,2006,12.991,-1.519343919,87.009,2.06848436,..,50.10759538
LUX,2007,12.591,-1.582488128,87.409,2.002970208,..,50.88445732
LUX,2008,12.2,-1.367773362,87.8,2.233910796,..,50.88445732
LUX,2009,11.822,-1.294937184,88.178,2.281283765,..,50.76792803
LUX,2010,11.453,-1.346366641,88.547,2.243098596,13.18124791,50.89999456
LUX,2011,11.094,-0.962228147,88.906,2.627292677,12.84812551,50.98933369
LUX,2012,10.751,-0.738307001,89.249,2.786510963,11.49788129,51.04759833
LUX,2013,10.426,-0.757919097,89.574,2.674604786,11.90044543,50.83784561
LUX,2014,10.116,-0.662371365,89.884,2.702568634,10.15031354,50.88057301
LUX,2015,9.821,-0.598836201,90.179,2.687531351,10.61470309,50.98933369
LUX,2016,9.54,-0.74822042,90.46,2.466492964,9.921704411,50.74889491
LUX,2017,9.273,-0.40786182,90.727,2.725717863,9.845420415,50.94582942
LUX,2018,9.019,-0.848101407,90.981,2.208365157,10.13585944,51.10159024
LUX,2019,8.777,-0.75791224,91.223,2.228565739,10.06890585,51.11440846
LUX,2020,8.547,-0.988013467,91.453,1.918069241,..,51.32571491
LUX,2021,8.328,-1.076633498,91.672,1.75746553,..,51.58790581
LUX,2022,8.119,-0.883735884,91.881,1.88728963,..,..
MAC,1990,0.237,-15.79301037,99.763,3.80149046,..,..
MAC,1991,0.195,-16.03950349,99.805,3.455932606,..,..
MAC,1992,0.161,-16.41010107,99.839,2.750724591,..,..
MAC,1993,0.133,-17.03929859,99.867,2.243782761,..,..
MAC,1994,0.109,-17.68032141,99.891,2.120665867,..,..
MAC,1995,9.00E-02,-17.19976735,99.91,2.021125616,..,..
MAC,1996,2.00E-02,-148.3286627,99.98,1.981826262,..,..
MAC,1997,0,..,100,1.834554023,..,..
MAC,1998,0,..,100,1.704124199,..,..
MAC,1999,0,..,100,1.597107953,..,..
MAC,2000,0,..,100,1.487756823,..,..
MAC,2001,0,..,100,1.659246027,..,..
MAC,2002,0,..,100,2.372558229,..,..
MAC,2003,0,..,100,2.821504467,..,..
MAC,2004,0,..,100,2.77099628,..,..
MAC,2005,0,..,100,2.715517612,..,..
MAC,2006,0,..,100,2.67441294,..,..
MAC,2007,0,..,100,2.648029807,..,..
MAC,2008,0,..,100,2.625279077,..,..
MAC,2009,0,..,100,2.608773029,..,..
MAC,2010,0,..,100,2.595031824,..,..
MAC,2011,0,..,100,2.429615212,..,..
MAC,2012,0,..,100,2.039126998,..,..
MAC,2013,0,..,100,1.803915803,..,..
MAC,2014,0,..,100,1.802575819,..,..
MAC,2015,0,..,100,1.816016042,..,..
MAC,2016,0,..,100,1.843799893,..,..
MAC,2017,0,..,100,1.884356438,..,..
MAC,2018,0,..,100,1.920344372,..,..
MAC,2019,0,..,100,1.926360529,..,..
MAC,2020,0,..,100,1.885220497,..,..
MAC,2021,0,..,100,1.515044864,..,..
MAC,2022,0,..,100,1.239146684,..,..
MDG,1990,76.434,2.244755769,23.566,5.295065978,16.36741952,62.46345909
MDG,1991,75.881,2.278890689,24.119,5.324486369,..,62.5064484
MDG,1992,75.319,2.297479599,24.681,5.3442597,..,62.54083984
MDG,1993,74.749,2.335012691,25.251,5.377859483,..,62.7471885
MDG,1994,74.464,2.763225251,25.536,4.267600089,..,62.72999278
MDG,1995,74.204,2.822167491,25.796,4.184963031,16.29104625,62.72999278
MDG,1996,73.942,2.82762447,26.058,4.191856127,..,62.92946315
MDG,1997,73.679,2.815814592,26.321,4.176364399,..,64.46676067
MDG,1998,73.414,2.783691231,26.586,4.145765584,..,66.18633284
MDG,1999,73.147,2.734162504,26.853,4.097819945,..,67.92310073
MDG,2000,72.879,2.672848722,27.121,4.032963513,17.23831043,69.6426729
MDG,2001,72.609,2.625066322,27.391,3.986844665,..,70.23248616
MDG,2002,72.337,2.58625559,27.663,3.949698465,..,70.23248616
MDG,2003,72.064,2.555301603,27.936,3.915457731,..,70.23248616
MDG,2004,71.789,2.544696427,28.211,3.906621696,..,70.23248616
MDG,2005,71.186,2.079778831,28.814,5.038220759,17.76292144,70.31846477
MDG,2006,70.575,2.064735274,29.425,5.025074125,..,70.31846477
MDG,2007,69.957,2.047001292,30.043,5.005034322,..,70.31846477
MDG,2008,69.33,2.011183808,30.67,4.977025639,..,70.32190391
MDG,2009,68.699,1.985166887,31.301,4.935977102,..,70.32190391
MDG,2010,68.062,1.934388536,31.938,4.880600618,19.00867131,70.32190391
MDG,2011,67.42,1.852431704,32.58,4.790370464,20.09269248,70.29108191
MDG,2012,66.773,1.763848721,33.227,4.694564528,19.17912129,70.29108191
MDG,2013,66.122,1.691865687,33.878,4.611882569,19.70239888,70.29047783
MDG,2014,65.466,1.630076688,34.534,4.54499158,19.25843878,70.29047783
MDG,2015,64.807,1.576458874,35.193,4.478469017,20.16731825,70.29047783
MDG,2016,64.144,1.557701781,35.856,4.452388916,19.34634864,70.29047783
MDG,2017,63.478,1.540449172,36.522,4.424553285,18.00806439,70.29047783
MDG,2018,62.809,1.494575251,37.191,4.369275537,18.27047187,70.29047783
MDG,2019,62.139,1.45285904,37.861,4.31079477,17.8593854,70.29047783
MDG,2020,61.466,1.393458517,38.534,4.244365289,..,70.29047783
MDG,2021,60.793,1.315918917,39.207,4.148299413,..,70.29047783
MDG,2022,60.118,1.262158169,39.882,4.085676867,..,..
MWI,1990,88.44,3.540945516,11.56,6.679275307,24.29823522,44.7390751
MWI,1991,88.115,2.646005417,11.885,5.78683838,..,45.82095885
MWI,1992,87.782,2.467465006,12.218,5.609388573,..,45.29062367
MWI,1993,87.442,1.004140515,12.558,4.136952556,..,45.29062367
MWI,1994,87.093,-1.63034267,12.907,1.510768718,..,43.16928299
MWI,1995,86.737,-0.597138304,13.263,2.533342676,23.18355421,45.39669071
MWI,1996,86.371,1.51334072,13.629,4.658359005,..,46.45736105
MWI,1997,85.998,1.508855189,14.002,4.641653262,..,46.98769622
MWI,1998,85.616,1.62386375,14.384,4.760657799,..,48.57870174
MWI,1999,85.478,2.063919611,14.522,3.180104492,..,49.63937208
MWI,2000,85.39,2.197937486,14.61,2.905049954,25.08789463,50.16970725
MWI,2001,85.302,2.267895064,14.698,2.971537957,..,51.2303776
MWI,2002,85.214,2.350849018,14.786,3.05102802,..,51.2303776
MWI,2003,85.125,2.438040793,14.875,3.142659742,..,52.82138311
MWI,2004,85.036,2.53543748,14.964,3.236553601,..,52.82138311
MWI,2005,84.946,2.630448871,15.054,3.335982869,24.53315863,54.9427238
MWI,2006,84.856,2.697453731,15.144,3.399518167,..,56.05642766
MWI,2007,84.765,2.727178333,15.235,3.433612837,..,56.05642766
MWI,2008,84.674,2.769994326,15.326,3.472929194,..,57.64743318
MWI,2009,84.571,2.78400841,15.429,3.575524334,..,58.17776835
MWI,2010,84.456,2.755427073,15.544,3.634122455,25.76200797,58.17776835
MWI,2011,84.328,2.712606608,15.672,3.684358982,27.1748805,58.17776835
MWI,2012,84.188,2.666413459,15.812,3.721889219,27.1977447,58.17776835
MWI,2013,84.034,2.623665269,15.966,3.776027664,26.47693677,58.81417056
MWI,2014,83.868,2.591085365,16.132,3.823120391,26.83022559,59.93848112
MWI,2015,83.687,2.543058956,16.313,3.874891639,27.06821686,60.52184981
MWI,2016,83.494,2.486931309,16.506,3.893951083,26.05141291,61.1158252
MWI,2017,83.286,2.4460355,16.714,3.947742318,23.9485906,61.69919389
MWI,2018,83.063,2.417450805,16.937,4.010947456,23.47253554,62.29316928
MWI,2019,82.826,2.397124802,17.174,4.072457958,22.34665143,62.87653797
MWI,2020,82.573,2.359844372,17.427,4.128184959,..,63.47051336
MWI,2021,82.305,2.286325063,17.695,4.13757318,..,64.17055579
MWI,2022,82.02,2.212265264,17.98,4.156925538,..,..
MYS,1990,50.206,1.332155518,49.794,4.46067979,27.95581395,20.56490641
MYS,1991,49.424,1.246815296,50.576,4.374927936,..,20.68026176
MYS,1992,48.186,0.250434303,51.814,5.205498942,..,20.71678588
MYS,1993,46.891,6.15E-02,53.109,5.254381068,..,20.97519403
MYS,1994,45.598,-8.00E-03,54.402,5.193641104,..,21.27803987
MYS,1995,44.312,-0.100800255,55.688,5.096410288,22.78895296,21.20225232
MYS,1996,43.031,-0.228343748,56.969,4.979382004,..,21.1873383
MYS,1997,41.763,-0.319649257,58.237,4.872727667,..,21.18003348
MYS,1998,40.504,-0.45347956,59.496,4.746338837,..,21.13742201
MYS,1999,39.258,-0.597823181,60.742,4.599349489,..,21.14472683
MYS,2000,38.023,-0.651816057,61.977,4.55739568,20.58290419,21.11915995
MYS,2001,37.078,5.34E-02,62.922,4.083395447,..,21.14442246
MYS,2002,36.144,-3.49E-02,63.856,3.989814865,..,21.41987521
MYS,2003,35.22,-0.147070436,64.78,3.879238118,..,21.65953432
MYS,2004,34.306,-0.257377091,65.694,3.773077875,..,21.70658956
MYS,2005,33.406,-0.355118627,66.594,3.664056683,20.10216491,21.71483792
MYS,2006,32.517,-0.462382889,67.483,3.560979141,..,21.53462182
MYS,2007,31.64,-0.557999783,68.36,3.467304665,..,21.63201948
MYS,2008,30.775,-0.683763968,69.225,3.345607402,..,21.76350632
MYS,2009,29.925,-0.821921062,70.075,3.199327224,..,21.97534622
MYS,2010,29.088,-1.078557555,70.912,2.945641367,18.24105197,22.49064069
MYS,2011,28.391,-0.8143163,71.609,2.589155654,17.31553828,22.92071222
MYS,2012,27.725,-0.755629585,72.275,2.543881672,18.18110773,23.8295541
MYS,2013,27.07,-0.803408993,72.93,2.489620914,18.5277661,24.52990412
MYS,2014,26.423,-0.866100483,73.577,2.436255599,17.22079966,24.62030132
MYS,2015,25.787,-0.937029435,74.213,2.360097086,18.12386202,26.08421854
MYS,2016,25.16,-0.999433361,74.84,2.303385477,16.75819034,26.08735352
MYS,2017,24.553,-1.026767635,75.447,2.223161009,16.4374241,26.08735352
MYS,2018,23.964,-1.112505783,76.036,2.093288446,16.46084288,26.08735352
MYS,2019,23.393,-1.170073859,76.607,1.989669393,16.59099631,26.08735352
MYS,2020,22.84,-1.192485227,77.16,1.919132768,..,26.08735352
MYS,2021,22.304,-1.254873829,77.696,1.812110672,..,26.08735352
MYS,2022,21.786,-1.270483121,78.214,1.743852005,..,..
MDV,1990,74.16,3.124531243,25.84,3.301865046,20.96419496,26.66666667
MDV,1991,74.224,3.233764209,25.776,2.899294355,..,26.66666667
MDV,1992,74.287,3.049745155,25.713,2.720067473,..,26.66666667
MDV,1993,74.351,2.852857616,25.649,2.518078222,..,26.66666667
MDV,1994,74.414,2.637407533,25.586,2.306015889,..,26.66666667
MDV,1995,74.362,2.284115925,25.638,2.556611896,20.17513191,26.66666667
MDV,1996,73.992,1.659000423,26.008,3.591868034,..,26.66666667
MDV,1997,73.621,1.448825341,26.379,3.367321511,..,26.66666667
MDV,1998,73.245,1.240319755,26.755,3.167560138,..,26.66666667
MDV,1999,72.866,1.044678267,27.134,2.970961599,..,26.66666667
MDV,2000,72.294,0.780570415,27.706,3.653469411,14.10382753,30
MDV,2001,71.141,8.27E-02,28.859,5.768706366,..,33.33333333
MDV,2002,69.958,3.47E-02,30.042,5.728838499,..,40
MDV,2003,68.748,-6.80E-02,31.252,5.625261926,..,40
MDV,2004,67.51,-0.179276477,32.49,5.523431745,..,36.66666667
MDV,2005,66.25,-0.280825969,33.75,5.408116132,13.30959933,30
MDV,2006,65.206,0.787943559,34.794,5.422619187,..,23.33333333
MDV,2007,64.8,2.730088487,35.2,4.513871782,..,23.33333333
MDV,2008,64.39,2.917412433,35.61,4.710607739,..,23.33333333
MDV,2009,63.979,2.903692868,36.021,4.692119189,..,23.33333333
MDV,2010,63.566,2.881812316,36.434,4.668703025,13.74643253,23
MDV,2011,63.151,2.841268368,36.849,4.628708468,12.28813159,23
MDV,2012,62.733,2.774283493,37.267,4.566641303,12.8234432,21.33333333
MDV,2013,62.315,2.678168057,37.685,4.461913011,12.45355352,21.33333333
MDV,2014,61.894,3.239522914,38.106,5.028559544,11.10396316,21.33333333
MDV,2015,61.471,3.736836064,38.529,5.526362663,10.19679349,21.33333333
MDV,2016,61.046,3.503091839,38.954,5.293978564,12.10828489,21.33333333
MDV,2017,60.62,3.225771398,39.38,5.014314947,11.16442084,21.33333333
MDV,2018,60.192,2.891171437,39.808,4.680509203,10.89985209,21.33333333
MDV,2019,59.762,2.250308356,40.238,4.041588631,10.94405416,21.33333333
MDV,2020,59.331,1.225282131,40.669,3.014630756,..,21.33333333
MDV,2021,58.898,0.622849442,41.102,2.41402268,..,19.66666667
MDV,2022,58.464,-0.293794181,41.536,1.496245692,..,..
MLI,1990,76.678,1.378946663,23.322,3.759491119,61.29463947,26.33032561
MLI,1991,76.249,1.419673604,23.751,3.803483622,..,26.34261877
MLI,1992,75.814,1.452430316,24.186,3.839490867,..,26.43276867
MLI,1993,75.376,1.503225923,24.624,3.877388763,..,27.17609553
MLI,1994,74.931,1.544332362,25.069,3.927480042,..,28.90533442
MLI,1995,74.481,1.5298178,25.519,3.911328395,56.70963764,29.02744655
MLI,1996,74.025,1.488501924,25.975,3.873767083,..,30.03630582
MLI,1997,73.566,1.597540394,26.434,3.97118105,..,30.85585032
MLI,1998,73.052,1.788752994,26.948,4.415700325,..,30.85585032
MLI,1999,72.354,1.793608295,27.646,5.310869276,..,30.85585032
MLI,2000,71.644,1.921703912,28.356,5.443570026,60.98426266,31.68768798
MLI,2001,70.925,2.012427294,29.075,5.525103505,..,32.21547464
MLI,2002,70.194,2.098406401,29.806,5.617521667,..,32.52280383
MLI,2003,69.453,2.145506431,30.547,5.662428381,..,33.37676919
MLI,2004,68.7,2.17652486,31.3,5.701782641,..,32.52854064
MLI,2005,67.94,2.193027885,32.06,5.704584532,59.6884795,33.10304133
MLI,2006,67.168,2.162893614,32.832,5.685134218,..,33.16368762
MLI,2007,66.388,2.134025993,33.612,5.650033152,..,33.27104795
MLI,2008,65.597,2.086124699,34.403,5.610833641,..,33.45462592
MLI,2009,64.8,2.033135778,35.2,5.545810379,..,33.6385317
MLI,2010,64.001,2.009053559,35.999,5.494240525,62.42665398,33.64312115
MLI,2011,63.201,1.976952032,36.799,5.432765499,58.97191431,33.79801506
MLI,2012,62.401,1.644230868,37.599,5.06877959,63.43015874,33.95290897
MLI,2013,61.602,1.631342664,38.398,5.022845481,52.78016724,34.10780288
MLI,2014,60.804,1.866803438,39.196,5.227601622,56.00353617,34.26269679
MLI,2015,60.009,1.830641164,39.991,5.154725186,65.82960573,34.4175907
MLI,2016,59.217,1.861858012,40.783,5.151523327,60.61509832,34.57330416
MLI,2017,58.428,1.875057171,41.572,5.132570076,61.60379119,34.72819807
MLI,2018,57.644,1.823950584,42.356,5.043163163,60.53457655,34.88309198
MLI,2019,56.864,1.764296485,43.136,4.951455588,60.62414043,35.03798589
MLI,2020,56.091,1.773893183,43.909,4.918746329,..,35.1928798
MLI,2021,55.323,1.779305136,44.677,4.891910534,..,35.34777371
MLI,2022,54.563,1.711937322,45.437,4.781999432,..,..
MLT,1990,9.619,-0.219905969,90.381,1.106687951,16.49244468,40.625
MLT,1991,9.503,1.480127249,90.497,2.823535086,..,40.625
MLT,1992,9.389,-0.173681512,90.611,1.157370352,..,40.625
MLT,1993,9.277,-0.203010423,90.723,1.122460155,..,40.625
MLT,1994,9.165,-0.279086175,90.835,1.058610909,..,40.625
MLT,1995,9.054,-0.519542338,90.946,0.81908446,16.58836145,34.375
MLT,1996,8.819,-1.97417606,91.181,0.91467589,..,34.375
MLT,1997,8.508,-2.833462349,91.492,1.097303093,..,31.25
MLT,1998,8.207,-2.950875437,91.793,0.978287048,..,28.125
MLT,1999,7.915,-3.030826869,92.085,0.910546747,..,28.125
MLT,2000,7.632,-2.997842282,92.368,0.952299181,16.00051716,28.125
MLT,2001,7.359,-2.889763898,92.641,1.046086337,..,31.25
MLT,2002,7.095,-2.908109594,92.905,1.030091898,..,31.25
MLT,2003,6.84,-3.002555884,93.16,0.931832488,..,32.5
MLT,2004,6.593,-3.004749589,93.407,0.936303549,..,31.25
MLT,2005,6.355,-3.0393744,93.645,0.891926304,15.31761524,29.0625
MLT,2006,6.216,-1.848336075,93.784,0.512737776,..,29.0625
MLT,2007,6.143,-0.833022613,93.857,0.426592128,..,29.0625
MLT,2008,6.071,-0.529717519,93.929,0.727427793,..,29.0625
MLT,2009,5.999,-0.439543422,94.001,0.830555147,..,29.0625
MLT,2010,5.928,-0.697545208,94.072,0.566566468,17.53479836,32.28125
MLT,2011,5.859,-0.747537232,94.141,0.497049558,16.1746136,32.28125
MLT,2012,5.789,-0.303876712,94.211,0.973608235,14.08691429,32.1875
MLT,2013,5.721,0.225942378,94.279,1.475989721,13.32212417,31.96875
MLT,2014,5.653,0.801050548,94.347,2.068854908,13.75861976,31.96875
MLT,2015,5.586,1.193693742,94.414,2.457410236,13.4950264,31.96875
MLT,2016,5.52,1.100077098,94.48,2.358495608,12.8402408,32.4375
MLT,2017,5.454,1.535728254,94.546,2.80849999,12.50133169,32.4375
MLT,2018,5.388,2.273661473,94.612,3.561784372,13.0359469,32.4375
MLT,2019,5.322,2.69765877,94.678,4.001157807,12.9910498,32.4375
MLT,2020,5.256,0.964542275,94.744,2.280824975,..,28.46875
MLT,2021,5.19,-0.644470544,94.81,0.689481948,..,27.34375
MLT,2022,5.125,-0.323799527,94.875,1.005456672,..,..
MHL,1990,34.946,1.363970342,65.054,2.847709739,9.35853974,..
MHL,1991,34.608,1.186077655,65.392,2.681143408,..,47.22222222
MHL,1992,34.272,1.050712171,65.728,2.535112018,..,47.22222222
MHL,1993,33.937,0.931477127,66.063,2.426049838,..,47.22222222
MHL,1994,33.604,0.827392453,66.396,2.317225315,..,47.22222222
MHL,1995,33.273,0.72580484,66.727,2.211553884,9.362753867,47.22222222
MHL,1996,32.942,0.638149176,67.058,2.128984377,..,47.22222222
MHL,1997,32.615,0.581414059,67.385,2.064763147,..,47.22222222
MHL,1998,32.288,0.519815439,67.712,2.011880595,..,47.22222222
MHL,1999,31.947,0.186241469,68.053,1.756798218,..,47.22222222
MHL,2000,31.42,-0.940564843,68.58,1.49278743,9.983340643,47.22222222
MHL,2001,30.899,-1.323505287,69.101,1.104481256,..,47.22222222
MHL,2002,30.382,-1.534342357,69.618,0.897555636,..,47.22222222
MHL,2003,29.87,-1.705590472,70.13,0.727466933,..,47.22222222
MHL,2004,29.363,-1.81648465,70.637,0.613042733,..,47.22222222
MHL,2005,28.862,-1.901089875,71.138,0.526555915,10.02699513,47.22222222
MHL,2006,28.365,-1.976947092,71.635,0.459438642,..,47.22222222
MHL,2007,27.874,-2.056644651,72.126,0.367576596,..,47.22222222
MHL,2008,27.387,-2.174436387,72.613,0.261364368,..,47.22222222
MHL,2009,26.907,-2.188091,73.093,0.245367535,..,47.22222222
MHL,2010,26.432,-2.109472383,73.568,0.316044611,9.71516679,47.22222222
MHL,2011,25.962,-2.633713995,74.038,-0.198685684,9.446098507,47.22222222
MHL,2012,25.502,-3.244326663,74.498,-0.842417508,9.279395317,41.66666667
MHL,2013,25.054,-3.415282846,74.946,-1.044260937,9.377626462,38.88888889
MHL,2014,24.616,-3.600499684,75.384,-1.249787491,9.02903083,38.88888889
MHL,2015,24.189,-3.768454776,75.811,-1.457635858,9.019559314,38.88888889
MHL,2016,23.772,-3.950857252,76.228,-1.663609392,9.075500701,38.88888889
MHL,2017,23.366,-4.11339357,76.634,-1.860302138,9.153255835,38.88888889
MHL,2018,22.969,-4.289879133,77.031,-2.053517618,9.066089264,38.88888889
MHL,2019,22.583,-4.472289999,77.417,-2.281228926,9.044039796,38.88888889
MHL,2020,22.206,-4.671332022,77.794,-2.497205788,..,38.88888889
MHL,2021,21.838,-4.856715999,78.162,-2.719255182,..,38.88888889
MHL,2022,21.48,-2.80495421,78.52,-0.693058478,..,..
MRT,1990,60.677,2.779150572,39.323,2.259660834,68.39994745,38.47482294
MRT,1991,60.801,3.164568996,39.199,2.644637492,..,38.48452508
MRT,1992,60.925,4.05941307,39.075,3.538749807,..,38.49616765
MRT,1993,61.048,4.286417477,38.952,3.769460144,..,38.50781023
MRT,1994,61.171,3.634021116,38.829,3.11659045,..,38.52721451
MRT,1995,61.295,2.97769504,38.705,2.455244174,70.08733476,38.52721451
MRT,1996,61.418,2.21646889,38.582,1.697740462,..,38.52721451
MRT,1997,61.541,2.457929854,38.459,1.938434731,..,38.52721451
MRT,1998,61.663,2.828760641,38.337,2.313142456,..,38.52721451
MRT,1999,61.786,2.911086466,38.214,2.390341099,..,38.52721451
MRT,2000,61.909,2.998016249,38.091,2.476859784,71.87885097,38.52721451
MRT,2001,61.384,1.597529163,38.616,3.818032276,..,38.52721451
MRT,2002,60.52,0.7274764,39.48,4.357643802,..,38.52721451
MRT,2003,59.649,0.710710577,40.351,4.342626576,..,38.52721451
MRT,2004,58.771,0.687044999,41.229,4.322426177,..,38.52721451
MRT,2005,57.889,0.695891266,42.111,4.324784098,65.2745712,38.52721451
MRT,2006,57.002,0.716364789,42.998,4.344938572,..,38.52721451
MRT,2007,56.11,0.741453197,43.89,4.371996944,..,38.52721451
MRT,2008,55.212,0.88651357,44.788,4.525276167,..,38.52721451
MRT,2009,54.314,1.084015869,45.686,4.708910778,..,38.52721451
MRT,2010,53.412,1.198400814,46.588,4.828152362,64.4872204,38.52721451
MRT,2011,52.507,1.309498489,47.493,4.942432252,65.66767722,38.52721451
MRT,2012,51.6,1.382313259,48.4,5.016529461,70.24164945,38.52721451
MRT,2013,50.694,1.124746533,49.306,4.750681238,60.78226417,38.52721451
MRT,2014,49.797,0.856891491,50.203,4.445150342,60.59257285,38.52721451
MRT,2015,48.911,0.850751023,51.089,4.395364352,71.46707421,38.52721451
MRT,2016,48.038,0.841519258,51.962,4.336888029,66.48828292,38.52721451
MRT,2017,47.176,0.82282883,52.824,4.278808338,69.63359465,38.52721451
MRT,2018,46.328,0.812272422,53.672,4.218804132,66.65394242,38.52721451
MRT,2019,45.493,0.795850236,54.507,4.158421052,66.8117824,38.52721451
MRT,2020,44.673,0.765087692,55.327,4.077189084,..,38.52721451
MRT,2021,43.867,0.733250156,56.133,4.000166347,..,38.52721451
MRT,2022,43.077,0.774291763,56.923,3.989160291,..,..
MUS,1990,56.1,0.150625275,43.9,1.43472059,14.48766914,54.67980296
MUS,1991,56.223,1.298494713,43.777,0.798862533,..,54.18719212
MUS,1992,56.347,1.535997797,43.653,1.032155171,..,53.69458128
MUS,1993,56.47,1.403572297,43.53,0.90340208,..,52.70935961
MUS,1994,56.593,1.617668211,43.407,1.117067219,..,51.72413793
MUS,1995,56.716,1.077074166,43.284,0.576120624,14.86654928,51.23152709
MUS,1996,56.839,1.23935662,43.161,0.738246826,..,50.73891626
MUS,1997,56.962,1.468333946,43.038,0.966619363,..,50.24630542
MUS,1998,57.084,1.265340646,42.916,0.767587854,..,50.24630542
MUS,1999,57.207,1.486448047,42.793,0.984284695,..,49.26108374
MUS,2000,57.33,1.197410167,42.67,0.694890999,14.87889667,49.75369458
MUS,2001,57.441,0.983487661,42.559,0.529557633,..,50.24630542
MUS,2002,57.553,0.889132993,42.447,0.430593745,..,49.26108374
MUS,2003,57.665,0.918034339,42.335,0.459510762,..,48.76847291
MUS,2004,57.777,0.821127498,42.223,0.362215035,..,48.27586207
MUS,2005,57.888,0.784065251,42.112,0.328819626,16.20307148,47.29064039
MUS,2006,58,0.659692733,42,0.200092774,..,46.30541872
MUS,2007,58.111,0.646624061,41.889,0.191027549,..,45.32019704
MUS,2008,58.223,0.554293375,41.777,9.37E-02,..,44.82758621
MUS,2009,58.334,0.455911095,41.666,-3.85E-04,..,44.82758621
MUS,2010,58.445,0.427983109,41.555,-2.89E-02,15.01183272,44.82758621
MUS,2011,58.556,0.349963544,41.444,-0.107447177,15.01177506,44.56685028
MUS,2012,58.668,0.468385568,41.332,6.74E-03,14.84558426,43.56534802
MUS,2013,58.778,0.429450548,41.222,-2.43E-02,15.17960022,43.0645969
MUS,2014,58.889,0.369735058,41.111,-8.87E-02,15.00618829,43.0645969
MUS,2015,59,0.320739723,41,-0.13799428,14.98251518,43.0645969
MUS,2016,59.09,0.221068336,40.91,-0.150950135,14.86280357,43.0645969
MUS,2017,59.159,0.206950643,40.841,-7.88E-02,14.81559572,43.0645969
MUS,2018,59.207,0.135549782,40.793,-6.29E-02,14.92622738,43.0645969
MUS,2019,59.234,7.79E-02,40.766,-3.41E-02,14.91383169,43.0645969
MUS,2020,59.24,1.24E-02,40.76,-1.24E-02,..,43.0645969
MUS,2021,59.225,-1.33E-04,40.775,6.22E-02,..,43.0645969
MUS,2022,59.19,-0.360522486,40.81,-0.215590864,..,..
MEX,1990,28.581,0.22900332,71.419,2.486373511,32.68134958,54.09141182
MEX,1991,28.184,0.577601704,71.816,2.530709026,..,54.60737159
MEX,1992,27.791,0.54608422,72.209,2.49604951,..,54.61920317
MEX,1993,27.402,0.51920297,72.598,2.46609487,..,54.62074642
MEX,1994,27.015,0.482065078,72.985,2.436090786,..,54.62589058
MEX,1995,26.632,0.428927852,73.368,2.380202229,31.75915858,54.62846267
MEX,1996,26.33,0.640845055,73.67,2.192073729,..,54.68762057
MEX,1997,26.071,0.739642011,73.929,2.079134879,..,54.68762057
MEX,1998,25.814,0.695135934,74.186,2.032820306,..,54.69533681
MEX,1999,25.559,0.647799236,74.441,1.983690164,..,54.69585123
MEX,2000,25.278,0.479047194,74.722,1.961319696,30.40916722,54.6979089
MEX,2001,24.955,0.255916593,75.045,1.973278352,..,54.81108053
MEX,2002,24.635,0.229853183,75.365,1.945959939,..,54.81108053
MEX,2003,24.318,0.192261655,75.682,1.907138362,..,54.81108053
MEX,2004,24.003,0.165852139,75.997,1.885004851,..,54.82136886
MEX,2005,23.692,0.125375713,76.308,1.837902523,23.14446696,54.82136886
MEX,2006,23.384,5.20E-02,76.616,1.763353703,..,54.82136886
MEX,2007,23.08,7.68E-03,76.92,1.712235904,..,54.88824301
MEX,2008,22.778,-4.96E-02,77.222,1.659382407,..,53.16751974
MEX,2009,22.48,-8.02E-02,77.52,1.621901992,..,52.82131742
MEX,2010,22.185,5.62E-03,77.815,1.706403368,21.61912278,52.37120296
MEX,2011,21.889,8.44E-02,78.111,1.807307075,24.71743397,52.12171095
MEX,2012,21.595,4.44E-02,78.405,1.772296088,22.81352392,51.70503357
MEX,2013,21.301,-5.36E-02,78.699,1.69143612,23.60777306,51.17724221
MEX,2014,21.007,-0.148364361,78.993,1.614346091,22.03917349,50.79760282
MEX,2015,20.715,-0.232755076,79.285,1.535980297,22.11412862,50.7626225
MEX,2016,20.423,-0.286398939,79.577,1.500848677,21.27024268,50.58669204
MEX,2017,20.133,-0.349726191,79.867,1.444185541,20.4160723,49.87062424
MEX,2018,19.844,-0.494186933,80.156,1.312866879,20.39335761,49.64942514
MEX,2019,19.556,-0.601693316,80.444,1.21892136,20.12401203,49.43851437
MEX,2020,19.269,-0.751209475,80.731,1.083378227,..,49.96939222
MEX,2021,18.984,-0.930688376,81.016,0.911823977,..,49.96321922
MEX,2022,18.7,-0.878691643,81.3,0.978542829,..,..
FSM,1990,74.182,1.939503258,25.818,1.591734588,10.30763774,..
FSM,1991,74.248,1.92137844,25.752,1.578395558,..,7.857142857
FSM,1992,74.314,2.514881362,25.686,2.168718223,..,7.857142857
FSM,1993,74.38,3.09174881,25.62,2.74674879,..,7.857142857
FSM,1994,74.446,2.708192653,25.554,2.361011105,..,7.857142857
FSM,1995,74.932,2.004941901,25.068,-0.566063057,10.69234948,7.857142857
FSM,1996,75.527,1.204746933,24.473,-1.990242618,..,7.857142857
FSM,1997,76.111,1.082877862,23.889,-2.098435211,..,7.857142857
FSM,1998,76.686,0.998731959,23.314,-2.193454529,..,7.857142857
FSM,1999,77.251,0.853161972,22.749,-2.333250919,..,7.857142857
FSM,2000,77.67,0.692772636,22.33,-1.705162641,11.05677923,7.857142857
FSM,2001,77.67,0.214145171,22.33,0.212242036,..,7.857142857
FSM,2002,77.67,3.91E-02,22.33,4.00E-02,..,7.857142857
FSM,2003,77.67,-0.166836418,22.33,-0.168087445,..,7.857142857
FSM,2004,77.67,-0.32873329,22.33,-0.328987258,..,7.857142857
FSM,2005,77.67,-0.448122287,22.33,-0.447067623,10.89265862,7.857142857
FSM,2006,77.676,-0.570286222,22.324,-0.603277332,..,7.857142857
FSM,2007,77.683,-0.689839646,22.317,-0.733679006,..,7.857142857
FSM,2008,77.689,-0.751453055,22.311,-0.784446596,..,7.857142857
FSM,2009,77.695,-0.764301618,22.305,-0.798961053,..,7.142857143
FSM,2010,77.702,-0.250887197,22.298,-0.291363369,10.52119627,7.142857143
FSM,2011,77.695,0.268783648,22.305,0.307987092,10.37657887,7.142857143
FSM,2012,77.676,0.294235231,22.324,0.406420333,10.26183249,7.142857143
FSM,2013,77.645,0.307603019,22.355,0.487181509,10.70325232,7.142857143
FSM,2014,77.601,0.325573148,22.399,0.574950249,10.19444017,7.142857143
FSM,2015,77.544,0.326872876,22.456,0.657131811,11.72674947,7.142857143
FSM,2016,77.474,0.331679164,22.526,0.733643321,10.25635183,7.142857143
FSM,2017,77.392,0.352816743,22.608,0.820467923,10.1509403,7.142857143
FSM,2018,77.297,0.328254066,22.703,0.869397301,10.39904238,7.142857143
FSM,2019,77.188,0.263225478,22.812,0.885521283,10.38285056,7.142857143
FSM,2020,77.067,0.49429229,22.933,1.177704009,..,7.142857143
FSM,2021,76.932,0.734589392,23.068,1.497924004,..,7.142857143
FSM,2022,76.783,0.715544031,23.217,1.551302925,..,..
MDA,1990,53.238,0.638374522,46.762,0.26083936,22.38904979,..
MDA,1991,53.331,0.418116874,46.669,4.44E-02,..,..
MDA,1992,53.425,0.257167104,46.575,-0.120571344,..,77.88256769
MDA,1993,53.519,0.148720036,46.481,-0.228995051,..,77.60242792
MDA,1994,53.613,-6.79E-02,46.387,-0.445838613,..,77.62598664
MDA,1995,53.706,-0.312553665,46.294,-0.686659684,21.20298576,77.61919223
MDA,1996,53.8,-2.53E-02,46.2,-0.403474158,..,77.61919223
MDA,1997,54.203,0.376424467,45.797,-1.245934184,..,77.64277035
MDA,1998,54.606,0.700346022,45.394,-0.924253724,..,77.66636281
MDA,1999,55.008,0.576507085,44.992,-1.046573027,..,77.72036474
MDA,2000,55.411,0.526563666,44.589,-1.103104461,19.14252217,77.37226277
MDA,2001,55.811,0.495626437,44.189,-1.124714246,..,77.22019465
MDA,2002,56.211,0.482611431,43.789,-1.140959381,..,77.06812652
MDA,2003,56.611,0.42743342,43.389,-1.199208701,..,76.90903559
MDA,2004,57.01,0.454933656,42.99,-1.171345812,..,76.70316302
MDA,2005,57.225,0.13310153,42.775,-0.744693684,18.4986738,75.9805412
MDA,2006,57.256,-0.223813718,42.744,-0.35035647,..,75.49407115
MDA,2007,57.287,-0.177541803,42.713,-0.30433427,..,75.5548799
MDA,2008,57.318,-0.13625214,42.682,-0.262950497,..,75.43326239
MDA,2009,57.349,-7.22E-02,42.651,-0.198895066,..,75.15962299
MDA,2010,57.38,-4.58E-02,42.62,-0.172565141,18.25907358,75.03805175
MDA,2011,57.411,-3.84E-03,42.589,-0.13058398,18.15842605,74.94672755
MDA,2012,57.442,4.08E-02,42.558,-8.59E-02,17.99705557,74.86305539
MDA,2013,57.473,2.72E-02,42.527,-9.97E-02,17.57367294,74.84793187
MDA,2014,57.504,-7.06E-03,42.496,-0.133879679,16.41710187,70.40754258
MDA,2015,57.51,-0.756616644,42.49,-0.781168726,16.12818151,70.49878345
MDA,2016,57.489,-1.199522786,42.511,-1.113640467,14.73766469,70.49574209
MDA,2017,57.443,-1.807144381,42.557,-1.618857545,13.38884186,70.45606567
MDA,2018,57.371,-1.882438841,42.629,-1.587943518,13.90585086,68.63553016
MDA,2019,57.274,-1.769484019,42.726,-1.373098345,13.74739724,68.77111467
MDA,2020,57.151,-1.31305213,42.849,-0.810520953,..,68.86506146
MDA,2021,57.002,-1.020257996,42.998,-0.41213933,..,69.00212314
MDA,2022,56.827,-1.180130858,43.173,-0.466455633,..,..
MCO,1990,0,..,100,0.831034299,10.18979861,..
MCO,1991,0,..,100,0.771849528,..,..
MCO,1992,0,..,100,0.749702002,..,..
MCO,1993,0,..,100,0.744123269,..,..
MCO,1994,0,..,100,0.735427307,..,..
MCO,1995,0,..,100,0.730058236,9.503555651,..
MCO,1996,0,..,100,0.749991649,..,..
MCO,1997,0,..,100,0.781953205,..,..
MCO,1998,0,..,100,0.751051414,..,..
MCO,1999,0,..,100,0.572730386,..,..
MCO,2000,0,..,100,0.21893655,16.23181088,..
MCO,2001,0,..,100,-6.47E-02,..,..
MCO,2002,0,..,100,-0.178929556,..,..
MCO,2003,0,..,100,-0.216376703,..,..
MCO,2004,0,..,100,-0.247862316,..,..
MCO,2005,0,..,100,-0.295136676,15.10886171,..
MCO,2006,0,..,100,-0.405287997,..,..
MCO,2007,0,..,100,-0.589029494,..,..
MCO,2008,0,..,100,0.122477836,..,..
MCO,2009,0,..,100,1.677520937,..,..
MCO,2010,0,..,100,2.369771915,14.31510805,..
MCO,2011,0,..,100,2.285456208,15.57817932,..
MCO,2012,0,..,100,2.19981192,13.90302297,..
MCO,2013,0,..,100,2.067809862,13.01598782,..
MCO,2014,0,..,100,1.915204971,11.93351121,..
MCO,2015,0,..,100,1.78404622,13.056853,..
MCO,2016,0,..,100,0.84246953,11.42922219,..
MCO,2017,0,..,100,-7.29E-02,11.51508073,..
MCO,2018,0,..,100,-4.05E-02,11.75642502,..
MCO,2019,0,..,100,1.35E-02,11.66888949,..
MCO,2020,0,..,100,-0.302883027,..,..
MCO,2021,0,..,100,-0.641236846,..,..
MCO,2022,0,..,100,-0.593262624,..,..
MNG,1990,42.967,2.001367505,57.033,1.817789838,26.60908995,81.20256821
MNG,1991,43.013,1.879073241,56.987,1.691421903,..,81.50888082
MNG,1992,43.058,1.746330602,56.942,1.562671525,..,79.86745882
MNG,1993,43.104,1.607484197,56.896,1.419941057,..,76.9813995
MNG,1994,43.149,1.469234828,56.851,1.285714251,..,76.55811942
MNG,1995,43.195,1.351145517,56.805,1.163688675,25.28114306,76.55811942
MNG,1996,43.24,1.243296962,56.76,1.059974652,..,76.55811942
MNG,1997,43.286,1.150365294,56.714,0.963018619,..,83.29311946
MNG,1998,43.331,1.080685896,56.669,0.897281435,..,83.44886069
MNG,1999,43.377,1.07178991,56.623,0.884574966,..,84.19202419
MNG,2000,42.867,-0.260828468,57.133,1.818526075,27.08689915,84.31351527
MNG,2001,41.778,-1.694939562,58.222,2.766455426,..,84.09347425
MNG,2002,40.696,-1.737559167,59.304,2.727809981,..,84.08603033
MNG,2003,39.622,-1.802980642,60.378,2.666363997,..,73.50127018
MNG,2004,38.557,-1.874093762,61.443,2.599035398,..,73.43635319
MNG,2005,37.506,-1.927701172,62.494,2.532067769,25.01117947,73.29166784
MNG,2006,36.465,-1.959324673,63.535,2.507468439,..,73.66312253
MNG,2007,35.436,-1.921558052,64.564,2.547470193,..,73.63275255
MNG,2008,34.419,-1.83381881,65.581,2.641021908,..,73.52139124
MNG,2009,33.42,-1.706931023,66.58,2.750466217,..,73.36925476
MNG,2010,32.433,-1.663986874,67.567,2.805340694,30.13551628,73.33884676
MNG,2011,32.037,0.292438675,67.963,2.105323806,37.96566722,73.32647759
MNG,2012,31.97,1.539604255,68.03,1.84741705,40.46590396,73.24948515
MNG,2013,31.903,1.66355481,68.097,1.971813897,37.88969103,73.22527304
MNG,2014,31.837,1.799639259,68.163,2.103539795,34.76350533,73.001629
MNG,2015,31.77,1.900197201,68.23,2.209112005,37.15549626,72.99021728
MNG,2016,31.703,1.951216285,68.297,2.260489418,39.37772018,72.92367713
MNG,2017,31.637,1.962071262,68.363,2.267089385,35.95616844,72.86357138
MNG,2018,31.555,1.911794382,68.445,2.291248126,37.47248859,72.8416348
MNG,2019,31.457,1.829029716,68.543,2.283036384,38.05757134,72.80328629
MNG,2020,31.343,1.533868049,68.657,2.063236689,..,72.35894359
MNG,2021,31.215,1.200176327,68.785,1.795619519,..,72.3150522
MNG,2022,31.07,1.034051107,68.93,1.710255913,..,..
MNE,1990,51.963,-2.223663367,48.037,2.392415383,33.06140005,..
MNE,1991,50.835,-2.073791152,49.165,2.44176766,..,..
MNE,1992,49.782,-1.861217028,50.218,2.351499253,..,..
MNE,1993,48.733,-1.858170858,51.267,2.338718594,..,..
MNE,1994,47.683,-1.978386196,52.317,2.22682418,..,..
MNE,1995,46.635,-2.169637517,53.365,2.036276454,32.26028861,..
MNE,1996,45.588,-2.386707498,54.412,1.827037962,..,..
MNE,1997,44.549,-2.548499161,55.451,1.648497158,..,..
MNE,1998,43.512,-2.66052439,56.488,1.547500867,..,..
MNE,1999,42.482,-2.669523297,57.518,1.533385734,..,..
MNE,2000,41.456,-2.618260691,58.544,1.594405376,28.40976142,..
MNE,2001,40.441,-2.076533755,59.559,2.121275154,..,..
MNE,2002,39.432,-2.125975718,60.568,2.080729846,..,..
MNE,2003,38.432,-2.169607122,61.568,2.036724824,..,..
MNE,2004,37.873,-1.287867912,62.127,1.080986069,..,..
MNE,2005,37.535,-0.748397169,62.465,0.690419032,25.70762668,..
MNE,2006,37.197,-0.780264074,62.803,0.663939931,..,38.28996283
MNE,2007,36.861,-0.769219373,63.139,0.671648263,..,38.21561338
MNE,2008,36.525,-0.738343548,63.475,0.708286859,..,38.14126394
MNE,2009,36.192,-0.701372885,63.808,0.737783544,..,38.21561338
MNE,2010,35.86,-0.738285479,64.14,0.7021809,25.15673695,38.0669145
MNE,2011,35.528,-0.824995808,64.472,0.621271184,27.80248173,38.14126394
MNE,2012,35.196,-0.854746969,64.804,0.597793915,26.06008923,38.14126394
MNE,2013,34.863,-0.853342435,65.137,0.610306675,24.01188607,16.58959108
MNE,2014,34.529,-0.865344533,65.471,0.608323989,23.74483028,17.12416357
MNE,2015,34.194,-0.918952954,65.806,0.566550161,23.35826543,17.20446097
MNE,2016,33.859,-0.961166647,66.141,0.530807626,21.21821429,19.01115242
MNE,2017,33.523,-0.986310411,66.477,0.518095695,21.91565485,19.05576208
MNE,2018,33.187,-1.030996568,66.813,0.480793342,21.67742225,19.0929368
MNE,2019,32.85,-1.052502937,67.15,0.471071315,21.25685256,19.10780669
MNE,2020,32.512,-1.150295086,67.488,0.385902971,..,19.17843866
MNE,2021,32.174,-1.382790761,67.826,0.161802886,..,19.00074349
MNE,2022,31.836,-1.550418654,68.164,3.10E-03,..,..
MAR,1990,51.609,0.340321723,48.391,3.244899402,27.59605203,67.98790052
MAR,1991,50.883,0.267252894,49.117,3.173106526,..,68.01478826
MAR,1992,50.156,0.198604257,49.844,3.106965972,..,68.59959668
MAR,1993,49.431,0.13009625,50.569,3.030194726,..,68.81245799
MAR,1994,48.705,3.85E-02,51.295,2.943605238,..,69.37934125
MAR,1995,48.308,0.687232647,51.692,2.276654431,28.62897455,68.89760251
MAR,1996,47.978,0.807326205,52.022,2.129150328,..,69.38382254
MAR,1997,47.65,0.777461865,52.35,2.091977621,..,69.22473672
MAR,1998,47.322,0.739670753,52.678,2.055010926,..,69.40622899
MAR,1999,46.993,0.678739126,53.007,1.999007664,..,68.77212637
MAR,2000,46.665,0.630142699,53.335,1.947439587,32.24000904,68.68025991
MAR,2001,46.338,0.603880259,53.662,1.918328489,..,68.04839794
MAR,2002,46.01,0.566348702,53.99,1.886076177,..,67.8534618
MAR,2003,45.683,0.506010197,54.317,1.823103416,..,69.18216446
MAR,2004,45.356,0.527500469,54.644,1.846096263,..,67.31122563
MAR,2005,44.826,0.143636721,55.174,2.284294828,32.57264648,67.19471208
MAR,2006,44.254,2.52E-02,55.746,2.34085744,..,67.09836433
MAR,2007,43.683,-1.10E-02,56.317,2.306803371,..,67.12973336
MAR,2008,43.114,-3.11E-02,56.886,2.285321468,..,67.17678691
MAR,2009,42.548,-4.04E-02,57.452,2.271160543,..,67.22518485
MAR,2010,41.982,-3.08E-02,58.018,2.288696954,32.91817527,67.19314363
MAR,2011,41.419,-7.46E-03,58.581,2.308378469,31.56370096,67.45193816
MAR,2012,40.858,-9.94E-03,59.142,2.306865069,30.42396929,68.12233923
MAR,2013,40.3,-3.09E-02,59.7,2.283303515,29.38557188,68.53013668
MAR,2014,39.744,-8.12E-02,60.256,2.235073176,29.40059385,67.40421241
MAR,2015,39.191,-0.14812131,60.809,2.16662594,32.08758908,67.3246695
MAR,2016,38.64,-0.192738119,61.36,2.125203225,30.88602135,69.17992382
MAR,2017,38.092,-0.236741072,61.908,2.080753833,34.10665652,69.56430249
MAR,2018,37.547,-0.323183363,62.453,1.994383198,33.92957286,68.39750661
MAR,2019,37.006,-0.40776283,62.994,1.906108082,35.05284088,66.34978042
MAR,2020,36.468,-0.411330731,63.532,1.903584019,..,68.02151019
MAR,2021,35.935,-0.420857636,64.065,1.886932349,..,67.87138696
MAR,2022,35.404,-0.465299245,64.596,1.848819899,..,..
MOZ,1990,75,-0.285572621,25,7.632108768,22.35879537,44.83837331
MOZ,1991,74.513,1.267233997,25.487,3.847956711,..,45.11686462
MOZ,1992,74.02,1.204189645,25.98,3.783866104,..,45.39535593
MOZ,1993,73.521,2.102696806,26.479,4.681605229,..,45.67384725
MOZ,1994,73.016,4.164999322,26.984,6.743472726,..,45.95233856
MOZ,1995,72.505,3.769156782,27.495,6.347474932,21.87502321,46.23082988
MOZ,1996,71.987,2.343909713,28.013,4.927337896,..,46.50932119
MOZ,1997,71.465,1.984990784,28.535,4.559042438,..,46.78781251
MOZ,1998,71.258,2.110829981,28.742,3.123715705,..,47.06630382
MOZ,1999,71.08,2.170819297,28.92,3.038322494,..,47.34479514
MOZ,2000,70.902,2.202568865,29.098,3.066911266,22.68514994,47.62328645
MOZ,2001,70.723,2.260391158,29.277,3.126437734,..,47.90506625
MOZ,2002,70.543,2.314566277,29.457,3.182333965,..,48.18684605
MOZ,2003,70.363,2.341203154,29.637,3.205892744,..,48.46862586
MOZ,2004,70.182,2.353906906,29.818,3.220337146,..,48.75040566
MOZ,2005,70.001,2.331539311,29.999,3.19496367,22.00218626,49.03218546
MOZ,2006,69.818,2.302012925,30.182,3.171947413,..,49.31396526
MOZ,2007,69.636,2.33111298,30.364,3.193331417,..,49.59574506
MOZ,2008,69.168,1.94631144,30.832,4.150177298,..,49.87752486
MOZ,2009,68.672,1.950120664,31.328,4.265727113,..,50.15930466
MOZ,2010,68.17,2.066125976,31.83,4.389515802,23.25243023,50.44108446
MOZ,2011,67.664,2.187645249,32.336,4.509873374,23.61494743,50.7035886
MOZ,2012,67.154,2.258031041,32.846,4.579491587,23.59782449,50.96609273
MOZ,2013,66.64,2.30439453,33.36,4.625490625,23.70516014,51.22859686
MOZ,2014,66.122,2.288584213,33.878,4.609763616,23.55656662,51.49110099
MOZ,2015,65.6,2.250434304,34.4,4.57209821,24.01223447,51.75360513
MOZ,2016,65.074,2.324097233,34.926,4.64664724,23.12560737,52.1499911
MOZ,2017,64.545,2.286943104,35.455,4.606458538,22.13970265,52.43190315
MOZ,2018,64.012,2.11767771,35.988,4.43901443,21.54200034,52.66389277
MOZ,2019,63.472,2.039395931,36.528,4.375921305,20.77406654,52.66389277
MOZ,2020,62.926,2.040877495,37.074,4.388500663,..,52.66389277
MOZ,2021,62.372,1.957811334,37.628,4.325371939,..,52.66389277
MOZ,2022,61.813,1.843918169,38.187,4.218860406,..,..
MMR,1990,74.757,1.300757809,25.243,2.22493202,35.76193715,15.95617713
MMR,1991,74.582,1.204081461,25.418,2.129320912,..,15.93781559
MMR,1992,74.407,1.125680525,25.593,2.04671881,..,15.91027328
MMR,1993,74.231,1.089261601,25.769,2.011424778,..,15.98371944
MMR,1994,74.054,1.066026737,25.946,1.989270502,..,15.94546623
MMR,1995,73.876,1.033931064,26.124,1.958289465,35.12029354,15.98983995
MMR,1996,73.697,1.01619775,26.303,1.941647042,..,16.07246687
MMR,1997,73.518,1.012455755,26.482,1.933857612,..,16.0954188
MMR,1998,73.337,0.983370491,26.663,1.91102815,..,16.08623803
MMR,1999,73.157,0.927703398,26.843,1.846272349,..,16.23313034
MMR,2000,72.975,0.84762225,27.025,1.772442153,33.39348749,16.54374637
MMR,2001,72.792,0.789834745,27.208,1.715792972,..,16.73807265
MMR,2002,72.609,0.754623231,27.391,1.6766861,..,16.71665086
MMR,2003,72.425,0.697111734,27.575,1.620352782,..,16.80386816
MMR,2004,72.24,0.62296215,27.76,1.547384577,..,16.9599951
MMR,2005,72.054,0.554343852,27.946,1.479944441,36.57941224,17.2385821
MMR,2006,71.868,0.500936027,28.132,1.422767725,..,17.74679786
MMR,2007,71.681,0.479872838,28.319,1.402939886,..,18.33761782
MMR,2008,71.493,0.321563741,28.507,1.245854765,..,18.79199767
MMR,2009,71.305,0.322604531,28.695,1.243230046,..,19.04331854
MMR,2010,71.115,0.495637534,28.885,1.422410462,37.52067534,19.17460123
MMR,2011,70.925,0.546170625,29.075,1.469324185,31.16283822,19.22270355
MMR,2012,70.734,0.577560889,29.266,1.501998563,34.9152645,19.21304448
MMR,2013,70.543,0.582520836,29.457,1.503428435,36.13453786,19.27328964
MMR,2014,70.35,0.559894632,29.65,1.48691185,32.27396916,19.34219391
MMR,2015,70.142,0.506413158,29.858,1.501582168,31.18146951,19.52134486
MMR,2016,69.918,0.470263823,30.082,1.537545234,32.41346793,19.5471675
MMR,2017,69.678,0.416354388,30.322,1.554863759,29.10398763,19.99785523
MMR,2018,69.421,0.350173515,30.579,1.563686688,29.57682003,20.02650529
MMR,2019,69.148,0.313970474,30.852,1.596808374,29.43314277,19.88570553
MMR,2020,68.859,0.300652558,31.141,1.651843636,..,19.88753888
MMR,2021,68.552,0.252443777,31.448,1.680286962,..,19.88753888
MMR,2022,68.229,0.233828331,31.771,1.727971918,..,..
NAM,1990,72.344,5.734225482,27.656,7.042600103,25.05950809,46.96036634
NAM,1991,72.081,2.983529331,27.919,4.294053675,..,46.96036634
NAM,1992,71.664,2.62233496,28.336,4.685256635,..,46.96036634
NAM,1993,71.177,2.559044307,28.823,4.944712117,..,47.00652261
NAM,1994,70.684,2.474038628,29.316,4.86523898,..,47.06725455
NAM,1995,70.187,2.260707901,29.813,4.647414964,24.70554706,47.15227927
NAM,1996,69.684,2.026869961,30.316,4.41920088,..,47.15227927
NAM,1997,69.177,1.85274255,30.823,4.241533819,..,47.15227927
NAM,1998,68.665,1.748258696,31.335,4.138622597,..,47.15227927
NAM,1999,68.149,1.65453653,31.851,4.042122373,..,47.15227927
NAM,2000,67.627,1.502992126,32.373,3.897629183,25.48152446,47.15227927
NAM,2001,67.102,1.24828301,32.898,3.636188292,..,47.15227927
NAM,2002,66.234,0.413614852,33.766,4.319807035,..,47.15227927
NAM,2003,65.291,-1.97E-02,34.709,4.16888262,..,47.15227927
NAM,2004,64.334,-0.232398414,35.666,3.964149881,..,47.15227927
NAM,2005,63.368,-0.310573092,36.632,3.874746982,24.55185999,47.15227927
NAM,2006,62.39,-0.355503382,37.61,3.834512088,..,47.15227927
NAM,2007,61.402,-0.348998742,38.598,3.840476166,..,47.1377036
NAM,2008,60.403,-0.304000773,39.597,3.891496397,..,47.1377036
NAM,2009,59.399,-0.245886767,40.601,3.934316049,..,47.1377036
NAM,2010,58.384,-0.218829971,41.616,3.973955524,26.5972148,47.13891824
NAM,2011,57.363,-0.201240506,42.637,3.986731676,27.57145532,47.13891824
NAM,2012,56.307,-0.224012835,43.693,4.08062437,27.34520834,47.13891824
NAM,2013,55.244,-0.211377118,44.756,4.098142715,26.65148554,47.13891824
NAM,2014,54.174,-0.224991392,45.826,4.093639531,26.0859573,47.13891824
NAM,2015,53.1,-0.24777136,46.9,4.07115473,26.93323269,47.14013288
NAM,2016,52.039,-0.253349246,47.961,4.002106709,25.6294934,47.14013288
NAM,2017,50.995,-0.269582906,49.005,3.910411053,25.16074037,47.14134752
NAM,2018,49.968,-0.309320042,50.032,3.799216628,24.74796538,47.14134752
NAM,2019,48.958,-0.353515393,51.042,3.687052829,24.19978552,47.14134752
NAM,2020,47.967,-0.324612895,52.033,3.643216034,..,47.14134752
NAM,2021,46.995,-0.411416491,53.005,3.486732954,..,47.14256216
NAM,2022,46.044,-0.597977572,53.956,3.224590171,..,..
NRU,1990,0,..,100,3.089539001,5.915312614,20
NRU,1991,0,..,100,3.11820135,..,20
NRU,1992,0,..,100,2.266583977,..,20
NRU,1993,0,..,100,0.953089995,..,20
NRU,1994,0,..,100,0.468293539,..,20
NRU,1995,0,..,100,0.407965597,6.59920249,20
NRU,1996,0,..,100,0.280722318,..,20
NRU,1997,0,..,100,0.1738459,..,20
NRU,1998,0,..,100,0.135004842,..,20
NRU,1999,0,..,100,5.78E-02,..,20
NRU,2000,0,..,100,-5.78E-02,5.714254314,20
NRU,2001,0,..,100,-0.135004842,..,20
NRU,2002,0,..,100,-0.11586368,..,20
NRU,2003,0,..,100,-6.76E-02,..,20
NRU,2004,0,..,100,-8.70E-02,..,20
NRU,2005,0,..,100,-0.164625031,5.69686128,20
NRU,2006,0,..,100,-0.232874159,..,20
NRU,2007,0,..,100,-0.262633291,..,20
NRU,2008,0,..,100,-0.234032286,..,20
NRU,2009,0,..,100,-9.77E-02,..,20
NRU,2010,0,..,100,7.81E-02,5.408164988,20
NRU,2011,0,..,100,0.409277515,5.298737139,20
NRU,2012,0,..,100,1.553560459,5.209032839,20
NRU,2013,0,..,100,2.365518569,5.299076463,20
NRU,2014,0,..,100,2.274296047,5.163300753,20
NRU,2015,0,..,100,2.214779795,5.531956166,20
NRU,2016,0,..,100,2.228011886,5.971842703,20
NRU,2017,0,..,100,2.119548182,5.830128348,20
NRU,2018,0,..,100,2.05039802,5.866224431,20
NRU,2019,0,..,100,1.729341401,5.857163356,20
NRU,2020,0,..,100,1.497144175,..,20
NRU,2021,0,..,100,1.579022576,..,20
NRU,2022,0,..,100,1.247087134,..,..
NPL,1990,91.146,2.089877754,8.854,6.031847465,67.8473854,28.98181818
NPL,1991,90.82,2.229426601,9.18,6.203524373,..,29
NPL,1992,90.418,2.355068523,9.582,7.084547734,..,29.07832168
NPL,1993,90.001,2.231412764,9.999,6.953555424,..,29.15664336
NPL,1994,89.567,1.966187938,10.433,6.698441941,..,29.23496503
NPL,1995,89.117,1.813046711,10.883,6.53954294,64.2017057,29.31328671
NPL,1996,88.65,1.596663527,11.35,6.323644601,..,29.39160839
NPL,1997,88.166,1.474822701,11.834,6.198206552,..,29.46993007
NPL,1998,87.664,1.362530499,12.336,6.088063577,..,29.54825175
NPL,1999,87.143,1.242465591,12.857,5.975206046,..,29.62657343
NPL,2000,86.603,1.088179298,13.397,5.82399866,67.03447171,29.64143704
NPL,2001,86.053,0.964730323,13.947,5.625200602,..,29.71049878
NPL,2002,85.76,1.154763431,14.24,3.574882375,..,29.58493198
NPL,2003,85.462,1.02694031,14.538,3.446126865,..,29.48726892
NPL,2004,85.159,0.887159136,14.841,3.305095269,..,29.42448552
NPL,2005,84.851,0.713026647,15.149,3.129453167,69.70727002,29.3128706
NPL,2006,84.538,0.516210393,15.462,2.930862886,..,29.19427973
NPL,2007,84.219,0.353388797,15.781,2.773587507,..,29.06173701
NPL,2008,83.895,0.241055415,16.105,2.658824809,..,28.96407394
NPL,2009,83.566,0.146498716,16.434,2.561661836,..,28.88036275
NPL,2010,83.232,9.64E-02,16.768,2.508896822,77.14093136,28.78269969
NPL,2011,82.892,-2.41E-02,17.108,2.392602494,78.11293037,28.78688525
NPL,2012,82.542,-0.187604553,17.458,2.260705475,86.99389723,28.74782002
NPL,2013,82.185,-0.247521188,17.815,2.210192402,86.3556379,28.74782002
NPL,2014,81.818,-0.153805212,18.182,2.332875604,94.81583099,28.74782002
NPL,2015,81.443,7.89E-02,18.557,2.579770948,88.68734566,28.74782002
NPL,2016,81.058,0.430629222,18.942,2.957937293,91.49270402,28.74782002
NPL,2017,80.664,0.662698611,19.336,3.208642768,80.62596922,28.74782002
NPL,2018,80.26,0.638446611,19.74,3.208393948,82.68815279,28.74782002
NPL,2019,79.847,0.620445345,20.153,3.206964761,83.10319363,28.74782002
NPL,2020,79.424,1.243099124,20.576,3.851477257,..,28.74782002
NPL,2021,78.992,1.766322859,21.008,4.38952105,..,28.74782002
NPL,2022,78.549,1.129851384,21.451,3.779043143,..,..
NLD,1990,31.316,-0.542754023,68.684,1.255105461,19.9381451,59.77488152
NLD,1991,30.671,-1.293122811,69.329,1.722731204,..,58.33827014
NLD,1992,29.777,-2.202081293,70.223,2.03732043,..,58.16943128
NLD,1993,28.9,-2.292483038,71.1,1.938137949,..,58.26125592
NLD,1994,28.038,-2.425142523,71.962,1.808022817,..,57.77251185
NLD,1995,27.191,-2.573547204,72.809,1.664066361,18.55928885,58.19609005
NLD,1996,26.36,-2.642435925,73.64,1.59627352,..,57.77843602
NLD,1997,25.547,-2.618001874,74.453,1.612732259,..,58.15462085
NLD,1998,24.75,-2.552811843,75.25,1.68142954,..,56.74763033
NLD,1999,23.97,-2.536758041,76.03,1.696704929,..,58.43009479
NLD,2000,23.205,-2.528752081,76.795,1.715922104,16.7914327,58.0450237
NLD,2001,22.17,-3.807929936,77.83,2.093581232,..,56.95201422
NLD,2002,20.887,-5.323006207,79.113,2.273314176,..,57.46741706
NLD,2003,19.659,-5.587366006,80.341,2.01210346,..,56.68542654
NLD,2004,18.486,-5.80466571,81.514,1.796942841,..,57.742891
NLD,2005,17.37,-5.993261336,82.63,1.593468804,15.30183547,57.39632701
NLD,2006,16.364,-5.805460614,83.636,1.370736771,..,56.86018957
NLD,2007,15.461,-5.458787936,84.539,1.291413666,..,56.70616114
NLD,2008,14.598,-5.354312008,85.402,1.404945288,..,57.14751185
NLD,2009,13.712,-5.747037769,86.288,1.546387425,..,56.8455381
NLD,2010,12.866,-5.855385413,87.134,1.488584168,15.71146331,55.50844945
NLD,2011,12.121,-5.49848374,87.879,1.317805475,15.49744169,55.11269276
NLD,2012,11.412,-5.657339268,88.588,1.1736074,13.81230888,54.61743772
NLD,2013,10.813,-5.096810144,89.187,0.968708647,12.72082828,54.84119917
NLD,2014,10.31,-4.403659324,89.69,0.922227878,12.18576243,54.58889878
NLD,2015,9.827,-4.354835105,90.173,0.9802962,12.65099613,54.82625483
NLD,2016,9.365,-4.283237572,90.635,1.043217191,11.51731149,53.90555391
NLD,2017,8.923,-4.243484863,91.077,1.077686106,12.42053652,54.02435402
NLD,2018,8.51,-4.155137383,91.49,1.036375039,12.07642052,54.14315414
NLD,2019,8.124,-3.986813551,91.876,1.076084067,12.0392862,53.95901396
NLD,2020,7.764,-3.97699244,92.236,0.946610707,..,53.88921889
NLD,2021,7.428,-3.90056949,92.572,0.887108129,..,53.81645382
NLD,2022,7.114,-3.354033506,92.886,1.303810575,..,..
NCL,1990,40.423,2.016341788,59.577,2.60897341,..,12.69146608
NCL,1991,40.281,2.225956308,59.719,2.816105528,..,12.5273523
NCL,1992,40.138,2.142849103,59.862,2.738039235,..,12.58205689
NCL,1993,39.996,2.22400386,60.004,2.816029549,..,12.58205689
NCL,1994,39.854,2.310778138,60.146,2.903115248,..,12.63676149
NCL,1995,39.712,1.904519673,60.288,2.497378658,..,12.74617068
NCL,1996,39.525,1.443383867,60.475,2.224993935,..,12.85557987
NCL,1997,39.162,1.0091443,60.838,2.530546244,..,13.01969365
NCL,1998,38.801,0.972700363,61.199,2.490377244,..,13.12910284
NCL,1999,38.441,0.967060275,61.559,2.48500518,..,13.29321663
NCL,2000,38.081,0.960260806,61.919,2.484599859,..,13.40262582
NCL,2001,37.724,0.959666153,62.276,2.476835008,..,13.56673961
NCL,2002,37.368,0.950544034,62.632,2.46888281,..,13.6761488
NCL,2003,37.013,0.749905714,62.987,2.268556578,..,13.32603939
NCL,2004,36.659,0.559656101,63.341,2.082362552,..,12.94310722
NCL,2005,36.035,-0.198152236,63.965,2.498664675,..,12.58752735
NCL,2006,35.362,-0.389089245,64.638,2.542146513,..,12.28665208
NCL,2007,34.694,-0.433970544,65.306,2.502163724,..,11.93107221
NCL,2008,34.031,-0.477010837,65.969,2.462314454,..,11.52078775
NCL,2009,33.376,-0.633889601,66.624,2.297617754,..,11.24726477
NCL,2010,32.898,9.13E-02,67.102,2.247800923,..,10.8643326
NCL,2011,32.435,0.406897155,67.565,2.513102188,..,10.41028446
NCL,2012,31.976,0.387137845,68.024,2.488391036,..,10.06750547
NCL,2013,31.521,0.345943945,68.479,2.446250254,..,10.05087527
NCL,2014,31.069,0.210355578,68.931,2.313175419,..,10.05087527
NCL,2015,30.621,-0.927680652,69.379,1.172404402,..,10.06728665
NCL,2016,30.179,-1.171528872,69.821,0.916360484,..,10.06728665
NCL,2017,29.744,-1.233821944,70.256,0.839210055,..,10.06728665
NCL,2018,29.317,-1.313366666,70.683,0.738880279,..,10.06728665
NCL,2019,28.896,-1.420116723,71.104,0.619454668,..,10.06728665
NCL,2020,28.482,-0.995007568,71.518,1.029618092,..,10.06728665
NCL,2021,28.075,-0.634725781,71.925,1.371556667,..,10.06728665
NCL,2022,27.675,-0.666192042,72.325,1.323530245,..,..
NZL,1990,15.258,-0.611634703,84.742,1.202097773,6.947434058,52.85405036
NZL,1991,15.05,3.472440815,84.95,5.090113659,..,52.25241464
NZL,1992,14.897,1.98E-02,85.103,1.221706101,..,51.65490828
NZL,1993,14.746,0.121572017,85.254,1.317481583,..,51.05592078
NZL,1994,14.596,0.306691725,85.404,1.505046766,..,50.45684516
NZL,1995,14.447,0.43830937,85.553,1.63867332,6.886499033,49.85782842
NZL,1996,14.3,0.559956065,85.7,1.754334676,..,49.25878812
NZL,1997,14.219,0.74430566,85.781,1.40683085,..,48.65998899
NZL,1998,14.139,0.323100258,85.861,0.980491145,..,48.06121948
NZL,1999,14.059,-4.19E-02,85.941,0.618610757,..,47.46247731
NZL,2000,13.979,1.69E-02,86.021,0.680613208,6.76699141,46.86381983
NZL,2001,13.9,2.24E-02,86.1,0.68110042,..,46.26516767
NZL,2002,13.839,1.297468428,86.161,1.807980167,..,45.66634195
NZL,2003,13.779,1.539063249,86.221,2.043170657,..,45.03437013
NZL,2004,13.719,1.049780541,86.281,1.555790266,..,45.15589989
NZL,2005,13.659,0.690415951,86.341,1.198297255,6.348300787,44.47989062
NZL,2006,13.6,0.786240936,86.4,1.287272925,..,43.20003038
NZL,2007,13.66,1.372529676,86.34,0.862952376,..,43.62538453
NZL,2008,13.72,1.287067369,86.28,0.779170376,..,43.19623258
NZL,2009,13.78,1.435969849,86.22,0.93018233,..,43.63677794
NZL,2010,13.84,1.546261671,86.16,1.04210166,6.30265652,43.32535794
NZL,2011,13.9,1.195048861,86.1,0.692820855,6.112340412,43.18483916
NZL,2012,13.839,0.108412829,86.161,0.619042484,6.234547703,42.5711139
NZL,2013,13.779,0.333848053,86.221,0.837960847,6.263099945,42.17842087
NZL,2014,13.719,1.224668143,86.281,1.730568118,6.052504463,42.21639892
NZL,2015,13.659,1.597674746,86.341,2.105557973,6.007926029,40.68208575
NZL,2016,13.6,1.813200686,86.4,2.314333999,6.081610072,40.30990088
NZL,2017,13.534,1.602242554,86.466,2.165083237,5.983860739,40.42383502
NZL,2018,13.462,1.25780339,86.538,1.8744789,6.034471375,39.86935551
NZL,2019,13.385,1.017513878,86.615,1.680101108,6.048305496,39.28829137
NZL,2020,13.301,1.575304587,86.699,2.301713163,..,38.56291064
NZL,2021,13.211,-0.263400322,86.789,0.519387762,..,38.64266454
NZL,2022,13.116,-0.473525092,86.884,0.357554861,..,..
NIC,1990,46.925,1.763629302,53.075,2.879448434,20.96666628,33.44690045
NIC,1991,46.648,1.733410481,53.352,2.846032168,..,33.73774306
NIC,1992,46.37,1.684245582,53.63,2.801685795,..,34.2363304
NIC,1993,46.093,1.623810522,53.907,2.738153498,..,34.81801562
NIC,1994,45.817,1.553563382,54.183,2.664893227,..,35.06730929
NIC,1995,45.563,1.512600351,54.437,2.536134073,20.22869552,37.834469
NIC,1996,45.413,1.567878674,54.587,2.172857494,..,38.67375769
NIC,1997,45.263,1.390817851,54.737,1.996092914,..,39.95346518
NIC,1998,45.114,1.26271834,54.886,1.864297994,..,40.82599302
NIC,1999,44.964,1.169842833,55.036,1.775788716,..,41.69852086
NIC,2000,44.815,1.110027845,55.185,1.712304083,21.72911591,42.7206249
NIC,2001,44.665,1.012982844,55.335,1.619705813,..,43.00315772
NIC,2002,44.516,0.933436554,55.484,1.536501255,..,43.20259265
NIC,2003,44.367,0.875402324,55.633,1.478845978,..,43.35216885
NIC,2004,44.218,0.843162055,55.782,1.447043833,..,43.41864717
NIC,2005,44.065,0.916315663,55.935,1.536818323,23.06554667,43.62639189
NIC,2006,43.868,0.919909722,56.132,1.719600955,..,43.27738075
NIC,2007,43.672,0.946526076,56.328,1.74284578,..,43.00315772
NIC,2008,43.475,0.969604279,56.525,1.770829743,..,42.6458368
NIC,2009,43.279,0.995054307,56.721,1.793067664,..,42.28851587
NIC,2010,43.083,1.009948028,56.917,1.808809499,21.39452778,41.9644341
NIC,2011,42.887,1.015781668,57.113,1.815513146,23.87684453,42.13810869
NIC,2012,42.691,1.012792106,57.309,1.813496052,21.51418461,42.15555925
NIC,2013,42.495,1.001137647,57.505,1.802707731,23.46972436,42.15555925
NIC,2014,42.3,0.98877726,57.7,1.787227623,21.43012396,42.15555925
NIC,2015,42.105,0.975891056,57.895,1.775318072,21.89483769,42.15555925
NIC,2016,41.91,0.964517465,58.09,1.765017117,21.10660159,42.15555925
NIC,2017,41.701,0.918898509,58.299,1.77792739,19.79808272,42.22203756
NIC,2018,41.478,0.868904632,58.522,1.786890039,20.55766527,42.24696693
NIC,2019,41.24,0.810017448,58.76,1.791356345,20.43900913,42.24696693
NIC,2020,40.988,0.757764476,59.012,1.798641366,..,42.30513545
NIC,2021,40.723,0.742566938,59.277,1.839262225,..,42.30513545
NIC,2022,40.444,0.730830815,59.556,1.887827701,..,..
NER,1990,84.632,2.995168898,15.368,3.603806796,74.24646506,26.08905029
NER,1991,84.551,3.009308604,15.449,3.630806311,..,26.92429147
NER,1992,84.471,3.018121095,15.529,3.629235563,..,27.63085182
NER,1993,84.39,3.058171247,15.61,3.6743211,..,27.63085182
NER,1994,84.309,3.117771212,15.691,3.731358703,..,27.63085182
NER,1995,84.227,3.223965759,15.773,3.842521531,71.76087881,28.42030473
NER,1996,84.145,3.269179075,15.855,3.885169533,..,28.42030473
NER,1997,84.063,3.238037294,15.937,3.851367014,..,28.42030473
NER,1998,83.98,3.280781341,16.02,3.898988891,..,28.42030473
NER,1999,83.897,3.311234572,16.103,3.92686408,..,29.20975764
NER,2000,83.814,3.324760898,16.186,3.937906764,76.8338891,29.20975764
NER,2001,83.74,3.368202159,16.26,3.912676522,..,29.99921055
NER,2002,83.745,3.478128654,16.255,3.441383045,..,29.99921055
NER,2003,83.749,3.509242387,16.251,3.479823915,..,30.32446515
NER,2004,83.753,3.553953772,16.247,3.524593287,..,30.37183232
NER,2005,83.758,3.594146389,16.242,3.557386589,79.28608804,33.91884424
NER,2006,83.762,3.619201261,16.238,3.589795927,..,33.93779111
NER,2007,83.766,3.64597947,16.234,3.616581176,..,34.56382727
NER,2008,83.771,3.678518685,16.229,3.641714191,..,34.56382727
NER,2009,83.775,3.705940705,16.225,3.676545676,..,34.56382727
NER,2010,83.779,3.735479541,16.221,3.706037457,78.00109729,34.72171785
NER,2011,83.784,3.752691493,16.216,3.715873568,80.46845613,35.1164443
NER,2012,83.788,3.815350129,16.212,3.785905865,78.61511118,35.35328018
NER,2013,83.792,3.822979864,16.208,3.793529379,70.63492378,36.0637878
NER,2014,83.781,3.768046699,16.219,3.849041378,69.29133601,36.0637878
NER,2015,83.753,3.795435454,16.247,4.001336632,87.52219262,36.07405068
NER,2016,83.71,3.815734387,16.29,4.131417114,85.25194829,36.62666772
NER,2017,83.65,3.75523399,16.35,4.19457259,78.03893543,36.7845583
NER,2018,83.575,3.697894444,16.425,4.245276178,79.91205868,36.7845583
NER,2019,83.483,3.655305804,16.517,4.323992047,80.10926696,36.7845583
NER,2020,83.374,3.59644789,16.626,4.384869056,..,36.7845583
NER,2021,83.249,3.557387531,16.751,4.456430699,..,36.7845583
NER,2022,83.106,3.541062406,16.894,4.563064136,..,..
NGA,1990,70.32,1.443949426,29.68,5.492673052,71.58031634,64.46633069
NGA,1991,69.824,1.854354549,30.176,4.219550949,..,65.25796853
NGA,1992,69.323,1.803622666,30.677,4.170357105,..,66.53271408
NGA,1993,68.818,1.824628122,31.182,4.188547606,..,66.92908199
NGA,1994,68.309,1.832448258,31.691,4.194002446,..,67.98423312
NGA,1995,67.795,1.801880743,32.205,4.166090396,67.31029338,70.35695071
NGA,1996,67.275,1.756877784,32.725,4.128611513,..,70.53372421
NGA,1997,66.753,1.744019175,33.247,4.10548714,..,70.70939974
NGA,1998,66.227,1.724933026,33.773,4.085747482,..,71.59985507
NGA,1999,65.696,1.737600416,34.304,4.102649891,..,71.7634529
NGA,2000,65.16,1.783643827,34.84,4.153285965,74.2567105,71.92595277
NGA,2001,64.331,1.370849504,35.669,5.002847876,..,72.10053032
NGA,2002,63.492,1.370118823,36.508,5.007834089,..,72.25534438
NGA,2003,62.644,1.348166869,37.356,4.988981123,..,72.41894221
NGA,2004,61.788,1.319629769,38.212,4.961109766,..,72.57924613
NGA,2005,60.926,1.288777585,39.074,4.924461651,67.47106169,72.74723586
NGA,2006,60.057,1.259335561,39.943,4.895541303,..,72.90204991
NGA,2007,59.181,1.240271006,40.819,4.87904797,..,73.06564775
NGA,2008,58.298,1.216410384,41.702,4.859830828,..,73.23034356
NGA,2009,57.412,1.195941024,42.588,4.829727087,..,73.39174545
NGA,2010,56.52,1.178500632,43.48,4.817232665,62.90328334,73.55753923
NGA,2011,55.634,1.184058695,44.366,4.781297732,64.84236811,73.72113706
NGA,2012,54.754,1.154878992,45.246,4.713374585,67.36461608,73.88583287
NGA,2013,53.882,1.092078766,46.118,4.606379879,59.6854016,74.0494307
NGA,2014,53.018,1.011624551,46.982,4.484246034,59.48444907,74.21522448
NGA,2015,52.162,0.913464953,47.838,4.346763549,76.05337278,74.37333245
NGA,2016,51.317,0.873816578,48.683,4.257992685,69.62587645,74.54242015
NGA,2017,50.481,0.884811749,49.519,4.229970859,69.12074978,74.70492001
NGA,2018,49.656,0.848864759,50.344,4.148946368,69.82257148,74.87290974
NGA,2019,48.843,0.797385079,51.157,4.050189568,70.39625682,75.03760554
NGA,2020,48.042,0.787064592,51.958,3.994245224,..,75.20339932
NGA,2021,47.254,0.752530934,52.746,3.911587634,..,75.3691931
NGA,2022,46.479,0.726336521,53.521,3.838622955,..,..
MKD,1990,42.211,-0.74817981,57.789,0.955017661,45.60135732,..
MKD,1991,41.766,-1.426804821,58.234,0.400110023,..,..
MKD,1992,41.236,-2.197624207,58.764,-1.46E-02,..,51.39598899
MKD,1993,40.709,-2.338856341,59.291,-0.159757048,..,51.00275265
MKD,1994,40.206,-1.968781253,59.794,0.119272276,..,50.96342902
MKD,1995,40.413,0.589426829,59.587,-0.270825685,44.04414579,50.60951632
MKD,1996,40.62,1.02691378,59.38,0.167853059,..,50.72748722
MKD,1997,40.828,0.643191907,59.172,-0.218450157,..,50.45222179
MKD,1998,41.035,1.037793569,58.965,0.181708848,..,50.76681085
MKD,1999,41.243,0.983630132,58.757,0.124612291,..,50.41289815
MKD,2000,41.452,0.960954058,58.548,9.91E-02,41.70419101,48.56468738
MKD,2001,41.661,0.923029694,58.339,6.26E-02,..,48.83995281
MKD,2002,41.87,-0.225792376,58.13,-1.085192743,..,52.45772709
MKD,2003,42.079,0.82487755,57.921,-3.32E-02,..,51.16004719
MKD,2004,42.289,0.782186074,57.711,-7.89E-02,..,49.62642548
MKD,2005,42.468,0.634252701,57.532,-9.88E-02,37.15307677,48.28942194
MKD,2006,42.617,0.515655258,57.383,-9.38E-02,..,48.13212741
MKD,2007,42.736,0.441928424,57.264,-4.44E-02,..,42.6476417
MKD,2008,42.825,0.3713319,57.175,7.69E-03,..,42.13238208
MKD,2009,42.883,0.319481266,57.117,8.27E-02,..,40.1665345
MKD,2010,42.911,0.276400746,57.089,0.161998753,35.8443433,44.36954798
MKD,2011,42.908,0.164863124,57.092,0.177138762,41.05690857,44.32989691
MKD,2012,42.875,4.47E-02,57.125,0.179373618,36.79534047,50.23790642
MKD,2013,42.811,-4.53E-03,57.189,0.256853015,33.90486411,49.96034893
MKD,2014,42.716,-5.57E-02,57.284,0.332469693,34.79278398,50
MKD,2015,42.592,-0.157516753,57.408,0.349375884,32.55975286,50.03965107
MKD,2016,42.437,-0.255272802,57.563,0.378927348,30.49533977,50.15860428
MKD,2017,42.252,-0.339859395,57.748,0.417906312,31.43565921,50.19825535
MKD,2018,42.037,-0.427600752,57.963,0.454315123,30.88528202,50.11895321
MKD,2019,41.792,-0.561509078,58.208,0.4447326,30.26931856,50.15860428
MKD,2020,41.518,-0.85850449,58.482,0.268995478,..,50.03965107
MKD,2021,41.214,-1.094438295,58.786,0.158859542,..,49.96034893
MKD,2022,40.882,-1.168463599,59.118,0.203584271,..,..
MNP,1990,10.269,2.672856485,89.731,4.78619391,9.88604398,..
MNP,1991,10.303,0.969117215,89.697,0.583348491,..,8.695652174
MNP,1992,10.338,-4.02E-02,89.662,-0.397789558,..,8.695652174
MNP,1993,10.373,-2.01E-02,89.627,-0.415665837,..,8.695652174
MNP,1994,10.408,-2.01E-02,89.592,-0.389364104,..,8.695652174
MNP,1995,10.443,2.286154631,89.557,1.902042625,9.588367156,8.695652174
MNP,1996,10.345,8.167417726,89.655,9.226545297,..,8.695652174
MNP,1997,10.216,11.80848678,89.784,13.21196203,..,8.695652174
MNP,1998,10.088,10.63257667,89.912,12.04086158,..,6.52173913
MNP,1999,9.962,9.452049827,90.038,10.83888363,..,6.52173913
MNP,2000,9.848,4.089045827,90.152,5.366075866,7.97776548,6.52173913
MNP,2001,9.765,-1.926940245,90.235,-0.982358882,..,6.52173913
MNP,2002,9.684,-3.794849095,90.316,-2.868492667,..,6.52173913
MNP,2003,9.602,-4.195463965,90.398,-3.255165345,..,6.52173913
MNP,2004,9.522,-4.554352117,90.478,-3.631823193,..,6.52173913
MNP,2005,9.442,-4.925039276,90.558,-3.989240152,7.633029514,6.52173913
MNP,2006,9.362,-5.228714151,90.638,-4.303549282,..,6.52173913
MNP,2007,9.284,-5.500181757,90.716,-4.577508986,..,3.695652174
MNP,2008,9.205,-5.766096177,90.795,-4.817317852,..,3.695652174
MNP,2009,9.128,-5.926832159,90.872,-4.999442623,..,3.695652174
MNP,2010,9.051,-6.198162892,90.949,-5.258535247,7.189279108,3.695652174
MNP,2011,8.972,-3.810182963,91.028,-2.853801914,7.040822394,3.695652174
MNP,2012,8.892,-1.195573592,91.108,-0.219870051,6.985875583,3.695652174
MNP,2013,8.81,-1.340560616,91.19,-0.327559348,7.690390513,3.695652174
MNP,2014,8.727,-1.513352712,91.273,-0.455322357,7.349006477,3.695652174
MNP,2015,8.643,-1.626414374,91.357,-0.569959061,9.546252635,3.695652174
MNP,2016,8.557,-1.74469136,91.443,-0.648051724,8.374308489,3.695652174
MNP,2017,8.47,-1.798941502,91.53,-0.699648739,7.839653053,3.695652174
MNP,2018,8.382,-1.903029355,91.618,-0.743626427,8.192170775,1.173913043
MNP,2019,8.292,-1.964134998,91.708,-0.792928827,8.151978907,1.173913043
MNP,2020,8.202,-1.633983433,91.798,-0.447153435,..,1.173913043
MNP,2021,8.11,-1.336653564,91.89,-0.114300799,..,1.173913043
MNP,2022,8.017,-1.001761445,91.983,0.241636214,..,..
NOR,1990,28.044,-0.111247334,71.956,0.522200917,11.76053243,2.672186265
NOR,1991,27.735,-0.631509139,72.265,0.905035504,..,2.76527472
NOR,1992,27.335,-0.875486063,72.665,1.129151062,..,2.74610945
NOR,1993,26.939,-0.864105287,73.061,1.138733701,..,2.773488408
NOR,1994,26.547,-0.896390027,73.453,1.104472952,..,2.820032636
NOR,1995,26.213,-0.747023632,73.787,0.972815204,10.68419393,3.085608525
NOR,1996,25.938,-0.547760489,74.062,0.878884219,..,3.099298004
NOR,1997,25.524,-1.066799218,74.476,1.099664911,..,2.841935802
NOR,1998,24.973,-1.586915127,75.027,1.332499427,..,2.866576864
NOR,1999,24.431,-1.509524466,75.569,1.404583036,..,2.841935802
NOR,2000,23.98,-1.214214668,76.02,1.244074275,10.09080673,2.852887385
NOR,2001,23.622,-0.99815496,76.378,0.975881112,..,2.866576864
NOR,2002,23.267,-0.974971097,76.733,1.003012978,..,2.863838968
NOR,2003,22.916,-0.933509794,77.084,1.042911799,..,2.847411593
NOR,2004,22.601,-0.793132427,77.399,0.998726643,..,2.847411593
NOR,2005,22.325,-0.547642685,77.675,1.037036358,8.168736987,2.83646001
NOR,2006,22.05,-0.434114387,77.95,1.158822343,..,2.833722115
NOR,2007,21.766,-0.261610255,78.234,1.398407434,..,2.825508427
NOR,2008,21.474,-0.104250053,78.526,1.618866752,..,2.805795578
NOR,2009,21.185,-9.38E-02,78.815,1.628476397,..,2.776938156
NOR,2010,20.898,-0.118353511,79.102,1.609156065,8.099763965,2.754049348
NOR,2011,20.545,-0.406400974,79.455,1.742457104,9.050737279,2.735157867
NOR,2012,20.126,-0.747075208,79.874,1.839399766,7.555663741,2.718182913
NOR,2013,19.714,-0.85919288,80.286,1.723625203,7.27897533,2.703590045
NOR,2014,19.308,-0.953203284,80.692,1.632151565,7.454135917,2.702652366
NOR,2015,18.909,-1.093061048,81.091,1.48833778,7.00932544,2.700041376
NOR,2016,18.515,-1.224759385,81.485,1.36567886,6.594523915,2.693886082
NOR,2017,18.129,-1.299092489,81.871,1.280246109,6.652507161,2.698027788
NOR,2018,17.752,-1.441461278,82.248,1.119532812,6.695799295,2.701337686
NOR,2019,17.384,-1.419723961,82.616,1.121488618,6.642383374,2.695892017
NOR,2020,17.026,-1.492127487,82.974,1.021155076,..,2.70656766
NOR,2021,16.677,-1.536236345,83.323,0.954484088,..,2.704038213
NOR,2022,16.336,-1.167613529,83.664,1.306827166,..,..
OMN,1990,33.898,0.161811936,66.102,7.817459449,43.64239799,3.489499192
OMN,1991,32.204,-0.224545602,67.796,7.432525961,..,3.489499192
OMN,1992,30.553,-0.621267012,69.447,7.047670371,..,3.499192246
OMN,1993,28.956,-1.096758878,71.044,6.545265485,..,3.46365105
OMN,1994,28.312,0.690359016,71.688,3.841917201,..,3.46365105
OMN,1995,28.331,1.878335942,71.669,1.784659581,39.6555777,3.460420032
OMN,1996,28.351,1.772066804,71.649,1.673697622,..,3.460420032
OMN,1997,28.371,1.669975128,71.629,1.57144502,..,3.457189015
OMN,1998,28.391,1.57921828,71.609,1.480936247,..,3.460420032
OMN,1999,28.411,1.502171208,71.589,1.403709177,..,3.460420032
OMN,2000,28.431,1.429839218,71.569,1.331482999,43.15936887,3.789983845
OMN,2001,28.451,1.358778919,71.549,1.260500734,..,3.791922456
OMN,2002,28.471,1.284321077,71.529,1.186140676,..,4.114378029
OMN,2003,28.491,1.225895496,71.509,1.127790409,..,4.436187399
OMN,2004,28.173,0.398174458,71.827,1.964177667,..,4.756058158
OMN,2005,27.6,-0.195431739,72.4,2.65407784,42.79003956,4.733441034
OMN,2006,27.033,-0.284619566,72.967,2.571271923,..,4.726978998
OMN,2007,26.473,-0.349197585,73.527,2.508586165,..,4.733441034
OMN,2008,25.92,-0.386506048,74.08,2.473929418,..,4.708239095
OMN,2009,25.376,-0.381869904,74.624,2.470798769,..,4.699192246
OMN,2010,24.839,4.472719254,75.161,7.328565966,41.07175478,4.663004847
OMN,2011,23.817,6.482450824,76.183,12.03468575,44.83063053,4.642326333
OMN,2012,22.436,3.784981638,77.564,11.55464804,46.57105523,4.600323102
OMN,2013,21.118,1.596158068,78.882,9.335386203,44.05922815,4.586429725
OMN,2014,19.855,-1.244175081,80.145,6.511175416,40.65538072,4.587399031
OMN,2015,18.65,-1.809397281,81.35,5.943949572,44.0639596,4.633279483
OMN,2016,17.5,-1.560400559,82.5,6.207876074,42.27135251,4.639741519
OMN,2017,16.44,-3.031340501,83.56,4.493601152,44.03325236,4.691179321
OMN,2018,15.461,-4.842427832,84.539,2.462054798,44.31794214,4.716930533
OMN,2019,14.557,-5.989874899,85.443,1.098660271,44.57247023,4.72180937
OMN,2020,13.724,-7.19085231,86.276,-0.328044258,..,4.713828756
OMN,2021,12.956,-6.264659612,87.044,0.38030963,..,4.737382876
OMN,2022,12.25,-4.37576186,87.75,2.035212691,..,..
PAK,1990,69.424,2.939446967,30.576,4.115170064,60.737048,45.66988377
PAK,1991,69.174,2.869887962,30.826,4.044952363,..,45.75290577
PAK,1992,68.923,2.262374037,31.077,3.436836909,..,45.89559983
PAK,1993,68.671,2.192260146,31.329,3.366176032,..,46.37557078
PAK,1994,68.418,2.534274008,31.582,3.707693667,..,46.42745953
PAK,1995,68.164,2.580173002,31.836,3.753150317,53.45696804,46.73360315
PAK,1996,67.908,2.669867163,32.092,3.847042355,..,46.92299709
PAK,1997,67.652,2.562913559,32.348,3.735149777,..,47.56771482
PAK,1998,67.415,2.540301344,32.585,3.621223917,..,47.68576173
PAK,1999,67.217,2.564309352,32.783,3.464246535,..,47.68057285
PAK,2000,67.018,2.77905759,32.982,3.680740205,57.71889497,47.60533416
PAK,2001,66.82,2.796198382,33.18,3.690612849,..,47.9607721
PAK,2002,66.62,2.209099492,33.38,3.109822806,..,47.84661685
PAK,2003,66.42,1.888726591,33.58,2.786761163,..,47.79213367
PAK,2004,66.219,1.93207085,33.781,2.831935166,..,46.75825031
PAK,2005,66.018,1.854492296,33.982,2.751737977,55.20881643,46.65447281
PAK,2006,65.816,1.792066901,34.184,2.691185744,..,46.875
PAK,2007,65.613,1.832611438,34.387,2.73361322,..,46.71673931
PAK,2008,65.41,1.869019872,34.59,2.767492607,..,45.80868618
PAK,2009,65.207,1.91832936,34.793,2.814322875,..,45.7619863
PAK,2010,65.003,1.939239133,34.997,2.837191919,59.60870032,45.71658364
PAK,2011,64.798,1.794966312,35.202,2.694889892,59.98728468,46.61685347
PAK,2012,64.592,1.479558305,35.408,2.381463234,65.41081339,46.78160025
PAK,2013,64.387,1.219015941,35.613,2.114193721,66.84634548,47.06309672
PAK,2014,64.181,1.088729469,35.819,1.985957317,70.94474538,47.0267746
PAK,2015,63.974,0.973505626,36.026,1.872792953,66.9297544,46.96191366
PAK,2016,63.766,0.878393316,36.234,1.779757132,68.7176409,47.72986716
PAK,2017,63.558,1.001409881,36.442,1.900540086,61.75482212,48.00098589
PAK,2018,63.334,1.18411605,36.666,2.149966084,62.39700577,47.93612495
PAK,2019,63.093,1.226733038,36.907,2.263115623,62.57424987,47.11887713
PAK,2020,62.835,1.323269252,37.165,2.429650206,..,47.63776463
PAK,2021,62.56,1.395447272,37.44,2.571281636,..,47.09293275
PAK,2022,62.269,1.427006996,37.731,2.667484112,..,..
PLW,1990,30.407,1.059354843,69.593,2.733633717,6.87572623,..
PLW,1991,30.034,1.005678745,69.966,2.779758338,..,9.347826087
PLW,1992,29.663,1.058883252,70.337,2.829017494,..,9.347826087
PLW,1993,29.296,1.089472331,70.704,2.837566683,..,9.347826087
PLW,1994,28.931,1.098342821,71.069,2.868403812,..,9.347826087
PLW,1995,28.569,1.310420062,71.431,3.098013236,6.446199689,9.347826087
PLW,1996,28.694,3.438963433,71.306,2.815279967,..,9.347826087
PLW,1997,28.934,3.968927777,71.066,2.799730572,..,9.347826087
PLW,1998,29.175,3.817398843,70.825,2.648608629,..,9.347826087
PLW,1999,29.418,3.589350581,70.582,2.419562375,..,9.347826087
PLW,2000,29.662,2.597098876,70.338,1.422684953,6.615598386,9.347826087
PLW,2001,29.907,1.34116262,70.093,0.165628526,..,9.347826087
PLW,2002,30.153,0.939919642,69.847,-0.237726582,..,9.347826087
PLW,2003,30.4,0.964263498,69.6,-0.209378799,..,9.347826087
PLW,2004,29.617,-2.479188952,70.383,1.256884431,..,9.347826087
PLW,2005,28.848,-3.01305396,71.152,0.704103048,6.818266909,9.347826087
PLW,2006,28.09,-3.739752039,71.91,-1.42E-02,..,9.347826087
PLW,2007,27.345,-3.979427627,72.655,-0.269714125,..,9.347826087
PLW,2008,26.611,-4.105018017,73.389,-0.363131874,..,9.347826087
PLW,2009,25.891,-4.198668326,74.109,-0.479068522,..,9.347826087
PLW,2010,25.183,-4.297003921,74.817,-0.582253739,5.82930591,9.347826087
PLW,2011,24.489,-4.422787362,75.511,-0.709017585,6.521075623,9.347826087
PLW,2012,23.806,-4.463494071,76.194,-0.721393444,6.820763202,9.347826087
PLW,2013,23.138,-3.62289383,76.862,8.04E-02,6.669478845,9.347826087
PLW,2014,22.483,-2.930883349,77.517,0.800586518,7.281334486,9.347826087
PLW,2015,21.841,-2.916397892,78.159,0.815800648,9.036533493,9.347826087
PLW,2016,21.225,-2.739182605,78.775,0.908999567,7.327135948,9.347826087
PLW,2017,20.635,-2.680407051,79.365,0.858435267,6.908076947,9.347826087
PLW,2018,20.07,-2.642598035,79.93,0.865136396,7.150738006,9.347826087
PLW,2019,19.53,-2.428126067,80.47,0.961813938,6.873805482,9.347826087
PLW,2020,19.012,-2.371424025,80.988,0.952651137,..,9.347826087
PLW,2021,18.517,-2.339114789,81.483,0.896008183,..,9.347826087
PLW,2022,18.044,-2.425831506,81.956,0.752979849,..,..
PAN,1990,46.097,1.244785542,53.903,2.877740588,15.68399331,28.57142857
PAN,1991,45.243,0.233310827,54.757,3.675213396,..,28.70594566
PAN,1992,44.391,0.169114871,55.609,3.614213068,..,28.92117299
PAN,1993,43.544,0.131580996,56.456,3.569817295,..,28.92117299
PAN,1994,42.699,8.59E-02,57.301,3.531125032,..,28.71939736
PAN,1995,41.859,4.69E-02,58.141,3.489168428,14.63948418,28.67904224
PAN,1996,41.022,4.40E-03,58.978,3.453527876,..,28.67904224
PAN,1997,40.193,-2.75E-02,59.807,3.409796731,..,28.78665591
PAN,1998,39.368,-7.21E-02,60.632,3.371980516,..,28.90772128
PAN,1999,38.549,-0.1139017,61.451,3.330120264,..,29.01533495
PAN,2000,37.802,1.51E-02,62.198,3.180162181,16.61990036,29.99730966
PAN,2001,37.503,1.161975495,62.497,2.435581159,..,30.13720743
PAN,2002,37.206,1.145011669,62.794,2.414158406,..,30.10223298
PAN,2003,36.909,1.122171694,63.091,2.395515524,..,30.06725854
PAN,2004,36.613,1.115529444,63.387,2.388902979,..,30.0322841
PAN,2005,36.318,1.101473471,63.682,2.374734919,16.00965098,29.99730966
PAN,2006,36.024,1.066237132,63.976,2.339601789,..,29.92198009
PAN,2007,35.732,1.040228196,64.268,2.309558343,..,30.02152273
PAN,2008,35.44,1.017652429,64.56,2.291459702,..,29.98654829
PAN,2009,35.149,0.991815099,64.851,2.266122796,..,30.01883239
PAN,2010,34.86,0.964105936,65.14,2.234293771,15.4543969,30.48681733
PAN,2011,34.563,0.923765163,65.437,2.234360518,15.44989787,30.44121603
PAN,2012,34.259,0.895022322,65.741,2.241932793,14.92315966,30.30669895
PAN,2013,33.948,0.84870387,66.052,2.232553011,15.47718389,30.17218187
PAN,2014,33.629,0.799972329,66.371,2.225920437,15.45471741,30.12682137
PAN,2015,33.304,0.770103523,66.696,2.229713974,15.97528537,29.99190502
PAN,2016,32.973,0.735749929,67.027,2.229596182,14.43266888,29.85698867
PAN,2017,32.635,0.686548103,67.365,2.219970263,13.86640498,29.72207232
PAN,2018,32.291,0.615420519,67.709,2.184486154,13.63064322,29.56322459
PAN,2019,31.941,0.51251264,68.059,2.117860437,13.20059479,29.42841736
PAN,2020,31.586,0.33341475,68.414,1.971298432,..,29.30843893
PAN,2021,31.225,0.166107428,68.775,1.84190423,..,29.40571583
PAN,2022,30.859,0.129526885,69.141,1.839335609,..,..
PNG,1990,85.006,2.405727141,14.994,4.007351511,17.66095952,2.049198428
PNG,1991,85.184,3.417789302,14.816,2.014382866,..,2.060239368
PNG,1992,85.371,3.803705402,14.629,2.314271128,..,2.080113059
PNG,1993,85.555,3.892504386,14.445,2.411407627,..,2.14415051
PNG,1994,85.738,3.876448649,14.262,2.387864377,..,2.159607826
PNG,1995,85.919,3.844783684,14.081,2.35663566,17.22843342,2.194938833
PNG,1996,86.099,3.814234723,13.901,2.318308868,..,2.243518968
PNG,1997,86.276,3.78747112,13.724,2.300745291,..,2.258976284
PNG,1998,86.451,3.735737623,13.549,2.249717439,..,2.34951199
PNG,1999,86.625,3.691955337,13.375,2.198390234,..,2.387051186
PNG,2000,86.796,3.649338948,13.204,2.165398996,16.74391589,2.402508502
PNG,2001,86.818,3.419904747,13.182,3.227760116,..,2.413549441
PNG,2002,86.836,3.370300673,13.164,3.21284894,..,2.435631321
PNG,2003,86.854,3.331958422,13.146,3.174418626,..,2.446672261
PNG,2004,86.873,3.287396662,13.127,3.120935067,..,2.47979508
PNG,2005,86.891,3.236323633,13.109,3.078369024,14.99480834,2.50187696
PNG,2006,86.909,3.191995055,13.091,3.033924912,..,2.541624343
PNG,2007,86.927,3.144374954,13.073,2.986036485,..,2.676323809
PNG,2008,86.945,3.106824945,13.055,2.948290349,..,2.749194011
PNG,2009,86.963,3.068519097,13.037,2.909827652,..,2.797774147
PNG,2010,86.981,3.024212206,13.019,2.865434886,17.35284731,2.797774147
PNG,2011,87,2.92483145,13,2.756940033,16.33833033,2.839729718
PNG,2012,87.018,2.798681795,12.982,2.639407346,15.98949513,2.839729718
PNG,2013,87.022,2.69748473,12.978,2.662028682,16.10736574,2.839729718
PNG,2014,87.012,2.604199246,12.988,2.692745715,15.7666112,2.881685289
PNG,2015,86.988,2.515618221,13.012,2.727790966,16.54292665,2.919224484
PNG,2016,86.95,2.42488849,13.05,2.760287788,16.6926953,2.932473612
PNG,2017,86.898,2.334290537,13.102,2.791785699,15.94673725,3.102504085
PNG,2018,86.831,2.248185909,13.169,2.835354562,16.26495641,3.102504085
PNG,2019,86.75,2.166865578,13.25,2.873345696,16.2311858,3.100295897
PNG,2020,86.655,2.03806283,13.345,2.862051355,..,3.131210529
PNG,2021,86.544,1.900381661,13.456,2.856909649,..,3.181998852
PNG,2022,86.418,1.77732307,13.582,2.855110077,..,..
PRY,1990,51.306,1.252693165,48.694,4.236078431,15.52983696,35.58915177
PRY,1991,50.561,1.182307481,49.439,4.163486501,..,35.79194563
PRY,1992,49.814,1.094407978,50.186,4.08247898,..,36.16949409
PRY,1993,49.156,1.190267236,50.844,3.822608707,..,36.16949409
PRY,1994,48.512,1.138121798,51.488,3.715555165,..,36.54704254
PRY,1995,47.869,1.053193725,52.131,3.628567454,15.33919586,36.92459099
PRY,1996,47.226,0.960816608,52.774,3.53906918,..,36.92459099
PRY,1997,46.586,0.87351728,53.414,3.443386572,..,36.92459099
PRY,1998,45.946,0.775724716,54.054,3.350098825,..,37.5563554
PRY,1999,45.307,0.6616063,54.693,3.237348642,..,37.81057136
PRY,2000,44.669,0.508772309,55.331,3.08669985,15.78350996,37.9943116
PRY,2001,44.034,0.265773262,55.966,2.838665355,..,38.22084067
PRY,2002,43.4,-2.20E-02,56.6,2.554778533,..,38.49267556
PRY,2003,43.023,0.382123178,56.977,1.918470567,..,38.67389882
PRY,2004,42.695,0.406012305,57.305,1.745265415,..,38.90042789
PRY,2005,42.367,0.340565363,57.633,1.682543426,14.87514828,39.12695696
PRY,2006,42.04,0.274920415,57.96,1.615556004,..,39.35348603
PRY,2007,41.714,0.218775913,58.286,1.558109951,..,39.5800151
PRY,2008,41.388,0.194546798,58.612,1.536864539,..,39.8241631
PRY,2009,41.063,0.22376797,58.937,1.565089236,..,40.07837906
PRY,2010,40.739,0.359228755,59.261,1.699644305,14.98227411,40.3854518
PRY,2011,40.416,0.501320989,59.584,1.840908807,15.79855879,40.75544928
PRY,2012,40.093,0.546835112,59.907,1.889868947,14.56556748,41.35449283
PRY,2013,39.803,0.654446253,60.197,1.863251268,14.43912959,41.66659955
PRY,2014,39.526,0.70815378,60.474,1.865663945,13.94629802,42.1171407
PRY,2015,39.25,0.721280094,60.75,1.877359341,12.22763869,42.63312358
PRY,2016,38.974,0.719349518,61.026,1.878253308,12.26387025,42.11965769
PRY,2017,38.7,0.701364717,61.3,1.854919043,12.4836148,42.0919708
PRY,2018,38.415,0.63480697,61.585,1.837821804,12.47939839,42.30339794
PRY,2019,38.121,0.568314849,61.879,1.812821758,12.51891553,42.30843192
PRY,2020,37.817,0.548085092,62.183,1.838800142,..,42.30843192
PRY,2021,37.504,0.446506103,62.496,1.779703817,..,42.30843192
PRY,2022,37.182,0.278944751,62.818,1.655165992,..,..
PER,1990,31.099,0.932749965,68.901,2.802256342,36.5194978,17.52891336
PER,1991,30.7,0.829540241,69.3,2.69826575,..,17.57830609
PER,1992,30.303,0.73327961,69.697,2.6061045,..,17.62769883
PER,1993,29.911,0.702409103,70.089,2.565323043,..,17.67709164
PER,1994,29.479,0.521696093,70.521,2.590967122,..,17.46078125
PER,1995,29.049,0.454142404,70.951,2.531454278,31.1040891,17.575625
PER,1996,28.623,0.379611098,71.377,2.455569918,..,17.69039062
PER,1997,28.202,0.340662683,71.798,2.410535677,..,17.80515625
PER,1998,27.784,0.276264055,72.216,2.350018189,..,17.91992188
PER,1999,27.369,0.162122168,72.631,2.240082399,..,18.0346875
PER,2000,26.958,7.36E-03,73.042,2.084718045,27.58052413,18.14945313
PER,2001,26.552,-0.174182548,73.448,1.897624903,..,18.26421875
PER,2002,26.15,-0.349501772,73.85,1.721918291,..,18.37898437
PER,2003,25.751,-0.486437641,74.249,1.589965465,..,18.49375
PER,2004,25.356,-0.571083022,74.644,1.505317954,..,18.60851562
PER,2005,24.966,-0.645859164,75.034,1.425302133,28.12519868,18.744375
PER,2006,24.579,-0.735015555,75.421,1.341682209,..,18.86929688
PER,2007,24.197,-0.796609275,75.803,1.274968853,..,18.99421875
PER,2008,23.948,-0.317405196,76.052,1.044934386,..,19.11992188
PER,2009,23.759,-8.96E-02,76.241,0.950928331,..,19.24484375
PER,2010,23.57,-4.23E-02,76.43,1.003950159,30.00974099,19.37054687
PER,2011,23.383,4.88E-02,76.617,1.089748868,29.17575629,19.50328125
PER,2012,23.196,0.115112278,76.804,1.161830437,30.87318178,19.60957812
PER,2013,23.011,0.166727699,76.989,1.208072392,29.50216912,19.50575781
PER,2014,22.827,0.240818674,77.173,1.282361389,30.23785803,19.39967187
PER,2015,22.643,0.362905114,77.357,1.410371138,30.66320889,19.29359687
PER,2016,22.461,0.554192266,77.539,1.59622338,30.44623225,19.09609375
PER,2017,22.28,0.697843536,77.72,1.740104185,30.29525868,19.15477188
PER,2018,22.093,1.032960859,77.907,2.116140196,30.63848317,19.29577266
PER,2019,21.901,1.036881335,78.099,2.155867974,30.82669477,19.12366406
PER,2020,21.703,0.543217227,78.297,1.70460744,..,19.52889844
PER,2021,21.5,0.285902819,78.5,1.484594177,..,19.93413203
PER,2022,21.292,1.40E-02,78.708,1.250729817,..,..
PHL,1990,53.014,0.829196301,46.986,4.100584191,30.44313335,37.36123688
PHL,1991,53.099,2.537314839,46.901,2.196040683,..,37.41825133
PHL,1992,53.185,2.51926309,46.815,2.173895342,..,37.27739209
PHL,1993,53.27,2.51734926,46.73,2.175928581,..,37.10970252
PHL,1994,53.355,2.502951487,46.645,2.161454894,..,36.94201295
PHL,1995,53.44,2.497021145,46.56,2.155441567,29.59099427,36.94201295
PHL,1996,53.525,2.576390579,46.475,2.234730555,..,37.24385418
PHL,1997,53.61,2.628275165,46.39,2.286534609,..,38.01522621
PHL,1998,53.695,2.567442718,46.305,2.225623233,..,37.84753664
PHL,1999,53.78,2.489628579,46.22,2.147714041,..,37.67984707
PHL,2000,53.865,2.374720117,46.135,2.032722259,28.6033286,37.67649328
PHL,2001,53.95,2.27454339,46.05,1.932456962,..,37.5088037
PHL,2002,54.035,2.220108806,45.965,1.877924114,..,37.34446792
PHL,2003,54.12,2.175493117,45.88,1.833219464,..,37.69661602
PHL,2004,54.205,2.144062948,45.795,1.801687765,..,38.46798806
PHL,2005,54.29,2.092445421,45.71,1.749972532,26.98519517,38.08230204
PHL,2006,54.375,2.040463634,45.625,1.69789219,..,38.83690512
PHL,2007,54.46,2.026548133,45.54,1.683873839,..,39.54120133
PHL,2008,54.545,2.026387146,45.455,1.683608804,..,40.27903545
PHL,2009,54.629,1.99392638,45.371,1.655072885,..,40.58087668
PHL,2010,54.668,1.873008512,45.332,1.715649639,24.09308424,40.58087668
PHL,2011,54.478,1.433500773,45.522,2.199913067,20.85443431,41.11748331
PHL,2012,54.288,1.3941509,45.712,2.160037149,21.63680867,41.68762786
PHL,2013,54.097,1.334509089,45.903,2.103918131,21.81288679,41.81842573
PHL,2014,53.907,1.265001016,46.093,2.029903104,19.6970665,41.91568568
PHL,2015,53.716,1.314887078,46.284,2.083353285,19.5380734,42.01294564
PHL,2016,53.525,1.417616863,46.475,2.18564514,20.11007067,42.11020559
PHL,2017,53.318,1.373537985,46.682,2.205434066,18.64126301,42.2242345
PHL,2018,53.093,1.27735829,46.907,2.181074695,18.73649283,42.3013717
PHL,2019,52.851,1.198338417,47.149,2.169771157,18.82613108,42.3785089
PHL,2020,52.592,1.135371397,47.408,2.17445182,..,42.45564611
PHL,2021,52.316,0.968379335,47.684,2.075050707,..,42.5361371
PHL,2022,52.023,0.901683662,47.977,2.075897209,..,..
POL,1990,38.73,0.276276657,61.27,0.465870593,33.34687337,61.356884
POL,1991,38.685,0.238423334,61.315,0.428097164,..,61.22628881
POL,1992,38.641,0.192878806,61.359,0.378415405,..,61.19364001
POL,1993,38.596,0.137923292,61.404,0.327764889,..,61.10222338
POL,1994,38.551,9.44E-02,61.449,0.284269522,..,61.07610435
POL,1995,38.507,2.15E-02,61.493,0.207299959,32.25544382,60.79858957
POL,1996,38.462,-4.09E-02,61.538,0.149227784,..,60.31538738
POL,1997,38.417,-5.16E-02,61.583,0.138552902,..,60.25988442
POL,1998,38.373,-7.88E-02,61.627,0.107174744,..,60.21417611
POL,1999,38.328,-0.125642227,61.672,6.47E-02,..,60.18805707
POL,2000,38.284,-1.159198924,61.716,-0.973016273,27.85155025,60.11622972
POL,2001,38.239,-0.145200577,61.761,4.53E-02,..,58.07567991
POL,2002,38.213,-0.114336934,61.787,-4.23E-03,..,55.17320187
POL,2003,38.324,0.222560481,61.676,-0.247301959,..,52.79845873
POL,2004,38.436,0.233309942,61.564,-0.240274328,..,53.29873013
POL,2005,38.548,0.247021545,61.452,-0.226039606,26.83820327,51.92439526
POL,2006,38.659,0.224163764,61.341,-0.244159823,..,52.09258292
POL,2007,38.771,0.234989365,61.229,-0.237058174,..,50.49947767
POL,2008,38.884,0.304669702,61.116,-0.171087005,..,50.93372511
POL,2009,38.996,0.35538557,61.004,-0.115663064,..,50.99582082
POL,2010,39.108,1.19E-03,60.892,-0.469373365,27.29182037,47.17578686
POL,2011,39.22,0.339748604,60.78,-0.130333015,27.07180922,48.26111093
POL,2012,39.346,0.320511316,60.654,-0.207759737,24.60328947,47.44628045
POL,2013,39.471,0.256828991,60.529,-0.266658549,23.69389027,47.05920773
POL,2014,39.597,0.24386741,60.403,-0.283228118,23.91940281,47.10800483
POL,2015,39.722,0.248543034,60.278,-0.273799474,22.76911952,46.9349097
POL,2016,39.822,0.208445053,60.178,-0.209018845,21.81786779,46.94470753
POL,2017,39.895,0.195629438,60.105,-0.108901258,22.779038,47.23211078
POL,2018,39.942,0.117541012,60.058,-7.84E-02,22.74705532,47.3985041
POL,2019,39.963,2.81E-02,60.037,-5.94E-02,22.6420051,47.44372938
POL,2020,39.957,-0.190081202,60.043,-0.165065973,..,48.12661288
POL,2021,39.925,-0.48184586,60.075,-0.348448299,..,47.36837635
POL,2022,39.866,-0.640591262,60.134,-0.394544709,..,..
PRT,1990,52.085,-1.218962596,47.915,0.881671076,11.58313483,43.31147541
PRT,1991,51.531,-1.299817146,48.469,0.919091048,..,42.84153005
PRT,1992,50.87,-1.368770133,49.13,1.276793597,..,42.38251366
PRT,1993,50.211,-1.181611922,49.789,1.454745047,..,43.26775956
PRT,1994,49.551,-1.054070612,50.449,1.585966206,..,43.19125683
PRT,1995,48.891,-0.994710316,51.109,1.645975311,11.17537188,42.8852459
PRT,1996,48.23,-0.985212678,51.77,1.661018013,..,40.76502732
PRT,1997,47.572,-0.927224645,52.428,1.709455047,..,39.14754098
PRT,1998,46.914,-0.887449187,53.086,1.752648482,..,40.68306011
PRT,1999,46.257,-0.844689245,53.743,1.795637023,..,42.21857923
PRT,2000,45.601,-0.72547046,54.399,1.916106904,11.7170415,43.23912568
PRT,2001,44.956,-0.71930885,55.044,1.88393843,..,42.11825137
PRT,2002,44.334,-0.845565726,55.666,1.67133444,..,42.37945355
PRT,2003,43.713,-1.035226994,56.287,1.484820534,..,41.67956284
PRT,2004,43.093,-1.189363605,56.907,1.334600871,..,42.29081967
PRT,2005,42.478,-1.251879639,57.522,1.26043327,10.95942529,41.80485405
PRT,2006,41.863,-1.278079327,58.137,1.243828473,..,41.08079152
PRT,2007,41.251,-1.276390489,58.749,1.243482455,..,40.023177
PRT,2008,40.641,-1.345594801,59.359,1.177147515,..,40.73313655
PRT,2009,40.036,-1.404520503,59.964,1.109404215,..,40.34916476
PRT,2010,39.433,-1.471671819,60.567,1.046477581,9.88427534,39.89704116
PRT,2011,38.833,-1.680365881,61.167,0.838690636,10.58600078,39.84452451
PRT,2012,38.237,-1.952089343,61.763,0.564237548,9.261773306,40.00884376
PRT,2013,37.648,-2.101208524,62.352,0.400319683,8.917701837,40.40272823
PRT,2014,37.064,-2.10253828,62.936,0.3930561,8.77615963,39.99624477
PRT,2015,36.486,-1.985892906,63.514,0.500060471,8.893342519,39.72224405
PRT,2016,35.914,-1.895608178,64.086,0.581102101,7.921467562,39.50664588
PRT,2017,35.348,-1.832432965,64.652,0.635424721,8.478894344,40.10008995
PRT,2018,34.789,-1.754155097,65.211,0.700805447,8.29850884,40.79190028
PRT,2019,34.236,-1.578623404,65.764,0.868176935,8.254802244,43.12531657
PRT,2020,33.69,-1.502540465,66.31,0.931922018,..,43.16609028
PRT,2021,33.151,-1.340651562,66.849,1.081767825,..,43.25385675
PRT,2022,32.619,-1.097505485,67.381,1.3129539,..,..
PRI,1990,7.058,-12.69483497,92.942,2.001456455,7.6809684,49.04171364
PRI,1991,6.894,-1.643370257,93.106,0.883696093,..,47.35062007
PRI,1992,6.733,-1.717630047,93.267,0.818223018,..,46.22322435
PRI,1993,6.576,-1.517315109,93.424,1.010374096,..,35.06200676
PRI,1994,6.422,-1.440793899,93.578,1.093579291,..,34.83652762
PRI,1995,6.271,-1.455794954,93.729,1.084993807,7.580038751,34.83652762
PRI,1996,6.124,-1.249948201,93.876,1.278560015,..,34.83652762
PRI,1997,5.98,-1.450196751,94.02,1.08258954,..,32.80721533
PRI,1998,5.839,-1.81157219,94.161,0.724660564,..,30.72153326
PRI,1999,5.702,-1.873144588,94.298,0.64607993,..,29.30101466
PRI,2000,5.613,-1.296903701,94.387,0.370913653,6.817300222,27.8692221
PRI,2001,5.667,1.171756776,94.333,0.156908971,..,26.45997745
PRI,2002,5.722,1.094675018,94.278,7.06E-02,..,25.02818489
PRI,2003,5.776,1.001857002,94.224,5.30E-03,..,24.30665163
PRI,2004,5.832,0.985646652,94.168,-3.90E-02,..,23.56257046
PRI,2005,5.888,0.81127477,94.112,-0.203720765,6.214736156,22.81848929
PRI,2006,5.944,0.523069387,94.056,-0.482985004,..,22.07440812
PRI,2007,6.001,0.368932457,93.999,-0.64625231,..,21.30777903
PRI,2008,6.058,0.358359495,93.942,-0.647314085,..,21.4994363
PRI,2009,6.116,0.40736287,93.884,-0.607155064,..,21.67981962
PRI,2010,6.175,0.454023856,93.825,-0.569042031,6.296361103,21.86020293
PRI,2011,6.227,-0.317731085,93.773,-1.211993207,5.57145349,22.04058625
PRI,2012,6.274,-0.458103242,93.726,-1.260117691,6.242564048,22.18714769
PRI,2013,6.314,-0.510448574,93.686,-1.188614649,5.995986,21.66854566
PRI,2014,6.349,-1.080454388,93.651,-1.670486097,6.131923431,21.14994363
PRI,2015,6.376,-1.334902146,93.624,-1.788039024,6.720400954,20.6313416
PRI,2016,6.398,-1.590340565,93.602,-1.958484408,6.772591917,20.11273957
PRI,2017,6.413,-2.183709601,93.587,-2.434053407,6.74257415,19.59413754
PRI,2018,6.422,-3.908435732,93.578,-4.057988592,6.841077504,19.04171364
PRI,2019,6.424,4.19E-02,93.576,8.50E-03,6.85168132,19.04171364
PRI,2020,6.419,2.635997225,93.581,2.719327483,..,19.04171364
PRI,2021,6.408,-0.748128412,93.592,-0.564746509,..,19.04171364
PRI,2022,6.39,-1.542885683,93.61,-1.24238422,..,..
QAT,1990,7.214,-3.802856668,92.786,3.986033125,79.30420149,5.254091301
QAT,1991,6.709,-3.956475576,93.291,3.840969567,..,5.254091301
QAT,1992,6.237,-4.102472954,93.763,3.696843246,..,5.512489233
QAT,1993,5.797,-4.23540401,94.203,3.549529462,..,5.598621878
QAT,1994,5.386,-4.385665549,94.614,3.403360517,..,5.598621878
QAT,1995,5.002,-4.551929281,94.998,3.250268976,75.54343079,5.598621878
QAT,1996,4.644,-4.720218362,95.356,3.082577794,..,5.684754522
QAT,1997,4.341,-2.797212076,95.659,4.267568646,..,5.684754522
QAT,1998,4.112,-4.18E-02,95.888,5.614338686,..,5.684754522
QAT,1999,3.895,-1.26E-02,96.105,5.637329596,..,5.684754522
QAT,2000,3.689,-0.247291448,96.311,5.398488812,77.779763,5.684754522
QAT,2001,3.494,-0.466907278,96.506,5.169402873,..,5.710594315
QAT,2002,3.308,-0.532658203,96.692,5.129527878,..,5.658914729
QAT,2003,3.132,-0.62930729,96.868,5.018035414,..,5.701981051
QAT,2004,2.91,-3.49846884,97.09,4.083826843,..,5.615848407
QAT,2005,2.604,-2.405230169,97.396,9.021135857,82.72531438,5.56416882
QAT,2006,2.329,6.74048843,97.671,18.18042505,..,5.624461671
QAT,2007,2.083,8.195086636,97.917,19.61203091,..,5.684754522
QAT,2008,1.861,4.637474894,98.139,16.13212216,..,5.745047373
QAT,2009,1.664,-0.309280518,98.336,11.08008233,..,5.805340224
QAT,2010,1.499,-4.230813903,98.501,6.381283779,79.06584644,5.865633075
QAT,2011,1.398,-1.819053439,98.602,5.258557755,81.22257259,5.925925926
QAT,2012,1.303,-1.562375696,98.697,5.568989661,85.96686769,5.986218777
QAT,2013,1.215,-0.403535514,98.785,6.680509619,81.2898681,6.046511628
QAT,2014,1.132,1.353461493,98.868,8.510843016,72.73980041,6.179286336
QAT,2015,1.055,1.606619181,98.945,8.729014397,84.9982268,6.179286336
QAT,2016,0.985,0.344854954,99.015,7.283549401,76.14228614,6.179286336
QAT,2017,0.922,-2.215105204,99.078,4.45815999,78.38698962,6.266318538
QAT,2018,0.865,-4.373934614,99.135,2.06458951,77.11333116,6.440382942
QAT,2019,0.812,-4.867526186,99.188,1.506747953,76.04929303,6.440382942
QAT,2020,0.765,-7.646281037,99.235,-1.635604454,..,6.440382942
QAT,2021,0.722,-8.434152728,99.278,-2.605205608,..,6.440382942
QAT,2022,0.682,-5.441935361,99.318,0.296133442,..,..
ROU,1990,46.783,-1.33838764,53.217,1.523033365,22.06752894,64.39502943
ROU,1991,46.07,-2.404481555,53.93,0.46220477,..,64.49054301
ROU,1992,45.773,-1.550216349,54.227,-0.354263911,..,64.45567855
ROU,1993,45.926,0.197588217,54.074,-0.418652307,..,64.46875272
ROU,1994,46.078,0.185044977,53.922,-0.426874,..,64.4764934
ROU,1995,46.231,0.129174526,53.769,-0.48646335,21.27313532,64.47775502
ROU,1996,46.384,4.23E-02,53.616,-0.573086083,..,64.40397351
ROU,1997,46.537,4.14E-02,53.463,-0.573669083,..,64.47087527
ROU,1998,46.689,0.119108397,53.311,-0.491693133,..,64.23189163
ROU,1999,46.842,0.170184631,53.158,-0.444385278,..,64.3771777
ROU,2000,46.996,0.198788581,53.004,-0.419565624,19.83799172,64.67720169
ROU,2001,47.148,-1.072525494,52.852,-1.682607996,..,64.4203561
ROU,2002,47.22,-1.678060856,52.78,-1.966977343,..,64.4625223
ROU,2003,47.088,-1.001190583,52.912,-0.471484891,..,64.36181779
ROU,2004,46.957,-0.848383223,53.043,-0.322505382,..,61.43478261
ROU,2005,46.826,-0.896893382,53.174,-0.370871358,18.68745983,61.65753544
ROU,2006,46.695,-0.872559094,53.305,-0.346339811,..,61.04443865
ROU,2007,46.564,-1.758156166,53.436,-1.231773307,..,59.28922528
ROU,2008,46.433,-1.948120267,53.567,-1.421522696,..,59.30404524
ROU,2009,46.302,-1.115607394,53.698,-0.588839832,..,59.20629401
ROU,2010,46.171,-0.877285073,53.829,-0.350299532,18.48995556,61.53444903
ROU,2011,46.04,-0.77599823,53.96,-0.248797871,19.50868234,60.74640483
ROU,2012,46.026,-0.475594122,53.974,-0.419233409,17.84168596,59.70350404
ROU,2013,46.063,-0.290958604,53.937,-0.439904419,16.48954454,60.44863713
ROU,2014,46.1,-0.294291804,53.9,-0.443190037,16.55872786,60.10952712
ROU,2015,46.113,-0.441853228,53.887,-0.494176791,16.09492405,60.23122392
ROU,2016,46.1,-0.601857328,53.9,-0.549538436,15.19734324,58.76651599
ROU,2017,46.064,-0.656124098,53.936,-0.511242828,15.71390854,58.14499305
ROU,2018,46.002,-0.722179308,53.998,-0.47260827,15.69941205,58.30146036
ROU,2019,45.916,-0.713940588,54.084,-0.367674303,15.67108952,60.09214186
ROU,2020,45.806,-0.790621098,54.194,-0.347574151,..,56.71505563
ROU,2021,45.671,-1.052588536,54.329,-0.508637204,..,56.84544506
ROU,2022,45.511,-1.208244746,54.489,-0.563231441,..,..
RUS,1990,26.606,0.18305366,73.394,0.162568458,18.79017437,..
RUS,1991,26.611,0.305473657,73.389,0.279867793,..,..
RUS,1992,26.615,0.112008438,73.385,9.15E-02,..,13.52237194
RUS,1993,26.619,-3.85E-02,73.381,-5.89E-02,..,13.35241038
RUS,1994,26.624,-1.55E-02,73.376,-4.11E-02,..,13.29019072
RUS,1995,26.628,-6.62E-03,73.372,-2.71E-02,17.09438769,13.21253995
RUS,1996,26.633,-0.126677587,73.367,-0.152265821,..,13.19523311
RUS,1997,26.637,-0.150322686,73.363,-0.170794257,..,13.30933868
RUS,1998,26.641,-0.150470197,73.359,-0.170938765,..,13.26433189
RUS,1999,26.646,-0.290513536,73.354,-0.316093622,..,13.22817022
RUS,2000,26.65,-0.405602887,73.35,-0.426068728,15.37937317,13.25666887
RUS,2001,26.654,-0.40908207,73.346,-0.429544052,..,13.23902166
RUS,2002,26.659,-0.441268451,73.341,-0.466841006,..,13.22579779
RUS,2003,26.627,-0.573885927,73.373,-0.410158872,..,13.20293413
RUS,2004,26.582,-0.57182693,73.418,-0.341369409,..,13.18460213
RUS,2005,26.537,-0.550883031,73.463,-0.320178955,14.34288935,13.16615989
RUS,2006,26.492,-0.497164192,73.508,-0.266208544,..,13.15737092
RUS,2007,26.447,-0.341090824,73.553,-0.109882303,..,13.15584446
RUS,2008,26.402,-0.214245733,73.598,1.72E-02,..,13.15843626
RUS,2009,26.358,-0.136684822,73.642,8.99E-02,..,13.15843626
RUS,2010,26.313,-0.125974211,73.687,0.105982823,15.27774638,13.15843626
RUS,2011,26.268,-9.32E-02,73.732,0.139033013,13.63707838,13.15843626
RUS,2012,26.209,-5.66E-02,73.791,0.248292323,13.65876761,13.15843626
RUS,2013,26.137,-6.21E-02,73.863,0.310476221,13.90976132,13.15843626
RUS,2014,26.05,-0.115774337,73.95,0.335358551,13.93528348,13.15843626
RUS,2015,25.95,-0.192056607,74.05,0.327692644,12.87477297,13.15843626
RUS,2016,25.836,-0.2700287,74.164,0.324076821,12.17632027,13.15843626
RUS,2017,25.708,-0.389793421,74.292,0.279312254,11.52259599,13.15843626
RUS,2018,25.567,-0.56304538,74.433,0.176545374,11.62978513,13.15843626
RUS,2019,25.413,-0.653728721,74.587,0.157114979,11.59553193,13.15843626
RUS,2020,25.246,-0.890261872,74.754,-7.30E-03,..,13.15843626
RUS,2021,25.066,-1.149490625,74.934,-0.193450841,..,13.15843626
RUS,2022,24.874,-0.694745889,75.126,0.330077433,..,..
RWA,1990,94.584,2.383384389,5.416,3.837364902,36.18728766,76.12484799
RWA,1991,94.509,2.159354177,5.491,3.614069318,..,76.00324281
RWA,1992,93.712,1.418668158,6.288,15.81869776,..,74.38184029
RWA,1993,92.687,2.08170462,7.313,18.28268101,..,71.13903527
RWA,1994,91.51,-17.3271404,8.49,-1.125719369,..,62.82934739
RWA,1995,90.163,-18.36354399,9.837,-2.154416175,36.8562904,62.82934739
RWA,1996,88.626,14.90611515,11.374,31.1434245,..,64.89663559
RWA,1997,87.534,12.00726473,12.466,22.41459002,..,66.92338873
RWA,1998,86.756,2.289665073,13.244,9.236427254,..,67.73408999
RWA,1999,85.936,0.242771736,14.064,7.199740239,..,69.59870288
RWA,2000,85.074,0.237589346,14.926,7.194394516,38.80035805,74.01702473
RWA,2001,84.171,0.328195197,15.829,7.269232143,..,76.89501419
RWA,2002,83.223,0.655315067,16.777,7.604488694,..,76.53019862
RWA,2003,83.096,2.157694267,16.904,3.064501246,..,76.4491285
RWA,2004,83.092,2.574384016,16.908,2.602928686,..,76.32752331
RWA,2005,83.088,2.626881557,16.912,2.655334888,35.81545959,76.24645318
RWA,2006,83.083,2.658794316,16.917,2.694342957,..,76.36805837
RWA,2007,83.079,2.688894553,16.921,2.717336978,..,76.12484799
RWA,2008,83.075,2.676778424,16.925,2.705261793,..,76.20591812
RWA,2009,83.07,2.634549729,16.93,2.670116506,..,77.25982975
RWA,2010,83.066,2.602297291,16.934,2.630692113,36.27169287,77.90839076
RWA,2011,83.062,2.560687496,16.938,2.58916006,37.75459321,78.75962708
RWA,2012,83.057,2.453821224,16.943,2.489352536,40.28931528,79.40818808
RWA,2013,83.053,2.374475434,16.947,2.402897304,38.04487801,80.2594244
RWA,2014,83.033,2.353453312,16.967,2.495463765,37.75661455,81.31333604
RWA,2015,82.996,2.341381693,17.004,2.603805547,38.64241689,81.3538711
RWA,2016,82.944,2.380327685,17.056,2.74832147,38.48510282,81.27280097
RWA,2017,82.875,2.395578823,17.125,2.882569333,35.57288206,81.27280097
RWA,2018,82.789,2.331222777,17.211,2.935928106,36.6600241,79.00283745
RWA,2019,82.687,2.267512803,17.313,2.9816935,36.18491574,77.17875963
RWA,2020,82.568,2.252681807,17.432,3.081725956,..,79.39197406
RWA,2021,82.432,2.206909009,17.568,3.148870171,..,81.25091204
RWA,2022,82.279,2.125815819,17.721,3.178769095,..,..
WSM,1990,78.8,0.178986171,21.2,0.176849598,10.81210616,19.08127208
WSM,1991,78.8,0.305122907,21.2,0.308037208,..,19.08127208
WSM,1992,78.742,0.575311275,21.258,0.921229432,..,18.3745583
WSM,1993,78.653,0.803031684,21.347,1.334692406,..,18.3745583
WSM,1994,78.564,0.900364675,21.436,1.427665113,..,18.02120141
WSM,1995,78.474,0.917105234,21.526,1.450076241,10.87235353,18.02120141
WSM,1996,78.384,0.915268494,21.616,1.447676475,..,18.02120141
WSM,1997,78.295,0.916267347,21.705,1.442501394,..,18.02120141
WSM,1998,78.204,0.910074714,21.796,1.444882316,..,18.02120141
WSM,1999,78.114,0.892031321,21.886,1.419287424,..,17.95053004
WSM,2000,78.023,0.865339904,21.977,1.39447963,11.04364215,16.96113074
WSM,2001,77.932,0.706564663,22.068,1.238618966,..,16.96113074
WSM,2002,78.059,0.754476154,21.941,1.22E-02,..,16.60777385
WSM,2003,78.302,0.743375817,21.698,-0.678766129,..,15.90106007
WSM,2004,78.543,0.644512855,21.457,-0.780000499,..,15.19434629
WSM,2005,78.782,0.597326974,21.218,-0.826101391,11.55631281,14.8409894
WSM,2006,79.019,0.698750194,20.981,-0.724704452,..,14.204947
WSM,2007,79.25,0.870933219,20.75,-0.529916201,..,13.60424028
WSM,2008,79.476,0.969751715,20.524,-0.410719843,..,13.07420495
WSM,2009,79.7,1.002665179,20.3,-0.374155724,..,12.33215548
WSM,2010,79.922,1.049930982,20.078,-0.329498006,11.10471801,14.66431095
WSM,2011,80.143,1.135025031,19.857,-0.248479154,10.70804506,16.96113074
WSM,2012,80.376,1.188873342,19.624,-0.279957547,10.78258779,19.25795053
WSM,2013,80.615,1.209033999,19.385,-0.314279349,10.86783061,21.55477032
WSM,2014,80.851,1.197656034,19.149,-0.320446832,11.14080727,23.85159011
WSM,2015,81.086,1.185299275,18.914,-0.339655745,11.01634581,26.72084806
WSM,2016,81.319,1.251017176,18.681,-0.273078543,11.31508398,24.31448763
WSM,2017,81.548,1.291092165,18.452,-0.224221186,10.90094994,22.30215827
WSM,2018,81.757,1.248391183,18.243,-0.146275232,11.0444457,19.84532374
WSM,2019,81.944,1.273895194,18.056,1.57E-02,11.01483371,17.77338129
WSM,2020,82.111,1.62060881,17.889,0.487545125,..,17.77338129
WSM,2021,82.258,1.94770361,17.742,0.942255425,..,17.77338129
WSM,2022,82.384,1.793206951,17.616,0.928354618,..,..
SMR,1990,9.6,1.451272637,90.4,1.430487969,12.56631416,16.66666667
SMR,1991,9.6,1.386116537,90.4,1.405597955,..,16.66666667
SMR,1992,9.6,1.49848551,90.4,1.474435192,..,16.66666667
SMR,1993,9.161,-3.155116188,90.839,2.042013559,..,16.66666667
SMR,1994,8.739,-3.257916029,91.261,1.916328904,..,16.66666667
SMR,1995,8.336,-3.31941334,91.664,1.862762089,11.85039949,16.66666667
SMR,1996,7.948,-3.333642027,92.052,1.811478478,..,16.66666667
SMR,1997,7.578,-3.345471646,92.422,1.821528448,..,16.66666667
SMR,1998,7.224,-3.248059229,92.776,1.938312908,..,16.66666667
SMR,1999,6.885,-3.247038503,93.115,1.917726362,..,16.66666667
SMR,2000,6.56,-3.242318671,93.44,1.921547975,11.15518103,16.66666667
SMR,2001,6.25,-2.999071368,93.75,2.22538282,..,16.66666667
SMR,2002,6.075,-0.528325268,93.925,2.47811205,..,16.66666667
SMR,2003,6.025,1.402711486,93.975,2.288050443,..,16.66666667
SMR,2004,5.845,-1.343870648,94.155,1.897939818,..,16.66666667
SMR,2005,5.547,-3.776295267,94.453,1.729921542,10.37952566,16.66666667
SMR,2006,5.264,-3.734099041,94.736,1.816841969,..,16.66666667
SMR,2007,4.993,-3.944902076,95.007,1.656280219,..,16.66666667
SMR,2008,4.736,-4.175690811,95.264,1.342486859,..,16.66666667
SMR,2009,4.492,-4.142396384,95.508,1.419137719,..,16.66666667
SMR,2010,4.26,-3.501451785,95.74,1.992556536,9.017566285,16.66666667
SMR,2011,4.039,-2.632720691,95.961,3.001331978,9.723372737,16.66666667
SMR,2012,3.829,-3.332350179,96.171,2.157238748,9.488658091,16.66666667
SMR,2013,3.63,-4.926308922,96.37,0.669380041,9.261669606,16.66666667
SMR,2014,3.441,-5.007410065,96.559,0.506865522,9.701666602,16.66666667
SMR,2015,3.261,-4.81376356,96.739,0.726264492,10.00739323,38.33333333
SMR,2016,3.09,-4.673747785,96.91,0.962253073,9.847828442,38.33333333
SMR,2017,2.928,-4.702139444,97.072,0.820075061,9.795344364,38.33333333
SMR,2018,2.774,-5.145167678,97.226,0.452707962,9.981823299,38.33333333
SMR,2019,2.632,-5.090432986,97.368,0.207559447,9.906728131,38.33333333
SMR,2020,2.501,-5.598263475,97.499,-0.367282226,..,38.33333333
SMR,2021,2.38,-5.805741463,97.62,-0.647525637,..,38.33333333
SMR,2022,2.268,-5.109668266,97.732,-0.136697116,..,..
STP,1990,56.352,0.440392631,43.648,5.076538452,33.66732041,30.20833333
STP,1991,55.207,0.198870189,44.793,4.842112484,..,31.25
STP,1992,54.236,0.286560517,45.764,4.207128185,..,31.25
STP,1993,53.283,0.224266282,46.717,4.057292869,..,31.25
STP,1994,52.327,0.109751023,47.673,3.944034814,..,32.29166667
STP,1995,51.369,-2.05E-02,48.631,3.819091152,30.76381966,29.16666667
STP,1996,50.408,-0.149321493,49.592,3.696457117,..,29.16666667
STP,1997,49.45,-0.27433652,50.55,3.556053755,..,28.125
STP,1998,48.491,-0.419559416,51.509,3.417264616,..,32.29166667
STP,1999,47.533,-0.562164922,52.467,3.276115017,..,36.45833333
STP,2000,46.576,-0.699709573,53.424,3.143531759,34.15202995,37.5
STP,2001,45.623,-0.312727038,54.377,3.522874198,..,37.5
STP,2002,44.445,-0.195013713,55.555,4.562917143,..,37.5
STP,2003,43.234,-0.180350831,56.766,4.740257259,..,37.5
STP,2004,42.028,-0.301309416,57.972,4.628564613,..,36.45833333
STP,2005,40.835,-0.385490919,59.165,4.531505775,34.46843181,35.41666667
STP,2006,39.652,-0.46912448,60.348,4.451084814,..,35.41666667
STP,2007,38.48,-0.544752585,61.52,4.379162392,..,35.41666667
STP,2008,37.32,-0.641628063,62.68,4.287140087,..,35.41666667
STP,2009,36.177,-0.768289204,63.823,4.149585468,..,35.41666667
STP,2010,35.048,-0.943278196,64.952,3.979161876,30.47158597,34.375
STP,2011,33.936,-1.10261647,66.064,3.819543101,32.12056277,35.41666667
STP,2012,32.84,-1.219070608,67.16,3.709585647,29.38329504,36.45833333
STP,2013,31.792,-1.245478712,68.208,3.546621199,30.76797737,36.45833333
STP,2014,30.787,-1.300650678,69.213,3.374667455,28.00675623,38.54166667
STP,2015,29.826,-1.351125778,70.174,3.198619882,36.14480676,38.54166667
STP,2016,28.908,-1.396675437,71.092,3.028694866,34.73052829,41.66666667
STP,2017,28.032,-1.426747166,71.968,2.874220536,29.99540715,42.70833333
STP,2018,27.197,-1.447398234,72.803,2.73153907,31.12162978,43.75
STP,2019,26.402,-1.438646819,73.598,2.614595099,31.05885758,43.75
STP,2020,25.646,-1.037878226,74.354,2.887483021,..,43.75
STP,2021,24.927,-0.821944513,75.073,2.984518357,..,43.75
STP,2022,24.245,-0.877721407,75.755,2.801696151,..,..
SAU,1990,23.417,1.405652352,76.583,5.012399336,50.8298247,57.44130549
SAU,1991,22.777,1.206961205,77.223,4.810286082,..,57.53015551
SAU,1992,22.149,0.900204085,77.851,4.50602695,..,57.56457908
SAU,1993,21.814,1.69370113,78.186,3.647118438,..,60.83900469
SAU,1994,21.571,1.75768355,78.429,3.18822833,..,64.09528816
SAU,1995,21.33,1.675262917,78.67,3.105596102,50.79207411,67.35157162
SAU,1996,21.09,1.591514963,78.91,3.027671541,..,70.60785509
SAU,1997,20.853,1.554244414,79.147,2.98424459,..,73.86413855
SAU,1998,20.617,1.505820245,79.383,2.941742375,..,77.58560537
SAU,1999,20.384,1.45301383,79.616,2.882675707,..,80.84188883
SAU,2000,20.152,1.382563772,79.848,2.818210954,57.83613661,80.84188883
SAU,2001,19.923,1.325740814,80.077,2.754983521,..,80.84467993
SAU,2002,19.696,1.258540691,80.304,2.687549478,..,80.8456103
SAU,2003,19.47,1.150516441,80.53,2.585629356,..,80.84793621
SAU,2004,19.246,1.02594069,80.754,2.460859701,..,80.8065349
SAU,2005,19.021,1.886461788,80.979,3.340667986,60.18568335,80.81025636
SAU,2006,18.796,2.768833564,81.204,4.236263075,..,80.79025348
SAU,2007,18.573,2.735700774,81.427,4.203442603,..,80.79071866
SAU,2008,18.351,2.651389718,81.649,4.126140745,..,80.74280478
SAU,2009,18.133,2.547942756,81.867,4.009648522,..,80.67907466
SAU,2010,17.916,2.002557143,82.084,3.471208711,62.92279434,80.66558434
SAU,2011,17.698,1.257338788,82.302,2.746822281,64.95237113,80.65721104
SAU,2012,17.48,0.960345771,82.52,2.464288598,67.67731877,80.63720816
SAU,2013,17.26,0.855211314,82.74,2.388036876,65.06263762,80.61394899
SAU,2014,17.04,0.739217205,82.96,2.287572802,56.51070298,80.74433988
SAU,2015,16.82,0.625129509,83.18,2.189460372,66.82087377,80.77304169
SAU,2016,16.599,0.691852481,83.401,2.279792345,59.60073601,80.76838986
SAU,2017,16.378,0.957814759,83.622,2.562794482,63.89713488,80.7540157
SAU,2018,16.156,1.019401811,83.844,2.649278832,61.90085192,80.75373659
SAU,2019,15.935,0.907224023,84.065,2.547828909,61.50824107,80.7634752
SAU,2020,15.713,-0.930293287,84.287,0.736401326,..,80.77321381
SAU,2021,15.492,-1.546309604,84.508,0.132008529,..,80.77304169
SAU,2022,15.271,-0.169712297,84.729,1.528266245,..,..
SEN,1990,61.104,2.652620792,38.896,3.246275238,62.52099761,46.06554823
SEN,1991,60.962,2.62279114,39.038,3.219842315,..,45.23450891
SEN,1992,60.82,2.567240233,39.18,3.163572355,..,45.60328261
SEN,1993,60.679,2.514179093,39.321,3.105498794,..,45.80065444
SEN,1994,60.536,2.418018952,39.464,3.016982965,..,46.30447203
SEN,1995,60.394,2.295352639,39.606,2.889377625,63.21986982,45.78507246
SEN,1996,60.251,2.174841778,39.749,2.772279771,..,46.26292006
SEN,1997,60.109,2.090122917,39.891,2.682677284,..,44.81379525
SEN,1998,59.966,2.055216535,40.034,2.651242094,..,43.57762427
SEN,1999,59.823,2.077634789,40.177,2.672977335,..,47.32768919
SEN,2000,59.68,2.114164925,40.32,2.708788316,63.66018386,46.88619955
SEN,2001,59.536,2.13851037,40.464,2.736564547,..,45.70196852
SEN,2002,59.393,2.174503884,40.607,2.767756494,..,45.44746273
SEN,2003,59.102,1.968808223,40.898,3.174036077,..,44.83457124
SEN,2004,58.694,1.807610883,41.306,3.493003184,..,45.120241
SEN,2005,58.286,1.843702845,41.714,3.524171016,56.80914644,45.58250662
SEN,2006,57.876,1.896420767,42.124,3.580419014,..,44.09702384
SEN,2007,57.465,1.920132526,42.535,3.603783068,..,44.16454579
SEN,2008,57.053,1.91800538,42.947,3.601494032,..,48.1743105
SEN,2009,56.641,1.95198917,43.359,3.631500711,..,48.18989248
SEN,2010,56.227,1.977101528,43.773,3.660986428,56.68739592,48.18989248
SEN,2011,55.812,1.981219835,44.188,3.665643914,58.02145733,46.56417182
SEN,2012,55.397,1.980634897,44.603,3.661748015,64.50905978,46.56417182
SEN,2013,54.981,1.958033964,45.019,3.640179785,53.04187379,46.5797538
SEN,2014,54.564,1.957720153,45.436,3.64105838,55.40981308,46.60052979
SEN,2015,54.138,1.940832506,45.862,3.657856949,65.39361923,48.44959227
SEN,2016,53.704,1.910558014,46.296,3.657309854,59.47930794,48.24183244
SEN,2017,53.26,1.88779562,46.74,3.672444683,63.42037083,48.42362229
SEN,2018,52.808,1.862349802,47.192,3.677054615,60.0827093,48.60541214
SEN,2019,52.347,1.820825985,47.653,3.669749732,60.21139678,48.79758999
SEN,2020,51.878,1.78439382,48.122,3.663774876,..,48.97937984
SEN,2021,51.4,1.719719961,48.6,3.633785093,..,49.40009349
SEN,2022,50.914,1.622149085,49.086,3.567200426,..,..
SRB,1990,49.607,-0.759177772,50.393,0.88487782,35.7738673,..
SRB,1991,49.244,-0.607498395,50.756,0.844698222,..,..
SRB,1992,49.019,0.208477072,50.981,1.1087287,..,..
SRB,1993,48.796,0.233253117,51.204,1.12569449,..,..
SRB,1994,48.572,-2.26E-03,51.428,0.894360759,..,..
SRB,1995,48.349,-1.883136442,51.651,-0.99028858,35.15792827,..
SRB,1996,48.125,-0.563619911,51.875,0.33352358,..,..
SRB,1997,47.902,-0.744349146,52.098,0.14903871,..,..
SRB,1998,47.678,-0.847994429,52.322,4.98E-02,..,..
SRB,1999,47.455,-0.830790956,52.545,6.33E-02,..,..
SRB,2000,47.231,-0.792670944,52.769,0.105872503,33.01938236,..
SRB,2001,47.008,-0.645195526,52.992,0.249744543,..,..
SRB,2002,46.785,-0.567663984,53.215,0.32778917,..,..
SRB,2003,46.563,-0.688371798,53.437,0.203564081,..,..
SRB,2004,46.339,-0.715579136,53.661,0.184998993,..,..
SRB,2005,46.117,-0.780663986,53.883,0.112426649,31.3759518,..
SRB,2006,45.895,-0.875726492,54.105,1.79E-02,..,40.44134461
SRB,2007,45.672,-0.892539428,54.328,5.86E-03,..,40.85181797
SRB,2008,45.45,-0.912969425,54.55,-1.79E-02,..,41.20283558
SRB,2009,45.228,-0.8906312,54.772,5.14E-03,..,40.22410245
SRB,2010,45.007,-0.891839196,54.993,6.73E-04,31.39235052,40.26526412
SRB,2011,44.785,-1.283965621,55.215,-0.386577989,33.88729136,40.34072719
SRB,2012,44.644,-0.800624443,55.356,-0.230267205,30.48810995,39.59067002
SRB,2013,44.531,-0.740015894,55.469,-0.28267414,28.69870346,39.91767665
SRB,2014,44.417,-0.725829021,55.583,-0.264171921,28.20153736,40.09147039
SRB,2015,44.304,-0.749521076,55.696,-0.291665657,27.89252544,39.80105191
SRB,2016,44.19,-0.781339552,55.81,-0.319220861,25.34308507,39.51520695
SRB,2017,44.058,-0.831320357,55.942,-0.295976068,26.41632295,39.09215641
SRB,2018,43.908,-0.88739783,56.092,-0.278572237,25.88760434,39.60667734
SRB,2019,43.74,-0.919962817,56.26,-0.237549081,25.35417205,39.56094214
SRB,2020,43.554,-1.092272569,56.446,-0.336030935,..,41.40801522
SRB,2021,43.349,-1.41546743,56.651,-0.58117636,..,41.44369128
SRB,2022,43.127,-1.605639089,56.873,-0.701109013,..,..
SYC,1990,50.73,0.451942841,49.27,0.529930534,15.0615212,8.695652174
SYC,1991,50.693,1.2597216,49.307,1.406289032,..,8.695652174
SYC,1992,50.638,0.349450321,49.362,0.571339893,..,8.695652174
SYC,1993,50.565,1.940144871,49.435,2.230870458,..,8.695652174
SYC,1994,50.475,2.486950716,49.525,2.848346226,..,8.695652174
SYC,1995,50.367,1.25494132,49.633,1.689056155,16.00643713,8.695652174
SYC,1996,50.242,1.218552571,49.758,1.718875211,..,8.695652174
SYC,1997,50.099,0.889424889,49.901,1.459422564,..,8.695652174
SYC,1998,49.939,1.636169695,50.061,2.27544601,..,8.695652174
SYC,1999,49.762,1.609829573,50.238,2.316454511,..,8.695652174
SYC,2000,49.567,0.498580083,50.433,1.281485445,16.37744579,8.695652174
SYC,2001,49.354,-0.343754231,50.646,0.509490029,..,8.695652174
SYC,2002,49.124,2.591150336,50.876,3.50963506,..,8.695652174
SYC,2003,48.877,-1.635060755,51.123,-0.647708794,..,8.695652174
SYC,2004,48.612,-0.913679172,51.388,0.146395625,..,8.695652174
SYC,2005,48.33,-0.119793371,51.67,1.011805099,15.8964359,8.695652174
SYC,2006,48.031,1.46013328,51.969,2.657481315,..,8.695652174
SYC,2007,47.715,-0.150233383,52.285,1.11733006,..,6.52173913
SYC,2008,47.381,1.535970716,52.619,2.871116683,..,6.52173913
SYC,2009,47.031,-0.350118279,52.969,1.056577506,..,6.304347826
SYC,2010,46.664,2.008578985,53.336,3.483103026,15.1257082,5.217391304
SYC,2011,46.28,-3.453559662,53.72,-1.912491213,16.5159476,3.260869565
SYC,2012,45.88,0.111137192,54.12,1.724344404,16.05158537,3.260869565
SYC,2013,45.463,0.936044276,54.537,2.612570503,15.87951496,3.369565217
SYC,2014,45.031,0.59975312,54.969,2.345132353,15.1301922,3.369565217
SYC,2015,44.6,1.268056361,55.4,3.01082827,15.31346781,3.369565217
SYC,2016,44.169,0.366542102,55.831,2.112626726,15.98290713,3.369565217
SYC,2017,43.739,0.246002584,56.261,1.99105668,15.88743775,3.369565217
SYC,2018,43.309,-3.34E-02,56.691,1.715478237,15.60358619,3.369565217
SYC,2019,42.881,-0.10504955,57.119,1.639929355,15.5639189,3.369565217
SYC,2020,42.454,-0.148211922,57.546,1.599350957,..,3.369565217
SYC,2021,42.028,-0.203551443,57.972,1.542897257,..,3.369565217
SYC,2022,41.604,-0.208770848,58.396,1.533145497,..,..
SLE,1990,66.748,3.570332747,33.252,4.621976775,52.60072078,39.13826545
SLE,1991,66.515,0.863186092,33.485,1.911150243,..,39.13826545
SLE,1992,66.28,-2.119069433,33.72,-1.065801557,..,38.99972291
SLE,1993,66.045,-0.491899435,33.955,0.557770562,..,38.9443059
SLE,1994,65.808,8.79E-02,34.192,1.143037084,..,38.93045165
SLE,1995,65.571,-0.147877409,34.429,0.903610241,45.98732635,38.93045165
SLE,1996,65.333,0.171927335,34.667,1.224503461,..,38.93045165
SLE,1997,65.095,0.952611746,34.905,2.001723498,..,38.9165974
SLE,1998,64.856,0.647361473,35.144,1.697556204,..,38.9165974
SLE,1999,64.616,0.193293766,35.384,1.244605223,..,38.84732613
SLE,2000,64.374,2.02954041,35.626,3.086418141,50.41239821,38.93045165
SLE,2001,64.133,5.410333748,35.867,6.459611629,..,41.58381823
SLE,2002,63.891,5.285403357,36.109,6.335839024,..,44.75034636
SLE,2003,63.648,3.638020473,36.352,4.689846189,..,49.41354946
SLE,2004,63.404,2.968269999,36.596,4.021307838,..,52.26835689
SLE,2005,63.081,2.164107184,36.919,3.553578971,49.70736055,52.8126905
SLE,2006,62.697,1.589760057,37.303,3.235110806,..,55.83097811
SLE,2007,62.311,1.585095828,37.689,3.23209989,..,50.20393461
SLE,2008,61.923,1.89746733,38.077,3.546338957,..,51.43017456
SLE,2009,61.534,2.106386546,38.466,3.752993792,..,52.659601
SLE,2010,61.144,2.150274191,38.856,3.794827824,46.33948449,54.45247991
SLE,2011,60.752,2.049686667,39.248,3.696691448,51.02064483,55.66126351
SLE,2012,60.358,1.979185969,39.642,3.628716359,49.58465165,53.15392075
SLE,2013,59.964,1.908549769,40.036,3.552432158,44.13942031,54.70559712
SLE,2014,59.568,1.830590789,40.432,3.477426003,46.18555659,54.71044611
SLE,2015,59.171,1.739984136,40.829,3.385803567,55.08583208,54.71044611
SLE,2016,58.772,1.742926237,41.228,3.39198558,53.91337358,54.71044611
SLE,2017,58.364,1.724494825,41.636,3.405904669,50.18179276,54.71044611
SLE,2018,57.945,1.644210175,42.055,3.366031029,50.8684225,54.71044611
SLE,2019,57.516,1.589743995,42.484,3.347745277,51.09606544,54.71044611
SLE,2020,57.077,1.532826669,42.923,3.327071705,..,54.71044611
SLE,2021,56.628,1.452010187,43.372,3.282380292,..,54.71044611
SLE,2022,56.169,1.360231933,43.831,3.226821588,..,..
SGP,1990,0,..,100,3.889093607,22.14420675,2.985074627
SGP,1991,0,..,100,2.845482865,..,1.791044776
SGP,1992,0,..,100,3.004256395,..,1.791044776
SGP,1993,0,..,100,2.529806747,..,1.791044776
SGP,1994,0,..,100,3.136586932,..,1.791044776
SGP,1995,0,..,100,3.037813485,18.11365004,1.791044776
SGP,1996,0,..,100,4.064318468,..,1.791044776
SGP,1997,0,..,100,3.357442195,..,1.791044776
SGP,1998,0,..,100,3.397212277,..,1.791044776
SGP,1999,0,..,100,0.799148451,..,1.791044776
SGP,2000,0,..,100,1.732042233,18.36867682,1.791044776
SGP,2001,0,..,100,2.697355843,..,1.791044776
SGP,2002,0,..,100,0.912639806,..,1.777777778
SGP,2003,0,..,100,-1.474532842,..,1.164483261
SGP,2004,0,..,100,1.251916673,..,1.161103048
SGP,2005,0,..,100,2.350511289,16.01396045,1.103047896
SGP,2006,0,..,100,3.129389156,..,1.080691643
SGP,2007,0,..,100,4.166002864,..,1.151079137
SGP,2008,0,..,100,5.321517083,..,1
SGP,2009,0,..,100,3.015949915,..,1
SGP,2010,0,..,100,1.771832879,15.07604341,1.054131054
SGP,2011,0,..,100,2.084902456,16.42814491,1.036931818
SGP,2012,0,..,100,2.45339033,17.53182291,1.033994334
SGP,2013,0,..,100,1.619308099,18.59998502,0.947666195
SGP,2014,0,..,100,1.298440178,17.73247308,0.930888575
SGP,2015,0,..,100,1.186376937,18.29501195,0.930888575
SGP,2016,0,..,100,1.297436099,17.63850257,0.930888575
SGP,2017,0,..,100,8.86E-02,18.55801565,0.926966292
SGP,2018,0,..,100,0.469704299,18.49335298,0.924369748
SGP,2019,0,..,100,1.144283307,18.76588248,0.921787709
SGP,2020,0,..,100,-0.311904961,..,0.919220056
SGP,2021,0,..,100,-4.1703363,..,0.919220056
SGP,2022,0,..,100,3.308620524,..,..
SXM,1990,0,..,100,7.040473911,..,..
SXM,1991,0,..,100,6.852589229,..,..
SXM,1992,0,..,100,4.987545539,..,..
SXM,1993,0,..,100,1.513453407,..,..
SXM,1994,0,..,100,-0.276912603,..,..
SXM,1995,0,..,100,-0.438964246,..,..
SXM,1996,0,..,100,-0.590421675,..,..
SXM,1997,0,..,100,-0.686848799,..,..
SXM,1998,0,..,100,0.144149941,..,..
SXM,1999,0,..,100,-0.500610762,..,..
SXM,2000,0,..,100,-1.834377687,..,..
SXM,2001,0,..,100,0.265056848,..,..
SXM,2002,0,..,100,0.576764882,..,..
SXM,2003,0,..,100,2.233060387,..,..
SXM,2004,0,..,100,3.177252874,..,..
SXM,2005,0,..,100,1.597004887,..,..
SXM,2006,0,..,100,1.294185282,..,..
SXM,2007,0,..,100,1.100350126,..,..
SXM,2008,0,..,100,0.451494681,..,..
SXM,2009,0,..,100,0.803499822,..,..
SXM,2010,0,..,100,-0.532990983,..,..
SXM,2011,0,..,100,-1.840297302,..,..
SXM,2012,0,..,100,3.540582819,..,..
SXM,2013,0,..,100,5.523039526,..,..
SXM,2014,0,..,100,2.902265834,..,..
SXM,2015,0,..,100,2.980223174,..,..
SXM,2016,0,..,100,2.903978461,..,..
SXM,2017,0,..,100,1.502331373,..,..
SXM,2018,0,..,100,0.788033881,..,..
SXM,2019,0,..,100,1.728465028,..,..
SXM,2020,0,..,100,1.673100826,..,..
SXM,2021,0,..,100,1.258882706,..,..
SXM,2022,0,..,100,1.259366096,..,..
SVK,1990,43.509,-0.614384734,56.491,1.259043597,27.24195361,..
SVK,1991,43.22,-0.588947453,56.78,0.587734053,..,..
SVK,1992,43.281,0.173490524,56.719,-7.50E-02,..,..
SVK,1993,43.341,0.520232688,56.659,0.275894654,..,50.85239085
SVK,1994,43.402,0.534736947,56.598,0.286306364,..,50.85239085
SVK,1995,43.463,0.433078053,56.537,0.184797926,26.73191036,50.85239085
SVK,1996,43.524,0.351924509,56.476,0.103722752,..,50.81081081
SVK,1997,43.584,0.322393915,56.416,7.83E-02,..,50.83160083
SVK,1998,43.645,0.273976564,56.355,2.59E-02,..,50.79002079
SVK,1999,43.706,0.241728334,56.294,-6.25E-03,..,50.79002079
SVK,2000,43.767,4.07E-03,56.233,-0.243775783,22.72320586,50.72765073
SVK,2001,43.837,-2.32E-02,56.163,-0.307577023,..,46.88149688
SVK,2002,43.987,0.305225052,56.013,-0.303777827,..,46.50727651
SVK,2003,44.137,0.274616643,55.863,-0.333982296,..,46.47682395
SVK,2004,44.287,0.318931464,55.713,-0.289251561,..,40.20790021
SVK,2005,44.437,0.347911374,55.563,-0.259770775,22.19434728,40.35343035
SVK,2006,44.588,0.343825072,55.412,-0.267534008,..,40.31185031
SVK,2007,44.739,0.367269967,55.261,-0.243703784,..,40.12474012
SVK,2008,44.889,0.420482206,55.111,-0.186060861,..,40.27027027
SVK,2009,45.04,0.469063217,54.96,-0.141099023,..,40.1330838
SVK,2010,45.315,0.701930503,54.685,-0.408451131,21.47373959,40.43791978
SVK,2011,45.58,0.711994686,54.42,-0.356806911,22.60332523,40.12851439
SVK,2012,45.72,0.476877923,54.28,-8.74E-02,20.33063119,40.08068541
SVK,2013,45.86,0.413205465,54.14,-0.150800099,19.63711495,39.37364831
SVK,2014,46,0.401876983,54,-0.161895078,19.3125724,39.29700499
SVK,2015,46.111,0.336033934,53.889,-0.110721648,19.11555836,39.27873217
SVK,2016,46.194,0.308762975,53.806,-2.52E-02,17.8694289,39.22628952
SVK,2017,46.249,0.274148196,53.751,5.29E-02,18.2454102,39.08069884
SVK,2018,46.274,0.192572422,53.726,9.20E-02,18.49542534,39.28868552
SVK,2019,46.271,0.128823103,53.729,0.140930441,18.36521464,39.20549085
SVK,2020,46.24,1.88E-02,53.76,0.143424102,..,39.16389351
SVK,2021,46.18,-0.342203175,53.82,-0.100811873,..,38.60232945
SVK,2022,46.091,-0.477776951,53.909,-0.119626404,..,..
SVN,1990,49.61,-0.233362929,50.39,0.410625471,26.55055955,..
SVN,1991,49.483,-0.192965554,50.517,0.315232607,..,..
SVN,1992,49.457,-0.199212423,50.543,-9.53E-02,..,28.00397219
SVN,1993,49.431,-0.290880086,50.569,-0.186877378,..,27.80536246
SVN,1994,49.404,-0.170376842,50.596,-6.23E-02,..,27.2591857
SVN,1995,49.378,-3.10E-02,50.622,7.29E-02,25.70409521,26.71300894
SVN,1996,49.351,-0.117211759,50.649,-9.23E-03,..,26.06752731
SVN,1997,49.325,-0.187151281,50.675,-8.31E-02,..,24.57795432
SVN,1998,49.299,-0.270892618,50.701,-0.166775353,..,24.32969215
SVN,1999,49.272,1.67E-02,50.728,0.124635398,..,24.82621648
SVN,2000,49.246,0.243285246,50.754,0.34732284,22.23019169,25.71996028
SVN,2001,49.22,0.104696131,50.78,0.208705848,..,25.32274081
SVN,2002,49.143,-3.26E-02,50.857,0.27542978,..,25.07447865
SVN,2003,48.918,-0.398580605,51.082,0.501717529,..,25.32274081
SVN,2004,48.692,-0.399044384,51.308,0.505556858,..,24.42899702
SVN,2005,48.467,-0.289914233,51.533,0.610744329,21.12988842,25.27308838
SVN,2006,48.242,-0.14625416,51.758,0.754828506,..,24.37934459
SVN,2007,48.017,9.18E-02,51.983,0.992921734,..,24.72691162
SVN,2008,47.791,-0.313687404,52.209,0.592002543,..,30.703557
SVN,2009,47.567,0.434043164,52.433,1.332023315,..,31.02979281
SVN,2010,47.342,-3.80E-02,52.658,0.864262622,19.19737442,30.96663391
SVN,2011,47.117,-0.268652224,52.883,0.634096087,20.9420236,30.80561898
SVN,2012,46.892,-0.268650249,53.108,0.634585791,18.59905794,30.36826717
SVN,2013,46.668,-0.343098039,53.332,0.556609215,18.4258514,30.29841112
SVN,2014,46.443,-0.384995869,53.557,0.519395852,18.05674056,30.52830189
SVN,2015,46.219,-0.40829025,53.781,0.492566224,17.92089482,30.60627724
SVN,2016,45.98,-0.445239377,54.02,0.51660008,16.52950459,30.65633999
SVN,2017,45.727,-0.48659225,54.273,0.532404309,16.70789043,30.54111361
SVN,2018,45.459,-0.22525157,54.541,0.855189456,17.08366574,30.39272164
SVN,2019,45.178,7.63E-02,54.822,1.210111177,16.96940443,30.40662681
SVN,2020,44.882,1.24E-02,55.118,1.208242315,..,30.31773306
SVN,2021,44.573,-0.422038793,55.427,0.827932555,..,30.34107388
SVN,2022,44.249,-0.69855634,55.751,0.613802456,..,..
SLB,1990,86.323,2.788727964,13.677,4.41524473,10.28738981,2.429439085
SLB,1991,86.13,2.748879175,13.87,4.373270118,..,2.465166131
SLB,1992,85.935,2.713236397,14.065,4.336888984,..,2.536620222
SLB,1993,85.738,2.684720522,14.262,4.305220236,..,2.536620222
SLB,1994,85.538,2.666495312,14.462,4.292670875,..,2.572347267
SLB,1995,85.336,2.65253438,14.664,4.276035939,10.52681081,2.608074312
SLB,1996,85.131,2.618072425,14.869,4.247100313,..,2.608074312
SLB,1997,84.924,2.561358307,15.076,4.186038909,..,2.608074312
SLB,1998,84.715,2.509535738,15.285,4.133306522,..,2.643801358
SLB,1999,84.504,2.430032789,15.496,4.050840845,..,2.715255448
SLB,2000,84.187,2.156031639,15.813,4.555678088,10.60395119,2.715255448
SLB,2001,83.799,1.931847016,16.201,4.81792615,..,2.750982494
SLB,2002,83.403,1.85241688,16.597,4.742235397,..,2.822436584
SLB,2003,82.999,1.807754514,17.001,4.697255697,..,2.965344766
SLB,2004,82.587,1.76795493,17.413,4.660696626,..,3.001071811
SLB,2005,82.168,1.734213689,17.832,4.620624639,11.02061012,3.251161129
SLB,2006,81.741,1.722007482,18.259,4.608723289,..,3.39406931
SLB,2007,81.306,1.708699535,18.694,4.596640622,..,3.429796356
SLB,2008,80.862,1.68286884,19.138,4.578058134,..,3.536977492
SLB,2009,80.411,1.707806288,19.589,4.596429137,..,3.644158628
SLB,2010,79.952,1.779398069,20.048,4.668002154,12.10848854,3.8585209
SLB,2011,79.492,1.859217527,20.508,4.704894385,11.69813051,3.965702036
SLB,2012,79.03,1.92138142,20.97,4.732265422,11.76206355,4.037156127
SLB,2013,78.567,1.951841274,21.433,4.722910858,12.07044801,4.037156127
SLB,2014,78.104,1.953702411,21.896,4.682040795,12.31045976,4.090746695
SLB,2015,77.64,1.93055984,22.36,4.623814599,12.49008643,4.144337263
SLB,2016,77.177,1.891105993,22.823,4.538791386,12.81538467,4.180064309
SLB,2017,76.714,1.841019921,23.286,4.451181361,12.32052248,4.287245445
SLB,2018,76.251,1.791824873,23.749,4.36563015,12.75980934,4.287245445
SLB,2019,75.79,1.753636963,24.21,4.282783763,12.89495904,4.287245445
SLB,2020,75.33,1.762601444,24.67,4.253590165,..,4.287245445
SLB,2021,74.872,1.771891757,25.128,4.221232579,..,4.287245445
SLB,2022,74.416,1.682614394,25.584,4.091801564,..,..
SOM,1990,70.342,-1.007721175,29.658,0.656454433,26.29438193,70.2043549
SOM,1991,69.993,-4.377827333,30.007,-2.710566198,..,70.2043549
SOM,1992,69.641,-5.133283235,30.359,-3.462906194,..,70.20594893
SOM,1993,69.289,2.445273616,30.711,4.104811074,..,70.20754296
SOM,1994,68.933,4.479806442,31.067,6.147469235,..,70.21710715
SOM,1995,68.575,3.023618654,31.425,4.690076142,21.92286815,70.22667134
SOM,1996,68.215,3.036153431,31.785,4.701551226,..,70.2346415
SOM,1997,67.853,2.912273572,32.147,4.576865113,..,70.24261166
SOM,1998,67.489,3.547865947,32.511,5.211653216,..,70.24420569
SOM,1999,67.122,3.44052719,32.878,5.108350788,..,70.24420569
SOM,2000,66.753,3.38924303,33.247,5.056560665,30.39747836,70.24420569
SOM,2001,66.383,3.370907395,33.617,5.033490106,..,70.25058182
SOM,2002,66.01,3.12007707,33.99,4.787004906,..,70.28086843
SOM,2003,65.244,2.455397487,34.756,5.851187988,..,70.31115504
SOM,2004,64.469,2.418629447,35.531,5.818927397,..,70.38766857
SOM,2005,63.689,2.183060765,36.311,5.571826036,26.5204689,70.33825358
SOM,2006,62.9,1.743266695,37.1,5.139478162,..,70.25855198
SOM,2007,65.596,7.238852325,34.404,-4.502431934,..,70.17885038
SOM,2008,63.989,0.416434597,36.011,7.46195782,..,70.33825358
SOM,2009,62.355,-0.125606984,37.645,6.898685411,..,70.33825358
SOM,2010,60.69,-0.209289763,39.31,6.825107263,27.81831288,70.33825358
SOM,2011,59,-1.255128955,41,5.778317921,30.33188409,70.17885038
SOM,2012,58.442,0.862550829,41.558,3.164628167,31.3100816,70.17885038
SOM,2013,57.883,2.298286605,42.117,4.595522096,30.10150263,70.33825358
SOM,2014,57.321,2.516433297,42.679,4.817646207,28.71473783,70.33825358
SOM,2015,56.755,2.36681788,43.245,4.676617337,28.41561243,70.33825358
SOM,2016,56.184,2.759776558,43.816,5.082702201,28.00473928,70.33825358
SOM,2017,55.609,2.891094894,44.391,5.223546902,29.95291683,70.33825358
SOM,2018,55.029,2.564581804,44.971,4.911172118,29.76843426,70.33825358
SOM,2019,54.446,2.568075128,45.554,4.921220362,30.36142727,70.33984761
SOM,2020,53.859,2.334201281,46.141,4.698557758,..,70.34144164
SOM,2021,53.269,2.04474063,46.731,4.416818057,..,70.34303567
SOM,2022,52.676,1.949928802,47.324,4.330359821,..,..
ZAF,1990,47.963,1.975313901,52.037,4.106003041,28.75984422,78.80701349
ZAF,1991,47.446,1.47463198,52.554,3.547015791,..,79.14087166
ZAF,1992,46.962,1.03055832,53.038,2.972648249,..,79.52666331
ZAF,1993,46.479,0.780727069,53.521,2.721094666,..,79.90833326
ZAF,1994,45.996,0.686428217,54.004,2.629443703,..,80.1795415
ZAF,1995,45.514,0.592591662,54.486,2.534607676,29.18147425,80.38974849
ZAF,1996,45.033,0.461644096,54.967,2.403002083,..,80.69475472
ZAF,1997,44.551,0.31018158,55.449,2.259344931,..,80.74009348
ZAF,1998,44.07,0.159021411,55.93,2.108274954,..,80.77554015
ZAF,1999,43.589,1.41E-02,56.411,1.967882126,..,80.83324403
ZAF,2000,43.109,-0.144439458,56.891,1.810162329,28.69361318,80.88847489
ZAF,2001,42.632,-0.227003456,57.368,1.720609823,..,80.79614868
ZAF,2002,42.102,-0.340888761,57.898,1.829719299,..,80.8085138
ZAF,2003,41.554,-0.385938957,58.446,1.866252046,..,80.72607968
ZAF,2004,41.007,-0.389809715,58.993,1.866844092,..,80.46229051
ZAF,2005,40.464,-0.3879168,59.536,1.86133324,27.03090776,80.35924787
ZAF,2006,39.923,-0.382412541,60.077,1.868181487,..,79.86876489
ZAF,2007,39.384,-0.345417988,60.616,1.907058126,..,79.87041357
ZAF,2008,38.846,-0.242375165,61.154,2.016722351,..,80.05011994
ZAF,2009,38.313,-0.192285722,61.687,2.057086493,..,79.951199
ZAF,2010,37.782,-0.202612039,62.218,2.05015046,29.39830185,79.87123791
ZAF,2011,37.254,-0.143944362,62.746,2.108455376,29.45389805,79.44505354
ZAF,2012,36.728,-9.28E-02,63.272,2.16396302,29.16575633,79.41785028
ZAF,2013,36.207,-6.71E-02,63.793,2.181679686,28.7701453,79.41785028
ZAF,2014,35.688,0.132496894,64.312,2.386571512,28.99888476,79.41785028
ZAF,2015,35.172,0.617599118,64.828,2.873153342,29.23503061,79.41785028
ZAF,2016,34.659,-0.497283742,65.341,1.760214053,28.72137557,79.41785028
ZAF,2017,34.15,-1.092205751,65.85,1.163250053,28.8576422,79.41785028
ZAF,2018,33.645,-0.264284566,66.355,1.989499664,28.75401758,79.41785028
ZAF,2019,33.144,-0.20519776,66.856,2.047265766,28.67475434,79.41785028
ZAF,2020,32.646,-0.290760519,67.354,1.965304746,..,79.41785028
ZAF,2021,32.153,-0.522735593,67.847,1.728207354,..,79.41785028
ZAF,2022,31.665,-0.688320301,68.335,1.557749124,..,..
SSD,1990,86.724,6.31E-02,13.276,6.821537545,37.4439452,..
SSD,1991,85.926,1.495473216,14.074,8.257166405,..,..
SSD,1992,85.088,0.847842147,14.912,7.61150052,..,..
SSD,1993,84.374,0.384438472,15.626,5.904205361,..,..
SSD,1994,84.251,2.308556433,15.749,3.238370688,..,..
SSD,1995,84.127,2.900913873,15.873,3.832524174,34.43226535,..
SSD,1996,84.003,2.327290856,15.997,3.25297982,..,..
SSD,1997,83.877,2.653255703,16.123,3.587980267,..,..
SSD,1998,83.751,1.799032282,16.249,2.727717464,..,..
SSD,1999,83.624,2.458154739,16.376,3.388535461,..,..
SSD,2000,83.496,4.265499276,16.504,5.197222505,41.34572294,..
SSD,2001,83.368,4.324000555,16.632,5.250044121,..,..
SSD,2002,83.239,4.30548185,16.761,5.232907861,..,..
SSD,2003,83.109,4.322530265,16.891,5.251500034,..,..
SSD,2004,82.977,4.380792022,17.023,5.318160093,..,..
SSD,2005,82.846,4.45618141,17.154,5.3808127,39.49592692,..
SSD,2006,82.713,4.515929222,17.287,5.448940137,..,..
SSD,2007,82.58,4.561762923,17.42,5.489093825,..,..
SSD,2008,82.445,4.547519948,17.555,5.483132248,..,..
SSD,2009,82.299,4.314038523,17.701,5.319444622,..,..
SSD,2010,82.14,4.930209905,17.86,6.017857449,39.24576366,..
SSD,2011,81.968,5.089191295,18.032,6.257278786,41.0035213,..
SSD,2012,81.783,4.153473041,18.217,5.400125249,41.19727621,45.09662858
SSD,2013,81.585,3.46706147,18.415,4.790527746,40.22177745,45.04078775
SSD,2014,81.374,0.702131657,18.626,2.100343262,35.86344781,44.98494691
SSD,2015,81.148,-0.447568299,18.852,1.036605467,40.60479868,44.92910607
SSD,2016,80.908,-1.447979246,19.092,0.113281993,37.94147452,44.87326524
SSD,2017,80.654,-4.069907807,19.346,-2.433886937,38.66290029,44.8174244
SSD,2018,80.385,-2.831629917,19.615,-1.116621664,37.97705763,44.70574272
SSD,2019,80.101,0.14828131,19.899,1.939679926,37.55277786,44.70574272
SSD,2020,79.801,1.131034314,20.199,3.00264211,..,44.70542623
SSD,2021,79.486,0.934855402,20.514,2.877831901,..,44.70859114
SSD,2022,79.154,1.103926177,20.846,3.127898076,..,..
ESP,1990,24.649,-0.806848015,75.351,0.400878712,14.01506177,61.01233381
ESP,1991,24.472,-0.466138097,75.528,0.489150366,..,60.81010732
ESP,1992,24.39,0.154109674,75.61,0.598270855,..,60.62590101
ESP,1993,24.308,0.181782141,75.692,0.62693331,..,60.13334935
ESP,1994,24.226,0.138189262,75.774,0.584376824,..,60.43368573
ESP,1995,24.144,0.102315128,75.856,0.549522875,12.74119843,59.5046452
ESP,1996,24.062,7.63E-02,75.938,0.524558812,..,60.34558706
ESP,1997,23.981,8.19E-02,76.019,0.52572951,..,60.18540766
ESP,1998,23.9,7.55E-02,76.1,0.520340426,..,59.98318116
ESP,1999,23.819,6.58E-02,76.181,0.511705664,..,59.62277751
ESP,2000,23.738,0.1064949,76.262,0.553405611,13.6642286,59.65130261
ESP,2001,23.657,0.35225528,76.343,0.800225839,..,59.21527722
ESP,2002,23.467,0.606210455,76.533,1.661162209,..,58.95118628
ESP,2003,23.222,0.758944969,76.778,2.128067165,..,58.39826927
ESP,2004,22.978,0.669178293,77.022,2.042762099,..,58.23750952
ESP,2005,22.737,0.634982577,77.263,2.001757617,12.34932779,58.43435052
ESP,2006,22.498,0.633639072,77.502,1.999208103,..,57.34297968
ESP,2007,22.26,0.787569086,77.74,2.15770109,..,56.10787201
ESP,2008,22.024,0.529473135,77.976,1.898446523,..,56.41940658
ESP,2009,21.79,-0.182422231,78.21,1.185377902,..,56.09032206
ESP,2010,21.558,-0.610014048,78.442,0.756607893,11.49190106,55.08889822
ESP,2011,21.327,-0.721967135,78.673,0.64938946,12.44203689,54.04096983
ESP,2012,21.098,-1.01463824,78.902,0.35558183,11.17997141,53.86137822
ESP,2013,20.867,-1.428593975,79.133,-3.53E-02,10.3607232,53.44395354
ESP,2014,20.634,-1.421831524,79.366,-4.94E-03,9.830912644,53.13368385
ESP,2015,20.398,-1.227919466,79.602,0.219325483,10.53568076,53.18906218
ESP,2016,20.16,-1.089211917,79.84,0.382971719,9.576497124,52.57724736
ESP,2017,19.92,-0.963028068,80.08,0.534737453,9.749324875,52.63871383
ESP,2018,19.679,-0.779238783,80.321,0.738481167,9.769206907,52.40820971
ESP,2019,19.435,-0.529930876,80.565,1.021035078,9.728788477,52.45849173
ESP,2020,19.19,-0.78013012,80.81,0.792144592,..,52.33167922
ESP,2021,18.944,-1.184493031,81.056,0.409660415,..,52.48489412
ESP,2022,18.696,-0.898357004,81.304,0.724904377,..,..
LKA,1990,81.465,1.268504142,18.535,1.162565941,22.96583352,37.29867645
LKA,1991,81.48,1.246026019,18.52,1.146663354,..,37.34651571
LKA,1992,81.496,1.206033935,18.504,1.099970639,..,37.37840855
LKA,1993,81.511,1.153279306,18.489,1.053752716,..,36.99569447
LKA,1994,81.527,1.05840364,18.473,0.95219172,..,37.04353373
LKA,1995,81.542,0.934849232,18.458,0.835228068,21.81013588,37.09137299
LKA,1996,81.558,0.813776661,18.442,0.707460779,..,37.10731941
LKA,1997,81.573,0.707061919,18.427,0.607290301,..,37.12326583
LKA,1998,81.589,0.623098599,18.411,0.516632807,..,37.13921225
LKA,1999,81.604,0.607209961,18.396,0.507310222,..,37.39435497
LKA,2000,81.62,0.585530795,18.38,0.478906056,24.17892698,37.47408707
LKA,2001,81.635,0.781861092,18.365,0.681858299,..,37.49003349
LKA,2002,81.651,1.021063892,18.349,0.914301676,..,37.56976559
LKA,2003,81.666,1.020481233,18.334,0.920316547,..,37.79301547
LKA,2004,81.681,0.983743821,18.319,0.883528168,..,36.83623027
LKA,2005,81.697,0.956337119,18.303,0.849383746,24.07469414,40.02551427
LKA,2006,81.712,1.013902064,18.288,0.913555097,..,38.90926487
LKA,2007,81.728,1.060652214,18.272,0.953541432,..,38.11194387
LKA,2008,81.743,1.043960289,18.257,0.943481795,..,41.38095997
LKA,2009,81.758,0.983986741,18.242,0.883424117,..,41.62015627
LKA,2010,81.774,0.92394848,18.226,0.816640695,24.69380238,41.77962048
LKA,2011,81.789,0.939096128,18.211,0.83843364,21.56928542,43.53372668
LKA,2012,81.804,0.770089684,18.196,0.669341063,22.42414797,43.69319088
LKA,2013,81.802,0.541384897,18.198,0.554824166,22.99523942,43.69319088
LKA,2014,81.782,0.483919402,18.218,0.618203409,20.96900691,43.69319088
LKA,2015,81.744,0.410307243,18.256,0.665146746,18.97034499,44.26994975
LKA,2016,81.689,0.347999715,18.311,0.71612975,20.7396319,44.43151891
LKA,2017,81.616,0.28941744,18.384,0.776717478,19.92492371,44.59631945
LKA,2018,81.524,0.643122083,18.476,1.255074242,19.69446106,45.44807966
LKA,2019,81.415,0.478079858,18.585,1.200113165,19.96439581,45.44729471
LKA,2020,81.287,0.373288828,18.713,1.21697057,..,45.45748464
LKA,2021,81.14,0.894440655,18.86,1.857951759,..,45.45748464
LKA,2022,80.974,-9.20E-02,19.026,0.989080403,..,..
KNA,1990,65.391,-0.678858678,34.609,-1.236633786,8.578842874,46.15384615
KNA,1991,65.526,-2.26E-02,34.474,-0.627676811,..,46.15384615
KNA,1992,65.717,1.167590541,34.283,0.328595195,..,46.15384615
KNA,1993,65.907,1.616450297,34.093,0.774344082,..,46.15384615
KNA,1994,66.096,1.615954695,33.904,0.768394038,..,38.46153846
KNA,1995,66.285,1.583165381,33.715,0.741625172,8.542848912,38.46153846
KNA,1996,66.474,1.561982084,33.526,0.715405031,..,34.61538462
KNA,1997,66.661,1.572326764,33.339,0.724066191,..,34.61538462
KNA,1998,66.849,1.58519742,33.151,0.746144407,..,34.61538462
KNA,1999,67.035,1.613722848,32.965,0.774460393,..,38.46153846
KNA,2000,67.222,1.689586127,32.778,0.835640687,8.634030166,36.53846154
KNA,2001,67.402,1.413393686,32.598,0.602169624,..,35.76923077
KNA,2002,67.545,0.816147452,32.455,0.159968041,..,31.15384615
KNA,2003,67.688,0.571183964,32.312,-8.00E-02,..,31.15384615
KNA,2004,67.83,0.529966491,32.17,-0.120048034,..,30.88461538
KNA,2005,67.972,0.520875615,32.028,-0.133555946,7.864959375,19.23076923
KNA,2006,68.114,0.527573137,31.886,-0.12704358,..,19.26923077
KNA,2007,68.256,0.509224925,31.744,-0.147305015,..,19.57692308
KNA,2008,68.397,0.503544518,31.603,-0.140812039,..,19.61538462
KNA,2009,68.537,0.479424373,31.463,-0.16789232,..,21.15384615
KNA,2010,68.678,0.452566079,31.322,-0.201843573,8.104640488,21.92307692
KNA,2011,68.818,0.57887725,31.182,-7.41E-02,7.323219482,23.07692308
KNA,2012,68.938,0.481370701,31.062,-8.09E-02,7.966169748,23.07692308
KNA,2013,69.036,0.224657795,30.964,-0.229605719,7.730147535,23.07692308
KNA,2014,69.115,0.160593929,30.885,-0.209806852,7.579156473,23.07692308
KNA,2015,69.173,8.78E-02,30.827,-0.189882059,8.593255996,23.07692308
KNA,2016,69.21,4.84E-02,30.79,-0.122257707,8.801879674,23.07692308
KNA,2017,69.227,1.81E-02,30.773,-6.12E-02,8.556462116,23.07692308
KNA,2018,69.224,-5.44E-02,30.776,-4.08E-02,8.770852336,23.07692308
KNA,2019,69.201,-0.136200629,30.799,-2.72E-02,8.789142812,23.07692308
KNA,2020,69.157,-0.209201926,30.843,-6.81E-03,..,23.07692308
KNA,2021,69.094,-0.16706919,30.906,0.129220952,..,23.07692308
KNA,2022,69.009,-1.52E-02,30.991,0.379893273,..,..
LCA,1990,70.651,0.897216474,29.349,2.291156384,21.56645306,34.26229508
LCA,1991,70.428,1.056692758,29.572,2.129730963,..,32.45901639
LCA,1992,70.631,1.768628163,29.369,0.791459218,..,32.29508197
LCA,1993,70.833,1.759744843,29.167,0.785244298,..,32.29508197
LCA,1994,71.035,1.599430906,28.965,0.618741264,..,31.96721311
LCA,1995,71.235,1.460977554,28.765,0.487231186,21.54509333,29.50819672
LCA,1996,71.435,1.339070775,28.565,0.359892876,..,28.52459016
LCA,1997,71.634,1.237896772,28.366,0.261135292,..,27.86885246
LCA,1998,71.832,1.173070632,28.168,0.197102432,..,25.40983607
LCA,1999,72.029,1.162978228,27.971,0.18767883,..,25.24590164
LCA,2000,72.226,1.055902301,27.774,7.68E-02,21.85873031,23.27868852
LCA,2001,72.527,1.099832387,27.473,-0.407148267,..,22.78688525
LCA,2002,73.671,2.31262932,26.329,-3.505894111,..,21.47540984
LCA,2003,74.784,2.267734822,25.216,-3.550555717,..,20.32786885
LCA,2004,75.867,2.166096956,24.133,-3.661089991,..,18.19672131
LCA,2005,76.915,2.068299773,23.085,-3.745216997,19.86449855,17.86885246
LCA,2006,77.932,1.966281143,22.068,-3.850120465,..,16.55737705
LCA,2007,78.916,1.882987083,21.084,-3.936335882,..,16.27868852
LCA,2008,79.869,1.829618679,20.131,-3.994466494,..,16.29508197
LCA,2009,80.787,1.800391623,19.213,-4.010276164,..,16.29508197
LCA,2010,81.55,1.671751118,18.45,-3.31804682,19.89151671,16.29508197
LCA,2011,81.55,0.705554769,18.45,0.704595405,19.11755404,16.29508197
LCA,2012,81.55,0.567539623,18.45,0.565132897,20.05991754,16.29508197
LCA,2013,81.539,0.478373456,18.461,0.552616964,20.17665798,16.29508197
LCA,2014,81.518,0.448029108,18.482,0.586730438,20.14066609,16.29508197
LCA,2015,81.485,0.426466755,18.515,0.647910449,21.86217654,16.29508197
LCA,2016,81.442,0.396122981,18.558,0.68039983,21.04710708,16.29508197
LCA,2017,81.388,0.357809478,18.612,0.715234434,20.75716759,16.29508197
LCA,2018,81.322,0.327504785,18.678,0.761332983,21.15799134,16.29508197
LCA,2019,81.246,0.296803713,18.754,0.794404406,21.22131742,16.29508197
LCA,2020,81.159,0.258123278,18.841,0.829608838,..,16.29508197
LCA,2021,81.06,0.108556756,18.94,0.755210386,..,16.29508197
LCA,2022,80.95,-2.13E-02,19.05,0.694111648,..,..
MAF,1990,..,..,..,..,..,..
MAF,1991,..,..,..,..,..,..
MAF,1992,..,..,..,..,..,..
MAF,1993,..,..,..,..,..,..
MAF,1994,..,..,..,..,..,..
MAF,1995,..,..,..,..,..,..
MAF,1996,..,..,..,..,..,..
MAF,1997,..,..,..,..,..,..
MAF,1998,..,..,..,..,..,..
MAF,1999,..,..,..,..,..,..
MAF,2000,..,..,..,..,..,..
MAF,2001,..,..,..,..,..,..
MAF,2002,..,..,..,..,..,..
MAF,2003,..,..,..,..,..,..
MAF,2004,..,..,..,..,..,..
MAF,2005,..,..,..,..,..,..
MAF,2006,..,..,..,..,..,..
MAF,2007,..,..,..,..,..,..
MAF,2008,..,..,..,..,..,..
MAF,2009,..,..,..,..,..,..
MAF,2010,..,..,..,..,..,..
MAF,2011,..,..,..,..,..,..
MAF,2012,..,..,..,..,..,..
MAF,2013,..,..,..,..,..,..
MAF,2014,..,..,..,..,..,..
MAF,2015,..,..,..,..,..,..
MAF,2016,..,..,..,..,..,..
MAF,2017,..,..,..,..,..,..
MAF,2018,..,..,..,..,..,..
MAF,2019,..,..,..,..,..,..
MAF,2020,..,..,..,..,..,..
MAF,2021,..,..,..,..,..,..
MAF,2022,..,..,..,..,..,..
VCT,1990,58.591,-0.812988037,41.409,1.525095808,21.9025666,27.12820513
VCT,1991,58.051,-0.665263496,41.949,1.555042519,..,26.20512821
VCT,1992,57.694,-0.226313633,42.306,1.239381477,..,25.28205128
VCT,1993,57.337,-0.26826312,42.663,1.191206731,..,24.35897436
VCT,1994,56.979,-0.342889989,43.021,1.120080637,..,23.43589744
VCT,1995,56.62,-0.430659234,43.38,1.032997851,21.81653018,22.51282051
VCT,1996,56.259,-0.538223615,43.741,0.930463601,..,21.58974359
VCT,1997,55.9,-0.652220321,44.1,0.804881422,..,20.66666667
VCT,1998,55.539,-0.744782916,44.461,0.717713525,..,19.74358974
VCT,1999,55.177,-0.802822886,44.823,0.661727416,..,18.82051282
VCT,2000,54.814,-0.820540347,45.186,0.647655496,21.95636265,17.94871795
VCT,2001,54.452,-0.812783616,45.548,0.645419872,..,17.94871795
VCT,2002,54.086,-0.842257152,45.914,0.631682409,..,17.94871795
VCT,2003,53.717,-0.987569339,46.283,0.499814329,..,17.94871795
VCT,2004,53.344,-1.138821193,46.656,0.358477998,..,17.94871795
VCT,2005,52.968,-1.210897668,47.032,0.300283404,19.90198884,17.94871795
VCT,2006,52.588,-1.271807145,47.412,0.253965984,..,17.94871795
VCT,2007,52.206,-1.270905182,47.794,0.258986694,..,17.94871795
VCT,2008,51.82,-1.201513285,48.18,0.344902667,..,17.94871795
VCT,2009,51.431,-1.186028086,48.569,0.371838397,..,17.94871795
VCT,2010,51.039,-1.250439335,48.961,0.318155715,19.79811789,17.94871795
VCT,2011,50.644,-1.331644874,49.356,0.248206232,19.03173268,17.94871795
VCT,2012,50.246,-1.362506104,49.754,0.232716275,19.92158144,17.94871795
VCT,2013,49.846,-1.385061125,50.154,0.211766096,19.94906515,17.94871795
VCT,2014,49.442,-1.317452972,50.558,0.302011476,20.05605524,17.94871795
VCT,2015,49.036,-1.225818117,50.964,0.395126068,21.74047554,17.94871795
VCT,2016,48.627,-1.32638678,51.373,0.310939231,20.91035722,17.94871795
VCT,2017,48.216,-1.240020185,51.784,0.405159455,20.73036472,17.94871795
VCT,2018,47.802,-1.118389811,52.198,0.543737427,21.05824537,17.94871795
VCT,2019,47.386,-1.213468836,52.614,0.453886037,21.12973864,17.94871795
VCT,2020,46.968,-1.163238995,53.032,0.511325227,..,17.94871795
VCT,2021,46.548,-1.187224818,53.452,0.503344703,..,17.94871795
VCT,2022,46.125,-1.280713806,53.875,0.41871762,..,..
SDN,1990,71.39,0.113455084,28.61,6.065223608,49.74982033,51.72979798
SDN,1991,70.16,-3.23E-02,29.84,5.915012534,..,51.75294613
SDN,1992,68.897,-0.306856404,31.103,5.655178463,..,52.19486532
SDN,1993,67.873,0.246639993,32.127,4.983326355,..,53.33880471
SDN,1994,67.821,2.332293095,32.179,2.570647179,..,53.92045455
SDN,1995,67.768,2.474325196,32.232,2.717082511,44.07335811,54.56397306
SDN,1996,67.716,2.348053106,32.284,2.586004943,..,54.94065657
SDN,1997,67.663,2.372797269,32.337,2.615131406,..,55.06397306
SDN,1998,67.61,2.244825964,32.39,2.486960625,..,55.17760943
SDN,1999,67.558,2.311560201,32.442,2.548914341,..,55.28282828
SDN,2000,67.505,2.48115757,32.495,2.722866758,50.10416571,55.3766835
SDN,2001,67.452,2.357362188,32.548,2.598881422,..,55.59469697
SDN,2002,67.399,2.207236891,32.601,2.448538454,..,55.81397306
SDN,2003,67.346,2.14045409,32.654,2.381574294,..,56.62037037
SDN,2004,67.293,2.175199489,32.707,2.416096607,..,56.60648148
SDN,2005,67.24,2.350662354,32.76,2.591367642,51.32188604,56.91077441
SDN,2006,67.187,2.568182038,32.813,2.808690714,..,57.26136364
SDN,2007,67.134,2.711048203,32.866,2.951356895,..,57.49789562
SDN,2008,67.081,2.684801634,32.919,2.924909488,..,57.53282828
SDN,2009,67.007,2.605890867,32.993,2.940806643,..,57.77180135
SDN,2010,66.911,2.231314155,33.089,2.665225014,52.82073801,57.76355219
SDN,2011,66.793,1.8179643,33.207,2.350465035,54.42324069,57.76355219
SDN,2012,66.654,1.919309553,33.346,2.545335761,54.8566288,59.6712848
SDN,2013,66.493,2.093914269,33.507,2.817407779,52.4865762,59.66453961
SDN,2014,66.311,2.500404617,33.689,3.316192997,46.72140545,59.66004283
SDN,2015,66.106,2.797882941,33.894,3.714176088,52.80306653,59.82327623
SDN,2016,65.879,2.766565571,34.121,3.778049391,51.51145712,59.98650964
SDN,2017,65.63,2.875934613,34.37,3.981721806,53.48836405,60.14974304
SDN,2018,65.358,2.776181711,34.642,3.979758849,53.77109049,60.31297645
SDN,2019,65.064,2.442744991,34.936,3.738689772,54.67729786,60.31297645
SDN,2020,64.747,2.268373772,35.253,3.66006344,..,60.31308351
SDN,2021,64.407,2.174542801,35.593,3.660879233,..,60.31308351
SDN,2022,64.044,2.065416304,35.956,3.645312878,..,..
SUR,1990,34.294,0.855639922,65.706,1.183204338,28.53128476,0.564102564
SUR,1991,34.22,0.562171259,65.78,0.89091455,..,0.570512821
SUR,1992,34.146,0.630956683,65.854,0.959813007,..,0.570512821
SUR,1993,34.072,0.461064607,65.928,0.790292792,..,0.570512821
SUR,1994,33.998,0.765587099,66.002,1.095381787,..,0.570512821
SUR,1995,33.924,1.62649697,66.076,1.957067443,29.07493211,0.570512821
SUR,1996,33.85,1.909786099,66.15,2.23949844,..,0.570512821
SUR,1997,33.777,1.803419477,66.223,2.129442851,..,0.564102564
SUR,1998,33.703,1.718151762,66.297,2.049768073,..,0.564102564
SUR,1999,33.629,1.648684873,66.371,1.980096195,..,0.564102564
SUR,2000,33.556,1.582133879,66.444,1.908662522,31.59115168,0.564102564
SUR,2001,33.483,1.51950739,66.517,1.847624022,..,0.551282051
SUR,2002,33.409,1.46174487,66.591,1.794111421,..,0.474358974
SUR,2003,33.336,1.404964691,66.664,1.733313256,..,0.516025641
SUR,2004,33.263,1.120294037,66.737,1.448486705,..,0.496794872
SUR,2005,33.318,1.264987935,66.682,1.017869529,23.88703156,0.466666667
SUR,2006,33.385,1.318639494,66.615,1.017390982,..,0.466666667
SUR,2007,33.453,1.33205728,66.547,1.025931714,..,0.448717949
SUR,2008,33.521,1.331309473,66.479,1.026501002,..,0.453846154
SUR,2009,33.588,1.326500225,66.412,1.025552276,..,0.515384615
SUR,2010,33.656,1.324370327,66.344,1.019557817,22.73742598,0.501923077
SUR,2011,33.724,1.306522727,66.276,1.002162924,20.81608138,0.512820513
SUR,2012,33.792,1.275887565,66.208,0.971924317,25.07836422,0.469230769
SUR,2013,33.86,1.240962417,66.14,0.937638602,22.56714849,0.533333333
SUR,2014,33.911,1.162619145,66.089,0.934506435,22.592664,0.565384615
SUR,2015,33.944,1.108823171,66.056,0.961900435,26.58467637,0.557692308
SUR,2016,33.96,1.080458576,66.04,1.009263561,23.12808666,0.557692308
SUR,2017,33.959,1.041849269,66.041,1.046093718,22.80583417,0.538461538
SUR,2018,33.94,0.986453106,66.06,1.070965509,22.04999577,0.538461538
SUR,2019,33.905,0.999912044,66.095,1.156193605,21.17742119,0.538461538
SUR,2020,33.851,0.961306085,66.149,1.202014633,..,0.512820513
SUR,2021,33.781,0.763025735,66.219,1.076445724,..,0.5
SUR,2022,33.693,0.560549302,66.307,0.954014569,..,..
SWE,1990,16.9,0.772588873,83.1,0.772605483,9.78031349,8.378756109
SWE,1991,16.796,6.43E-02,83.204,0.806717928,..,8.24373367
SWE,1992,16.639,-0.352568527,83.361,0.775036132,..,8.209364322
SWE,1993,16.484,-0.355068428,83.516,0.766603466,..,8.238823763
SWE,1994,16.329,-0.234066849,83.671,0.896130161,..,8.238823763
SWE,1995,16.176,-0.416682704,83.824,0.707393346,8.849205524,8.020332906
SWE,1996,16.086,-0.398806287,83.914,0.266461164,..,8.09398151
SWE,1997,16.058,-0.116932581,83.942,9.06E-02,..,8.000693279
SWE,1998,16.03,-0.119042937,83.97,8.89E-02,..,7.931954582
SWE,1999,16.002,-9.69E-02,83.998,0.111265022,..,7.841121305
SWE,2000,15.974,-1.45E-02,84.026,0.193899955,8.433887717,7.301277042
SWE,2001,15.929,-1.37E-02,84.071,0.322021444,..,7.497182327
SWE,2002,15.867,-6.45E-02,84.133,0.399152958,..,7.708308323
SWE,2003,15.804,-2.57E-02,84.196,0.446938734,..,7.680812845
SWE,2004,15.742,2.12E-04,84.258,0.466911457,..,7.740959204
SWE,2005,15.681,1.17E-02,84.319,0.472320308,7.30670874,7.85879697
SWE,2006,15.57,-0.147856985,84.43,0.694032981,..,7.733348849
SWE,2007,15.412,-0.278425346,84.588,0.928518962,..,7.661664208
SWE,2008,15.254,-0.251467767,84.746,0.965653049,..,7.550945808
SWE,2009,15.098,-0.175998434,84.902,1.035806601,..,7.529833208
SWE,2010,14.944,-0.172740981,85.056,1.033750395,7.400644792,7.545790405
SWE,2011,14.703,-0.870656589,85.297,1.038087702,7.469532494,7.519767899
SWE,2012,14.38,-1.481570888,85.62,1.117727362,6.170044152,7.44219137
SWE,2013,14.064,-1.374676265,85.936,1.215745795,6.171492562,7.453435057
SWE,2014,13.753,-1.243894366,86.247,1.353460114,6.454065914,7.453410507
SWE,2015,13.447,-1.19260482,86.553,1.411616216,5.870147043,7.434988686
SWE,2016,13.148,-0.992235061,86.852,1.601319652,5.44671115,7.41674708
SWE,2017,12.854,-0.913960681,87.146,1.685372102,5.693011634,7.393300602
SWE,2018,12.569,-1.080524095,87.431,1.488150675,5.688407622,7.36634329
SWE,2019,12.292,-1.214770736,87.708,1.330044339,5.647572855,7.377611261
SWE,2020,12.023,-1.490055576,87.977,1.028940022,..,7.379478334
SWE,2021,11.762,-1.5941051,88.238,0.896813772,..,7.373020771
SWE,2022,11.508,-1.502611595,88.492,0.9680324,..,..
CHE,1990,26.074,1.257210252,73.926,0.94575864,17.97383325,40.60359071
CHE,1991,26.131,1.468206081,73.869,1.172688611,..,40.49937578
CHE,1992,26.185,1.308969561,73.815,1.029388204,..,40.37950459
CHE,1993,26.238,1.11292209,73.762,0.83888683,..,40.25998804
CHE,1994,26.292,1.002776441,73.708,0.723915626,..,40.14082362
CHE,1995,26.346,0.873373199,73.654,0.594969192,16.70703907,40.02201384
CHE,1996,26.4,0.646391319,73.6,0.368293773,..,39.9284652
CHE,1997,26.454,0.445238876,73.546,0.167490738,..,39.85151049
CHE,1998,26.508,0.501062479,73.492,0.223682901,..,39.77492396
CHE,1999,26.562,0.680434087,73.438,0.403412185,..,39.69376442
CHE,2000,26.617,0.768806714,73.383,0.487032192,14.88087098,39.61727304
CHE,2001,26.625,0.66283277,73.375,0.621865281,..,39.54077135
CHE,2002,26.599,0.658726253,73.401,0.791912728,..,39.46560346
CHE,2003,26.573,0.644160562,73.427,0.777321863,..,39.38947797
CHE,2004,26.548,0.593305764,73.452,0.72146595,..,39.31192412
CHE,2005,26.522,0.542617878,73.478,0.675992501,13.06616084,39.23487764
CHE,2006,26.496,0.529452634,73.504,0.662946313,..,39.15905218
CHE,2007,26.47,0.795538994,73.53,0.929048228,..,39.08307778
CHE,2008,26.444,1.17232013,73.556,1.305980633,..,38.99911025
CHE,2009,26.419,1.154923345,73.581,1.283458364,..,38.91545146
CHE,2010,26.393,0.943070245,73.607,1.076896116,13.15189172,38.83283888
CHE,2011,26.369,1.020904665,73.631,1.144479112,13.81779708,38.75021114
CHE,2012,26.347,0.978365696,73.653,1.091689113,12.71146517,38.66765583
CHE,2013,26.326,1.070130268,73.674,1.178392145,12.47195588,38.58537586
CHE,2014,26.304,1.136501349,73.696,1.249960832,10.60883998,38.50280641
CHE,2015,26.282,1.054660953,73.718,1.168186391,11.59075488,38.42056855
CHE,2016,26.261,1.012097902,73.739,1.120513599,10.60281759,38.33866073
CHE,2017,26.239,0.849346228,73.761,0.962986439,9.854778198,38.259885
CHE,2018,26.203,0.599369518,73.797,0.785417652,10.15005926,38.18240515
CHE,2019,26.151,0.514628172,73.849,0.783765812,9.902709701,38.10503414
CHE,2020,26.085,0.478003983,73.915,0.81999821,..,38.0271063
CHE,2021,26.004,0.441360274,73.996,0.861926356,..,37.94969226
CHE,2022,25.908,0.389434745,74.092,0.888948057,..,..
SYR,1990,51.069,2.661296756,48.931,3.493764219,32.60394534,73.43018827
SYR,1991,50.861,2.555701941,49.139,3.38800588,..,73.52269017
SYR,1992,50.653,2.475085159,49.347,3.307289082,..,74.07226031
SYR,1993,50.445,2.440755796,49.555,3.272844791,..,74.23005768
SYR,1994,50.236,2.393237538,49.764,3.229291397,..,75.01360322
SYR,1995,49.896,2.089336132,50.104,3.449332661,33.23779288,75.02992709
SYR,1996,49.527,1.982887658,50.473,3.45892963,..,75.03536838
SYR,1997,49.159,1.904986553,50.841,3.377271366,..,75.11154641
SYR,1998,48.79,1.838107216,51.21,3.314736067,..,74.83948199
SYR,1999,48.422,1.794864908,51.578,3.267993867,..,74.91021874
SYR,2000,48.053,1.759018402,51.947,3.236872257,29.91257847,74.60550658
SYR,2001,47.686,1.777953225,52.314,3.248637417,..,74.67080205
SYR,2002,47.318,1.798743535,52.682,3.274437476,..,74.86668843
SYR,2003,46.951,1.794234832,53.049,3.267062746,..,75.23830274
SYR,2004,46.583,1.861517101,53.417,3.339709207,..,75.74767119
SYR,2005,46.218,1.938282,53.782,3.405903172,31.16942288,75.32821267
SYR,2006,45.854,3.673759859,54.146,5.138976174,..,75.57044056
SYR,2007,45.489,5.536535811,54.511,7.00755747,..,75.67523415
SYR,2008,45.125,2.85326492,54.875,4.322216035,..,75.68067959
SYR,2009,44.763,0.825761769,55.237,2.288734347,..,75.73513396
SYR,2010,44.4,1.496950303,55.6,2.966202597,35.54506403,75.73925829
SYR,2011,45.42,4.016125596,54.58,-0.106750485,32.78115955,75.77737842
SYR,2012,46.445,1.679501088,53.555,-2.447956641,31.68059462,75.81005282
SYR,2013,47.471,-2.848791584,52.529,-6.968186985,33.17491042,75.81005282
SYR,2014,48.5,-4.707630947,51.5,-8.830483012,32.65425575,75.79916136
SYR,2015,47.832,-5.802638469,52.168,-3.126994421,33.99185965,75.78826989
SYR,2016,47.165,-2.666705552,52.835,8.04E-03,31.86869856,75.78351032
SYR,2017,46.5,-1.319202147,53.5,1.351555982,31.4019564,75.80477591
SYR,2018,45.838,0.393514319,54.162,3.057177383,31.37040945,75.79201656
SYR,2019,45.179,2.431429721,54.821,5.088914985,30.95362503,75.75741437
SYR,2020,44.525,1.842021396,55.475,4.486091992,..,75.76853455
SYR,2021,43.876,1.153244738,56.124,3.784692803,..,75.76853455
SYR,2022,43.231,2.205937955,56.769,4.829591849,..,..
TJK,1990,68.342,3.716636504,31.658,1.080864103,33.56379431,..
TJK,1991,68.91,3.350923568,31.09,0.712827645,..,..
TJK,1992,69.473,2.595711023,30.527,-4.55E-02,..,32.07344956
TJK,1993,70.028,1.878848785,29.972,-0.751657701,..,32.45927408
TJK,1994,70.579,2.279844413,29.421,-0.359392367,..,31.93769648
TJK,1995,71.123,2.682190037,28.877,4.80E-02,35.28282568,32.73792512
TJK,1996,71.662,2.753534098,28.338,0.114368262,..,32.75935982
TJK,1997,72.194,2.080408032,27.806,-0.554397424,..,32.59502715
TJK,1998,72.72,1.37344674,27.28,-1.262319719,..,32.48785367
TJK,1999,73.24,1.243192557,26.76,-1.393827663,..,32.63789654
TJK,2000,73.499,1.691979451,26.501,0.366344815,40.96379882,32.67362103
TJK,2001,73.497,2.139194279,26.503,2.149485274,..,32.67362103
TJK,2002,73.495,2.05047115,26.505,2.060718781,..,32.65933124
TJK,2003,73.493,1.976077097,26.507,1.986321679,..,32.8379537
TJK,2004,73.492,1.909258376,26.508,1.914414739,..,33.22377822
TJK,2005,73.49,1.860959481,26.51,1.87121216,32.78807708,33.38096599
TJK,2006,73.488,1.831548611,26.512,1.841810564,..,33.8310946
TJK,2007,73.486,1.836094931,26.514,1.846389433,..,33.78822521
TJK,2008,73.484,1.874767166,26.516,1.885024299,..,33.77393541
TJK,2009,73.482,1.943761502,26.518,1.954012491,..,34.00543012
TJK,2010,73.48,2.027546972,26.52,2.037844352,34.51170734,33.978994
TJK,2011,73.479,2.115214953,26.521,2.120342545,46.03697934,33.95827379
TJK,2012,73.455,2.147210009,26.545,2.270346716,41.23014791,33.93112318
TJK,2013,73.411,2.180017887,26.589,2.405515168,42.28231885,34.15690197
TJK,2014,73.345,2.215183185,26.655,2.553054807,39.63461873,34.67352615
TJK,2015,73.258,2.228126009,26.742,2.672683193,38.97318659,34.90020895
TJK,2016,73.149,2.184684215,26.851,2.740342038,38.13679678,35.12789106
TJK,2017,73.018,2.089376684,26.982,2.755314141,38.4793437,35.35629368
TJK,2018,72.866,2.036210258,27.134,2.806342959,38.14076689,35.38871677
TJK,2019,72.691,2.021966324,27.309,2.905309095,38.31858602,35.43627062
TJK,2020,72.494,1.91303973,27.506,2.903235657,..,35.42041934
TJK,2021,72.274,1.840494206,27.726,2.941060564,..,35.42762447
TJK,2022,72.032,1.722487786,27.968,2.926889907,..,..
TZA,1990,81.116,2.248792675,18.884,4.344969617,21.5705517,35.21109731
TZA,1991,80.792,2.179703014,19.208,4.281118707,..,35.63105667
TZA,1992,80.464,2.126084455,19.536,4.226101764,..,36.05101603
TZA,1993,80.133,2.757714202,19.867,4.850051069,..,36.47097539
TZA,1994,79.797,3.469951221,20.203,5.56722735,..,36.89093475
TZA,1995,79.457,2.770667593,20.543,4.866569667,21.39723044,37.31089411
TZA,1996,79.112,1.44709892,20.888,3.547701238,..,37.73085347
TZA,1997,78.763,1.608315691,21.237,3.707453391,..,38.04809212
TZA,1998,78.41,2.161180294,21.59,4.258901365,..,38.15759765
TZA,1999,78.053,2.185046712,21.947,4.281405765,..,38.27048995
TZA,2000,77.691,2.371940809,22.309,4.472783839,24.45378932,38.38338225
TZA,2001,77.326,2.250458289,22.674,4.344246379,..,38.49627455
TZA,2002,76.956,2.137445139,23.044,4.235741155,..,38.60916685
TZA,2003,76.389,1.921580642,23.611,5.091809754,..,38.68819147
TZA,2004,75.777,1.909200789,24.223,5.272588403,..,39.23808986
TZA,2005,75.155,1.948765597,24.845,5.308371285,24.91499035,39.86701287
TZA,2006,74.522,1.960669346,25.478,5.322382004,..,40.49593588
TZA,2007,73.879,1.939796717,26.121,5.298791167,..,41.11356965
TZA,2008,73.224,1.839084603,26.776,5.206263956,..,41.74125085
TZA,2009,72.561,1.594456945,27.439,4.949957439,..,41.9809212
TZA,2010,71.886,1.653644803,28.114,5.018489355,26.43302182,42.22059156
TZA,2011,71.202,1.896864004,28.798,5.256752346,28.24026641,42.46026191
TZA,2012,70.507,1.928179234,29.493,5.293763131,28.91642749,42.33189659
TZA,2013,69.804,2.022706669,30.196,5.380430078,27.84689732,42.93960262
TZA,2014,69.096,2.10049662,30.904,5.437558907,27.20432638,43.17927297
TZA,2015,68.383,2.307316221,31.617,5.625505692,28.36614872,43.41894333
TZA,2016,67.667,2.424310631,32.333,5.716223626,27.81900362,43.65861368
TZA,2017,66.947,2.301416522,33.053,5.573543618,25.3263334,43.89828404
TZA,2018,66.224,2.103404355,33.776,5.353053234,25.50347928,44.13795439
TZA,2019,65.5,1.922466327,34.5,5.142630881,24.74048013,44.37762475
TZA,2020,64.773,1.897723519,35.227,5.09920514,..,44.61639196
TZA,2021,64.046,1.87855991,35.954,5.050037871,..,44.61639196
TZA,2022,63.318,1.815381603,36.682,4.963154848,..,..
THA,1990,70.576,1.287645527,29.424,2.52840311,38.35866875,41.85441093
THA,1991,70.407,1.325845005,29.593,2.13831094,..,42.11474094
THA,1992,70.237,1.242999897,29.763,2.05756601,..,41.83679461
THA,1993,70.066,1.215645195,29.934,2.032290949,..,41.58429408
THA,1994,69.895,1.188705676,30.105,2.002698016,..,41.76632935
THA,1995,69.724,1.135719985,30.276,1.947075383,36.11607713,41.94836462
THA,1996,69.551,1.06601367,30.449,1.884227423,..,42.13039989
THA,1997,69.378,1.034815537,30.622,1.850418655,..,42.31243516
THA,1998,69.205,0.982452243,30.795,1.795486212,..,42.49251307
THA,1999,69.031,0.871460159,30.969,1.686640045,..,42.67454834
THA,2000,68.614,0.388373337,31.386,2.331801421,34.53332391,42.85658361
THA,2001,67.452,-0.787409589,32.548,4.556026722,..,43.03861888
THA,2002,66.266,-0.878204787,33.734,4.474752837,..,43.22065415
THA,2003,65.059,-0.978733264,34.941,4.37497522,..,43.40268942
THA,2004,63.831,-1.084250401,36.169,4.275459211,..,43.5847247
THA,2005,62.589,-1.186802469,37.411,4.154375389,35.32246182,43.76675997
THA,2006,61.327,-1.282940036,38.673,4.07168495,..,43.94879524
THA,2007,60.05,-1.342348549,39.95,4.010613874,..,44.12887314
THA,2008,58.758,-1.42739937,41.242,3.930471701,..,44.31090841
THA,2009,57.457,-1.520667125,42.543,3.824200624,..,44.49294369
THA,2010,56.144,-1.640299447,43.856,3.711024875,35.4185359,44.67497896
THA,2011,55.302,-0.865216361,44.698,2.547578443,29.91406001,44.68280843
THA,2012,54.555,-0.715625579,45.445,2.301748546,31.34154258,44.69063791
THA,2013,53.807,-0.772834693,46.193,2.240294567,33.7865692,44.69898687
THA,2014,53.057,-0.85566884,46.943,2.15858538,29.43028859,44.71021159
THA,2015,52.306,-0.950077568,47.694,2.062649241,28.04174447,44.71804107
THA,2016,51.552,-1.008234499,48.448,2.012315624,30.69239101,44.71021159
THA,2017,50.8,-1.05793898,49.2,1.951782283,26.93362982,44.71999843
THA,2018,50.051,-1.162067115,49.949,1.834209097,27.48165939,44.717447
THA,2019,49.308,-1.242922224,50.692,1.729252359,27.40271356,45.01947582
THA,2020,48.57,-1.272846107,51.43,1.680538744,..,45.55168373
THA,2021,47.837,-1.345319638,52.163,1.590521255,..,45.99816007
THA,2022,47.111,-1.395403859,52.889,1.51607961,..,..
TLS,1990,79.158,1.858687343,20.842,4.743542037,17.53520585,21.38533961
TLS,1991,78.785,1.428503542,21.215,3.675205421,..,22.19233356
TLS,1992,78.46,1.006684534,21.54,2.940141874,..,22.19233356
TLS,1993,78.133,1.035770695,21.867,2.960308613,..,22.52858104
TLS,1994,77.801,1.064176204,22.199,2.996374885,..,22.86482851
TLS,1995,77.466,1.057855554,22.534,2.987233322,17.19593342,22.86482851
TLS,1996,77.127,1.020737764,22.873,2.952661527,..,22.99932751
TLS,1997,76.785,0.997298542,23.215,2.926218975,..,23.066577
TLS,1998,76.439,0.969252838,23.561,2.900096279,..,22.93207801
TLS,1999,76.09,0.847793738,23.91,2.775896936,..,22.66308003
TLS,2000,75.737,0.877351577,24.263,2.807489093,17.29704116,22.66308003
TLS,2001,75.381,1.181875342,24.619,3.109978007,..,22.63618023
TLS,2002,75.021,1.367266,24.979,3.297791164,..,22.60928043
TLS,2003,74.657,1.374120969,25.343,3.307102396,..,22.44788164
TLS,2004,74.29,1.565026992,25.71,3.495638015,..,22.42098184
TLS,2005,73.959,1.989120777,26.041,3.714869095,16.77624805,22.39408204
TLS,2006,73.626,2.120491942,26.374,3.842135601,..,22.36718225
TLS,2007,73.291,2.006747261,26.709,3.724940385,..,22.34028245
TLS,2008,72.952,1.836069844,27.048,3.561033704,..,22.64963013
TLS,2009,72.611,1.662182714,27.389,3.383763133,..,22.75722932
TLS,2010,72.268,1.657127529,27.732,3.375088752,17.23567916,22.73032952
TLS,2011,71.921,1.743612591,28.079,3.468604738,16.40831114,22.77067922
TLS,2012,71.572,1.708573073,28.428,3.430262788,17.20652719,22.80430397
TLS,2013,71.221,1.58562908,28.779,3.304223489,16.13110733,22.83792872
TLS,2014,70.867,1.485637946,29.133,3.206639787,16.18184039,22.87155346
TLS,2015,70.51,1.250525211,29.49,2.973230166,15.77724688,22.90517821
TLS,2016,70.15,1.030988235,29.85,2.756419605,16.95211573,22.93880296
TLS,2017,69.788,0.996035823,30.212,2.718689499,15.69097484,22.97242771
TLS,2018,69.422,0.959960389,30.578,2.690019618,15.51584391,23.00605245
TLS,2019,69.053,0.929798498,30.947,2.662207282,15.65130893,22.95897781
TLS,2020,68.68,0.974224061,31.32,2.713832585,..,22.95897781
TLS,2021,68.305,1.050866835,31.695,2.788886914,..,22.95897781
TLS,2022,67.926,0.972788556,32.074,2.717630257,..,..
TGO,1990,71.411,2.363234361,28.589,4.394996193,49.19434346,58.09891524
TGO,1991,70.995,2.321240164,29.005,4.350185514,..,58.55855856
TGO,1992,70.575,2.272409042,29.425,4.303389254,..,58.92627321
TGO,1993,70.152,-1.281134265,29.848,0.74729082,..,59.38591653
TGO,1994,69.725,-0.262483509,30.275,1.768519392,..,59.75363118
TGO,1995,69.295,3.848183882,30.705,5.877184994,44.13915068,60.12134584
TGO,1996,68.861,3.184404999,31.139,5.21626001,..,60.48906049
TGO,1997,68.424,2.609061602,31.576,4.639313973,..,61.2244898
TGO,1998,67.984,2.267840969,32.016,4.296811109,..,61.59220445
TGO,1999,67.54,2.255361894,32.46,4.287868064,..,61.9599191
TGO,2000,67.093,2.173239911,32.907,4.204913713,50.96507963,62.51149108
TGO,2001,66.644,2.034990897,33.356,4.061668144,..,62.87920574
TGO,2002,66.191,1.928862616,33.809,3.959862213,..,63.24692039
TGO,2003,65.735,1.915009343,34.265,3.946063349,..,63.61463504
TGO,2004,65.276,1.924868292,34.724,3.956217978,..,63.9823497
TGO,2005,64.815,1.887516288,35.185,3.915122997,43.52693562,64.717779
TGO,2006,64.351,2.089327901,35.649,4.117954955,..,65.63706564
TGO,2007,63.884,2.179102468,36.116,4.208897717,..,66.09670895
TGO,2008,63.413,2.111773395,36.587,4.147478343,..,66.83213826
TGO,2009,62.942,2.045878073,37.058,4.070555192,..,67.19985291
TGO,2010,62.467,1.913798104,37.533,3.944936039,43.37426449,67.38371024
TGO,2011,61.968,1.852921597,38.032,3.975713476,43.41716078,67.38371024
TGO,2012,61.454,1.769913662,38.546,3.945288006,45.21821252,70.78507079
TGO,2013,60.939,1.718212389,39.061,3.886964983,40.29245507,70.2334988
TGO,2014,60.421,1.677334924,39.579,3.848413739,40.66206069,70.2334988
TGO,2015,59.9,1.638517327,40.1,3.812321151,51.06406404,70.2334988
TGO,2016,59.372,1.600780895,40.628,3.794268623,48.26087382,70.2334988
TGO,2017,58.838,1.564608349,41.162,3.773862644,46.51135326,70.2334988
TGO,2018,58.298,1.516973602,41.702,3.742365401,46.39462374,70.2334988
TGO,2019,57.752,1.470655039,42.248,3.71241467,46.21037553,70.2334988
TGO,2020,57.2,1.430808329,42.8,3.689331238,..,70.2334988
TGO,2021,56.642,1.387019242,43.358,3.662659531,..,70.2334988
TGO,2022,56.079,1.331978155,43.921,3.621040501,..,..
TON,1990,77.296,0.311050406,22.704,0.496434303,10.63552833,44.44444444
TON,1991,77.264,0.244746901,22.736,0.427370102,..,44.44444444
TON,1992,77.232,0.21023911,22.768,0.394582765,..,44.44444444
TON,1993,77.2,0.192874144,22.8,0.370992387,..,44.44444444
TON,1994,77.168,0.197700496,22.832,0.382796639,..,44.44444444
TON,1995,77.136,0.205091,22.864,0.385711633,10.76816606,45.83333333
TON,1996,77.103,0.174903362,22.897,0.362437898,..,45.83333333
TON,1997,77.073,0.422391204,22.927,0.591049091,..,43.05555556
TON,1998,77.045,0.642428009,22.955,0.798433279,..,43.05555556
TON,1999,77.016,0.589957145,22.984,0.757984915,..,43.05555556
TON,2000,76.988,0.571306796,23.012,0.726874043,10.90395976,41.66666667
TON,2001,76.959,0.551695935,23.041,0.717423739,..,41.66666667
TON,2002,76.931,0.537399433,23.069,0.695611253,..,41.66666667
TON,2003,76.902,0.544490886,23.098,0.707393096,..,41.66666667
TON,2004,76.873,0.560121188,23.127,0.723009202,..,41.66666667
TON,2005,76.845,0.531134291,23.155,0.685116831,10.91209119,41.66666667
TON,2006,76.816,0.48788078,23.184,0.65202562,..,43.05555556
TON,2007,76.773,0.364660218,23.227,0.607436872,..,43.05555556
TON,2008,76.719,0.204995618,23.281,0.507410882,..,43.05555556
TON,2009,76.665,0.12790919,23.335,0.428884157,..,44.44444444
TON,2010,76.611,0.152059831,23.389,0.454927158,10.89494195,44.44444444
TON,2011,76.557,0.142118809,23.443,0.440975627,10.6046872,44.44444444
TON,2012,76.565,-9.11E-02,23.435,-0.134867137,10.65130025,45.83333333
TON,2013,76.618,-0.316382795,23.382,-0.609163192,10.65422797,45.83333333
TON,2014,76.672,-0.362635546,23.328,-0.6651465,10.6865204,47.22222222
TON,2015,76.725,-0.404476755,23.275,-0.70198376,10.40546856,48.61111111
TON,2016,76.778,-0.32229918,23.222,-0.621359645,10.7168388,48.61111111
TON,2017,76.831,-0.208447757,23.169,-0.502339175,10.723832,48.61111111
TON,2018,76.869,-0.201459724,23.131,-0.418496487,10.60572192,48.61111111
TON,2019,76.893,-0.158486488,23.107,-0.292343691,10.58622123,48.61111111
TON,2020,76.901,0.298191893,23.099,0.255333307,..,48.61111111
TON,2021,76.896,0.716469482,23.104,0.741700288,..,48.61111111
TON,2022,76.875,0.762513623,23.125,0.882029903,..,..
TTO,1990,45.876,0.419101255,54.124,1.155905826,21.32660649,15.00974659
TTO,1991,45.692,0.361462736,54.308,1.102883551,..,15.78947368
TTO,1992,45.509,0.323074952,54.491,1.060735059,..,15.78947368
TTO,1993,45.326,0.254027789,54.674,0.992088822,..,15.78947368
TTO,1994,45.143,0.167121705,54.857,0.905891495,..,15.78947368
TTO,1995,44.96,8.66E-02,55.04,0.825822665,21.36466719,14.81481481
TTO,1996,44.776,1.80E-02,55.224,0.761997548,..,14.81481481
TTO,1997,44.594,-4.73E-02,55.406,0.689029206,..,13.84015595
TTO,1998,44.411,-7.79E-02,55.589,0.663097743,..,12.86549708
TTO,1999,44.229,-7.15E-02,55.771,0.665755878,..,13.06042885
TTO,2000,44.095,8.31E-02,55.905,0.626582982,21.56575577,13.06042885
TTO,2001,44.282,0.899700098,55.718,0.141554615,..,11.69590643
TTO,2002,44.47,0.974746111,55.53,0.213094184,..,11.69590643
TTO,2003,44.657,0.981550751,55.343,0.224522783,..,11.69590643
TTO,2004,44.845,0.981839718,55.155,0.221355854,..,10.72124756
TTO,2005,45.033,0.997274666,54.967,0.237478767,19.3594652,10.52631579
TTO,2006,45.221,0.987909031,54.779,0.228696523,..,10.52631579
TTO,2007,45.41,0.99208019,54.59,0.22962974,..,10.52631579
TTO,2008,45.598,0.985011386,54.402,0.226860082,..,10.52631579
TTO,2009,45.787,1.014066543,54.213,0.252415379,..,10.52631579
TTO,2010,45.975,1.057572687,54.025,0.300222369,20.12399348,10.52631579
TTO,2011,46.164,1.097315911,53.836,0.336741684,19.82404669,10.52631579
TTO,2012,46.329,1.083443751,53.671,0.419794635,20.21083792,10.52631579
TTO,2013,46.47,1.02509106,53.53,0.457984321,20.3861167,10.52631579
TTO,2014,46.587,0.938366807,53.413,0.468286774,20.63455256,10.52631579
TTO,2015,46.681,0.855436453,53.319,0.477664656,22.36411414,10.52631579
TTO,2016,46.75,0.772653761,53.25,0.495334043,21.74480107,10.52631579
TTO,2017,46.795,0.725547958,53.205,0.544895878,21.3879586,10.52631579
TTO,2018,46.816,1.79485883,53.184,1.710358986,21.87542393,10.52631579
TTO,2019,46.813,1.001716025,53.187,1.013757826,21.97072547,10.52631579
TTO,2020,46.786,-0.17681605,53.214,-6.82E-02,..,10.52631579
TTO,2021,46.735,0.384880953,53.265,0.589568826,..,10.52631579
TTO,2022,46.66,0.191396468,53.34,0.49284978,..,..
TUN,1990,42.054,0.280245037,57.946,3.616149752,29.642879,59.15937178
TUN,1991,41.244,0.198205018,58.756,3.531274503,..,59.28166838
TUN,1992,40.438,8.89E-02,59.562,3.424875008,..,60.21498455
TUN,1993,39.638,-3.37E-02,60.362,3.298663234,..,60.64624099
TUN,1994,38.922,9.02E-03,61.078,3.01110182,..,59.7515448
TUN,1995,38.526,0.614988844,61.474,2.283850305,29.1247249,60.16992791
TUN,1996,38.13,0.424245552,61.87,2.099549963,..,60.01544799
TUN,1997,37.738,0.308461607,62.262,1.973463733,..,60.16349125
TUN,1998,37.347,0.197919994,62.653,1.865445404,..,60.63336766
TUN,1999,36.957,8.99E-02,63.043,1.760213965,..,61.31565396
TUN,2000,36.568,1.14E-02,63.432,1.684679974,34.07548389,61.47657055
TUN,2001,36.182,-3.74E-02,63.818,1.630480867,..,61.14186406
TUN,2002,35.798,-7.70E-02,64.202,1.589849903,..,62.84114315
TUN,2003,35.415,-9.74E-02,64.585,1.573049666,..,62.97631308
TUN,2004,35.05,-7.51E-02,64.95,1.524486311,..,63.27239959
TUN,2005,34.763,0.107359689,65.237,1.37047263,31.66796588,63.23377961
TUN,2006,34.476,8.33E-02,65.524,1.351347456,..,63.11791967
TUN,2007,34.191,8.94E-02,65.809,1.353466729,..,63.11148301
TUN,2008,33.907,0.106452074,66.093,1.371197127,..,63.60066941
TUN,2009,33.624,0.132071726,66.376,1.397446416,..,63.0084964
TUN,2010,33.343,0.180715563,66.657,1.442401645,34.11834281,64.61122554
TUN,2011,33.062,0.407482932,66.938,1.674507471,31.08552131,64.83007209
TUN,2012,32.782,0.427097148,67.218,1.695015344,30.38558265,63.86457261
TUN,2013,32.505,0.271824972,67.495,1.531639386,29.75488893,63.99974253
TUN,2014,32.228,0.27632806,67.772,1.541719163,32.50654257,62.82826982
TUN,2015,31.944,0.235813031,68.056,1.53909907,31.03674122,63.29814624
TUN,2016,31.654,0.188445513,68.346,1.525648853,32.78407402,62.45236869
TUN,2017,31.358,0.131058307,68.642,1.502734486,29.84147507,62.71176622
TUN,2018,31.055,5.33E-02,68.945,1.464674213,30.61001314,62.4388517
TUN,2019,30.746,-3.03E-02,69.254,1.416846562,30.42981942,62.4388517
TUN,2020,30.432,-9.79E-02,69.568,1.380955424,..,62.4388517
TUN,2021,30.112,-0.228249275,69.888,1.28779928,..,62.4388517
TUN,2022,29.786,-0.331615162,70.214,1.222277564,..,..
TUR,1990,40.797,-1.2528766,59.203,4.12063306,26.00047701,51.55334381
TUR,1991,40.024,-9.42E-02,59.976,3.115921597,..,52.06008082
TUR,1992,39.482,0.394060439,60.518,2.657139338,..,51.84829074
TUR,1993,38.945,0.380575678,61.055,2.633449479,..,51.85998467
TUR,1994,38.41,0.371431149,61.59,2.627127033,..,52.16662552
TUR,1995,37.877,0.295028502,62.123,2.554085519,26.07060417,51.31426789
TUR,1996,37.347,0.243569303,62.653,2.50224344,..,51.14665489
TUR,1997,36.821,0.199823136,63.179,2.45428697,..,50.98813716
TUR,1998,36.297,0.128853925,63.703,2.388145359,..,51.86778062
TUR,1999,35.777,6.13E-02,64.223,2.317313588,..,52.36542235
TUR,2000,35.259,-5.35E-04,64.741,2.26122886,26.78376487,52.59540299
TUR,2001,34.66,-0.229562895,65.34,2.404867541,..,53.23077323
TUR,2002,34.026,-0.447301885,65.974,2.364464814,..,53.52701948
TUR,2003,33.398,-0.540138588,66.602,2.270137601,..,52.80979172
TUR,2004,32.775,-0.519843318,67.225,2.294218097,..,53.54521004
TUR,2005,32.16,-0.546679536,67.84,2.258258008,25.96758518,53.56210127
TUR,2006,31.55,-0.618392894,68.45,2.191743452,..,52.61359354
TUR,2007,30.947,-0.691022161,69.053,2.115809926,..,51.3298598
TUR,2008,30.349,-0.749657253,69.651,2.063867149,..,50.83221808
TUR,2009,29.759,-0.702382917,70.241,2.104324529,..,50.55806037
TUR,2010,29.175,-0.648269637,70.825,2.161659189,28.91206034,50.68929226
TUR,2011,28.598,-0.669549632,71.402,2.139372196,27.60700271,49.69530814
TUR,2012,28.026,-0.543538919,71.974,2.274782686,27.12238118,49.90320024
TUR,2013,27.469,-0.296976748,72.531,2.481386999,27.81978844,49.92398945
TUR,2014,26.923,-2.18E-02,73.077,2.735902707,27.78269564,50.09420111
TUR,2015,26.389,-5.84E-02,73.611,2.673020409,28.61166279,50.09030313
TUR,2016,25.866,-0.292340956,74.134,2.417431225,27.7790227,49.80055351
TUR,2017,25.356,-0.678843986,74.644,1.998140487,26.28925045,49.32759898
TUR,2018,24.857,-1.114962163,75.143,1.538914517,26.54401982,49.11710822
TUR,2019,24.37,-1.169973712,75.63,1.454690841,26.03180162,49.00536621
TUR,2020,23.895,-1.188310838,76.105,1.406140636,..,49.06513519
TUR,2021,23.431,-1.20316046,76.569,1.365605036,..,49.49001468
TUR,2022,22.978,-1.287035224,77.022,1.255117297,..,..
TKM,1990,54.925,2.851318646,45.075,2.508060256,24.69631748,..
TKM,1991,55.01,2.846449463,44.99,2.503122885,..,..
TKM,1992,55.096,2.856041577,44.904,2.50848971,..,75.22396953
TKM,1993,55.181,2.80141191,44.819,2.457782738,..,75.43676718
TKM,1994,55.266,2.636408364,44.734,2.292651514,..,75.43676718
TKM,1995,55.206,2.130448158,44.794,2.373134128,27.11934085,75.543166
TKM,1996,54.982,1.340029451,45.018,2.245377056,..,75.543166
TKM,1997,54.759,1.038052537,45.241,1.93861742,..,75.543166
TKM,1998,54.535,1.132916466,45.465,2.036692496,..,75.543166
TKM,1999,54.311,1.145917891,45.689,2.049006089,..,75.62828506
TKM,2000,54.087,1.087301774,45.913,1.989703424,28.73172483,75.543166
TKM,2001,53.863,1.018345094,46.137,1.919980495,..,75.543166
TKM,2002,53.638,0.950010862,46.362,1.855171621,..,75.22396953
TKM,2003,53.413,0.848859878,46.587,1.753341276,..,74.88349329
TKM,2004,53.188,0.847449254,46.812,1.751364984,..,74.58557658
TKM,2005,52.948,0.907457216,47.052,1.871101872,21.93514106,74.22382057
TKM,2006,52.692,0.902667647,47.308,1.929922364,..,73.8407848
TKM,2007,52.419,0.900856832,47.581,1.99573763,..,73.52158832
TKM,2008,52.132,0.936226673,47.868,2.086618842,..,73.09599302
TKM,2009,51.828,0.98845089,48.172,2.206373826,..,72.78743643
TKM,2010,51.509,1.04815761,48.491,2.325528708,26.09846929,72.35120124
TKM,2011,51.175,1.09646291,48.825,2.433458497,32.27881291,72.00646905
TKM,2012,50.825,1.12292921,49.175,2.523502253,30.77259876,72.00646905
TKM,2013,50.459,1.118051741,49.541,2.582314594,30.55977858,72.00646905
TKM,2014,50.079,1.080622496,49.921,2.600641869,30.61966084,72.00646905
TKM,2015,49.683,1.013377237,50.317,2.597396269,28.62109508,72.00646905
TKM,2016,49.272,0.924910003,50.728,2.569130427,27.51227497,72.00646905
TKM,2017,48.847,0.82036881,51.153,2.520958091,27.12775327,72.00646905
TKM,2018,48.407,0.702070051,51.593,2.46343956,26.54690284,72.00646905
TKM,2019,47.952,0.583122527,52.048,2.405489494,26.19766251,72.00646905
TKM,2020,47.484,0.5023449,52.516,2.378293715,..,72.00646905
TKM,2021,47.002,0.431721112,52.998,2.365597605,..,72.00646905
TKM,2022,46.506,0.331408211,53.494,2.323835385,..,..
TCA,1990,25.657,-1.945009395,74.343,6.416332827,..,1.052631579
TCA,1991,24.463,0.398671624,75.537,6.751370032,..,1.052631579
TCA,1992,23.306,0.562077856,76.694,6.927201216,..,1.052631579
TCA,1993,22.19,0.263417999,77.81,6.609651933,..,1.052631579
TCA,1994,21.112,0,78.888,6.340663255,..,1.052631579
TCA,1995,20.072,-0.329381062,79.928,6.053659752,..,1.052631579
TCA,1996,19.07,-0.562449787,80.93,5.809694042,..,1.052631579
TCA,1997,18.11,-0.766032056,81.89,5.564590931,..,1.052631579
TCA,1998,17.186,-0.940551106,82.814,5.411392078,..,1.052631579
TCA,1999,16.3,-1.085860686,83.7,5.299750125,..,1.052631579
TCA,2000,15.45,-1.201318721,84.55,5.146600252,..,1.052631579
TCA,2001,14.638,-1.041314512,85.362,5.308371486,..,1.052631579
TCA,2002,13.993,0.556716817,86.007,5.834116181,..,1.052631579
TCA,2003,13.392,1.001216719,86.608,6.087693748,..,1.052631579
TCA,2004,12.812,0.650575827,87.188,5.733248929,..,1.052631579
TCA,2005,12.255,0.374723654,87.745,5.4412953,..,1.052631579
TCA,2006,11.719,0.135915753,88.281,5.223566393,..,1.052631579
TCA,2007,11.203,-6.79E-02,88.797,5.019951697,..,1.052631579
TCA,2008,10.706,-0.23813585,89.294,4.857577892,..,1.052631579
TCA,2009,10.23,-0.409556886,89.77,4.671491322,..,1.052631579
TCA,2010,9.772,-0.651915158,90.228,4.43687239,..,1.052631579
TCA,2011,9.332,-1.003295045,90.668,4.087419106,..,1.052631579
TCA,2012,8.91,-0.627836035,91.09,4.489671663,..,1.052631579
TCA,2013,8.517,0.104913456,91.483,5.038092539,..,1.052631579
TCA,2014,8.149,-0.350140414,91.851,4.457766377,..,1.052631579
TCA,2015,7.805,3.51E-02,92.195,4.716766116,..,1.052631579
TCA,2016,7.483,0.350017858,92.517,4.917741979,..,1.052631579
TCA,2017,7.183,0,92.817,4.417156722,..,1.052631579
TCA,2018,6.902,3.49E-02,93.098,4.344253713,..,1.052631579
TCA,2019,6.64,-6.99E-02,93.36,4.046567587,..,1.052631579
TCA,2020,6.395,-1.054120794,93.605,3.002772626,..,1.052631579
TCA,2021,6.166,-1.745991263,93.834,2.117605419,..,1.052631579
TCA,2022,5.953,-2.21706337,94.047,1.523812217,..,..
TUV,1990,59.339,-0.366367876,40.661,5.082813549,5.511993635,66.66666667
TUV,1991,58.009,-0.422989136,41.991,5.091819056,..,66.66666667
TUV,1992,57.249,-0.129091765,42.751,2.98454754,..,66.66666667
TUV,1993,56.844,-0.166220373,43.156,1.471696908,..,66.66666667
TUV,1994,56.437,-0.277649415,43.563,1.378331578,..,66.66666667
TUV,1995,56.03,-0.464469019,43.97,1.21734407,5.664991399,66.66666667
TUV,1996,55.621,-0.44792908,44.379,1.179258949,..,66.66666667
TUV,1997,55.213,-0.543938319,44.787,1.119153672,..,66.66666667
TUV,1998,54.803,-0.69831368,45.197,0.946124515,..,66.66666667
TUV,1999,54.393,-0.703224413,45.607,0.982752739,..,66.66666667
TUV,2000,53.982,-0.765847128,46.018,0.860512556,5.753374294,66.66666667
TUV,2001,53.571,-0.946227008,46.429,0.718942661,..,56.66666667
TUV,2002,53.159,-0.896517406,46.841,0.758255194,..,56.66666667
TUV,2003,52.344,-0.924384594,47.656,2.327729164,..,56.66666667
TUV,2004,51.322,-0.713863829,48.678,3.393049272,..,56.66666667
TUV,2005,50.301,-0.779146884,49.699,3.301992102,5.857286137,56.66666667
TUV,2006,49.279,-0.866155078,50.721,3.216096614,..,56.66666667
TUV,2007,48.257,-0.914547579,51.743,3.173026882,..,60
TUV,2008,47.235,-0.943596745,52.765,3.16772808,..,60
TUV,2009,46.218,-0.869390696,53.782,3.231357564,..,60
TUV,2010,45.204,-0.85604448,54.796,3.216728701,5.605062226,60
TUV,2011,44.193,-0.842287565,55.807,3.233773946,5.379974113,60
TUV,2012,43.185,-0.892104472,56.815,3.229807844,5.365913304,60
TUV,2013,42.186,-1.743291754,57.814,2.324008753,5.35187548,60
TUV,2014,41.214,-2.506176452,58.786,1.493855911,5.553116321,60
TUV,2015,40.27,-2.524931249,59.73,1.394938924,5.62828047,60
TUV,2016,39.355,-2.520073253,60.645,1.284617758,6.095297225,60
TUV,2017,38.47,-2.489164902,61.53,1.22330303,6.001982186,60
TUV,2018,37.613,-1.914513826,62.387,1.726233341,6.03834377,60
TUV,2019,36.785,-1.404482862,63.215,2.16003728,6.02840838,60
TUV,2020,35.986,-1.173107176,64.014,2.283856046,..,60
TUV,2021,35.215,-0.95863499,64.785,2.412107186,..,60
TUV,2022,34.473,-1.147240116,65.527,2.085823012,..,..
UGA,1990,88.924,2.763674369,11.076,7.006126138,35.1484599,59.86687353
UGA,1991,88.546,2.84795535,11.454,6.629768767,..,60.21720635
UGA,1992,88.21,3.028117255,11.79,6.29960715,..,60.31730144
UGA,1993,87.867,3.065559748,12.133,6.322896442,..,60.46744407
UGA,1994,87.515,2.943670774,12.485,6.204962961,..,60.56753916
UGA,1995,87.154,2.310980967,12.846,5.574803919,36.88496227,60.66763425
UGA,1996,86.784,2.287517406,13.216,5.552493498,..,60.91787198
UGA,1997,86.406,2.47309287,13.594,5.729674207,..,60.91787198
UGA,1998,86.018,2.525421415,13.982,5.789672098,..,61.26820479
UGA,1999,85.621,2.77486601,14.379,6.037282915,..,61.36829988
UGA,2000,85.214,2.658873249,14.786,5.92654402,39.92874967,62.61948851
UGA,2001,84.799,2.556589391,15.201,5.812838621,..,63.11996397
UGA,2002,84.374,2.605693243,15.626,5.865644451,..,64.12091487
UGA,2003,83.939,2.603393221,16.061,5.866055225,..,65.62234122
UGA,2004,83.493,2.425725557,16.507,5.697538338,..,66.3730544
UGA,2005,83.04,2.362195038,16.96,5.61353644,36.4345178,66.3730544
UGA,2006,82.575,2.353474935,17.425,5.619865346,..,67.37775887
UGA,2007,82.101,2.357862781,17.899,5.617433173,..,68.38246334
UGA,2008,81.616,2.334437041,18.384,5.600502731,..,69.63740554
UGA,2009,81.122,2.308541731,18.878,5.567315111,..,70.64211
UGA,2010,80.617,2.290712038,19.383,5.555081373,38.79164944,71.14003591
UGA,2011,80.102,2.266238569,19.898,5.529397674,41.56924447,71.63873928
UGA,2012,79.576,2.234878956,20.424,5.502855924,42.79371506,71.88809096
UGA,2013,79.042,2.203429696,20.958,5.457722814,42.01385372,71.88809096
UGA,2014,78.496,2.275819135,21.504,5.54083187,40.76668868,71.88809096
UGA,2015,77.94,2.380470213,22.06,5.644021762,43.15615417,71.88809096
UGA,2016,77.376,2.60873172,22.624,5.859517223,41.73858584,71.88809096
UGA,2017,76.804,2.754473447,23.196,5.993330291,38.52500218,71.88809096
UGA,2018,76.226,2.645868132,23.774,5.862543635,37.19901219,71.88809096
UGA,2019,75.639,2.622032841,24.361,5.834181652,35.21822646,71.88809096
UGA,2020,75.046,2.545730033,24.954,5.737879423,..,71.88809096
UGA,2021,74.447,2.410049098,25.553,5.583485134,..,71.88809096
UGA,2022,73.841,2.181294792,26.159,5.342484502,..,..
UKR,1990,33.243,0.11117896,66.757,0.286868142,22.83611795,..
UKR,1991,33.204,9.26E-02,66.796,0.26842962,..,..
UKR,1992,33.165,0.170326197,66.835,0.346221861,..,72.37248641
UKR,1993,33.126,-6.25E-02,66.874,0.113544231,..,72.30516959
UKR,1994,33.088,-0.610070735,66.912,-0.438483892,..,72.25511349
UKR,1995,33.049,-0.90801121,66.951,-0.731801809,21.38191513,72.24130491
UKR,1996,33.01,-1.005272992,66.99,-0.82896645,..,72.21886597
UKR,1997,32.971,-1.029561876,67.029,-0.853147241,..,72.24303098
UKR,1998,32.933,-1.008924369,67.067,-0.836923737,..,71.82359541
UKR,1999,32.894,-1.061206615,67.106,-0.884585969,..,71.55087598
UKR,2000,32.855,-1.125215181,67.145,-0.948477352,19.38182436,71.46975058
UKR,2001,32.817,-1.166645903,67.183,-0.994343799,..,71.43350306
UKR,2002,32.717,-1.254826572,67.283,-0.800901904,..,71.4537232
UKR,2003,32.573,-1.252484349,67.427,-0.597584262,..,71.38295302
UKR,2004,32.403,-1.281845561,67.597,-0.506762267,..,71.38122691
UKR,2005,32.21,-1.330200521,67.79,-0.447694616,18.99706651,71.28999965
UKR,2006,32.031,-1.233338617,67.969,-0.412356449,..,71.2579398
UKR,2007,31.853,-1.154133308,68.147,-0.335328946,..,71.23055944
UKR,2008,31.675,-1.101884552,68.325,-0.280635586,..,71.2766692
UKR,2009,31.498,-1.004207641,68.502,-0.185120842,..,71.24905061
UKR,2010,31.404,-0.696136196,68.596,-0.260137167,18.77805621,71.23351516
UKR,2011,31.311,-0.656180639,68.689,-0.224115233,18.1284545,71.25768142
UKR,2012,31.218,-0.544438087,68.782,-0.11167546,17.5138754,71.28530001
UKR,2013,31.125,-0.526044075,68.875,-9.26E-02,17.66327367,71.68059104
UKR,2014,31.032,-0.778505883,68.968,-0.344325218,17.26757325,71.65840943
UKR,2015,30.939,-0.561390717,69.061,-0.126495181,16.65075046,71.65323068
UKR,2016,30.846,-0.632379672,69.154,-0.19676007,14.9203705,71.66531444
UKR,2017,30.754,-0.685045579,69.246,-0.253397877,14.51117826,71.61919558
UKR,2018,30.648,-0.811692035,69.352,-0.313465038,14.6057706,71.33068692
UKR,2019,30.527,-0.926580194,69.473,-0.356674336,14.53144476,71.2996203
UKR,2020,30.392,-1.017455748,69.608,-0.380110466,..,71.2996203
UKR,2021,30.243,-1.263022576,69.757,-0.557731246,..,71.2996203
UKR,2022,30.081,-14.72555156,69.919,-13.95648659,..,..
ARE,1990,20.949,6.563794632,79.051,5.685723145,43.67823825,4.012954097
ARE,1991,21.094,6.229263754,78.906,5.356106075,..,4.364967615
ARE,1992,21.24,5.920401071,78.76,5.045482177,..,4.773303295
ARE,1993,21.386,5.62010624,78.614,4.749269727,..,4.998591946
ARE,1994,21.533,5.331355853,78.467,4.459240058,..,5.237961138
ARE,1995,21.681,5.093102192,78.319,4.21939555,43.53369703,5.392847085
ARE,1996,21.507,4.738030614,78.493,5.765777985,..,5.449169248
ARE,1997,21.062,4.431204229,78.938,7.087214249,..,5.561813574
ARE,1998,20.622,4.066845258,79.378,6.734077996,..,5.604055196
ARE,1999,20.19,3.747487075,79.81,6.407250659,..,7.265558997
ARE,2000,19.764,3.447877737,80.236,6.112729361,43.64834394,7.702055759
ARE,2001,19.345,3.174295361,80.655,5.837919485,..,7.913263869
ARE,2002,18.933,2.912071867,81.067,5.574400907,..,7.969586032
ARE,2003,18.528,2.667035094,81.472,5.327679966,..,7.800619544
ARE,2004,18.129,2.43240442,81.871,5.098092344,..,7.800619544
ARE,2005,17.738,4.775483209,82.262,7.432144505,43.18399077,7.842861166
ARE,2006,17.352,11.28340696,82.648,13.95183249,..,7.583779217
ARE,2007,16.977,15.94317614,83.023,18.58068463,..,7.499295973
ARE,2008,16.613,15.23170663,83.387,17.83655678,..,7.597859758
ARE,2009,16.258,11.26289385,83.742,13.8477396,..,5.461841735
ARE,2010,15.913,3.794882848,84.087,6.35090086,43.5280748,5.523796114
ARE,2011,15.577,-1.038489089,84.423,1.494345176,45.90353609,5.470290059
ARE,2012,15.251,-1.07375035,84.749,1.426761783,47.64094019,5.304139679
ARE,2013,14.934,-1.1027715,85.066,1.370981706,44.3465132,5.342157139
ARE,2014,14.625,-1.134412393,85.375,1.318986901,41.09563287,5.385806815
ARE,2015,14.326,-1.153691465,85.674,1.261559374,45.90634891,5.390030977
ARE,2016,14.035,-1.188305882,85.965,1.202951236,43.22089056,5.404111518
ARE,2017,13.752,-1.217269875,86.248,1.148410804,43.82369016,5.404111518
ARE,2018,13.478,-1.223096961,86.522,1.106633947,43.81418539,5.375246409
ARE,2019,13.211,-1.221806201,86.789,1.087204403,43.66702552,5.497043086
ARE,2020,12.952,-1.162237724,87.048,1.115670753,..,5.488594762
ARE,2021,12.701,-1.122168711,87.299,1.122749405,..,5.513397634
ARE,2022,12.457,-1.131758297,87.543,1.087188975,..,..
GBR,1990,21.86,0.527915755,78.14,0.234964714,17.40916781,75.24077212
GBR,1991,21.888,0.437252573,78.112,0.273408736,..,74.9927665
GBR,1992,21.828,-4.07E-03,78.172,0.347213793,..,74.69102633
GBR,1993,21.768,-3.55E-02,78.232,0.316469262,..,72.47550944
GBR,1994,21.707,-2.60E-02,78.293,0.332530132,..,71.95883107
GBR,1995,21.647,-1.22E-02,78.353,0.341153614,16.37593902,71.83482826
GBR,1996,21.587,-2.29E-02,78.413,0.331173754,..,72.31017236
GBR,1997,21.528,-1.61E-02,78.472,0.332766255,..,72.68631422
GBR,1998,21.468,1.23E-02,78.532,0.367838511,..,72.40937461
GBR,1999,21.409,5.82E-02,78.591,0.408505665,..,71.17347993
GBR,2000,21.349,7.67E-02,78.651,0.433615661,14.85608116,70.11945604
GBR,2001,21.249,-8.45E-02,78.751,0.512040255,..,70.07398834
GBR,2002,20.953,-0.979464267,79.047,0.798501015,..,70.16905717
GBR,2003,20.661,-0.937751106,79.339,0.834359753,..,70.08638862
GBR,2004,20.371,-0.844613311,79.629,0.933797334,..,70.47906419
GBR,2005,20.085,-0.727294808,79.915,1.045133677,13.33739937,70.08638862
GBR,2006,19.801,-0.689030674,80.199,1.089795475,..,73.73207126
GBR,2007,19.521,-0.645498562,80.479,1.127189955,..,72.9425867
GBR,2008,19.243,-0.647312856,80.757,1.131869196,..,73.0955235
GBR,2009,18.969,-0.677734878,81.031,1.095105268,..,71.6116232
GBR,2010,18.698,-0.655063794,81.302,1.117771085,12.42896791,71.19414707
GBR,2011,18.43,-0.662170794,81.57,1.110599171,12.99522944,70.94614145
GBR,2012,18.163,-0.763971414,81.837,1.02214552,11.43181815,71.02054313
GBR,2013,17.898,-0.800019956,82.102,0.993032273,11.42279633,71.30244286
GBR,2014,17.635,-0.743876716,82.365,1.05628515,10.88658588,71.22721448
GBR,2015,17.374,-0.698702084,82.626,1.108747983,10.37250919,70.83867234
GBR,2016,17.114,-0.749926104,82.886,1.072051621,10.21445169,71.71488364
GBR,2017,16.857,-0.833708172,83.143,0.988958892,10.35539774,72.19506675
GBR,2018,16.602,-0.918358004,83.398,0.912161082,10.17141578,71.71852023
GBR,2019,16.348,-0.977624104,83.652,0.868230887,10.09284402,72.4229988
GBR,2020,16.097,-1.181510977,83.903,0.665362493,..,71.34004919
GBR,2021,15.848,-1.640884319,84.152,0.214406092,..,71.15752904
GBR,2022,15.602,-1.64634052,84.398,0.209975587,..,..
USA,1990,24.7,0.279027731,75.3,1.410256285,13.41568004,46.61533624
USA,1991,24.299,-0.300544208,75.701,1.867384399,..,46.61533624
USA,1992,23.903,-0.256237,76.097,1.908632997,..,46.44948771
USA,1993,23.512,-0.330624269,76.488,1.831182276,..,46.17860543
USA,1994,23.125,-0.433368846,76.875,1.73098223,..,45.98109392
USA,1995,22.743,-0.474899093,77.257,1.686466663,12.89770264,45.87191122
USA,1996,22.364,-0.517077663,77.636,1.652782978,..,45.45341392
USA,1997,21.992,-0.473417401,78.008,1.681975267,..,45.29826531
USA,1998,21.623,-0.526404231,78.377,1.637627657,..,45.26583804
USA,1999,21.258,-0.554086374,78.742,1.612956772,..,45.18930097
USA,2000,20.943,-0.380113564,79.057,1.512011391,11.94563014,45.23058486
USA,2001,20.766,0.140997827,79.234,1.213380422,..,45.2900702
USA,2002,20.591,8.15E-02,79.409,1.148418847,..,45.08487304
USA,2003,20.417,1.09E-02,79.583,1.078360384,..,45.08032159
USA,2004,20.243,6.96E-02,79.757,1.143885301,..,45.07580289
USA,2005,20.072,7.34E-02,79.928,1.135884591,10.91341302,45.0712951
USA,2006,19.901,0.10867028,80.099,1.17796816,..,45.06684188
USA,2007,19.731,9.32E-02,80.269,1.163067761,..,45.06234501
USA,2008,19.562,8.57E-02,80.438,1.156185671,..,44.92002116
USA,2009,19.394,1.41E-02,80.606,1.085290294,..,44.7062669
USA,2010,19.228,-3.00E-02,80.772,1.035344801,9.221851825,44.49251264
USA,2011,19.056,-0.171767178,80.944,0.939505411,9.26299254,44.27875838
USA,2012,18.881,-0.188989155,81.119,0.949565508,8.869988146,44.06499907
USA,2013,18.701,-0.26505129,81.299,0.914510414,8.64162897,44.12468215
USA,2014,18.517,-0.25541516,81.483,0.959430782,8.433002378,44.18436018
USA,2015,18.329,-0.284256234,81.671,0.966674782,8.163752791,44.24402728
USA,2016,18.138,-0.322855438,81.862,0.958268061,7.378939412,44.30370531
USA,2017,17.942,-0.45384168,82.058,0.87178526,7.74468451,44.36336735
USA,2018,17.744,-0.583254557,82.256,0.76743743,7.775115257,44.36336735
USA,2019,17.541,-0.695262033,82.459,0.701867775,7.663692516,44.36336735
USA,2020,17.336,-0.211224879,82.664,1.212647657,..,44.36336735
USA,2021,17.127,-1.056163736,82.873,0.409258906,..,44.36336735
USA,2022,16.916,-0.862059879,83.084,0.631847364,..,..
URY,1990,11.027,-2.42132976,88.973,0.99825962,10.61403532,85.2302594
URY,1991,10.696,-2.460242513,89.304,0.958683089,..,85.25311393
URY,1992,10.373,-2.482553829,89.627,0.944838987,..,85.27596846
URY,1993,10.06,-2.49434564,89.94,0.918224023,..,85.30453662
URY,1994,9.755,-2.50672777,90.245,0.910668283,..,85.32739116
URY,1995,9.458,-2.518111639,90.542,0.902312202,10.47938365,85.35024569
URY,1996,9.165,-2.577075066,90.835,0.892878527,..,85.36738658
URY,1997,8.853,-2.893820701,91.147,0.912636382,..,85.39024112
URY,1998,8.55,-2.941341763,91.45,0.873218355,..,85.41880928
URY,1999,8.257,-2.989109265,91.743,0.817602452,..,85.44166381
URY,2000,7.972,-3.109027604,92.028,0.713783964,10.1405298,85.46451834
URY,2001,7.697,-3.246182163,92.303,0.562747242,..,85.48737287
URY,2002,7.431,-3.35022078,92.569,0.454286872,..,85.2645412
URY,2003,7.172,-3.43392395,92.828,0.393085536,..,85.28739573
URY,2004,6.922,-3.43958035,93.078,0.377638777,..,84.72745972
URY,2005,6.681,-3.427128055,93.319,0.375119849,9.082839158,84.74460062
URY,2006,6.447,-3.425896192,93.553,0.389484489,..,83.96183293
URY,2007,6.221,-3.377308755,93.779,0.432832591,..,83.13335619
URY,2008,6.002,-3.359436385,93.998,0.457566063,..,83.84184665
URY,2009,5.791,-3.338263845,94.209,0.464623764,..,84.64175523
URY,2010,5.586,-3.350456061,94.414,0.471068347,9.418435717,82.46486116
URY,2011,5.388,-3.341208293,94.612,0.477160589,9.677654528,82.996229
URY,2012,5.261,-2.103402698,94.739,0.416235193,9.304554903,81.34498914
URY,2013,5.157,-1.699110027,94.843,0.407306701,10.32843869,81.97177465
URY,2014,5.055,-1.68764271,94.945,0.416989737,9.886206715,82.7054051
URY,2015,4.955,-1.66974905,95.045,0.433656929,9.935544433,82.66255285
URY,2016,4.856,-1.697500552,95.144,0.425349928,9.895116598,81.50668495
URY,2017,4.76,-1.749525104,95.24,0.347579383,9.535755186,81.26442692
URY,2018,4.666,-1.853195664,95.334,0.240039132,9.579838998,81.08101931
URY,2019,4.574,-1.951937598,95.426,0.136356775,9.533862914,80.71820363
URY,2020,4.485,-1.944621982,95.515,0.112939219,..,80.3531025
URY,2021,4.397,-2.06413677,95.603,9.65E-03,..,80.38855559
URY,2022,4.312,-2.053424439,95.688,-1.23E-02,..,..
UZB,1990,58.635,1.209846535,41.365,3.142682962,36.05044768,..
UZB,1991,58.164,1.325637246,41.836,3.264360838,..,..
UZB,1992,57.692,1.529584262,42.308,3.466287448,..,65.1716032
UZB,1993,57.22,1.450953066,42.78,3.381912814,..,64.99059709
UZB,1994,56.745,1.12951558,43.255,3.067308845,..,64.97414198
UZB,1995,56.269,0.964499389,43.731,2.901317924,38.34889454,64.98119417
UZB,1996,55.792,1.061356079,44.208,2.997543053,..,64.97414198
UZB,1997,55.315,1.026601382,44.685,2.958449946,..,64.9670898
UZB,1998,54.836,0.739767256,45.164,2.675736585,..,64.25481899
UZB,1999,54.356,0.198716551,45.644,2.135094743,..,64.24776681
UZB,2000,53.874,0.493045044,46.126,2.434208789,37.00236184,62.68393105
UZB,2001,53.394,0.371008353,46.606,2.301218479,..,62.6848141
UZB,2002,52.912,0.317010347,47.088,2.252720412,..,62.04477519
UZB,2003,52.429,0.24664736,47.571,2.184188794,..,61.63436015
UZB,2004,51.946,0.228253388,48.054,2.163974107,..,61.22247639
UZB,2005,51.463,0.229189072,48.537,2.16345137,31.30170584,60.80775681
UZB,2006,50.979,0.27528619,49.021,2.212452854,..,60.39233681
UZB,2007,50.495,0.46953143,49.505,2.405961824,..,59.95862233
UZB,2008,50.011,0.642188134,49.989,2.578263292,..,59.54579131
UZB,2009,49.528,0.716862654,50.472,2.648912383,..,59.1336063
UZB,2010,49.044,1.840814313,50.956,3.777232548,32.29140696,58.72555587
UZB,2011,48.85,2.28767187,51.15,3.064009421,41.43852028,58.32142062
UZB,2012,48.95,1.676600054,51.05,1.276404231,39.02130032,57.90729693
UZB,2013,49.05,1.765987018,50.95,1.365824888,39.4845918,57.50489342
UZB,2014,49.15,1.890566698,50.85,1.49043636,37.5033592,58.61093327
UZB,2015,49.25,1.947505879,50.75,1.547412369,35.48586783,57.9845665
UZB,2016,49.35,1.941692937,50.65,1.541606796,35.1167798,57.9805307
UZB,2017,49.45,1.88593519,50.55,1.48587814,35.06871307,57.95255431
UZB,2018,49.522,1.882481193,50.478,1.594452492,34.78486605,57.92340673
UZB,2019,49.567,1.967296135,50.433,1.787284108,34.78609557,58.00705928
UZB,2020,49.584,1.956420099,50.416,1.888410357,..,58.28321797
UZB,2021,49.573,1.953519852,50.427,1.997521347,..,58.30120299
UZB,2022,49.534,1.998940162,50.466,2.154956438,..,..
VUT,1990,81.285,2.139418701,18.715,3.991788933,12.97380779,12.46923708
VUT,1991,81.002,2.136116328,18.998,3.984978187,..,12.63330599
VUT,1992,80.715,2.134418756,19.285,3.989323013,..,12.87940935
VUT,1993,80.426,2.115057624,19.574,3.958913755,..,13.04347826
VUT,1994,80.132,2.071997183,19.868,3.929082319,..,13.12551272
VUT,1995,79.836,2.033606373,20.164,3.88231409,13.67172018,13.53568499
VUT,1996,79.536,1.999550576,20.464,3.851947948,..,13.6997539
VUT,1997,79.234,1.970935372,20.766,3.816806901,..,13.78178835
VUT,1998,78.927,1.941835723,21.073,3.798359575,..,14.10992617
VUT,1999,78.618,1.952361224,21.382,3.801675721,..,14.19196062
VUT,2000,78.327,2.07595744,21.673,3.79704141,13.24702364,14.35602953
VUT,2001,78.047,2.191229097,21.953,3.833981586,..,14.52009844
VUT,2002,77.765,2.189422487,22.235,3.825993592,..,14.6021329
VUT,2003,77.479,2.138775651,22.521,3.787876845,..,14.7662018
VUT,2004,77.191,2.089109476,22.809,3.730143996,..,14.84823626
VUT,2005,76.901,2.046357308,23.099,3.687539213,12.48759874,15.01230517
VUT,2006,76.608,2.020545586,23.392,3.66191066,..,15.17637408
VUT,2007,76.313,2.017260913,23.687,3.65648731,..,15.34044299
VUT,2008,76.015,2.034742561,23.985,3.675516495,..,15.34044299
VUT,2009,75.714,2.025578763,24.286,3.670682558,..,15.34044299
VUT,2010,75.538,2.143515487,24.462,3.098663189,13.16791653,15.34044299
VUT,2011,75.439,2.220986051,24.561,2.754705529,13.22117063,15.34044299
VUT,2012,75.339,2.234132424,24.661,2.773872484,12.84788559,15.34044299
VUT,2013,75.239,2.255939929,24.761,2.794059467,13.28704919,15.34044299
VUT,2014,75.139,2.263871303,24.861,2.800101344,13.03072112,15.34044299
VUT,2015,75.039,2.250397218,24.961,2.784712924,12.52967863,15.34044299
VUT,2016,74.938,2.288542813,25.062,2.826265753,13.07494413,15.34044299
VUT,2017,74.837,2.31379255,25.163,2.851324658,12.8929333,15.34044299
VUT,2018,74.726,2.254712974,25.274,2.842833777,12.89853604,15.34044299
VUT,2019,74.606,2.201472061,25.394,2.835422403,12.88296752,15.34044299
VUT,2020,74.475,2.187657334,25.525,2.879235982,..,15.34044299
VUT,2021,74.335,2.174549899,25.665,2.909814188,..,15.34044299
VUT,2022,74.184,2.151373895,25.816,2.940220699,..,..
VEN,1990,15.716,-0.393393878,84.284,2.972403423,20.24931985,24.78317556
VEN,1991,15.336,-6.80E-02,84.664,2.829512235,..,24.77977439
VEN,1992,14.988,2.23E-02,85.012,2.727842082,..,24.49634374
VEN,1993,14.648,-4.18E-02,85.352,2.651977167,..,24.49180885
VEN,1994,14.314,-0.116793836,85.686,2.5803219,..,24.49521002
VEN,1995,13.986,-0.185601888,86.014,2.51459226,20.1194563,24.50654725
VEN,1996,13.664,-0.248438563,86.336,2.454442744,..,24.51788447
VEN,1997,13.35,-0.283744689,86.65,2.404126708,..,24.5292217
VEN,1998,13.041,-0.338108017,86.959,2.359665682,..,24.5292217
VEN,1999,12.738,-0.399539992,87.262,2.299165655,..,24.52582053
VEN,2000,12.441,-0.454927889,87.559,2.244044224,21.46914658,24.52808798
VEN,2001,12.15,-0.5314761,87.85,2.167146396,..,24.53148914
VEN,2002,12.124,1.581144536,87.876,1.824963525,..,24.53148914
VEN,2003,12.098,1.550473757,87.902,1.794738905,..,24.42038433
VEN,2004,12.072,1.495757952,87.928,1.740466211,..,24.47707046
VEN,2005,12.046,1.455101421,87.954,1.700281141,20.93139471,24.48273907
VEN,2006,12.02,1.395591747,87.98,1.641231213,..,24.43739017
VEN,2007,11.994,1.332228887,88.006,1.578316994,..,24.44192506
VEN,2008,11.969,1.26537485,88.031,1.502444466,..,24.48840769
VEN,2009,11.943,1.183375389,88.057,1.430358922,..,24.37503543
VEN,2010,11.917,1.139410922,88.083,1.386871897,23.04711653,24.37503543
VEN,2011,11.892,1.108570911,88.108,1.346955693,24.33177624,24.37503543
VEN,2012,11.877,1.15188556,88.123,1.2951321,22.43318785,24.37503543
VEN,2013,11.867,1.155403788,88.133,1.250965113,22.52866596,24.37503543
VEN,2014,11.856,1.090791061,88.144,1.195999461,21.94482038,24.37503543
VEN,2015,11.846,1.023790313,88.154,1.119531254,22.22732307,24.37503543
VEN,2016,11.835,0.598281379,88.165,0.70366356,21.83009872,24.37503543
VEN,2017,11.817,-0.733003159,88.183,-0.560394033,21.45612493,24.37503543
VEN,2018,11.792,-2.655330385,88.208,-2.415196646,21.67255829,24.37503543
VEN,2019,11.76,-3.176732668,88.24,-2.868724752,21.74698878,24.37503543
VEN,2020,11.721,-2.007171579,88.279,-1.630797425,..,24.37503543
VEN,2021,11.675,-1.418423286,88.325,-0.973082845,..,24.37503543
VEN,2022,11.622,-9.45E-02,88.378,0.420433261,..,..
VNM,1990,79.743,1.727180533,20.257,4.008407961,26.67318543,20.66422932
VNM,1991,79.371,1.670721008,20.629,3.958055474,..,20.74103659
VNM,1992,78.994,1.594102438,21.006,3.881242599,..,21.58284433
VNM,1993,78.613,1.485376576,21.387,3.766377419,..,21.77332637
VNM,1994,78.226,1.350517387,21.774,3.637352126,..,21.93615779
VNM,1995,77.834,1.217924997,22.166,3.504590427,25.86689287,21.74874804
VNM,1996,77.437,1.08556631,22.563,3.372114803,..,23.60133952
VNM,1997,77.035,0.952546689,22.965,3.239021812,..,24.09905066
VNM,1998,76.629,0.868346908,23.371,3.149237295,..,24.74730406
VNM,1999,76.183,0.698449897,23.817,3.172544477,..,25.84718425
VNM,2000,75.626,0.383048295,24.374,3.428601973,25.66637392,28.22606571
VNM,2001,75.063,0.281155751,24.937,3.311961063,..,30.48313993
VNM,2002,74.489,0.26008808,25.511,3.303425636,..,30.44598293
VNM,2003,73.908,0.245253962,26.092,3.280194501,..,30.75757087
VNM,2004,73.317,0.21725833,26.683,3.259909385,..,31.5915761
VNM,2005,72.719,0.185381475,27.281,3.220743787,26.45818252,32.13846188
VNM,2006,72.112,0.130946099,27.888,3.169769015,..,32.21918509
VNM,2007,71.496,0.102871908,28.504,3.145561051,..,32.19434473
VNM,2008,70.872,0.103648094,29.128,3.145802321,..,32.73996777
VNM,2009,70.238,0.130794974,29.762,3.182645442,..,32.90681093
VNM,2010,69.583,0.130510681,30.417,3.24435486,27.10947116,34.34505608
VNM,2011,68.92,0.110106198,31.08,3.223779493,23.78443184,34.3732843
VNM,2012,68.248,9.22E-02,31.752,3.21113052,23.62616281,34.43311204
VNM,2013,67.571,7.95E-02,32.429,3.18611624,25.2377872,34.67267045
VNM,2014,66.885,4.60E-02,33.115,3.159725318,22.34041158,34.69912659
VNM,2015,66.191,-7.52E-04,33.809,3.116340974,21.82366181,38.76343005
VNM,2016,65.49,-5.55E-02,34.51,3.061435126,22.54560976,38.84079429
VNM,2017,64.787,-0.110529312,35.213,2.98533942,20.47951266,38.82796272
VNM,2018,64.081,-0.162865748,35.919,2.917947127,20.5326508,38.73445023
VNM,2019,63.372,-0.208088327,36.628,2.859150286,20.3898157,39.52410275
VNM,2020,62.66,-0.223583835,37.34,2.831514259,..,39.43476832
VNM,2021,61.948,-0.298613841,38.052,2.733031277,..,39.43476832
VNM,2022,61.234,-0.424480531,38.766,2.593789028,..,..
VIR,1990,12.315,-2.10989704,87.685,3.567719629,9.751904647,28.57142857
VIR,1991,11.715,-4.187047546,88.285,1.490590452,..,28.57142857
VIR,1992,11.14,-4.174548102,88.86,1.509159043,..,28.57142857
VIR,1993,10.591,-4.232334744,89.409,1.431117404,..,28.57142857
VIR,1994,10.066,-4.391634122,89.934,1.277356332,..,25.71428571
VIR,1995,9.563,-4.66125868,90.437,1.022573362,9.658447479,22.85714286
VIR,1996,9.083,-4.89938509,90.917,0.786585186,..,22.85714286
VIR,1997,8.626,-4.916199944,91.374,0.743083298,..,22.85714286
VIR,1998,8.189,-5.035338386,91.811,0.643315635,..,22.85714286
VIR,1999,7.772,-5.171974373,92.228,0.510491179,..,20
VIR,2000,7.414,-4.668929198,92.586,0.426410139,8.675964872,20
VIR,2001,7.186,-3.216928293,92.814,0.160925056,..,20
VIR,2002,6.964,-3.164944766,93.036,0.201288113,..,17.14285714
VIR,2003,6.749,-3.145420596,93.251,0.227571907,..,17.14285714
VIR,2004,6.539,-3.191169786,93.461,0.188590809,..,17.14285714
VIR,2005,6.336,-3.165319754,93.664,0.204972627,7.884689012,17.14285714
VIR,2006,6.139,-3.238730392,93.861,0.132810637,..,11.42857143
VIR,2007,5.947,-3.20736106,94.053,0.174844109,..,11.42857143
VIR,2008,5.761,-3.121312658,94.239,0.252884288,..,11.42857143
VIR,2009,5.581,-3.172287153,94.419,0.19754928,..,11.42857143
VIR,2010,5.406,-3.225002364,94.594,0.141564951,8.184549513,11.42857143
VIR,2011,5.239,-3.209017006,94.761,0.115056859,7.284503794,11.42857143
VIR,2012,5.081,-3.151558947,94.919,7.21E-02,8.13579952,11.42857143
VIR,2013,4.93,-3.160200149,95.07,2.34E-02,7.829568,11.42857143
VIR,2014,4.787,-3.088901441,95.213,2.92E-03,7.804119282,11.42857143
VIR,2015,4.65,-3.047517861,95.35,-1.46E-02,8.704295452,11.42857143
VIR,2016,4.52,-3.019785646,95.48,-4.58E-02,8.904008645,11.42857143
VIR,2017,4.397,-2.986543361,95.603,-8.97E-02,8.824996753,11.42857143
VIR,2018,4.279,-2.969237063,95.721,-0.138546069,8.966864965,9.428571429
VIR,2019,4.168,-2.947581813,95.832,-0.194483191,8.996021018,9.428571429
VIR,2020,4.061,-2.967576815,95.939,-0.243882254,..,9.428571429
VIR,2021,3.96,-2.915110038,96.04,-0.290692169,..,9.428571429
VIR,2022,3.864,-2.879811835,96.136,-0.332975709,..,..
PSE,1990,32.291,..,67.709,..,30.04312773,83.22259136
PSE,1991,31.781,2.885960947,68.219,5.228257533,..,82.89036545
PSE,1992,31.274,2.869608756,68.726,5.218389174,..,82.55813953
PSE,1993,30.773,2.862969715,69.227,5.204209766,..,82.55813953
PSE,1994,30.276,2.84960384,69.724,5.193220596,..,77.54644518
PSE,1995,29.784,2.839592911,70.216,5.180983552,33.01822468,78.89247508
PSE,1996,29.295,2.822401496,70.705,5.171898951,..,78.0698505
PSE,1997,28.813,2.818813365,71.187,5.157281482,..,77.82943522
PSE,1998,28.476,1.378831575,71.524,3.027526883,..,78.08928571
PSE,1999,28.253,1.76898139,71.747,2.86660208,..,74.35212625
PSE,2000,28.031,1.76643696,71.969,2.864154373,31.57183418,77.77626246
PSE,2001,27.811,1.767325376,72.189,2.860488897,..,77.22739203
PSE,2002,27.591,1.761030863,72.409,2.859597566,..,77.87094684
PSE,2003,27.373,1.762055149,72.627,2.85584077,..,77.32506645
PSE,2004,27.155,1.755667425,72.845,2.854995904,..,77.39166113
PSE,2005,26.939,1.756570954,73.061,2.851372244,32.92590812,77.61061462
PSE,2006,26.724,1.754044051,73.276,2.849069367,..,77.48177741
PSE,2007,26.509,1.74745077,73.491,2.848243499,..,77.62938538
PSE,2008,26.296,1.944577876,73.704,3.040783436,..,77.93295681
PSE,2009,26.077,1.831629888,73.923,2.964647086,..,71.38704319
PSE,2010,25.851,1.726577671,74.149,2.902293763,36.06128484,62.27574751
PSE,2011,25.619,1.623715331,74.381,2.837571134,33.87448361,64.32498339
PSE,2012,25.381,1.534336528,74.619,2.787154006,32.78220108,66.55194352
PSE,2013,25.137,1.434868654,74.863,2.727302423,35.79313049,68.84204319
PSE,2014,24.887,1.344599776,75.113,2.677447219,34.50384906,69.84310631
PSE,2015,24.632,1.260515063,75.368,2.629409538,35.3216485,71.49531561
PSE,2016,24.372,1.184992667,75.628,2.590474225,31.47268397,72.16249169
PSE,2017,24.106,0.891213641,75.894,2.339808981,32.14535358,71.3877907
PSE,2018,23.836,1.406704679,76.164,2.888118685,31.89103296,71.22772425
PSE,2019,23.56,1.347066763,76.44,2.873518148,31.30254529,70.65237542
PSE,2020,23.281,1.295275268,76.719,2.850876512,..,67.75142857
PSE,2021,22.997,1.229699623,77.003,2.82652486,..,64.92946058
PSE,2022,22.709,1.165269423,77.291,2.798858505,..,..
YEM,1990,79.069,3.143213936,20.931,6.474593334,47.26235873,44.74875466
YEM,1991,78.511,3.111189895,21.489,6.450353719,..,44.7582249
YEM,1992,77.942,3.070656061,22.058,6.411461046,..,44.47411785
YEM,1993,77.364,3.023895242,22.636,6.354853003,..,44.93626532
YEM,1994,76.775,2.936900365,23.225,6.269935308,..,44.94573555
YEM,1995,76.24,2.776932531,23.76,5.753621063,43.86978315,44.95709984
YEM,1996,75.751,2.480404449,24.249,5.161069081,..,44.99308673
YEM,1997,75.257,2.277793956,24.743,4.94878939,..,44.92679508
YEM,1998,74.756,2.209546797,25.244,4.882074958,..,44.8510332
YEM,1999,74.248,2.153608513,25.752,4.827841471,..,44.82830464
YEM,2000,73.733,2.102736892,26.267,4.778908179,48.62243832,44.83019869
YEM,2001,73.213,2.018013926,26.787,4.68608387,..,44.69003921
YEM,2002,72.685,1.942041569,27.315,4.617754709,..,44.80557607
YEM,2003,72.151,1.913467527,27.849,4.58698076,..,44.50063451
YEM,2004,71.61,1.909187681,28.39,4.585812266,..,44.61806542
YEM,2005,71.064,2.027703241,28.936,4.698031521,43.50002991,44.55366782
YEM,2006,70.51,2.200595665,29.49,4.879704146,..,44.75064871
YEM,2007,69.949,2.228863121,30.051,4.912163401,..,44.75064871
YEM,2008,69.381,2.1757869,30.619,4.863597847,..,44.54230354
YEM,2009,68.806,2.126646424,31.194,4.819355385,..,44.41919048
YEM,2010,68.224,2.08003828,31.776,4.778038957,44.68925506,44.65973445
YEM,2011,67.636,2.048465516,32.364,4.747606166,48.88552552,44.41919048
YEM,2012,67.042,2.010916516,32.958,4.711763169,54.41184561,44.51199879
YEM,2013,66.441,1.958742148,33.559,4.666343162,51.40472879,44.50821069
YEM,2014,65.835,1.894800445,34.165,4.600736141,43.69608477,44.41843287
YEM,2015,65.223,1.779007977,34.777,4.4884117,48.33063334,44.38244597
YEM,2016,64.606,1.671051348,35.394,4.380139823,44.95047945,44.29380457
YEM,2017,63.984,1.596893517,36.016,4.306424487,46.44225626,44.41919048
YEM,2018,63.358,1.503173934,36.642,4.209541496,45.14403975,44.41919048
YEM,2019,62.727,1.425289341,37.273,4.133612809,44.46696713,44.41919048
YEM,2020,62.092,1.292965415,37.908,3.999744035,..,44.41919048
YEM,2021,61.454,1.104967721,38.546,3.806804483,..,44.41919048
YEM,2022,60.812,1.09444825,39.188,3.796454801,..,..
ZMB,1990,60.593,2.65225617,39.407,2.447113516,26.1230785,27.99472686
ZMB,1991,61.011,3.180914437,38.989,1.427051528,..,28.01490469
ZMB,1992,61.486,3.205910593,38.514,1.204589264,..,28.33640485
ZMB,1993,61.958,3.170187182,38.042,1.172359712,..,28.52069573
ZMB,1994,62.428,3.183994705,37.572,1.185097674,..,28.88524193
ZMB,1995,62.896,3.193833225,37.104,1.19353415,25.05722042,29.12737594
ZMB,1996,63.362,3.216191932,36.638,1.214170512,..,29.37085514
ZMB,1997,63.824,3.289815218,36.176,1.294322736,..,29.60357282
ZMB,1998,64.284,3.304266366,35.716,1.306376814,..,29.82821937
ZMB,1999,64.742,3.329991852,35.258,1.329423369,..,30.07035338
ZMB,2000,65.198,3.468471698,34.802,1.464844238,26.61195132,30.30172588
ZMB,2001,64.998,2.688828343,35.002,3.569088714,..,30.34073636
ZMB,2002,64.525,2.326153649,35.475,4.398829134,..,30.42279288
ZMB,2003,64.049,2.34867148,35.951,4.421997634,..,30.81693324
ZMB,2004,63.57,2.428265335,36.43,4.502499852,..,30.80079097
ZMB,2005,63.089,2.55314978,36.911,4.624365711,26.10704001,30.61919047
ZMB,2006,62.605,2.686112733,37.395,4.758969452,..,31.0039145
ZMB,2007,62.119,2.753593906,37.881,4.824192493,..,30.91782241
ZMB,2008,61.629,2.779151648,38.371,4.856340711,..,31.05637687
ZMB,2009,61.139,2.756588243,38.861,4.82376018,..,31.72762615
ZMB,2010,60.645,2.68592237,39.355,4.7603645,27.02852733,31.52584781
ZMB,2011,60.149,2.555861461,39.851,4.629572726,28.11089482,31.79488559
ZMB,2012,59.646,2.461716004,40.354,4.555769524,28.3606157,32.06392338
ZMB,2013,59.135,2.410882738,40.865,4.529647587,27.28505272,31.93074967
ZMB,2014,58.618,2.369009149,41.382,4.504314683,27.34918603,31.93209486
ZMB,2015,58.093,2.292223962,41.907,4.45259503,28.26273741,31.93344005
ZMB,2016,57.562,2.229159773,42.438,4.406528945,27.40906413,31.93344005
ZMB,2017,57.024,2.174548448,42.976,4.373368815,26.18112194,32.06795894
ZMB,2018,56.479,2.10155648,43.521,4.322059676,26.34770053,32.06795894
ZMB,2019,55.928,2.02724262,44.072,4.265728185,25.92546019,32.06795894
ZMB,2020,55.371,1.932903338,44.629,4.189737992,..,32.06795894
ZMB,2021,54.808,1.818821162,45.192,4.094429904,..,32.06795894
ZMB,2022,54.239,1.714441806,45.761,4.009237559,..,..
ZWE,1990,71.012,1.647070178,28.988,5.25979,24.22792043,33.63060618
ZWE,1991,70.262,1.514247306,29.738,5.130429434,..,34.07005299
ZWE,1992,69.501,1.42013238,30.499,5.035915592,..,34.50949981
ZWE,1993,69.06,0.794837097,30.94,2.867010257,..,34.94894662
ZWE,1994,68.665,1.45E-02,31.335,1.856697353,..,35.46594287
ZWE,1995,68.268,0.659804047,31.732,2.498661082,23.31594659,35.82784025
ZWE,1996,67.868,1.073294209,32.132,2.913629485,..,36.79720822
ZWE,1997,67.466,1.040596565,32.534,2.878026382,..,37.27284477
ZWE,1998,67.061,1.021293149,32.939,2.86056814,..,37.53392788
ZWE,1999,66.653,0.834783914,33.347,2.676076518,..,38.36112188
ZWE,2000,66.242,0.385433467,33.758,2.228929784,23.89897215,38.92981776
ZWE,2001,65.83,1.88E-02,34.17,1.855720569,..,39.39511439
ZWE,2002,65.415,-1.58E-02,34.585,1.823767784,..,39.98966007
ZWE,2003,65.521,0.919866735,34.479,0.451008008,..,40.4549567
ZWE,2004,65.706,0.983807408,34.294,0.163857394,..,41.35970014
ZWE,2005,65.89,0.803503512,34.11,-1.41E-02,23.60684227,41.61819827
ZWE,2006,66.074,1.14008411,33.926,0.320336245,..,42.13519452
ZWE,2007,66.257,1.245699594,33.743,0.428246463,..,41.87669639
ZWE,2008,66.44,1.074027025,33.56,0.254389398,..,42.52294171
ZWE,2009,66.622,1.299816215,33.378,0.482488069,..,42.13519452
ZWE,2010,66.804,1.526465079,33.196,0.706879123,24.59143017,41.87669639
ZWE,2011,66.985,1.70890922,33.015,0.891611679,26.25681984,42.39369265
ZWE,2012,67.166,2.09215238,32.834,1.272567711,26.28825071,41.87669639
ZWE,2013,67.346,2.430909686,32.654,1.613530724,25.51128869,41.87669639
ZWE,2014,67.496,2.413867801,32.504,1.730983244,26.14668826,41.87669639
ZWE,2015,67.615,2.312449854,32.385,1.769505057,25.92895692,41.87669639
ZWE,2016,67.704,2.21334604,32.296,1.806610315,25.32739516,41.87669639
ZWE,2017,67.763,2.130727384,32.237,1.860764715,22.58245063,41.87669639
ZWE,2018,67.791,2.061844399,32.209,1.933653001,22.08555546,41.87669639
ZWE,2019,67.79,1.987780433,32.21,1.99235149,20.83469969,41.87669639
ZWE,2020,67.758,1.983890973,32.242,2.130420915,..,41.87669639
ZWE,2021,67.697,1.955651308,32.303,2.234723527,..,41.87669639
ZWE,2022,67.605,1.888043327,32.395,2.308436635,..,..