iso3,year,gini,corruption,gov,reg,acc
AFG,1990,,,,,
AFG,1991,,,,,
AFG,1992,,,,,
AFG,1993,,,,,
AFG,1994,,,,,
AFG,1995,,,,,
AFG,1996,,-1.291704774,-2.175166607,-2.090330362,-1.90854013
AFG,1997,,,,,
AFG,1998,,-1.176012278,-2.102291822,-2.062872171,-2.039301157
AFG,1999,,,,,
AFG,2000,,-1.271724224,-2.173946142,-2.080252647,-2.031417131
AFG,2001,,,,,
AFG,2002,,-1.251137018,-1.587687016,-1.81154573,-1.433421016
AFG,2003,,-1.344179749,-1.127419591,-1.463107824,-1.177571177
AFG,2004,,-1.35064733,-0.909888744,-1.511548996,-1.203033924
AFG,2005,,-1.447252393,-1.217238426,-1.643440247,-1.12542963
AFG,2006,,-1.446292281,-1.465511322,-1.689468622,-1.110293984
AFG,2007,,-1.61325109,-1.443468094,-1.708872318,-1.057653904
AFG,2008,,-1.672095537,-1.533435464,-1.607166886,-1.168901801
AFG,2009,,-1.552298784,-1.511001945,-1.664507627,-1.375495195
AFG,2010,,-1.645391107,-1.480805755,-1.516528249,-1.404467344
AFG,2011,,-1.600470781,-1.477033496,-1.536323905,-1.335976958
AFG,2012,,-1.430372834,-1.376418829,-1.192579746,-1.267430067
AFG,2013,,-1.445908427,-1.400745392,-1.1930902,-1.240068436
AFG,2014,,-1.364742875,-1.362318277,-1.124133706,-1.135439992
AFG,2015,,-1.348587155,-1.351807714,-1.006208181,-1.117556691
AFG,2016,,-1.534049273,-1.254181504,-1.336581707,-1.037788033
AFG,2017,,-1.521725655,-1.35992229,-1.355372787,-0.990813971
AFG,2018,,-1.489771724,-1.479299188,-1.147590399,-1.011600018
AFG,2019,,-1.407710433,-1.495626688,-1.123045802,-1.006746769
AFG,2020,,-1.480537772,-1.585144877,-1.402760983,-1.077736378
AFG,2021,,-1.1423769,-1.634369612,-1.338022232,-1.570883274
AFG,2022,,,,,
ALB,1990,,,,,
ALB,1991,,,,,
ALB,1992,,,,,
ALB,1993,,,,,
ALB,1994,,,,,
ALB,1995,,,,,
ALB,1996,27,-0.893903494,-0.688587904,-0.474401653,-0.648297846
ALB,1997,,,,,
ALB,1998,,-0.992024779,-0.732602537,-0.441555828,-0.387372851
ALB,1999,,,,,
ALB,2000,,-0.855563641,-0.917780161,-0.415910125,-0.285138667
ALB,2001,,,,,
ALB,2002,31.7,-0.845340908,-0.624333382,-0.311400771,-8.15E-03
ALB,2003,,-0.853786588,-0.569067299,-0.490216553,7.03E-02
ALB,2004,,-0.723731816,-0.40906176,-0.187491566,7.24E-03
ALB,2005,30.6,-0.813263893,-0.704830587,-0.400731236,3.67E-03
ALB,2006,,-0.790545285,-0.586620808,-0.148599386,7.59E-02
ALB,2007,,-0.706940055,-0.431428492,3.46E-02,0.113008469
ALB,2008,30,-0.60521239,-0.370871335,0.137666509,0.174939081
ALB,2009,,-0.54527092,-0.254886448,0.241446003,0.141477332
ALB,2010,,-0.531616509,-0.278687119,0.233281955,0.123838224
ALB,2011,,-0.701794147,-0.200375155,0.283972561,6.23E-02
ALB,2012,29,-0.778729439,-0.267875999,0.240491986,2.21E-02
ALB,2013,,-0.750955939,-0.323595732,0.254160255,4.89E-02
ALB,2014,34.6,-0.586141348,-4.88E-02,0.279037684,0.1437774
ALB,2015,32.8,-0.520959854,5.93E-02,0.189514965,0.157161772
ALB,2016,33.7,-0.44898048,5.97E-02,0.196168706,0.170948684
ALB,2017,33.1,-0.45825699,0.12872985,0.23308672,0.203805894
ALB,2018,30.1,-0.524145126,0.110513411,0.266459137,0.180729449
ALB,2019,30.1,-0.543374062,-3.33E-02,0.285658628,0.142711371
ALB,2020,29.4,-0.551931083,-0.124956653,0.235864624,8.84E-02
ALB,2021,,-0.555924177,-3.36E-03,0.192754015,9.12E-02
ALB,2022,,,,,
DZA,1990,,,,,
DZA,1991,,,,,
DZA,1992,,,,,
DZA,1993,,,,,
DZA,1994,,,,,
DZA,1995,35.3,,,,
DZA,1996,,-0.56674093,-1.088766456,-0.907437265,-1.166290164
DZA,1997,,,,,
DZA,1998,,-0.916649282,-0.883071959,-0.881358743,-1.244342446
DZA,1999,,,,,
DZA,2000,,-0.987298191,-1.01074934,-0.71020937,-1.110052228
DZA,2001,,,,,
DZA,2002,,-0.928754985,-0.614207327,-0.574951589,-1.044660211
DZA,2003,,-0.715244472,-0.6703403,-0.481900811,-1.076718092
DZA,2004,,-0.699272692,-0.553408742,-0.441777736,-0.802059054
DZA,2005,,-0.466420472,-0.438614607,-0.341526747,-0.715685964
DZA,2006,,-0.564962566,-0.431149721,-0.500463128,-0.916875541
DZA,2007,,-0.592309475,-0.530745864,-0.522581637,-0.984122396
DZA,2008,,-0.633444846,-0.596755087,-0.624736011,-0.979712248
DZA,2009,,-0.614938259,-0.529050767,-0.964235187,-1.038418889
DZA,2010,,-0.552147269,-0.388126194,-1.104800701,-1.022330761
DZA,2011,27.6,-0.572699666,-0.514732301,-1.212379932,-1.004121184
DZA,2012,,-0.521544516,-0.444745928,-1.320389032,-0.906026602
DZA,2013,,-0.472622782,-0.428817511,-1.138440609,-0.893353224
DZA,2014,,-0.612656415,-0.336888343,-1.30188942,-0.813357711
DZA,2015,,-0.616887093,-0.377993971,-1.233237743,-0.847575545
DZA,2016,,-0.652786314,-0.430877894,-1.230026245,-0.861592352
DZA,2017,,-0.576397896,-0.506708324,-1.259408355,-0.902943969
DZA,2018,,-0.637313366,-0.457864255,-1.329962969,-0.9997105
DZA,2019,,-0.635694385,-0.54141891,-1.373277307,-1.053523779
DZA,2020,,-0.645068347,-0.544885635,-1.339298248,-1.088017702
DZA,2021,,-0.614184439,-0.620759845,-1.17087245,-1.009519339
DZA,2022,,,,,
ASM,1990,,,,,
ASM,1991,,,,,
ASM,1992,,,,,
ASM,1993,,,,,
ASM,1994,,,,,
ASM,1995,,,,,
ASM,1996,,,,,
ASM,1997,,,,,
ASM,1998,,,,,
ASM,1999,,,,,
ASM,2000,,,,,
ASM,2001,,,,,
ASM,2002,,,,,
ASM,2003,,,,,
ASM,2004,,0.791444957,-0.127275512,0.497606158,0.503726006
ASM,2005,,0.789309144,0.224524423,0.368987888,0.654332459
ASM,2006,,0.299861044,0.245218232,0.360797524,0.548463166
ASM,2007,,0.308062404,0.480822653,0.376145482,0.972128868
ASM,2008,,0.317555279,0.498143971,0.390816242,0.967198193
ASM,2009,,0.347466081,0.497778326,0.402511686,0.963811636
ASM,2010,,0.328756839,0.487507224,0.39395842,0.988284409
ASM,2011,,0.310445875,0.481147528,0.386368304,1.009051681
ASM,2012,,0.299411148,0.480951369,0.358625293,1.025671721
ASM,2013,,0.303055048,0.486867696,0.362132907,1.004767299
ASM,2014,,1.220708609,0.438700348,0.177999645,
ASM,2015,,1.215440273,0.485081702,0.168665841,
ASM,2016,,1.223311424,0.528136432,0.132687509,
ASM,2017,,1.836350203,0.557348669,-0.255901217,
ASM,2018,,1.841582656,0.546050012,-0.287974954,1.463218808
ASM,2019,,1.840799809,0.537684321,-0.301867425,1.272708774
ASM,2020,,1.311400652,0.689502597,0.542312026,1.057258606
ASM,2021,,1.325616956,0.697109878,0.548629165,0.908089399
ASM,2022,,,,,
AND,1990,,,,,
AND,1991,,,,,
AND,1992,,,,,
AND,1993,,,,,
AND,1994,,,,,
AND,1995,,,,,
AND,1996,,1.318143249,1.414037704,1.266439795,1.563216686
AND,1997,,,,,
AND,1998,,1.334758759,1.403356314,1.245862126,1.528759122
AND,1999,,,,,
AND,2000,,1.313403845,1.380486727,1.223143578,1.535655499
AND,2001,,,,,
AND,2002,,1.310743809,1.367723227,1.422462821,1.437128186
AND,2003,,1.33278954,1.348457336,1.414684296,1.422261953
AND,2004,,1.119150281,1.503341317,1.41426146,1.563076615
AND,2005,,1.269663095,1.287201762,1.359160781,1.528181553
AND,2006,,1.25131321,1.538033724,1.34977591,1.3299793
AND,2007,,1.26187098,1.501196861,1.378267288,1.305506468
AND,2008,,1.27677536,1.527852654,1.398588419,1.325321794
AND,2009,,1.317764997,1.536000371,1.405673504,1.32293725
AND,2010,,1.301772714,1.512511015,1.389426827,1.324308395
AND,2011,,1.272298098,1.498708725,1.611425281,1.360453367
AND,2012,,1.260530829,1.523034692,1.561860085,1.433837652
AND,2013,,1.253548503,1.532519937,1.558740973,1.406641722
AND,2014,,1.220708609,1.712236285,0.880748272,1.165964961
AND,2015,,1.215440273,1.78248632,0.908654094,1.194495201
AND,2016,,1.223311424,1.853123784,0.86785984,1.176597357
AND,2017,,1.237865448,1.931479692,1.205159068,1.161652923
AND,2018,,1.234533429,1.936131597,1.1918962,1.036903024
AND,2019,,1.2310431,1.901037693,1.22653389,1.110087037
AND,2020,,1.311400652,1.816116333,1.343301415,1.089937568
AND,2021,,1.325616956,1.816250086,1.362524509,1.043449402
AND,2022,,,,,
AGO,1990,,,,,
AGO,1991,,,,,
AGO,1992,,,,,
AGO,1993,,,,,
AGO,1994,,,,,
AGO,1995,,,,,
AGO,1996,,-1.16770184,-0.859939992,-1.415345073,-1.578163505
AGO,1997,,,,,
AGO,1998,,-1.180450678,-1.055107117,-1.445261717,-1.411878705
AGO,1999,,,,,
AGO,2000,52,-1.197514296,-1.075034142,-1.507048011,-1.458064675
AGO,2001,,,,,
AGO,2002,,-1.155492663,-1.132157087,-1.294135094,-1.238779068
AGO,2003,,-1.335463285,-1.126208544,-1.187467456,-1.272615314
AGO,2004,,-1.377568841,-1.334659338,-1.226713538,-1.285479784
AGO,2005,,-1.323181987,-1.10631907,-1.240036249,-1.234719396
AGO,2006,,-1.241037726,-1.381511211,-1.156215668,-1.252087951
AGO,2007,,-1.307493567,-1.209614277,-1.075312614,-1.18531394
AGO,2008,42.7,-1.308764577,-1.064504504,-1.101495981,-1.119346857
AGO,2009,,-1.397766113,-0.947048008,-1.059525251,-1.126135349
AGO,2010,,-1.332474947,-1.142090201,-1.0602175,-1.120525122
AGO,2011,,-1.367469072,-1.197987199,-1.107531548,-1.125478387
AGO,2012,,-1.302401423,-0.990929544,-0.990437567,-1.076246738
AGO,2013,,-1.336874723,-1.246629715,-1.041670442,-1.113843679
AGO,2014,,-1.457798243,-1.055083632,-0.860683441,-1.145230174
AGO,2015,,-1.409269571,-0.893182993,-0.84234482,-1.177087069
AGO,2016,,-1.467879415,-0.936142445,-0.957892835,-1.140292645
AGO,2017,,-1.428053498,-0.919977069,-1.026228189,-1.098074555
AGO,2018,51.3,-1.180501461,-0.978714645,-0.785790086,-0.906310201
AGO,2019,,-1.078113675,-1.084010243,-0.820471883,-0.78340435
AGO,2020,,-0.953371167,-1.203528404,-0.841778457,-0.802130938
AGO,2021,,-0.655345798,-1.059368968,-0.662632108,-0.840915978
AGO,2022,,,,,
ATG,1990,,,,,
ATG,1991,,,,,
ATG,1992,,,,,
ATG,1993,,,,,
ATG,1994,,,,,
ATG,1995,,,,,
ATG,1996,,0.869897187,0.644922495,0.786901176,0.333532423
ATG,1997,,,,,
ATG,1998,,0.883366406,0.652145922,0.77318567,0.339321405
ATG,1999,,,,,
ATG,2000,,0.861537576,0.618822575,0.751229942,0.390961945
ATG,2001,,,,,
ATG,2002,,0.850210369,0.568053842,0.698325157,0.336637646
ATG,2003,,0.854120076,0.576517761,0.682984054,0.317483664
ATG,2004,,0.839856029,0.539977908,0.582346559,0.57303077
ATG,2005,,0.742446184,0.447335571,0.584638536,0.533180177
ATG,2006,,1.11961627,0.407718599,0.547179878,0.631312013
ATG,2007,,1.146967053,0.398915678,0.530372381,0.543636024
ATG,2008,,1.27677536,0.498143971,0.642759264,0.573908567
ATG,2009,,1.317764997,0.497778326,0.653302133,0.589427829
ATG,2010,,1.301772714,0.487507224,0.642825544,0.495849043
ATG,2011,,1.272298098,0.481147528,0.631379724,0.511174679
ATG,2012,,1.260530829,0.480951369,0.599272251,0.640056968
ATG,2013,,1.253548503,0.486867696,0.601454556,0.618955672
ATG,2014,,0.634897768,-7.07E-02,0.529373944,0.558731198
ATG,2015,,0.685850799,0.225600779,0.370155632,0.595008314
ATG,2016,,0.688038766,0.263139009,0.337577105,0.633674026
ATG,2017,,0.23745203,7.70E-03,0.249312833,0.608594477
ATG,2018,,0.272347629,-9.98E-03,0.412241846,0.57005775
ATG,2019,,0.274131566,-7.66E-03,0.483430833,0.733219802
ATG,2020,,0.271396458,-0.15545781,0.512654901,0.745885134
ATG,2021,,0.26372695,-0.142245308,0.390355736,0.739251316
ATG,2022,,,,,
ARG,1990,,,,,
ARG,1991,46.8,,,,
ARG,1992,45.5,,,,
ARG,1993,44.9,,,,
ARG,1994,45.9,,,,
ARG,1995,48.9,,,,
ARG,1996,49.5,-0.101317152,0.16569005,0.51806742,0.391903371
ARG,1997,49.1,,,,
ARG,1998,50.7,-0.2034816,0.328712493,0.521346211,0.308850229
ARG,1999,49.8,,,,
ARG,2000,51.1,-0.172407657,-2.80E-02,0.182292387,0.418346971
ARG,2001,53.3,,,,
ARG,2002,53.8,-0.417055726,-0.228479072,-0.880716562,0.260062754
ARG,2003,50.9,-0.479976803,-3.27E-02,-0.69147563,0.349125266
ARG,2004,48.4,-0.414409548,1.73E-02,-0.6980353,0.362040877
ARG,2005,47.7,-0.377738357,-0.100426145,-0.525074363,0.269231617
ARG,2006,46.3,-0.331238538,-3.61E-02,-0.614566982,0.403436542
ARG,2007,46.2,-0.372122079,-1.17E-02,-0.63569355,0.448621333
ARG,2008,44.9,-0.434875011,-0.124616414,-0.702629447,0.358895928
ARG,2009,43.7,-0.445475101,-0.295640558,-0.830836773,0.280091494
ARG,2010,43.6,-0.355230033,-0.111378528,-0.742940903,0.361670136
ARG,2011,42.6,-0.364098519,-7.15E-02,-0.701964378,0.344941825
ARG,2012,41.3,-0.445909202,-0.206465602,-0.897686779,0.295209914
ARG,2013,40.9,-0.434015781,-0.253652781,-0.928134799,0.27698788
ARG,2014,41.6,-0.549443066,-0.109243862,-1.066149592,0.34533906
ARG,2015,,-0.557244956,-1.65E-02,-0.876747191,0.411802024
ARG,2016,42,-0.274941713,0.250169098,-0.33751902,0.493365467
ARG,2017,41.1,-0.284516692,0.164413184,-0.181595474,0.528664351
ARG,2018,41.3,-7.43E-02,5.42E-02,-0.183625966,0.530451119
ARG,2019,42.9,-8.37E-02,-9.65E-02,-0.436932802,0.572384655
ARG,2020,42.3,-0.140874103,-0.22428748,-0.483492196,0.588114679
ARG,2021,42,-0.400777549,-0.356661767,-0.618144751,0.619619727
ARG,2022,,,,,
ARM,1990,,,,,
ARM,1991,,,,,
ARM,1992,,,,,
ARM,1993,,,,,
ARM,1994,,,,,
ARM,1995,,,,,
ARM,1996,,-0.47305131,-0.380564451,-0.282764524,-0.569909096
ARM,1997,,,,,
ARM,1998,,-0.936306059,-0.546766698,-0.252395779,-0.33551845
ARM,1999,36.2,,,,
ARM,2000,,-0.848086238,-0.546417594,-0.172101572,-0.374595284
ARM,2001,35.4,,,,
ARM,2002,34.8,-0.778165162,-4.58E-02,5.63E-02,-0.444421142
ARM,2003,33,-0.6490224,-0.19081755,0.167570353,-0.467406183
ARM,2004,37.5,-0.703455329,-0.108692862,0.109250002,-0.572165549
ARM,2005,36,-0.683349848,-0.139261931,8.91E-02,-0.591363311
ARM,2006,29.7,-0.669232607,-0.261045575,0.292330682,-0.742222786
ARM,2007,31.2,-0.74589169,-0.377753705,0.265207171,-0.759377897
ARM,2008,29.2,-0.712412357,-0.170738295,0.300939858,-0.857629657
ARM,2009,28,-0.621459663,-1.99E-02,0.27345407,-0.876420259
ARM,2010,30,-0.69503957,-0.16639477,0.268946558,-0.847521544
ARM,2011,29.4,-0.664559424,-0.10899628,0.246940598,-0.690779805
ARM,2012,29.6,-0.58800149,-2.69E-02,0.334273398,-0.570491433
ARM,2013,30.6,-0.530450225,8.53E-02,0.235182688,-0.588030815
ARM,2014,31.5,-0.565155387,-0.251768827,0.158519909,-0.562072694
ARM,2015,32.4,-0.584427893,-0.276716083,0.201865211,-0.536284149
ARM,2016,32.5,-0.637749076,-0.275093079,0.214404643,-0.579242349
ARM,2017,33.6,-0.614445984,-0.215339452,0.240957707,-0.560795248
ARM,2018,34.4,-0.385727823,-0.141409367,0.360776484,-0.137946114
ARM,2019,30,-0.203820124,-0.197479233,0.255927444,5.55E-02
ARM,2020,25.1,2.02E-02,-0.274477035,0.251729071,4.91E-02
ARM,2021,27.9,7.21E-02,-0.249556035,0.145152628,5.92E-02
ARM,2022,,,,,
ABW,1990,,,,,
ABW,1991,,,,,
ABW,1992,,,,,
ABW,1993,,,,,
ABW,1994,,,,,
ABW,1995,,,,,
ABW,1996,,,,,
ABW,1997,,,,,
ABW,1998,,,,,
ABW,1999,,,,,
ABW,2000,,,,,
ABW,2001,,,,,
ABW,2002,,,,,
ABW,2003,,,,,
ABW,2004,,1.165965319,1.280984521,0.762953818,0.737520695
ABW,2005,,1.269663095,1.287201762,0.864074349,1.153230071
ABW,2006,,1.25131321,1.279470682,0.855286777,1.017273426
ABW,2007,,1.26187098,1.246103287,0.877206326,0.972128868
ABW,2008,,1.27677536,1.270425439,0.894702375,0.967198193
ABW,2009,,1.109147549,1.496455789,1.28930068,1.252343535
ABW,2010,,1.121295571,1.246244311,1.344837785,1.281883717
ABW,2011,,1.10294652,1.236214161,1.317276955,1.273587823
ABW,2012,,1.095235944,1.247285604,1.402131438,1.28464973
ABW,2013,,1.1194067,1.221145153,1.420879602,1.278059244
ABW,2014,,1.014231563,0.88769412,1.245360851,1.276849508
ABW,2015,,1.294156194,0.880507171,1.366900325,1.273960948
ABW,2016,,1.28040731,0.888866127,1.344240308,1.279364109
ABW,2017,,1.287307858,0.913862348,1.189792037,1.295545578
ABW,2018,,1.247948408,1.05176115,0.854680657,1.271601558
ABW,2019,,1.213881969,1.024024606,0.855567157,1.264367223
ABW,2020,,1.23236239,1.121367574,0.925700963,1.286165118
ABW,2021,,0.834079266,1.132214189,0.946877241,1.028603554
ABW,2022,,,,,
AUS,1990,,,,,
AUS,1991,,,,,
AUS,1992,,,,,
AUS,1993,,,,,
AUS,1994,,,,,
AUS,1995,32.6,,,,
AUS,1996,,1.877355814,1.800564528,1.367597103,1.440202951
AUS,1997,,,,,
AUS,1998,,1.798129678,1.618118048,1.432211161,1.407491207
AUS,1999,,,,,
AUS,2000,,1.862088323,1.732170224,1.575613499,1.471305132
AUS,2001,33.5,,,,
AUS,2002,,1.761436343,1.659198642,1.421155572,1.407233238
AUS,2003,33.5,1.895287037,1.7724967,1.575263143,1.442127824
AUS,2004,33.1,2.005868912,1.984479189,1.711219549,1.501541972
AUS,2005,,1.942667723,1.745689988,1.599512935,1.507055759
AUS,2006,,1.950813174,1.707515955,1.62376225,1.382794738
AUS,2007,,2.00087285,1.818282604,1.684215903,1.369199991
AUS,2008,35.4,2.027342558,1.78415966,1.766017556,1.368076086
AUS,2009,,2.041763067,1.701762199,1.816927552,1.383790851
AUS,2010,34.7,2.02361083,1.763190031,1.695976734,1.419765472
AUS,2011,,2.037909031,1.689923167,1.852122784,1.453721046
AUS,2012,,1.977507234,1.612834334,1.778897166,1.499190331
AUS,2013,,1.777870297,1.632687688,1.79121995,1.436413765
AUS,2014,34.4,1.849464655,1.601303339,1.857373476,1.361743808
AUS,2015,,1.879955173,1.560223341,1.783806562,1.355610847
AUS,2016,33.7,1.810914397,1.561982155,1.893965244,1.353697181
AUS,2017,,1.790856242,1.530469418,1.928243279,1.375639081
AUS,2018,34.3,1.801110983,1.588520885,1.901642442,1.380580783
AUS,2019,,1.822144747,1.564876318,1.872158647,1.267398
AUS,2020,,1.662498713,1.610074997,1.822517872,1.303583741
AUS,2021,,1.73749423,1.512928247,1.83872807,1.379442096
AUS,2022,,,,,
AUT,1990,,,,,
AUT,1991,,,,,
AUT,1992,,,,,
AUT,1993,,,,,
AUT,1994,30.8,,,,
AUT,1995,29.9,,,,
AUT,1996,29.3,1.732163548,1.731649637,1.658712149,1.448950052
AUT,1997,29.1,,,,
AUT,1998,31.3,1.79937923,1.803506255,1.346461296,1.354778886
AUT,1999,29.7,,,,
AUT,2000,29,1.751058698,1.847265244,1.47547555,1.317559481
AUT,2001,,,,,
AUT,2002,,1.915159225,1.880228162,1.538056254,1.307496905
AUT,2003,29.5,1.963868618,1.929604173,1.537136078,1.343882084
AUT,2004,29.8,2.026624441,1.843319774,1.514102817,1.475651145
AUT,2005,28.7,1.912423491,1.679051638,1.604957461,1.378656507
AUT,2006,29.6,1.904876947,1.826991677,1.644411087,1.372684956
AUT,2007,30.6,2.003345251,1.862879634,1.691163898,1.369262457
AUT,2008,30.4,1.828758121,1.771052599,1.60645175,1.35846436
AUT,2009,31.5,1.6940341,1.662537932,1.450018525,1.392844677
AUT,2010,30.3,1.596122026,1.812320471,1.450515866,1.430290699
AUT,2011,30.8,1.47028935,1.602670074,1.376976848,1.402443647
AUT,2012,30.5,1.427254438,1.559877157,1.517164707,1.448773026
AUT,2013,30.8,1.537240982,1.571748018,1.482213736,1.456567407
AUT,2014,30.5,1.466749072,1.553547144,1.482170105,1.391349435
AUT,2015,30.5,1.508799553,1.477876067,1.398648381,1.383552909
AUT,2016,30.8,1.534534812,1.504635811,1.437176466,1.337476611
AUT,2017,29.7,1.537821054,1.499537706,1.435420275,1.385915518
AUT,2018,30.8,1.601476908,1.48801589,1.530134678,1.387732625
AUT,2019,30.2,1.554295182,1.521145463,1.4575665,1.338748932
AUT,2020,29.8,1.506872177,1.645901203,1.405209184,1.398653507
AUT,2021,,1.271236777,1.570008159,1.348706007,1.398566604
AUT,2022,,,,,
AZE,1990,,,,,
AZE,1991,,,,,
AZE,1992,,,,,
AZE,1993,,,,,
AZE,1994,,,,,
AZE,1995,34.7,,,,
AZE,1996,,-1.445619464,-0.916389585,-1.196308613,-1.121030688
AZE,1997,,,,,
AZE,1998,,-1.289568424,-0.933607459,-1.046715021,-1.022841215
AZE,1999,,,,,
AZE,2000,,-1.292382717,-0.951395214,-0.859866619,-0.90622896
AZE,2001,36.5,,,,
AZE,2002,25.3,-1.195501924,-0.985208631,-0.731832385,-0.981288135
AZE,2003,26.8,-1.046231985,-0.929972351,-0.601958394,-1.044704556
AZE,2004,26.6,-1.18083179,-0.930401146,-0.621019125,-1.056702495
AZE,2005,26.6,-1.052521467,-0.738662243,-0.580545425,-1.124163508
AZE,2006,,-1.095912457,-0.667855263,-0.52337569,-1.279161215
AZE,2007,,-1.129073739,-0.800852239,-0.466508985,-1.233396649
AZE,2008,,-1.156654239,-0.784415364,-0.367752314,-1.325132012
AZE,2009,,-1.194081903,-0.661590874,-0.316738784,-1.259766698
AZE,2010,,-1.245373249,-0.811674297,-0.392555356,-1.30459702
AZE,2011,,-1.195314765,-0.770396113,-0.386364639,-1.301847577
AZE,2012,,-1.142694116,-0.78799051,-0.488716811,-1.29948163
AZE,2013,,-0.970375061,-0.444532543,-0.425340503,-1.402769327
AZE,2014,,-1.022490263,-0.305417299,-0.268493652,-1.479175925
AZE,2015,,-0.930738151,-0.218868449,-0.353247523,-1.552383304
AZE,2016,,-0.831865549,-0.11617627,-0.386264741,-1.56097424
AZE,2017,,-0.885625541,-0.129922405,-0.357856959,-1.563634515
AZE,2018,,-0.831989169,-0.104204588,-0.302665323,-1.511327386
AZE,2019,,-0.829964042,-8.65E-02,-0.214039907,-1.529441476
AZE,2020,,-1.057083011,-0.116941825,-0.323556036,-1.54236412
AZE,2021,,-0.827584863,0.247684523,-5.96E-02,-1.530497551
AZE,2022,,,,,
BHS,1990,,,,,
BHS,1991,,,,,
BHS,1992,,,,,
BHS,1993,,,,,
BHS,1994,,,,,
BHS,1995,,,,,
BHS,1996,,1.156810164,1.373242021,0.967723608,1.10283947
BHS,1997,,,,,
BHS,1998,,1.295374155,1.264248252,1.012163877,1.157476664
BHS,1999,,,,,
BHS,2000,,1.302323818,1.234283805,1.143104911,1.202225447
BHS,2001,,,,,
BHS,2002,,1.415555596,1.255075932,1.297623158,1.18893683
BHS,2003,,1.407789588,1.22162807,1.153908849,1.032271743
BHS,2004,,1.411035895,1.201344371,1.124398232,0.984539509
BHS,2005,,1.32878685,1.205256701,1.104997158,0.942519128
BHS,2006,,1.34319973,1.163582921,1.050473452,1.020233631
BHS,2007,,1.328009129,1.102208495,1.028546214,1.098432422
BHS,2008,,1.330071688,1.140913248,1.052829504,1.121914268
BHS,2009,,1.360019565,1.004179716,0.801063418,1.007145405
BHS,2010,,1.348376751,1.070302606,0.54899472,0.988209546
BHS,2011,,1.346852183,0.97423178,0.523855805,0.960108459
BHS,2012,,1.316067934,0.982968807,0.390349686,0.934573889
BHS,2013,,1.334611177,0.867702425,0.18655315,0.924448729
BHS,2014,,1.308737755,0.725424528,0.169124857,1.047378421
BHS,2015,,1.13261497,0.709997714,0.162390649,0.951491833
BHS,2016,,1.102531791,0.715726614,0.253657579,0.852161884
BHS,2017,,1.169450283,0.573825657,0.119374871,0.849594116
BHS,2018,,1.126997828,0.533815801,0.178465888,0.764847279
BHS,2019,,1.133851767,0.481303781,-5.05E-02,0.90619415
BHS,2020,,1.134332895,0.44527626,1.18E-02,0.918854296
BHS,2021,,1.181445718,0.461800665,6.41E-02,0.913772166
BHS,2022,,,,,
BHR,1990,,,,,
BHR,1991,,,,,
BHR,1992,,,,,
BHR,1993,,,,,
BHR,1994,,,,,
BHR,1995,,,,,
BHR,1996,,0.328688681,0.77663964,0.790487111,-0.718783438
BHR,1997,,,,,
BHR,1998,,0.250788927,0.56640023,0.763205171,-1.065402746
BHR,1999,,,,,
BHR,2000,,0.360480934,0.551933765,0.748302877,-1.056879878
BHR,2001,,,,,
BHR,2002,,0.791833282,0.507285357,0.867863119,-0.571163654
BHR,2003,,0.37417081,0.426035732,0.621469796,-0.590705574
BHR,2004,,0.436752141,0.527056634,0.702606559,-0.561549425
BHR,2005,,0.383150041,0.391059279,0.659460783,-0.743174851
BHR,2006,,0.188148677,0.386875808,0.682441473,-0.903966546
BHR,2007,,0.175549507,0.402686685,0.76476717,-0.856526554
BHR,2008,,0.181815282,0.379488409,0.711206675,-0.868917525
BHR,2009,,0.180615962,0.476081342,0.692689776,-0.790999949
BHR,2010,,0.179316193,0.4516038,0.712015808,-0.965909421
BHR,2011,,0.209991172,0.514924407,0.716491401,-1.217316866
BHR,2012,,0.36653021,0.544541776,0.684159577,-1.318024635
BHR,2013,,0.42616269,0.584795833,0.602282524,-1.317464471
BHR,2014,,0.273521841,0.561928749,0.704518795,-1.311059237
BHR,2015,,0.134317711,0.557333231,0.815443456,-1.313060999
BHR,2016,,-2.19E-02,0.325291306,0.604506552,-1.372028351
BHR,2017,,-0.145698264,0.191406816,0.412573814,-1.387256622
BHR,2018,,-0.151664436,0.175440326,0.414948463,-1.421438694
BHR,2019,,-1.41E-02,0.2943528,0.483154505,-1.429232478
BHR,2020,,-6.97E-02,0.421904832,0.626398087,-1.453997374
BHR,2021,,0.168159813,0.717128277,0.849090099,-1.501595616
BHR,2022,,,,,
BGD,1990,,,,,
BGD,1991,27.6,,,,
BGD,1992,,,,,
BGD,1993,,,,,
BGD,1994,,,,,
BGD,1995,32.9,,,,
BGD,1996,,-0.969682217,-0.687850118,-0.929817796,-5.84E-02
BGD,1997,,,,,
BGD,1998,,-0.773010969,-0.490328997,-1.049343109,-8.56E-02
BGD,1999,,,,,
BGD,2000,33.4,-1.212082624,-0.607652247,-0.941208124,-0.227924496
BGD,2001,,,,,
BGD,2002,,-1.449086785,-0.726736128,-1.055441499,-0.432220519
BGD,2003,,-1.54172051,-0.841530383,-1.044749141,-0.551806808
BGD,2004,,-1.597114921,-0.937496603,-1.175912261,-0.672145784
BGD,2005,33.2,-1.406466603,-0.917243719,-1.081751704,-0.569969237
BGD,2006,,-1.442982793,-0.836658835,-1.005542517,-0.451236516
BGD,2007,,-1.063239932,-0.706297338,-0.953167856,-0.573499918
BGD,2008,,-1.046788335,-0.737818301,-0.91451782,-0.442116976
BGD,2009,,-1.075251222,-0.802224457,-0.866342843,-0.289043039
BGD,2010,32.1,-1.054080248,-0.752631783,-0.85759306,-0.268090695
BGD,2011,,-1.097388625,-0.771310925,-0.81707859,-0.31506893
BGD,2012,,-0.85661906,-0.806320727,-0.959472537,-0.401940674
BGD,2013,,-0.893825352,-0.795478344,-0.923936903,-0.405386388
BGD,2014,,-0.892129958,-0.773857713,-0.955160499,-0.473918706
BGD,2015,,-0.81450671,-0.726373553,-0.908241212,-0.512037396
BGD,2016,32.4,-0.863241136,-0.675904393,-0.804246247,-0.583839417
BGD,2017,,-0.83595705,-0.730936646,-0.813100755,-0.615031362
BGD,2018,,-0.902643025,-0.739062011,-0.842074037,-0.747332394
BGD,2019,,-0.994909585,-0.731802583,-0.93116945,-0.741785586
BGD,2020,,-0.979526103,-0.755047262,-0.904267788,-0.769074321
BGD,2021,,-0.962003231,-0.627411544,-0.845715046,-0.76964426
BGD,2022,31.8,,,,
BRB,1990,,,,,
BRB,1991,,,,,
BRB,1992,,,,,
BRB,1993,,,,,
BRB,1994,,,,,
BRB,1995,,,,,
BRB,1996,,1.542726398,1.414037704,1.288828254,1.342969298
BRB,1997,,,,,
BRB,1998,,1.541047335,1.403356314,1.284730434,1.274001479
BRB,1999,,,,,
BRB,2000,,1.519811511,1.380486727,1.255108356,1.264497519
BRB,2001,,,,,
BRB,2002,,1.485193968,1.367723227,1.082827806,1.231308818
BRB,2003,,1.497642756,1.348457336,1.122136354,1.155707598
BRB,2004,,1.408980489,1.184960961,1.079337835,1.104969382
BRB,2005,,1.410587668,1.290171266,1.154088497,0.949198723
BRB,2006,,1.325771332,1.443805933,1.000414729,1.037203312
BRB,2007,,1.402494311,1.320340395,1.080889106,1.029950738
BRB,2008,,1.358608723,1.562816024,0.881122231,0.946911216
BRB,2009,,1.376189828,1.480269432,0.584923089,1.127871275
BRB,2010,,1.476755738,1.406175494,0.505651414,1.136577249
BRB,2011,,1.717747927,1.464920998,0.642964423,1.114058733
BRB,2012,,1.648287773,1.454074264,0.448699445,1.132978678
BRB,2013,,1.61204195,1.350997925,0.45251441,1.137358308
BRB,2014,,1.133456349,1.19994545,0.335401326,1.145087719
BRB,2015,,1.487837434,1.021855712,0.561835468,1.096554518
BRB,2016,,1.25191021,1.077202797,0.477260143,1.08579421
BRB,2017,,1.416810632,0.838656902,0.490751982,1.113593578
BRB,2018,,1.40732944,0.421918601,0.541954517,1.091522932
BRB,2019,,1.192611575,0.626334429,0.410327405,1.102835178
BRB,2020,,1.222869277,0.482354999,0.480148494,1.129210949
BRB,2021,,1.242948413,0.538301587,0.560486197,1.132365346
BRB,2022,,,,,
BLR,1990,,,,,
BLR,1991,,,,,
BLR,1992,,,,,
BLR,1993,,,,,
BLR,1994,,,,,
BLR,1995,,,,,
BLR,1996,,-0.389609158,-0.380564451,-1.093996763,-0.819772601
BLR,1997,,,,,
BLR,1998,32,-0.323169857,-0.546766698,-1.495453,-0.772695839
BLR,1999,31.7,,,,
BLR,2000,31.2,-0.504357815,-0.721570194,-1.496406198,-1.312422276
BLR,2001,30.6,,,,
BLR,2002,30.3,-0.657884896,-1.043802381,-1.395955443,-1.451897144
BLR,2003,28.8,-0.537339866,-1.046411037,-1.30027616,-1.458550215
BLR,2004,26.5,-0.759292543,-1.207640886,-1.190362096,-1.597364068
BLR,2005,27.6,-0.723230779,-1.133684516,-1.44191277,-1.766817331
BLR,2006,28.3,-0.52986896,-1.203712702,-1.596236467,-1.753809452
BLR,2007,29.6,-0.574205935,-1.160435677,-1.42256093,-1.704453945
BLR,2008,27.8,-0.559036314,-1.167096853,-1.246820211,-1.593317866
BLR,2009,27.7,-0.56215173,-1.209062576,-1.157031417,-1.547644138
BLR,2010,28.6,-0.633431315,-1.188547492,-1.188309073,-1.555072069
BLR,2011,27.2,-0.619015694,-1.191681385,-1.323641777,-1.660208344
BLR,2012,26.5,-0.458519369,-0.967426658,-1.174061537,-1.567181349
BLR,2013,26.6,-0.40493837,-0.95636642,-1.159445167,-1.544428706
BLR,2014,27.2,-0.234706506,-0.480019152,-1.099450231,-1.442869425
BLR,2015,25.6,-0.289550424,-0.447351336,-1.143447757,-1.465073943
BLR,2016,25.3,-0.198352844,-0.472853124,-1.079789042,-1.339388609
BLR,2017,25.4,-0.215110376,-0.315424979,-0.841620028,-1.355983019
BLR,2018,25.2,-0.129793927,-0.25573644,-0.801075876,-1.366682768
BLR,2019,25.3,3.24E-02,-0.129739583,-0.663383305,-1.407921314
BLR,2020,24.4,-0.110224746,-0.798498213,-0.784566402,-1.454194069
BLR,2021,,-0.23533681,-0.770816863,-0.919227362,-1.583830237
BLR,2022,,,,,
BEL,1990,,,,,
BEL,1991,,,,,
BEL,1992,25,,,,
BEL,1993,,,,,
BEL,1994,,,,,
BEL,1995,28.4,,,,
BEL,1996,,1.359654307,1.711543679,1.21423173,1.433299541
BEL,1997,26.8,,,,
BEL,1998,,1.313234091,1.770154357,1.005810738,1.342847466
BEL,1999,,,,,
BEL,2000,33.1,1.446859002,1.659194231,1.152969837,1.366504431
BEL,2001,,,,,
BEL,2002,,1.45780158,1.915110826,1.254180551,1.377452493
BEL,2003,28.1,1.375112772,1.867962003,1.281626225,1.478290319
BEL,2004,30.5,1.360382557,1.853857398,1.346416473,1.440266132
BEL,2005,29.3,1.377162457,1.706026554,1.271361947,1.420762181
BEL,2006,28.1,1.301286578,1.742777586,1.329937816,1.342394352
BEL,2007,29.2,1.347415328,1.60173285,1.420544147,1.36077106
BEL,2008,28.4,1.36263752,1.380659461,1.405670285,1.324988484
BEL,2009,28.6,1.452005267,1.567259312,1.310220242,1.346692204
BEL,2010,28.4,1.473829985,1.654006839,1.282815099,1.360686898
BEL,2011,28.1,1.519928932,1.723260999,1.236216903,1.325163245
BEL,2012,27.5,1.559110403,1.670858145,1.222170353,1.349421859
BEL,2013,27.7,1.604302645,1.702398062,1.283747077,1.373045683
BEL,2014,28.1,1.512950301,1.518173218,1.152885199,1.366366982
BEL,2015,27.7,1.511199117,1.556387544,1.283219576,1.387459874
BEL,2016,27.6,1.569267988,1.427392483,1.337367177,1.37702024
BEL,2017,27.4,1.440446138,1.271787643,1.242281437,1.338485479
BEL,2018,27.2,1.461817741,1.256181955,1.266826153,1.318985224
BEL,2019,27.2,1.481857061,1.142297983,1.289381981,1.310198188
BEL,2020,26,1.47522223,1.116143942,1.354357123,1.282461047
BEL,2021,,1.484489679,1.125090241,1.342472672,1.282708883
BEL,2022,,,,,
BLZ,1990,,,,,
BLZ,1991,,,,,
BLZ,1992,,,,,
BLZ,1993,60.3,,,,
BLZ,1994,60.9,,,,
BLZ,1995,,,,,
BLZ,1996,56.6,-2.66E-02,0.388550758,0.143011913,0.824221611
BLZ,1997,60.4,,,,
BLZ,1998,54.9,-1.94E-02,0.401742518,0.195513546,0.881688356
BLZ,1999,53.3,,,,
BLZ,2000,,-4.22E-02,0.364934474,0.207320943,0.975879788
BLZ,2001,,,,,
BLZ,2002,,-7.09E-02,0.3014974,0.14991577,0.796831012
BLZ,2003,,-0.10321895,0.319204599,0.165346131,0.842791498
BLZ,2004,,-0.103965633,0.20606944,-0.118548453,0.74007237
BLZ,2005,,-0.201737866,0.14943254,6.88E-02,0.688429117
BLZ,2006,,-0.31359604,-0.111857474,-0.301703036,0.544680774
BLZ,2007,,-0.324733347,-0.233295649,-0.352246404,0.526492059
BLZ,2008,,-0.302956253,-0.313745677,-0.382103831,0.646870255
BLZ,2009,,4.13E-02,-0.306259096,-0.368749797,0.744926631
BLZ,2010,,-2.36E-02,-0.261475742,-0.335602492,0.685301244
BLZ,2011,,-0.307089061,-0.248953149,-0.37844494,0.695515275
BLZ,2012,,-3.10E-02,-0.165343121,-0.436850935,0.695277274
BLZ,2013,,2.04E-02,-0.146239355,-0.447350562,0.711436152
BLZ,2014,,-0.159106821,-0.543264508,-0.461533755,0.520108461
BLZ,2015,,-0.179022163,-0.60754776,-0.421569586,0.578148723
BLZ,2016,,-0.20044896,-0.600371897,-0.483711928,0.570842862
BLZ,2017,,-0.276755542,-0.637444735,-0.539396584,0.570629537
BLZ,2018,,-0.142567858,-0.596393645,-0.652213216,0.422355801
BLZ,2019,,-0.16567196,-0.60082376,-0.548786402,0.50560379
BLZ,2020,,-0.168403774,-0.568718016,-0.536648393,0.525966644
BLZ,2021,,-0.304920167,-0.488973141,-0.415183604,0.550501943
BLZ,2022,,,,,
BEN,1990,,,,,
BEN,1991,,,,,
BEN,1992,,,,,
BEN,1993,,,,,
BEN,1994,,,,,
BEN,1995,,,,,
BEN,1996,,-0.548114896,-0.380564451,-0.176318303,0.259205192
BEN,1997,,,,,
BEN,1998,,-0.649413109,-0.349467725,-0.14522028,0.425980747
BEN,1999,,,,,
BEN,2000,,-0.7009179,-0.396729678,-0.160908803,0.412923425
BEN,2001,,,,,
BEN,2002,,-0.795710146,-0.576151073,-0.573989809,5.09E-02
BEN,2003,38.6,-0.577583432,-0.568775833,-0.621432841,0.187651932
BEN,2004,,-0.563022554,-0.528148711,-0.619886994,5.31E-02
BEN,2005,,-0.871326268,-0.659076095,-0.641528606,-3.00E-02
BEN,2006,,-0.587095916,-0.651569664,-0.461876184,0.36277771
BEN,2007,,-0.470139265,-0.549093544,-0.506433964,0.36818099
BEN,2008,,-0.514077365,-0.498357534,-0.554605663,0.344647467
BEN,2009,,-0.627268314,-0.598890066,-0.398531437,0.342523217
BEN,2010,,-0.665382147,-0.614182591,-0.401749998,0.314489126
BEN,2011,43.4,-0.605445802,-0.551150143,-0.40187946,0.166390568
BEN,2012,,-0.857918382,-0.530877173,-0.401261717,0.12448547
BEN,2013,,-0.745442808,-0.511948347,-0.415549964,0.155496389
BEN,2014,,-0.669143796,-0.486698359,-0.620842099,0.264593005
BEN,2015,47.8,-0.534361541,-0.651237786,-0.601894319,0.294565856
BEN,2016,,-0.501190603,-0.597261608,-0.573481381,0.408386111
BEN,2017,,-0.549611926,-0.672316074,-0.507834852,0.38114199
BEN,2018,37.9,-0.368314892,-0.609943569,-0.38123408,0.240166172
BEN,2019,,-0.317782849,-0.466742843,-0.432607293,6.28E-02
BEN,2020,,-3.32E-02,-0.260536432,-0.468183726,-7.03E-02
BEN,2021,,-0.154652014,-0.206672296,-0.43148464,-0.2375402
BEN,2022,,,,,
BMU,1990,,,,,
BMU,1991,,,,,
BMU,1992,,,,,
BMU,1993,,,,,
BMU,1994,,,,,
BMU,1995,,,,,
BMU,1996,,1.318143249,1.157665968,1.506209135,1.180363297
BMU,1997,,,,,
BMU,1998,,1.334758759,1.15295279,1.482200265,1.166620493
BMU,1999,,,,,
BMU,2000,,1.313403845,1.126598597,1.459100604,0.939376175
BMU,2001,,,,,
BMU,2002,,1.310743809,1.101166725,1.422462821,1.125523925
BMU,2003,,1.33278954,1.091144085,1.414684296,1.200390577
BMU,2004,,1.306410432,1.15745306,1.438383937,1.134971619
BMU,2005,,1.269663095,1.021532297,1.359160781,1.153230071
BMU,2006,,1.25131321,1.02090764,1.34977591,1.017273426
BMU,2007,,1.26187098,0.991009831,1.378267288,0.972128868
BMU,2008,,1.27677536,1.012998343,1.398588419,0.967198193
BMU,2009,,1.317764997,1.016889334,1.405673504,0.963811636
BMU,2010,,1.301772714,1.000009179,1.389426827,0.988284409
BMU,2011,,1.272298098,0.989928126,1.36641407,1.009051681
BMU,2012,,1.260530829,1.001992941,1.321213126,1.025671721
BMU,2013,,1.253548503,1.009693861,1.319419265,1.004767299
BMU,2014,,1.220708609,0.948114812,0.880748272,
BMU,2015,,1.215440273,1.00404346,0.908654094,
BMU,2016,,1.223311424,1.323128939,0.86785984,
BMU,2017,,1.237865448,1.381827235,0.839894116,
BMU,2018,,1.234533429,1.380098939,0.821928322,
BMU,2019,,1.2310431,1.355696321,0.844433665,
BMU,2020,,1.311400652,1.534462929,0.94280678,
BMU,2021,,1.325616956,1.536465049,0.955576837,
BMU,2022,,,,,
BTN,1990,,,,,
BTN,1991,,,,,
BTN,1992,,,,,
BTN,1993,,,,,
BTN,1994,,,,,
BTN,1995,,,,,
BTN,1996,,0.94283849,0.644922495,-0.411945343,-0.952189922
BTN,1997,,,,,
BTN,1998,,0.883640766,0.652145922,-0.408505082,-1.098304272
BTN,1999,,,,,
BTN,2000,,0.574339628,0.618822575,-0.428554446,-1.112356544
BTN,2001,,,,,
BTN,2002,,0.449922442,0.568053842,-0.50857091,-1.290270805
BTN,2003,40.9,1.087011099,0.576517761,-4.87E-02,-1.146781921
BTN,2004,,0.893403232,0.124785841,-0.915191174,-0.965037107
BTN,2005,,0.87191695,0.357050955,-0.286168545,-1.072155476
BTN,2006,,0.854816735,0.271551549,-0.577596843,-1.058763504
BTN,2007,38.1,0.92875576,0.347575217,-0.70974499,-0.872591913
BTN,2008,,0.912390053,0.318026304,-0.765467465,-0.505405188
BTN,2009,,0.937309504,0.51552695,-1.071835279,-0.461808324
BTN,2010,,0.938382149,0.596895039,-1.158943653,-0.416917324
BTN,2011,,0.854587376,0.679861605,-1.154204845,-0.404029369
BTN,2012,38.8,0.953947246,0.553633213,-1.093008518,-0.280920058
BTN,2013,,0.912419856,0.4281376,-1.086755395,-0.158783659
BTN,2014,,1.306128979,0.295157015,-1.014745593,-0.1029386
BTN,2015,,1.02705121,0.452153057,-0.718258858,-3.48E-02
BTN,2016,,1.143277049,0.555250704,-0.674993694,-2.59E-02
BTN,2017,37.4,1.572964668,0.619420409,-0.326052338,1.10E-02
BTN,2018,,1.636567235,0.395572245,-0.331837833,3.48E-02
BTN,2019,,1.619334221,0.351603776,-0.311885327,7.48E-02
BTN,2020,,1.662710428,0.445312023,-0.285183251,0.153539494
BTN,2021,,1.553735256,0.796326637,-0.368813068,0.22564517
BTN,2022,28.5,,,,
BOL,1990,,,,,
BOL,1991,,,,,
BOL,1992,,,,,
BOL,1993,,,,,
BOL,1994,,,,,
BOL,1995,,,,,
BOL,1996,,-0.824829102,-0.174989536,4.97E-03,0.155518606
BOL,1997,58.2,,,,
BOL,1998,,-0.442392319,-9.76E-02,0.167925507,0.353770107
BOL,1999,58.1,,,,
BOL,2000,61.6,-0.483501077,-0.309992284,1.60E-02,0.189972907
BOL,2001,57.4,,,,
BOL,2002,59.3,-0.940807521,-0.32778573,-9.01E-02,0.140369892
BOL,2003,,-0.853618503,-0.382900864,-0.152667001,-5.64E-02
BOL,2004,55,-0.809159338,-0.648214281,-0.265374273,-0.170450285
BOL,2005,58.5,-0.741979063,-0.699732721,-0.693852127,-0.156710431
BOL,2006,56.7,-0.431123644,-0.733223915,-0.888415873,7.65E-02
BOL,2007,54.5,-0.402193725,-0.574611723,-0.98601824,4.22E-02
BOL,2008,50.8,-0.528391659,-0.631037652,-0.864422381,2.96E-03
BOL,2009,49.2,-0.631416976,-0.607502222,-0.873411775,6.95E-03
BOL,2010,,-0.458648711,-0.502368271,-0.797301412,-3.92E-02
BOL,2011,46.1,-0.573696494,-0.471269518,-0.763345361,-6.82E-02
BOL,2012,46.6,-0.727891862,-0.361267656,-0.832377791,-8.16E-02
BOL,2013,47.6,-0.587771356,-0.379845023,-0.78638947,-6.90E-02
BOL,2014,47.8,-0.628422022,-0.586189091,-0.886673927,-2.63E-02
BOL,2015,46.7,-0.694146633,-0.651217341,-0.898342431,-4.66E-03
BOL,2016,45.2,-0.754407942,-0.576043069,-1.008276939,-3.64E-02
BOL,2017,44.6,-0.67995137,-0.370755553,-0.976599276,-2.46E-02
BOL,2018,42.6,-0.66733861,-0.303807169,-0.990943968,-6.67E-02
BOL,2019,41.6,-0.761989772,-0.774055243,-0.986101508,-0.116381519
BOL,2020,43.6,-0.824403942,-0.702078521,-1.01854825,-8.35E-02
BOL,2021,40.9,-0.86410296,-0.731921494,-1.153909087,-0.109920748
BOL,2022,,,,,
BIH,1990,,,,,
BIH,1991,,,,,
BIH,1992,,,,,
BIH,1993,,,,,
BIH,1994,,,,,
BIH,1995,,,,,
BIH,1996,,-0.270569712,-1.192045927,-0.910771251,-0.103825636
BIH,1997,,,,,
BIH,1998,,-0.402136475,-1.20836997,-1.030670643,-8.21E-03
BIH,1999,,,,,
BIH,2000,,-0.595849037,-1.057379365,-0.683763087,-0.108343385
BIH,2001,30,,,,
BIH,2002,,-0.387543082,-1.071950078,-0.607061386,-8.70E-02
BIH,2003,,-0.282097161,-0.888265491,-0.46620518,0.209610522
BIH,2004,34,-0.324706376,-0.704951227,-0.23462072,0.168824628
BIH,2005,,-0.232808679,-0.766192019,-0.578913093,0.213584736
BIH,2006,,-0.3014144,-0.633571148,-0.468090147,0.187260136
BIH,2007,33.1,-0.374117345,-0.860691369,-0.286616474,0.131010443
BIH,2008,,-0.360781223,-0.602844954,-0.175438628,1.52E-02
BIH,2009,,-0.379986048,-0.719220936,-0.110355966,3.17E-03
BIH,2010,,-0.336401552,-0.737868011,-0.119476207,-8.24E-02
BIH,2011,33,-0.326692939,-0.733116925,-5.90E-02,-0.159755006
BIH,2012,,-0.309364051,-0.449273467,-6.17E-02,-0.100325391
BIH,2013,,-0.244402736,-0.427030027,-7.49E-02,-0.116462924
BIH,2014,,-0.299684912,-0.48677516,-4.17E-02,-7.10E-02
BIH,2015,,-0.391407371,-0.589775622,-0.167333737,-9.81E-02
BIH,2016,,-0.461519122,-0.413330823,-0.128769919,-0.131173372
BIH,2017,,-0.529383123,-0.484354198,-4.32E-02,-0.205770269
BIH,2018,,-0.582578957,-0.638621569,-0.128680289,-0.26597783
BIH,2019,,-0.625312626,-0.669898689,-0.112791009,-0.243082657
BIH,2020,,-0.620458722,-1.043453574,-0.166626409,-0.321430176
BIH,2021,,-0.643698514,-1.041251063,-0.178626731,-0.313323438
BIH,2022,,,,,
BWA,1990,,,,,
BWA,1991,,,,,
BWA,1992,,,,,
BWA,1993,60.8,,,,
BWA,1994,,,,,
BWA,1995,,,,,
BWA,1996,,0.817961216,0.556376994,0.650729418,0.862501025
BWA,1997,,,,,
BWA,1998,,0.824313879,0.430778682,0.832761347,0.749341488
BWA,1999,,,,,
BWA,2000,,0.858368933,0.420466751,0.796799183,0.674277008
BWA,2001,,,,,
BWA,2002,64.7,0.624537587,0.536757171,0.900155962,0.666893184
BWA,2003,,1.244919538,0.619905114,0.844509065,0.70607698
BWA,2004,,0.875725925,0.59890151,0.763184726,0.735869944
BWA,2005,,1.160792708,0.58188504,0.720574915,0.594607651
BWA,2006,,0.93653053,0.41898492,0.610028148,0.513100147
BWA,2007,,0.993910909,0.533447444,0.63324821,0.507903636
BWA,2008,,1.022529721,0.517145455,0.644565642,0.513504624
BWA,2009,60.5,0.927733779,0.414568633,0.607087076,0.437099367
BWA,2010,,1.003351092,0.386874497,0.578393817,0.455533385
BWA,2011,,0.966567457,0.410438478,0.576675236,0.425984055
BWA,2012,,0.90651536,0.421417683,0.692556441,0.532969713
BWA,2013,,0.893463314,0.377902538,0.635518551,0.489367247
BWA,2014,,0.813040078,0.295623541,0.764807999,0.447524369
BWA,2015,53.3,0.813294947,0.479426295,0.564758301,0.450683594
BWA,2016,,0.900315821,0.528043211,0.736300766,0.403236479
BWA,2017,,0.744532168,0.395828336,0.605693042,0.393603384
BWA,2018,,0.749112308,0.280855685,0.632988632,0.453582108
BWA,2019,,0.702542424,0.400045097,0.509274006,0.498391122
BWA,2020,,0.629279554,0.199554354,0.539952695,0.490897
BWA,2021,,0.685204029,0.354068398,0.614231944,0.457586139
BWA,2022,,,,,
BRA,1990,60.5,,,,
BRA,1991,,,,,
BRA,1992,53.2,,,,
BRA,1993,60.1,,,,
BRA,1994,,,,,
BRA,1995,59.6,,,,
BRA,1996,59.9,-1.86E-02,-0.143133715,0.296933323,0.242076978
BRA,1997,59.8,,,,
BRA,1998,59.6,4.15E-02,-0.201571122,0.327298194,0.332852572
BRA,1999,59,,,,
BRA,2000,,1.32E-02,4.31E-02,0.258442432,0.301593602
BRA,2001,58.4,,,,
BRA,2002,58.1,8.19E-02,-3.46E-02,0.182567075,0.472238034
BRA,2003,57.6,9.02E-02,7.96E-02,0.196701482,0.442828864
BRA,2004,56.5,-2.73E-02,-9.75E-02,3.74E-02,0.388609469
BRA,2005,56.3,-0.15374814,-0.161735713,3.69E-02,0.45767951
BRA,2006,55.6,-0.120479897,-0.398304135,-4.13E-02,0.500075698
BRA,2007,54.9,-8.40E-02,-0.299589753,-2.28E-02,0.537074029
BRA,2008,54,3.44E-03,-0.15749611,7.70E-02,0.568985701
BRA,2009,53.7,-8.00E-02,-0.158917338,0.127607271,0.52199918
BRA,2010,,4.38E-02,-9.42E-02,0.246619865,0.571348906
BRA,2011,52.9,0.168382421,-0.160819367,0.25802207,0.513676167
BRA,2012,53.4,-4.69E-02,-0.169213906,0.173244089,0.477906197
BRA,2013,52.7,-9.77E-02,-0.126656055,0.146290123,0.417426258
BRA,2014,52,-0.365745902,-0.181397632,-2.82E-02,0.471947551
BRA,2015,51.9,-0.433242053,-0.232308552,-0.164282531,0.458866268
BRA,2016,53.3,-0.422299951,-0.221285507,-0.179583877,0.451864898
BRA,2017,53.3,-0.536921918,-0.292603076,-0.116344914,0.448033065
BRA,2018,53.9,-0.458420366,-0.498852432,-0.28046,0.366284221
BRA,2019,53.5,-0.386171013,-0.206858993,-0.109311007,0.302300245
BRA,2020,48.9,-0.407126695,-0.43761009,-9.72E-02,0.295445383
BRA,2021,52.9,-0.477816075,-0.460291952,-0.110795245,0.278196901
BRA,2022,,,,,
VGB,1990,,,,,
VGB,1991,,,,,
VGB,1992,,,,,
VGB,1993,,,,,
VGB,1994,,,,,
VGB,1995,,,,,
VGB,1996,,,,,
VGB,1997,,,,,
VGB,1998,,,,,
VGB,1999,,,,,
VGB,2000,,,,,
VGB,2001,,,,,
VGB,2002,,,,,
VGB,2003,,,,,
VGB,2004,,,,,
VGB,2005,,,,,
VGB,2006,,,,,
VGB,2007,,,,,
VGB,2008,,,,,
VGB,2009,,,,,
VGB,2010,,,,,
VGB,2011,,,,,
VGB,2012,,,,,
VGB,2013,,,,,
VGB,2014,,,,,
VGB,2015,,,,,
VGB,2016,,,,,
VGB,2017,,,,,
VGB,2018,,,,,
VGB,2019,,,,,
VGB,2020,,,,,
VGB,2021,,,,,
VGB,2022,,,,,
BRN,1990,,,,,
BRN,1991,,,,,
BRN,1992,,,,,
BRN,1993,,,,,
BRN,1994,,,,,
BRN,1995,,,,,
BRN,1996,,0.478994995,0.927289665,1.348304272,-0.64997232
BRN,1997,,,,,
BRN,1998,,0.351099044,0.892576635,0.892312944,-0.723196626
BRN,1999,,,,,
BRN,2000,,0.352338552,0.866731763,0.942103505,-0.712918997
BRN,2001,,,,,
BRN,2002,,0.291513354,0.845220685,1.051712155,-0.833585382
BRN,2003,,0.294731706,0.688276529,1.001172066,-0.776591659
BRN,2004,,0.39448899,0.224801153,1.196243405,-0.797836304
BRN,2005,,0.239500239,0.594444633,0.910222888,-0.776663303
BRN,2006,,0.201880708,0.86607492,0.935711622,-1.098655343
BRN,2007,,0.209355533,0.917741776,0.986057281,-1.061536789
BRN,2008,,0.482722253,0.880291998,0.78394568,-1.018134356
BRN,2009,,0.984291792,0.913711667,1.084986091,-0.7307145
BRN,2010,,0.857778549,0.896480978,1.108142734,-0.650570631
BRN,2011,,0.854477346,0.8911888,1.14903605,-0.610339284
BRN,2012,,0.538632572,0.837379038,1.145500064,-0.506374061
BRN,2013,,0.639075041,0.864929259,1.098578215,-0.505072594
BRN,2014,,0.526151538,1.081873417,0.980604351,-0.625015438
BRN,2015,,0.568516076,1.056566596,0.848141491,-0.754139483
BRN,2016,,0.562653184,1.079201698,0.589656472,-0.900963008
BRN,2017,,0.708136737,1.140028715,0.713511765,-0.948658228
BRN,2018,,0.791131794,1.245598555,0.684856713,-0.862689853
BRN,2019,,0.798348665,1.311809182,0.632571876,-0.967858493
BRN,2020,,1.278217196,1.429679275,0.915989935,-0.930800736
BRN,2021,,1.246438384,1.454833269,0.993437648,-0.848210752
BRN,2022,,,,,
BGR,1990,,,,,
BGR,1991,,,,,
BGR,1992,,,,,
BGR,1993,,,,,
BGR,1994,,,,,
BGR,1995,,,,,
BGR,1996,,-0.361505151,-4.26E-02,-0.184434712,0.428986371
BGR,1997,,,,,
BGR,1998,,-0.178232148,-8.35E-02,0.18892239,0.437017411
BGR,1999,,,,,
BGR,2000,,-0.178624526,3.80E-02,0.19995749,0.46049878
BGR,2001,,,,,
BGR,2002,,-0.171931699,0.173596397,0.52767992,0.528531253
BGR,2003,,-8.73E-02,3.05E-02,0.668375254,0.545891941
BGR,2004,,6.82E-02,7.57E-02,0.707843781,0.569690168
BGR,2005,,1.87E-02,0.131950036,0.657545507,0.59489274
BGR,2006,35.7,-0.110585965,-0.136293441,0.616540432,0.577117205
BGR,2007,36.1,-0.231792405,-0.126671836,0.643360615,0.690935314
BGR,2008,33.6,-0.274787337,-0.18058373,0.734121799,0.577976346
BGR,2009,33.8,-0.229267567,6.88E-02,0.694785178,0.560471177
BGR,2010,35.7,-0.237023547,-6.97E-02,0.680432558,0.531482577
BGR,2011,34.3,-0.26926437,-7.56E-02,0.552520037,0.450080156
BGR,2012,36,-0.281460792,-3.15E-02,0.574710846,0.400915593
BGR,2013,36.6,-0.327604949,-1.55E-02,0.549109817,0.337270796
BGR,2014,37.4,-0.302766591,-0.11380437,0.585273623,0.366481721
BGR,2015,38.6,-0.321295172,1.64E-02,0.591456354,0.432587624
BGR,2016,40.6,-0.236125767,0.120276362,0.710182667,0.402202278
BGR,2017,40.4,-0.17138277,0.128312349,0.668624163,0.429832309
BGR,2018,41.3,-0.164292946,0.140734524,0.615697503,0.356660843
BGR,2019,40.3,-0.157977611,0.202311069,0.543415308,0.355631977
BGR,2020,40.5,-0.300079286,-0.182731494,0.474105209,0.261954099
BGR,2021,,-0.235711768,-0.139183074,0.448316187,0.290902913
BGR,2022,,,,,
BFA,1990,,,,,
BFA,1991,,,,,
BFA,1992,,,,,
BFA,1993,,,,,
BFA,1994,48.1,,,,
BFA,1995,,,,,
BFA,1996,,0.111519091,-0.928940415,-0.295270145,-0.533439755
BFA,1997,,,,,
BFA,1998,49.9,9.56E-02,-0.918438375,-0.230121166,-0.396195322
BFA,1999,,,,,
BFA,2000,,0.124697194,-0.783201575,-0.157018542,-0.230154827
BFA,2001,,,,,
BFA,2002,,0.120319605,-0.846448183,-0.137807384,-0.387816608
BFA,2003,43.3,-0.107514307,-0.814034224,-0.361612886,-0.30972442
BFA,2004,,-0.149054155,-0.695688009,-0.329019099,-0.433708817
BFA,2005,,-0.105527252,-0.600863695,-0.456178695,-0.44652009
BFA,2006,,-0.310118109,-0.800466657,-0.396016359,-0.34183386
BFA,2007,,-0.329598039,-0.769253969,-0.313472509,-0.307009161
BFA,2008,,-0.309015125,-0.527292013,-0.229373604,-0.283480763
BFA,2009,39.8,-0.345606595,-0.615956783,-0.141745225,-0.289741963
BFA,2010,,-0.356885225,-0.587244034,-0.208372116,-0.252949893
BFA,2011,,-0.378650427,-0.566133022,-0.205170572,-0.280185431
BFA,2012,,-0.482446641,-0.631817698,-0.139083847,-0.304970831
BFA,2013,,-0.525301456,-0.669020593,-0.197507471,-0.255426079
BFA,2014,35.3,-0.466464132,-0.591082871,-0.340953946,-0.352517307
BFA,2015,,-0.273306519,-0.647623837,-0.405414432,-0.114109591
BFA,2016,,-0.145827129,-0.595434606,-0.437461883,1.38E-02
BFA,2017,,-0.113376908,-0.604678869,-0.464947999,6.49E-02
BFA,2018,43,-0.106927834,-0.611225009,-0.392703414,-6.83E-02
BFA,2019,,-0.195339918,-0.753421664,-0.409996361,-0.202466473
BFA,2020,,-9.87E-02,-0.675997257,-0.468467951,-0.182251424
BFA,2021,,-5.94E-02,-0.726333022,-0.46693927,-0.109308377
BFA,2022,,,,,
BDI,1990,,,,,
BDI,1991,,,,,
BDI,1992,33.3,,,,
BDI,1993,,,,,
BDI,1994,,,,,
BDI,1995,,,,,
BDI,1996,,-0.680634856,-1.662423134,-1.641464949,-1.549572229
BDI,1997,,,,,
BDI,1998,42.3,-0.681749761,-1.601484895,-1.575171113,-1.44287765
BDI,1999,,,,,
BDI,2000,,-0.82470423,-1.412281871,-1.136425018,-1.489835978
BDI,2001,,,,,
BDI,2002,,-0.759896934,-1.502607822,-1.214292169,-1.164891243
BDI,2003,,-0.874153018,-1.495919228,-1.20160675,-1.177996397
BDI,2004,,-0.97840488,-1.236027002,-1.191961408,-1.281000972
BDI,2005,,-0.95718044,-1.25173223,-1.337775469,-0.634234488
BDI,2006,33.4,-1.101503611,-1.114812851,-1.189755201,-0.723143578
BDI,2007,,-1.166984916,-1.285984635,-1.228424907,-0.714045227
BDI,2008,,-1.088232398,-1.139725447,-1.240296006,-0.685290635
BDI,2009,,-1.132561207,-1.069054723,-1.167749643,-0.689463794
BDI,2010,,-1.168900132,-1.127795339,-1.122368693,-0.942692876
BDI,2011,,-1.208371162,-1.087861061,-1.020373702,-0.927631795
BDI,2012,,-1.468606353,-1.31334269,-0.952941537,-0.894518375
BDI,2013,38.6,-1.426113844,-1.071575284,-0.900794625,-0.953051269
BDI,2014,,-1.267834663,-1.151783228,-0.733122706,-1.042564631
BDI,2015,,-1.266484857,-1.208083391,-0.735208213,-1.27204144
BDI,2016,,-1.260349035,-1.455983877,-0.844684064,-1.555478096
BDI,2017,,-1.304452658,-1.360134125,-0.854293644,-1.575840592
BDI,2018,,-1.459785938,-1.426494479,-0.990732431,-1.672138691
BDI,2019,,-1.480386734,-1.350362778,-0.972790122,-1.724568605
BDI,2020,,-1.544021368,-1.281262875,-1.043318987,-1.527691841
BDI,2021,,-1.580753326,-1.331090689,-0.984301567,-1.405154943
BDI,2022,,,,,
CPV,1990,,,,,
CPV,1991,,,,,
CPV,1992,,,,,
CPV,1993,,,,,
CPV,1994,,,,,
CPV,1995,,,,,
CPV,1996,,1.143337369,,-0.53226763,0.937576175
CPV,1997,,,,,
CPV,1998,,1.15506649,,-0.454855204,0.934504032
CPV,1999,,,,,
CPV,2000,,1.127157092,,-1.64E-02,0.803981602
CPV,2001,52.5,,,,
CPV,2002,,0.495939344,-0.270427465,-0.259639919,0.691441357
CPV,2003,,0.478955358,-0.282835037,-0.282602161,0.594847262
CPV,2004,,0.338964373,-0.347772747,-0.462027729,0.649413288
CPV,2005,,0.590595901,-0.236018777,-0.365165055,0.441597372
CPV,2006,,0.838406205,-3.07E-02,-0.287643552,0.782895863
CPV,2007,47.2,0.918705285,0.285647899,-0.326841533,0.863329768
CPV,2008,,0.900168598,-2.94E-02,-0.188693181,0.937762976
CPV,2009,,0.892971933,-8.35E-02,-5.58E-02,0.891080618
CPV,2010,,0.877152562,-0.100973316,-0.146439359,0.89467752
CPV,2011,,0.924242795,7.90E-02,1.59E-04,0.970096409
CPV,2012,,0.885680318,5.32E-02,1.97E-02,0.93871963
CPV,2013,,0.851895511,4.17E-02,-0.115504146,0.916024446
CPV,2014,,0.97090441,3.71E-02,-0.24127388,0.955262125
CPV,2015,42.4,0.951782465,0.19493103,-0.144566312,0.942406356
CPV,2016,,0.862223923,0.137604639,-0.183302492,0.974187255
CPV,2017,,0.82485795,0.174251601,-5.92E-02,0.964152038
CPV,2018,,0.786523998,0.355626673,-2.89E-02,0.964887321
CPV,2019,,0.87260592,0.291506767,-1.74E-02,0.952357113
CPV,2020,,0.867775917,0.226905838,0.168183818,0.917146564
CPV,2021,,1.035422206,4.27E-02,0.273635685,0.939017296
CPV,2022,,,,,
KHM,1990,,,,,
KHM,1991,,,,,
KHM,1992,,,,,
KHM,1993,,,,,
KHM,1994,,,,,
KHM,1995,,,,,
KHM,1996,,-1.019842386,-0.724763095,-0.227968425,-0.74947238
KHM,1997,,,,,
KHM,1998,,-0.988311708,-0.874252379,-0.1639525,-0.815465987
KHM,1999,,,,,
KHM,2000,,-0.967182696,-0.897491276,-0.159286216,-0.780782819
KHM,2001,,,,,
KHM,2002,,-0.990784228,-0.807996273,-0.19533518,-0.740299761
KHM,2003,,-0.989836037,-0.913508534,-0.420781255,-0.899962723
KHM,2004,,-1.058346272,-0.902321815,-0.456693709,-0.870825171
KHM,2005,,-1.223739982,-1.001747727,-0.533687413,-1.017338395
KHM,2006,,-1.260385513,-0.980856121,-0.616633773,-0.931646049
KHM,2007,,-1.151689529,-0.910214007,-0.493607432,-0.927987039
KHM,2008,,-1.241710544,-1.00050509,-0.461728305,-0.971139133
KHM,2009,,-1.181240082,-0.958654165,-0.495730013,-0.913421929
KHM,2010,,-1.249007821,-0.960994601,-0.491047919,-0.927240491
KHM,2011,,-1.255649567,-0.869724989,-0.591842175,-0.914128304
KHM,2012,,-1.080681562,-0.817487955,-0.355143368,-0.961479783
KHM,2013,,-1.063721895,-0.909453154,-0.352435142,-0.980927289
KHM,2014,,-1.146749973,-0.693109095,-0.439880818,-1.107745647
KHM,2015,,-1.129094005,-0.701688945,-0.531640768,-1.122608662
KHM,2016,,-1.283803344,-0.69183284,-0.475072771,-1.105340958
KHM,2017,,-1.298118234,-0.654785931,-0.503388524,-1.154671073
KHM,2018,,-1.335210085,-0.555220902,-0.499323159,-1.236653328
KHM,2019,,-1.304018021,-0.571561098,-0.571630478,-1.220241785
KHM,2020,,-1.250048399,-0.392002016,-0.618000269,-1.357066512
KHM,2021,,-1.176956654,-0.422636479,-0.644233465,-1.435853243
KHM,2022,,,,,
CMR,1990,,,,,
CMR,1991,,,,,
CMR,1992,,,,,
CMR,1993,,,,,
CMR,1994,,,,,
CMR,1995,,,,,
CMR,1996,44.4,-1.334984779,-1.080202699,-1.122349262,-0.938624918
CMR,1997,,,,,
CMR,1998,,-1.313288569,-0.826229513,-0.90652889,-1.063615322
CMR,1999,,,,,
CMR,2000,,-1.32529211,-0.823291063,-0.820246458,-1.060406923
CMR,2001,42.1,,,,
CMR,2002,,-1.209111929,-0.911196768,-1.02413702,-1.097048998
CMR,2003,,-0.981341302,-0.838255286,-0.9727934,-1.060005665
CMR,2004,,-1.125436306,-0.805877626,-0.720635176,-0.974191248
CMR,2005,,-1.199409604,-0.928648829,-0.912781835,-1.034067273
CMR,2006,,-1.091455698,-0.970729887,-0.842229605,-1.023897529
CMR,2007,42.8,-1.033044815,-0.849485576,-0.836638272,-1.04956615
CMR,2008,,-1.034228325,-0.823444545,-0.818746328,-1.067795634
CMR,2009,,-1.020551085,-0.850612581,-0.769573271,-1.040355802
CMR,2010,,-1.07531774,-0.900068581,-0.753017664,-1.058274269
CMR,2011,,-1.16692555,-0.891388357,-0.810016274,-1.033121347
CMR,2012,,-1.27243948,-0.90253967,-0.931122065,-1.021580935
CMR,2013,,-1.21758461,-0.922704458,-0.959768236,-1.036896467
CMR,2014,46.6,-1.178454518,-0.810280144,-0.898471713,-0.944473267
CMR,2015,,-1.074164391,-0.800239265,-0.915610492,-0.954277456
CMR,2016,,-1.158264041,-0.782967508,-0.799411178,-1.03098774
CMR,2017,,-1.205515623,-0.826015651,-0.830922008,-1.051754713
CMR,2018,,-1.144107223,-0.822952509,-0.796862423,-1.133222699
CMR,2019,,-1.194020867,-0.83137095,-0.831786811,-1.209367275
CMR,2020,,-1.114790559,-0.900137961,-0.81543833,-1.205424547
CMR,2021,,-1.09271419,-0.875312626,-0.922730327,-1.16015625
CMR,2022,,,,,
CAN,1990,31.4,,,,
CAN,1991,32,,,,
CAN,1992,31.6,,,,
CAN,1993,31.7,,,,
CAN,1994,31.3,,,,
CAN,1995,31.5,,,,
CAN,1996,32.8,2.031407595,1.742363691,1.488290906,1.566335797
CAN,1997,33.1,,,,
CAN,1998,33.2,2.034210443,1.877301693,1.53667593,1.55141294
CAN,1999,33.1,,,,
CAN,2000,33.4,2.049319029,1.849078655,1.464474559,1.531965375
CAN,2001,33.6,,,,
CAN,2002,33.6,1.982231498,1.860855937,1.53391695,1.499053836
CAN,2003,33.8,1.931292057,1.923825741,1.52460897,1.547556758
CAN,2004,33.8,1.805866241,1.90024209,1.616421103,1.668454528
CAN,2005,33.6,1.86970067,1.881939769,1.565749764,1.506879449
CAN,2006,34.1,1.952794552,1.891714334,1.558656931,1.415594816
CAN,2007,33.8,1.99088037,1.754162312,1.606389523,1.384671569
CAN,2008,33.9,1.987721443,1.781874537,1.650943518,1.40752852
CAN,2009,34,2.051796675,1.741881609,1.696578741,1.401895523
CAN,2010,33.6,2.061873198,1.77762568,1.693430305,1.352658749
CAN,2011,32.7,1.971133471,1.772330761,1.684840202,1.380144596
CAN,2012,33.5,1.918904424,1.756651282,1.707194686,1.437505364
CAN,2013,33.8,1.879342556,1.781098008,1.729890943,1.453486681
CAN,2014,33.2,1.832427263,1.754314423,1.838725328,1.412388206
CAN,2015,33.7,1.884429693,1.7574085,1.712831616,1.467146516
CAN,2016,32.7,1.984779,1.774251819,1.735729814,1.44514811
CAN,2017,33.3,1.920100808,1.848514438,1.884537697,1.477725148
CAN,2018,32.5,1.823797584,1.707835555,1.704930067,1.490133643
CAN,2019,31.7,1.763857365,1.724295616,1.714652538,1.431864738
CAN,2020,,1.59498167,1.63518703,1.600482345,1.475401282
CAN,2021,,1.64609468,1.603892088,1.617245555,1.457884431
CAN,2022,,,,,
CYM,1990,,,,,
CYM,1991,,,,,
CYM,1992,,,,,
CYM,1993,,,,,
CYM,1994,,,,,
CYM,1995,,,,,
CYM,1996,,1.318143249,1.926781178,1.026670456,1.620618224
CYM,1997,,,,,
CYM,1998,,1.334758759,1.904163122,1.009523869,1.60065186
CYM,1999,,,,,
CYM,2000,,1.313403845,1.888262868,1.223143578,1.59120369
CYM,2001,,,,,
CYM,2002,,1.310743809,1.90083611,1.422462821,1.57331872
CYM,2003,,1.33278954,1.348457336,1.414684296,0.963297606
CYM,2004,,1.259595275,1.256278276,1.462506533,0.877797484
CYM,2005,,1.269663095,1.287201762,1.359160781,0.903781235
CYM,2006,,1.25131321,1.279470682,1.34977591,0.782868326
CYM,2007,,1.26187098,1.246103287,1.378267288,0.744717002
CYM,2008,,0.797165334,1.270425439,1.146645427,0.746175408
CYM,2009,,1.109147549,1.263980389,1.162789583,0.558976114
CYM,2010,,1.121295571,1.246244311,1.157036424,0.577670872
CYM,2011,,1.344402432,1.236214161,1.135535717,0.579870045
CYM,2012,,1.346243501,1.247285604,1.102402806,0.574214995
CYM,2013,,1.351891994,1.221145153,1.111847997,0.548934817
CYM,2014,,1.014231563,1.175349116,0.848234236,0.473154336
CYM,2015,,1.015789151,1.163204432,0.810933888,0.469175249
CYM,2016,,0.523208559,1.176936388,0.783717752,0.474954337
CYM,2017,,0.522292554,1.221999407,0.751337171,0.485495865
CYM,2018,,0.492103606,1.197371006,0.974463463,0.463289589
CYM,2019,,0.462481052,1.163199425,0.981019139,0.469737321
CYM,2020,,0.469391435,1.121367574,1.056846976,0.498710454
CYM,2021,,0.499766856,1.290151834,1.06205523,0.768519342
CYM,2022,,,,,
CAF,1990,,,,,
CAF,1991,,,,,
CAF,1992,61.3,,,,
CAF,1993,,,,,
CAF,1994,,,,,
CAF,1995,,,,,
CAF,1996,,-1.140931249,-1.406051278,-0.891484022,-0.827540696
CAF,1997,,,,,
CAF,1998,,-1.122683883,-1.351081371,-0.881181359,-0.681777358
CAF,1999,,,,,
CAF,2000,,-1.19889617,-1.412281871,-0.900468171,-0.670608699
CAF,2001,,,,,
CAF,2002,,-0.979822814,-1.382853866,-0.977119625,-1.003465772
CAF,2003,,-1.020734549,-1.20287776,-1.119567871,-1.248254657
CAF,2004,,-1.477273107,-1.329879522,-1.201090693,-1.309359193
CAF,2005,,-1.302766085,-1.5740484,-1.317781329,-0.994375527
CAF,2006,,-1.219142318,-1.464210272,-1.270379066,-1.014793515
CAF,2007,,-1.210953355,-1.539292693,-1.265753269,-1.083287358
CAF,2008,56.2,-1.137276769,-1.380067945,-1.194054246,-0.9880777
CAF,2009,,-0.988850176,-1.401379704,-1.257949591,-1.00347209
CAF,2010,,-0.9376055,-1.398226023,-1.162961602,-1.10421741
CAF,2011,,-0.967538118,-1.317806125,-1.197331548,-1.087498307
CAF,2012,,-1.005531907,-1.457386017,-1.073146105,-1.241135001
CAF,2013,,-1.096233726,-1.630319953,-1.169390798,-1.474687338
CAF,2014,,-1.166350484,-1.8873595,-1.389235854,-1.391003728
CAF,2015,,-1.299050212,-1.788288116,-1.420393348,-1.223749876
CAF,2016,,-1.280093908,-1.785910368,-1.407378435,-1.080355525
CAF,2017,,-1.176209807,-1.77838099,-1.481516957,-1.106176496
CAF,2018,,-1.213368177,-1.714512467,-1.379378438,-1.207438707
CAF,2019,,-1.216165543,-1.754603624,-1.363907576,-1.222213626
CAF,2020,,-1.274659276,-1.70478034,-1.483237028,-1.304860711
CAF,2021,43,-1.226334929,-1.644267082,-1.490334511,-1.195577979
CAF,2022,,,,,
TCD,1990,,,,,
TCD,1991,,,,,
TCD,1992,,,,,
TCD,1993,,,,,
TCD,1994,,,,,
TCD,1995,,,,,
TCD,1996,,-1.380423903,-0.636936128,-1.228221774,-0.993629873
TCD,1997,,,,,
TCD,1998,,-1.336608768,-0.599871159,-1.200929642,-0.972022057
TCD,1999,,,,,
TCD,2000,,-1.325013876,-0.650617778,-1.208696246,-0.978057504
TCD,2001,,,,,
TCD,2002,,-1.270305872,-0.888108373,-1.026069403,-0.940512538
TCD,2003,39.8,-1.465013862,-1.172560811,-1.049728274,-1.103416204
TCD,2004,,-1.44834578,-1.149736881,-0.832159936,-1.230528593
TCD,2005,,-1.531993032,-1.393471599,-1.201513171,-1.307716489
TCD,2006,,-1.361009359,-1.459057212,-1.080308914,-1.418420553
TCD,2007,,-1.388992548,-1.607999802,-1.117924452,-1.451322198
TCD,2008,,-1.534189463,-1.551874518,-1.152502775,-1.445906639
TCD,2009,,-1.412184477,-1.417354941,-1.074161172,-1.398561954
TCD,2010,,-1.394238591,-1.455557346,-1.080664158,-1.36032784
TCD,2011,43.3,-1.355160832,-1.371683717,-1.037201643,-1.350031614
TCD,2012,,-1.330996513,-1.484555364,-1.069833875,-1.342747569
TCD,2013,,-1.370108247,-1.387030363,-1.005923748,-1.374709487
TCD,2014,,-1.329005241,-1.509681106,-1.162166953,-1.330803752
TCD,2015,,-1.353646398,-1.452338576,-1.201197505,-1.33509016
TCD,2016,,-1.484632969,-1.520560622,-1.171274185,-1.36274147
TCD,2017,,-1.433871388,-1.478251815,-1.211906075,-1.371379972
TCD,2018,37.5,-1.385962009,-1.533063173,-1.111339927,-1.468129873
TCD,2019,,-1.400777578,-1.576589465,-1.107251406,-1.434826493
TCD,2020,,-1.405846715,-1.481645107,-1.109265924,-1.403792143
TCD,2021,,-1.477722049,-1.424023867,-1.154978991,-1.420119882
TCD,2022,,,,,
CHI,1990,,,,,
CHI,1991,,,,,
CHI,1992,,,,,
CHI,1993,,,,,
CHI,1994,,,,,
CHI,1995,,,,,
CHI,1996,,,,,
CHI,1997,,,,,
CHI,1998,,,,,
CHI,1999,,,,,
CHI,2000,,,,,
CHI,2001,,,,,
CHI,2002,,,,,
CHI,2003,,,,,
CHI,2004,,,,,
CHI,2005,,,,,
CHI,2006,,,,,
CHI,2007,,,,,
CHI,2008,,,,,
CHI,2009,,,,,
CHI,2010,,,,,
CHI,2011,,,,,
CHI,2012,,,,,
CHI,2013,,,,,
CHI,2014,,,,,
CHI,2015,,,,,
CHI,2016,,,,,
CHI,2017,,,,,
CHI,2018,,,,,
CHI,2019,,,,,
CHI,2020,,,,,
CHI,2021,,,,,
CHI,2022,,,,,
CHL,1990,57.2,,,,
CHL,1991,,,,,
CHL,1992,54.8,,,,
CHL,1993,,,,,
CHL,1994,56.4,,,,
CHL,1995,,,,,
CHL,1996,54.9,1.454118729,1.337976933,1.542760015,0.722760618
CHL,1997,,,,,
CHL,1998,55.5,1.297507286,1.097435236,1.375919461,0.619043708
CHL,1999,,,,,
CHL,2000,52.8,1.540218115,1.005559683,1.404732704,0.888868988
CHL,2001,,,,,
CHL,2002,,1.479165316,1.078486919,1.318496346,1.087187409
CHL,2003,51.5,1.167100906,1.106830359,1.333441377,1.056120157
CHL,2004,,1.305859327,1.125161886,1.367984176,1.225285053
CHL,2005,,1.41652751,1.159705639,1.312464714,1.292520523
CHL,2006,47.3,1.412561893,0.938530207,1.423894644,1.08234477
CHL,2007,,1.345149994,1.192902327,1.485586524,1.104882002
CHL,2008,,1.317986846,1.067493558,1.502484918,1.01350832
CHL,2009,47,1.321234822,1.144156694,1.427399278,1.016896248
CHL,2010,,1.441626906,1.164496779,1.415171146,1.095646262
CHL,2011,46,1.47659266,1.159733891,1.440535307,1.073909163
CHL,2012,,1.543591261,1.184975624,1.536198139,1.076945186
CHL,2013,45.8,1.498959064,1.164644718,1.48287189,1.106285453
CHL,2014,,1.441059232,1.036063433,1.484589577,1.055939794
CHL,2015,44.4,1.217123628,0.946688175,1.328295946,1.004505992
CHL,2016,,1.056977987,0.864224792,1.371998668,0.995688796
CHL,2017,44.4,1.034884334,0.839776456,1.333153367,1.000425935
CHL,2018,,0.987971663,0.939167738,1.307164192,1.015513182
CHL,2019,,1.008746982,0.891052961,1.171156168,0.983122289
CHL,2020,44.9,1.134073257,0.737568378,0.962318957,0.996151567
CHL,2021,,0.98372668,0.626065135,0.953365684,0.967854261
CHL,2022,,,,,
CHN,1990,32.2,,,,
CHN,1991,,,,,
CHN,1992,,,,,
CHN,1993,33.9,,,,
CHN,1994,,,,,
CHN,1995,,,,,
CHN,1996,35.2,-0.271189511,-0.348653883,-0.266652703,-1.361545205
CHN,1997,,,,,
CHN,1998,,-0.353955001,-0.198783293,-0.267708391,-1.437437773
CHN,1999,38.7,,,,
CHN,2000,,-0.20854871,-0.158842877,-0.324955195,-1.384080529
CHN,2001,,,,,
CHN,2002,42,-0.557897568,-0.123097204,-0.582765877,-1.594193101
CHN,2003,,-0.39526549,-0.163367793,-0.392048836,-1.512429118
CHN,2004,,-0.565061569,-0.125968367,-0.346228838,-1.462463975
CHN,2005,40.9,-0.617887735,-0.151839033,-0.183769479,-1.500785112
CHN,2006,,-0.518887699,2.69E-02,-0.258387208,-1.74897027
CHN,2007,,-0.599234641,0.154929847,-0.23336342,-1.721250176
CHN,2008,43,-0.526307642,0.153617859,-0.2183934,-1.699497223
CHN,2009,,-0.519456625,8.17E-02,-0.298093945,-1.701168418
CHN,2010,43.7,-0.570009887,7.91E-02,-0.320954978,-1.680547476
CHN,2011,42.4,-0.514727592,7.08E-02,-0.25913626,-1.637609124
CHN,2012,42.2,-0.438275933,6.91E-04,-0.284332842,-1.63794148
CHN,2013,39.7,-0.355789781,-1.97E-02,-0.331608176,-1.631408572
CHN,2014,39.2,-0.337421417,0.345973432,-0.331334412,-1.616667509
CHN,2015,38.6,-0.274102539,0.43783015,-0.335226595,-1.660773635
CHN,2016,38.5,-0.243200898,0.377766103,-0.303584039,-1.559570432
CHN,2017,39.1,-0.266227782,0.438617289,-0.164307103,-1.503730416
CHN,2018,38.5,-0.262216955,0.518306255,-0.215496302,-1.463181734
CHN,2019,38.2,-0.289005578,0.563922524,-0.288801491,-1.628048062
CHN,2020,37.1,-4.69E-02,0.677315116,-0.185245842,-1.647320628
CHN,2021,,5.37E-02,0.840674877,-0.313303292,-1.636576295
CHN,2022,,,,,
COL,1990,,,,,
COL,1991,,,,,
COL,1992,51.5,,,,
COL,1993,,,,,
COL,1994,,,,,
COL,1995,,,,,
COL,1996,56.9,-0.512254357,-0.458628893,-0.105487652,-0.51094234
COL,1997,,,,,
COL,1998,,-0.523701608,-0.325808048,-0.168177813,-0.344189405
COL,1999,58.7,,,,
COL,2000,58.7,-0.406262517,-0.403075814,9.15E-02,-0.438140959
COL,2001,57.5,,,,
COL,2002,56,-0.264330655,-0.487907588,-2.33E-02,-0.416357487
COL,2003,53.6,-0.204286307,-0.218225598,-0.126518682,-0.429242462
COL,2004,55,-0.140631452,-0.212078556,-8.64E-02,-0.318785131
COL,2005,53.9,-0.145389393,-0.194757387,-1.64E-02,-0.322521359
COL,2006,,-0.175137788,-0.189169973,0.106225543,-0.172736719
COL,2007,,-0.279160351,-4.70E-02,0.284262538,-0.165321603
COL,2008,55.3,-0.261542618,-2.19E-02,0.272389978,-0.165922627
COL,2009,54.3,-0.337012529,-0.300278097,8.83E-02,-0.149577633
COL,2010,54.6,-0.423333108,-0.121465318,0.157253936,-0.13235718
COL,2011,53.5,-0.317527682,-4.71E-02,0.279601455,-5.97E-02
COL,2012,52.6,-0.422298342,2.34E-04,0.326594681,-6.40E-02
COL,2013,52.6,-0.441052586,5.54E-02,0.339824229,-8.13E-02
COL,2014,52.6,-0.397179246,-0.137135625,0.444412023,-4.33E-02
COL,2015,51,-0.327314526,-6.48E-02,0.421045631,3.94E-03
COL,2016,50.6,-0.360338539,-7.10E-03,0.348109424,0.121845424
COL,2017,49.7,-0.405644536,-0.114196181,0.269794911,0.112485103
COL,2018,50.4,-0.317016244,-0.111109771,0.235878214,0.164173886
COL,2019,51.3,-0.260884941,6.08E-02,0.33172074,0.205496594
COL,2020,53.5,-0.229837,3.80E-02,0.239718243,0.145201325
COL,2021,51.5,-0.344050169,-1.46E-02,0.220075607,9.97E-02
COL,2022,,,,,
COM,1990,,,,,
COM,1991,,,,,
COM,1992,,,,,
COM,1993,,,,,
COM,1994,,,,,
COM,1995,,,,,
COM,1996,,-0.998565018,-1.662423134,-1.131253242,-0.423996627
COM,1997,,,,,
COM,1998,,-0.970211029,-1.601484895,-1.117519617,-0.37515673
COM,1999,,,,,
COM,2000,,-0.962091506,-1.15839386,-1.136425018,-1.032639146
COM,2001,,,,,
COM,2002,,-0.67476815,-0.764728427,-0.991329432,-0.344777524
COM,2003,,-0.693807721,-1.224674344,-1.268216372,-0.574106872
COM,2004,55.9,-0.864246011,-1.311760306,-1.410386324,-0.518591583
COM,2005,,-0.887240291,-1.609832406,-1.549022436,-0.630450964
COM,2006,,-0.700171769,-1.599419951,-1.484882712,-0.221685231
COM,2007,,-0.691559911,-1.76457727,-1.438882232,-0.388406992
COM,2008,,-0.772487402,-1.752469659,-1.462280512,-0.287370533
COM,2009,,-0.812594295,-1.729006648,-1.538727045,-0.341993928
COM,2010,,-0.78624922,-1.750477314,-1.395898819,-0.422286898
COM,2011,,-0.803916514,-1.809618473,-1.361962438,-0.373951972
COM,2012,,-0.781551659,-1.60205996,-1.386602283,-0.466148853
COM,2013,,-0.731784344,-1.609443426,-1.216394186,-0.460561067
COM,2014,45.3,-0.586587667,-1.738213301,-1.123272777,-0.29212898
COM,2015,,-0.744379461,-1.610551596,-1.069913149,-0.291619182
COM,2016,,-0.685008645,-1.639262915,-1.088867188,-0.290625662
COM,2017,,-0.685020924,-1.65252018,-1.087726712,-0.335756689
COM,2018,,-0.825517178,-1.686996818,-1.16871655,-0.500248075
COM,2019,,-1.036279678,-1.721721411,-1.176066875,-0.706908762
COM,2020,,-1.184200406,-1.624197125,-1.235811234,-0.763649344
COM,2021,,-1.287278533,-1.790166259,-1.2474581,-0.740433097
COM,2022,,,,,
COD,1990,,,,,
COD,1991,,,,,
COD,1992,,,,,
COD,1993,,,,,
COD,1994,,,,,
COD,1995,,,,,
COD,1996,,-1.647851944,-1.64999783,-1.756226778,-1.600948572
COD,1997,,,,,
COD,1998,,-1.416679382,-1.731027842,-2.096585751,-1.728646636
COD,1999,,,,,
COD,2000,,-1.459174871,-1.791944146,-1.843161941,-1.733551145
COD,2001,,,,,
COD,2002,,-1.449970841,-1.841436386,-1.705047011,-1.609575033
COD,2003,,-1.526455402,-1.717788696,-1.682577014,-1.555048466
COD,2004,42.2,-1.444693923,-1.429206729,-1.668423772,-1.697052956
COD,2005,,-1.443382263,-1.570344925,-1.6125772,-1.521638393
COD,2006,,-1.540507793,-1.563937306,-1.269039035,-1.23079133
COD,2007,,-1.381071568,-1.739302635,-1.255248904,-1.211480737
COD,2008,,-1.261194229,-1.643810987,-1.28233397,-1.387891054
COD,2009,,-1.41292572,-1.655371785,-1.513494611,-1.409386635
COD,2010,,-1.457886696,-1.72185111,-1.548083067,-1.409102082
COD,2011,,-1.457506299,-1.683877468,-1.502857208,-1.48515594
COD,2012,42.1,-1.329710841,-1.645317078,-1.479630232,-1.481081605
COD,2013,,-1.338081479,-1.467610121,-1.260716438,-1.458554029
COD,2014,,-1.320770741,-1.565615535,-1.373449683,-1.286945939
COD,2015,,-1.291258812,-1.602173805,-1.336872458,-1.304217577
COD,2016,,-1.348747492,-1.521072507,-1.311466455,-1.412190676
COD,2017,,-1.42861712,-1.634873986,-1.467065573,-1.465298414
COD,2018,,-1.50056076,-1.539629221,-1.465462565,-1.507610798
COD,2019,,-1.539865613,-1.618209124,-1.499777913,-1.313972831
COD,2020,,-1.57467711,-1.714080572,-1.491251826,-1.26542902
COD,2021,,-1.552153826,-1.71887815,-1.422889113,-1.198188782
COD,2022,,,,,
COG,1990,,,,,
COG,1991,,,,,
COG,1992,,,,,
COG,1993,,,,,
COG,1994,,,,,
COG,1995,,,,,
COG,1996,,-0.860740304,-1.169292927,-1.227481484,-0.827253401
COG,1997,,,,,
COG,1998,,-1.198796749,-1.104274154,-1.303277254,-1.465101957
COG,1999,,,,,
COG,2000,,-0.943886817,-1.150753498,-1.203269839,-1.430073023
COG,2001,,,,,
COG,2002,,-1.009017944,-1.265289545,-1.000559449,-0.91310972
COG,2003,,-1.090136647,-1.189265966,-1.166191697,-0.827222049
COG,2004,,-1.03629005,-1.061163783,-1.008587837,-0.964100897
COG,2005,47.3,-1.059439778,-1.276960731,-1.298925042,-1.079140425
COG,2006,,-1.108278513,-1.244367957,-1.168881059,-1.208369255
COG,2007,,-1.160955787,-1.328600883,-1.172009587,-1.233997226
COG,2008,,-1.193248868,-1.224764228,-1.222556591,-1.155456424
COG,2009,,-1.213840961,-1.216791391,-1.280302286,-1.104501486
COG,2010,,-1.157320261,-1.23538506,-1.252167344,-1.062741756
COG,2011,48.9,-1.144993901,-1.20512259,-1.25671804,-1.107997775
COG,2012,,-1.229751229,-1.174452543,-1.354313612,-1.155133367
COG,2013,,-1.176573396,-1.158258438,-1.353200316,-1.117779613
COG,2014,,-1.199824452,-1.129546165,-1.222189546,-1.108119726
COG,2015,,-1.251138687,-1.050904751,-1.256491542,-1.016987562
COG,2016,,-1.210165262,-1.109113693,-1.197329402,-1.161321998
COG,2017,,-1.349830151,-1.222203732,-1.399347663,-1.122747183
COG,2018,,-1.359873056,-1.178696156,-1.396577239,-1.197816849
COG,2019,,-1.419934154,-1.390875697,-1.340916276,-1.2789886
COG,2020,,-1.441919923,-1.482904077,-1.584772229,-1.280054092
COG,2021,,-1.37306428,-1.551096678,-1.354569435,-1.238077641
COG,2022,,,,,
CRI,1990,45.3,,,,
CRI,1991,46.6,,,,
CRI,1992,45.7,,,,
CRI,1993,46,,,,
CRI,1994,46.8,,,,
CRI,1995,45.7,,,,
CRI,1996,46.5,0.696142435,0.468430698,0.551819324,1.07736361
CRI,1997,45.6,,,,
CRI,1998,45.7,0.756039143,0.309278876,0.922752976,1.142669201
CRI,1999,47.7,,,,
CRI,2000,47.4,0.698608518,0.262206674,0.697727382,1.094698906
CRI,2001,51.5,,,,
CRI,2002,51.8,0.444571555,0.306561232,0.4414334,1.110818624
CRI,2003,49.3,0.516545832,0.20942755,0.623164058,0.964284658
CRI,2004,48.4,0.284917921,0.209957853,0.546658218,0.971273601
CRI,2005,47.5,0.365192473,0.145604402,0.594156504,0.816958487
CRI,2006,49.3,0.378651321,2.47E-02,0.382123381,0.915722609
CRI,2007,49.3,0.457115024,0.208668038,0.450156897,0.935347319
CRI,2008,48.6,0.493208975,0.26779294,0.56618762,0.966759682
CRI,2009,50.6,0.715470135,0.319172204,0.518184364,1.005833626
CRI,2010,48,0.664391637,0.296542972,0.586027026,1.039889455
CRI,2011,48.8,0.593173563,0.280533075,0.596260905,1.053862691
CRI,2012,48.4,0.570753694,0.474561214,0.743631065,1.088219762
CRI,2013,49.2,0.577552676,0.456286848,0.747273743,1.078483462
CRI,2014,48.6,0.725670099,0.359661102,0.656426251,1.138371944
CRI,2015,48.4,0.718856454,0.331427366,0.677503824,1.151597261
CRI,2016,48.7,0.710135281,0.309364438,0.536265492,1.117966652
CRI,2017,48.3,0.462072641,0.24597849,0.445997119,1.121752858
CRI,2018,48,0.529078066,0.378318965,0.486920178,1.108485103
CRI,2019,48.2,0.655114949,0.372309685,0.559621096,1.096023798
CRI,2020,49.2,0.687667131,0.227197662,0.492545217,1.124572635
CRI,2021,48.7,0.495704889,0.25731039,0.45639354,1.091400743
CRI,2022,47.2,,,,
CIV,1990,,,,,
CIV,1991,,,,,
CIV,1992,39.4,,,,
CIV,1993,,,,,
CIV,1994,,,,,
CIV,1995,40.6,,,,
CIV,1996,,-0.260566831,-0.260978222,-0.398577005,-0.583225548
CIV,1997,,,,,
CIV,1998,39,-0.497031659,-0.233207598,-0.285964251,-0.63867718
CIV,1999,,,,,
CIV,2000,,-0.777199268,-1.007851839,-0.554069459,-0.932406247
CIV,2001,,,,,
CIV,2002,41.3,-0.801531196,-0.941148579,-0.420426428,-1.067058325
CIV,2003,,-1.013844848,-1.123632669,-0.751793325,-1.154527545
CIV,2004,,-1.241323471,-1.273715019,-1.032016993,-1.219648838
CIV,2005,,-1.249787211,-1.344843984,-0.955394089,-1.294619322
CIV,2006,,-1.20752883,-1.156987906,-0.928464115,-1.27867806
CIV,2007,,-1.095069647,-1.215181589,-0.881731987,-1.202089906
CIV,2008,43.2,-1.119051337,-1.250183105,-0.929746807,-1.167560339
CIV,2009,,-1.117385149,-1.121170759,-0.972751558,-1.064378977
CIV,2010,,-1.172854543,-1.29321754,-0.926222563,-1.048397303
CIV,2011,,-1.030993581,-1.17539227,-0.889401078,-1.081876755
CIV,2012,,-0.838509381,-1.11026895,-0.77617842,-0.777749956
CIV,2013,,-0.739937127,-0.93838346,-0.753439784,-0.75119108
CIV,2014,,-0.418946445,-0.858885229,-0.618877172,-0.508077264
CIV,2015,41.5,-0.439360917,-0.718897879,-0.535886943,-0.407607913
CIV,2016,,-0.532950342,-0.703345537,-0.412956238,-0.309734553
CIV,2017,,-0.527117908,-0.782439888,-0.390498698,-0.284231782
CIV,2018,37.2,-0.503220081,-0.620790184,-0.24416931,-0.255671263
CIV,2019,,-0.538762808,-0.528571486,-0.288290113,-0.247607246
CIV,2020,,-0.525587261,-0.506700754,-0.367474496,-0.530700684
CIV,2021,,-0.371892631,-0.501908422,-0.256431401,-0.471079499
CIV,2022,,,,,
HRV,1990,,,,,
HRV,1991,,,,,
HRV,1992,,,,,
HRV,1993,,,,,
HRV,1994,,,,,
HRV,1995,,,,,
HRV,1996,,-0.578690052,0.102206022,-0.17141071,-0.161426276
HRV,1997,,,,,
HRV,1998,,-0.586468279,3.80E-02,-0.14538075,-0.292461693
HRV,1999,,,,,
HRV,2000,,-3.54E-02,0.36339438,-0.118701681,0.510653853
HRV,2001,,,,,
HRV,2002,,0.225011632,0.328575701,0.294281095,0.556711018
HRV,2003,,0.258523047,0.317021996,0.466213048,0.623684108
HRV,2004,,0.239370078,0.444230616,0.531916022,0.658320606
HRV,2005,,0.139555231,0.454719186,0.475249559,0.452612311
HRV,2006,,4.50E-02,0.555227637,0.365195125,0.481493741
HRV,2007,,5.90E-02,0.4578031,0.411397368,0.517976046
HRV,2008,,-5.05E-02,0.575831294,0.413963556,0.467806965
HRV,2009,32.6,-8.61E-02,0.590058148,0.472275615,0.486277699
HRV,2010,32.4,2.31E-02,0.586267292,0.489483297,0.47642836
HRV,2011,32.3,2.77E-02,0.505918562,0.442892551,0.521082401
HRV,2012,32.5,-2.55E-02,0.678777635,0.353815705,0.540830553
HRV,2013,32,0.107682623,0.679197311,0.369632989,0.513741314
HRV,2014,32.1,0.201164097,0.678440213,0.276575357,0.514960289
HRV,2015,31.1,0.228570417,0.486154109,0.252695084,0.555522323
HRV,2016,30.9,0.183709353,0.454411864,0.248335615,0.525383711
HRV,2017,30.4,8.72E-02,0.568788588,0.311782539,0.479180753
HRV,2018,29.7,7.23E-02,0.547258854,0.499120563,0.437570363
HRV,2019,28.9,7.74E-02,0.489911973,0.56277436,0.455303043
HRV,2020,29.5,0.201265827,0.461028814,0.373428524,0.582528949
HRV,2021,,6.13E-02,0.591041088,0.502004385,0.609841645
HRV,2022,,,,,
CUB,1990,,,,,
CUB,1991,,,,,
CUB,1992,,,,,
CUB,1993,,,,,
CUB,1994,,,,,
CUB,1995,,,,,
CUB,1996,,0.289152533,-0.908112824,-1.100113869,-1.425480008
CUB,1997,,,,,
CUB,1998,,0.34461689,-0.504450858,-1.315618515,-1.584772944
CUB,1999,,,,,
CUB,2000,,0.357008874,-0.368335545,-1.224113345,-1.635162115
CUB,2001,,,,,
CUB,2002,,0.401489079,-0.584336102,-1.298667908,-1.648629546
CUB,2003,,0.220001534,-0.364734918,-1.457226515,-1.789759636
CUB,2004,,0.217612058,-0.467868567,-1.60239172,-1.785588145
CUB,2005,,0.268494964,-0.549912512,-1.319814682,-1.805157542
CUB,2006,,0.252376884,-0.25402537,-1.432405114,-1.88721025
CUB,2007,,0.301246494,-0.206764117,-1.561059356,-1.853983164
CUB,2008,,0.262841046,-0.385921687,-1.496801257,-1.800638914
CUB,2009,,0.274810225,-0.367364615,-1.602462769,-1.703883052
CUB,2010,,0.308642894,-0.366618603,-1.671913028,-1.616887093
CUB,2011,,0.26503998,-0.380914509,-1.626945496,-1.610356808
CUB,2012,,0.228043005,-0.407112777,-1.561159611,-1.51460743
CUB,2013,,0.113353908,-0.440643877,-1.580737233,-1.478674173
CUB,2014,,6.29E-02,-4.83E-02,-1.324815989,-1.544796467
CUB,2015,,6.59E-02,2.03E-02,-1.226394415,-1.558115363
CUB,2016,,0.16319108,-0.10614311,-1.343541741,-1.560087204
CUB,2017,,0.261002392,-0.183646217,-1.330947638,-1.552430272
CUB,2018,,0.1611045,-0.248214498,-1.46194315,-1.460081339
CUB,2019,,3.94E-02,-0.17598556,-1.489474773,-1.440624952
CUB,2020,,-0.130971029,-0.173482493,-1.512909412,-1.420173407
CUB,2021,,-9.72E-03,-0.215295181,-1.443354964,-1.425088048
CUB,2022,,,,,
CUW,1990,,,,,
CUW,1991,,,,,
CUW,1992,,,,,
CUW,1993,,,,,
CUW,1994,,,,,
CUW,1995,,,,,
CUW,1996,,,,,
CUW,1997,,,,,
CUW,1998,,,,,
CUW,1999,,,,,
CUW,2000,,,,,
CUW,2001,,,,,
CUW,2002,,,,,
CUW,2003,,,,,
CUW,2004,,,,,
CUW,2005,,,,,
CUW,2006,,,,,
CUW,2007,,,,,
CUW,2008,,,,,
CUW,2009,,,,,
CUW,2010,,,,,
CUW,2011,,,,,
CUW,2012,,,,,
CUW,2013,,,,,
CUW,2014,,,,,
CUW,2015,,,,,
CUW,2016,,,,,
CUW,2017,,,,,
CUW,2018,,,,,
CUW,2019,,,,,
CUW,2020,,,,,
CUW,2021,,,,,
CUW,2022,,,,,
CYP,1990,,,,,
CYP,1991,,,,,
CYP,1992,,,,,
CYP,1993,,,,,
CYP,1994,,,,,
CYP,1995,,,,,
CYP,1996,,1.331288218,1.171663761,1.261966825,1.035754323
CYP,1997,,,,,
CYP,1998,,1.061723828,1.19583571,1.155306935,0.983076632
CYP,1999,,,,,
CYP,2000,,1.081236482,1.074904203,1.087764502,1.057137489
CYP,2001,,,,,
CYP,2002,,1.126284242,1.295337439,1.193389654,1.117119074
CYP,2003,,1.192308187,1.122801542,1.181729555,0.994463027
CYP,2004,30.1,0.873254597,1.107135057,1.219127893,0.950031281
CYP,2005,30.3,0.899039984,1.152060747,1.220127702,0.955872655
CYP,2006,31.1,1.085562587,1.261408091,1.276648402,1.052067399
CYP,2007,31.1,1.073370457,1.420614243,1.33180058,1.066655755
CYP,2008,31.7,1.193127513,1.523222446,1.367998362,1.084034085
CYP,2009,32.1,0.9054178,1.414181828,1.360155106,1.068027616
CYP,2010,31.5,0.969285846,1.526306391,1.42102325,1.023390651
CYP,2011,32.6,0.859248042,1.557673216,1.231003046,1.053583145
CYP,2012,34.3,1.243302345,1.383294225,1.124545097,1.022023559
CYP,2013,37,1.238514423,1.360271811,0.910857201,0.980822682
CYP,2014,35.6,1.071142793,1.135781765,1.094099283,1.019994974
CYP,2015,34,1.004094839,1.045255303,1.057938099,1.031601667
CYP,2016,32.9,0.820996881,0.956362784,1.049146056,1.046641469
CYP,2017,31.4,0.778250337,0.916094303,1.028041244,1.056244493
CYP,2018,32.7,0.635751843,0.914614916,0.871259332,1.005613923
CYP,2019,31.2,0.626630962,0.98665911,1.010613084,1.048578501
CYP,2020,31.7,0.37409839,0.875510335,1.004639149,0.906500757
CYP,2021,,0.394521177,0.736126184,0.859048605,0.865666628
CYP,2022,,,,,
CZE,1990,,,,,
CZE,1991,,,,,
CZE,1992,20.7,,,,
CZE,1993,26.6,,,,
CZE,1994,,,,,
CZE,1995,,,,,
CZE,1996,25.8,0.683219373,0.620582998,1.071839333,1.034855723
CZE,1997,,,,,
CZE,1998,,0.522349358,0.585556746,0.916880608,0.967962325
CZE,1999,,,,,
CZE,2000,,0.146037668,0.587459147,0.743665814,0.762775123
CZE,2001,,,,,
CZE,2002,26.6,0.358057916,0.921997309,1.11261797,1.016403556
CZE,2003,,0.489982098,0.858715713,1.136814356,1.014175177
CZE,2004,27.5,0.38449049,0.869733334,0.999590993,0.954461277
CZE,2005,26.9,0.48022601,0.919466615,1.109028459,0.90567255
CZE,2006,26.7,0.350346774,1.089976907,1.108067632,0.962292671
CZE,2007,26,0.321369082,0.847948611,1.053171277,0.995283782
CZE,2008,26.3,0.343739986,0.955989301,1.222459078,1.032758713
CZE,2009,26.2,0.380892634,0.8788656,1.309280157,1.033044219
CZE,2010,26.6,0.384590119,0.907329381,1.297292113,1.014865041
CZE,2011,26.4,0.383604437,0.928563893,1.195796847,1.022664309
CZE,2012,26.1,0.310179651,0.926879466,1.053033829,0.97037971
CZE,2013,26.5,0.299337626,0.921189189,1.078564048,0.984533489
CZE,2014,25.9,0.430063665,1.034445882,1.001393437,1.026692152
CZE,2015,25.9,0.498597264,1.056754947,1.094446421,1.042778969
CZE,2016,25.4,0.587125123,1.040519714,0.982883334,1.025373697
CZE,2017,24.9,0.599621296,1.064538956,1.230645299,0.880217075
CZE,2018,25,0.537798822,0.983867347,1.27421844,0.812706709
CZE,2019,25.3,0.561192811,0.949878514,1.243492723,0.835772932
CZE,2020,26.2,0.581434548,0.949175954,1.244384527,0.982409596
CZE,2021,,0.641104996,1.110251784,1.348507047,1.018793821
CZE,2022,,,,,
DNK,1990,,,,,
DNK,1991,,,,,
DNK,1992,24.7,,,,
DNK,1993,,,,,
DNK,1994,,,,,
DNK,1995,23,,,,
DNK,1996,,2.231307983,1.759047866,1.783265352,1.538971782
DNK,1997,,,,,
DNK,1998,,2.196660995,1.910748959,1.711708307,1.467340946
DNK,1999,,,,,
DNK,2000,23.8,2.321177483,1.896548867,1.710643649,1.535965323
DNK,2001,,,,,
DNK,2002,,2.310651064,2.024043322,1.711368322,1.532867908
DNK,2003,25.6,2.358764887,2.087046385,1.73271966,1.601452231
DNK,2004,24.9,2.406824589,2.286734104,1.748650074,1.800991774
DNK,2005,25.2,2.278205633,2.114338875,1.649631262,1.739608884
DNK,2006,25.9,2.459118366,2.223527431,1.803427815,1.5716362
DNK,2007,26.2,2.434834003,2.346357107,1.92670846,1.477704406
DNK,2008,25.2,2.376408815,2.240653992,1.873647332,1.538305998
DNK,2009,26.7,2.435494423,2.228404284,1.878651261,1.538259983
DNK,2010,27.2,2.352359056,2.09987402,1.873854399,1.541956902
DNK,2011,27.3,2.392884016,2.100861073,1.898631096,1.551707029
DNK,2012,27.8,2.382462263,1.98666501,1.799161315,1.674114227
DNK,2013,28.5,2.399264097,1.943543196,1.800287366,1.666270614
DNK,2014,28.4,2.252340317,1.785350323,1.681104422,1.524606586
DNK,2015,28.2,2.226803303,1.820994139,1.729733348,1.552847028
DNK,2016,28.2,2.24552083,1.850564837,1.572224855,1.541412592
DNK,2017,28.7,2.232307196,1.779105067,1.61937356,1.517765045
DNK,2018,28.2,2.192685127,1.843762279,1.635126829,1.561579704
DNK,2019,27.7,2.158068657,1.902856112,1.563506484,1.545183182
DNK,2020,27.5,2.268326998,1.881267548,1.79638803,1.519085526
DNK,2021,,2.366175175,2.004073381,1.808820605,1.557895422
DNK,2022,,,,,
DJI,1990,,,,,
DJI,1991,,,,,
DJI,1992,,,,,
DJI,1993,,,,,
DJI,1994,,,,,
DJI,1995,,,,,
DJI,1996,,-0.719981253,-0.893307924,-1.002804399,-0.882711172
DJI,1997,,,,,
DJI,1998,,-0.68233043,-0.850274563,-0.893703401,-0.994008064
DJI,1999,,,,,
DJI,2000,,-0.636604071,-0.90450573,-0.713253438,-0.877741814
DJI,2001,,,,,
DJI,2002,40,-0.628373802,-0.764728427,-0.669195592,-0.830886364
DJI,2003,,-0.648552418,-0.710048139,-0.730550408,-0.666397274
DJI,2004,,-0.429071277,-0.635757148,-0.744668663,-0.784367979
DJI,2005,,-0.711830616,-0.816397786,-0.845473588,-1.109946132
DJI,2006,,-0.667271733,-0.915894568,-0.840129256,-1.120305538
DJI,2007,,-0.542462528,-0.902345598,-0.780036867,-1.196665525
DJI,2008,,-0.303243905,-0.917468786,-0.723590732,-1.196742177
DJI,2009,,-0.367729425,-0.933272064,-0.660491347,-1.209394693
DJI,2010,,-0.402063727,-1.007150531,-0.67632699,-1.265669942
DJI,2011,,-0.421640873,-0.981230557,-0.589609206,-1.411138177
DJI,2012,45.1,-0.470184714,-1.081844687,-0.456313699,-1.434044123
DJI,2013,44.1,-0.549865782,-0.980983675,-0.543590784,-1.471034884
DJI,2014,,-0.596591592,-1.016221881,-0.575449884,-1.431368828
DJI,2015,,-0.675951064,-0.993094265,-0.731976092,-1.41282475
DJI,2016,,-0.669372201,-1.013664842,-0.739352286,-1.370621085
DJI,2017,41.6,-0.648348451,-1.062898993,-0.674391866,-1.406436563
DJI,2018,,-0.71833843,-0.955514669,-0.726572931,-1.367910028
DJI,2019,,-0.859204829,-0.786942482,-0.802925527,-1.423683882
DJI,2020,,-0.730557561,-0.728089869,-0.8415398,-1.407461643
DJI,2021,,-0.782866001,-0.798380613,-0.869137228,-1.296904922
DJI,2022,,,,,
DMA,1990,,,,,
DMA,1991,,,,,
DMA,1992,,,,,
DMA,1993,,,,,
DMA,1994,,,,,
DMA,1995,,,,,
DMA,1996,,0.869897187,0.644922495,1.026670456,1.04229033
DMA,1997,,,,,
DMA,1998,,0.883366406,0.652145922,1.009523869,1.094591856
DMA,1999,,,,,
DMA,2000,,0.861537576,0.872710645,0.98718679,1.093752384
DMA,2001,,,,,
DMA,2002,,0.850210369,0.834610283,0.939704359,1.109613538
DMA,2003,,0.854120076,0.833830893,0.926884115,1.053587675
DMA,2004,,0.759357512,0.623128891,0.75061506,0.985611916
DMA,2005,,0.743590176,0.570302904,0.801017344,0.932384253
DMA,2006,,0.689822674,0.567420244,0.905649722,1.005350828
DMA,2007,,0.705601811,0.593268931,0.71949774,0.997471452
DMA,2008,,0.791117251,0.629341245,0.484056324,1.034413218
DMA,2009,,0.80834341,0.670342624,0.497561961,1.012253165
DMA,2010,,0.771071732,0.680709541,0.347569495,0.982540488
DMA,2011,,0.768938184,0.673834026,0.231762484,0.987989783
DMA,2012,,0.69570899,0.75064826,0.298656762,0.946590006
DMA,2013,,0.692934036,0.792220891,0.287560463,0.966706514
DMA,2014,,0.69083339,0.159368187,0.282481492,1.067081213
DMA,2015,,0.625726938,0.206439584,0.254842758,0.878904223
DMA,2016,,0.64534831,0.150095642,0.187672541,0.899462402
DMA,2017,,0.666345119,-0.217171431,0.158777386,0.88483882
DMA,2018,,0.569463491,-0.252663821,0.120427303,0.787675142
DMA,2019,,0.554156721,-0.231091559,0.147474915,0.868815124
DMA,2020,,0.587179065,-9.81E-02,0.273228347,0.876452744
DMA,2021,,0.576153934,-9.06E-02,0.283553451,0.822550833
DMA,2022,,,,,
DOM,1990,,,,,
DOM,1991,,,,,
DOM,1992,51.4,,,,
DOM,1993,,,,,
DOM,1994,,,,,
DOM,1995,,,,,
DOM,1996,47.4,-0.422995418,-0.223238394,-0.231283531,5.65E-02
DOM,1997,48.9,,,,
DOM,1998,,-0.755780399,-0.526742637,-7.38E-02,9.31E-02
DOM,1999,,,,,
DOM,2000,51.5,-0.688496113,-0.425159574,-0.124804936,0.225749955
DOM,2001,50,,,,
DOM,2002,49.7,-0.472972482,-0.38699019,-0.256923527,0.237251297
DOM,2003,52.1,-0.728653252,-0.558881104,-0.390229702,2.33E-02
DOM,2004,52.1,-0.592195392,-0.664465666,-0.446592063,4.70E-02
DOM,2005,50,-0.710663259,-0.520599723,-0.392353922,-7.06E-02
DOM,2006,52,-0.723454773,-0.561942935,-0.233389333,0.205657721
DOM,2007,48.9,-0.77585125,-0.673774719,-0.223225877,0.197003677
DOM,2008,48.1,-0.752358675,-0.643935084,-0.161350831,0.164732426
DOM,2009,48.9,-0.80672878,-0.627658546,-0.163394451,8.98E-02
DOM,2010,47.3,-0.8830809,-0.69493258,-0.116028167,7.39E-02
DOM,2011,47.7,-0.844827235,-0.638263404,-0.173335299,9.04E-02
DOM,2012,46.1,-0.897264659,-0.542260885,-6.19E-02,0.1245922
DOM,2013,47.7,-0.911615849,-0.491729438,-2.11E-02,0.115369521
DOM,2014,44.3,-0.841781139,-0.461171865,3.33E-02,0.188977703
DOM,2015,45.2,-0.852156758,-0.367906868,3.01E-02,0.154281542
DOM,2016,45.7,-0.789947569,-0.262045592,2.90E-04,0.181932896
DOM,2017,42.2,-0.76633662,-0.357882917,-2.48E-02,0.159243137
DOM,2018,43.7,-0.810592413,-0.365022033,-1.69E-02,0.117330223
DOM,2019,41.9,-0.819769561,-0.327568829,-6.67E-03,0.180307701
DOM,2020,39.6,-0.730548918,-0.251211733,3.67E-02,0.240023717
DOM,2021,38.5,-0.569274545,3.10E-02,8.91E-02,0.301797479
DOM,2022,,,,,
ECU,1990,,,,,
ECU,1991,,,,,
ECU,1992,,,,,
ECU,1993,,,,,
ECU,1994,53.4,,,,
ECU,1995,,,,,
ECU,1996,,-0.684873819,-0.475311697,-0.308270067,1.33E-02
ECU,1997,,,,,
ECU,1998,,-0.791844785,-0.35470736,-6.47E-02,0.114651591
ECU,1999,58.6,,,,
ECU,2000,56.4,-0.799629569,-0.685290277,-0.452023268,-0.247218117
ECU,2001,,,,,
ECU,2002,,-0.868261039,-0.831196308,-0.729014635,-4.50E-02
ECU,2003,53.5,-0.728124201,-0.93481195,-0.723995984,-0.121541075
ECU,2004,53.9,-0.726669908,-0.956434309,-0.699335694,-0.244635746
ECU,2005,53.1,-0.735878944,-0.966200233,-0.777636588,-0.363743484
ECU,2006,52.3,-0.784096122,-1.037603974,-1.098829389,-0.253862709
ECU,2007,53.4,-0.74563235,-0.865519166,-1.136937976,-0.161115885
ECU,2008,49.8,-0.654705822,-0.859546006,-1.127548575,-0.222304702
ECU,2009,48.5,-0.744574428,-0.739758551,-1.259179473,-0.250357389
ECU,2010,48.8,-0.70774436,-0.675487161,-1.12405169,-0.23108083
ECU,2011,45.9,-0.641708136,-0.527029574,-0.956343532,-0.293364823
ECU,2012,46.1,-0.508597851,-0.473636031,-0.943592429,-0.296114117
ECU,2013,46.9,-0.502528191,-0.446686625,-0.83761102,-0.252721816
ECU,2014,45,-0.740625322,-0.382538944,-0.920283794,-0.202451646
ECU,2015,46,-0.650072634,-0.362452775,-1.118197322,-0.211743653
ECU,2016,45,-0.659781873,-0.352582246,-0.946916282,-0.247136489
ECU,2017,44.7,-0.604486287,-0.323384851,-1.004210353,-0.172118649
ECU,2018,45.4,-0.607759535,-0.291024178,-0.870987535,-6.30E-03
ECU,2019,45.7,-0.488086522,-0.34275347,-0.780544877,3.27E-02
ECU,2020,47.3,-0.482272625,-0.44602558,-0.853850186,-1.20E-02
ECU,2021,45.8,-0.573393404,-0.209148362,-0.702785313,0.106134444
ECU,2022,45.5,,,,
EGY,1990,32,,,,
EGY,1991,,,,,
EGY,1992,,,,,
EGY,1993,,,,,
EGY,1994,,,,,
EGY,1995,30.1,,,,
EGY,1996,,-0.472254395,-0.473676085,-4.82E-02,-0.84418416
EGY,1997,,,,,
EGY,1998,,-0.477870136,-0.204747275,-0.17098929,-0.911786079
EGY,1999,32.8,,,,
EGY,2000,,-0.492667794,-0.174759328,-0.301753908,-0.894506156
EGY,2001,,,,,
EGY,2002,,-0.440157712,-0.446098298,-0.456903666,-1.102290034
EGY,2003,,-0.53074795,-0.380943358,-0.574796617,-1.083185434
EGY,2004,31.8,-0.58350575,-0.267650992,-0.56948185,-0.947557926
EGY,2005,,-0.539499521,-0.39320299,-0.453026265,-0.964780927
EGY,2006,,-0.737334073,-0.494286627,-0.407716185,-1.199265122
EGY,2007,,-0.737870097,-0.368510872,-0.317137003,-1.167745471
EGY,2008,31.1,-0.765909255,-0.374092191,-0.201634988,-1.212239385
EGY,2009,,-0.464862794,-0.200358406,-0.177818,-1.157471538
EGY,2010,30.2,-0.596871853,-0.314766198,-0.147598043,-1.188037038
EGY,2011,,-0.633263946,-0.435919046,-0.246938586,-1.139983416
EGY,2012,28.3,-0.57966435,-0.681242824,-0.385591775,-0.765063405
EGY,2013,,-0.613801897,-0.782649994,-0.557433128,-1.051558971
EGY,2014,,-0.575114548,-0.71567893,-0.687225044,-1.179934859
EGY,2015,31.8,-0.578130007,-0.658710361,-0.775073707,-1.189931273
EGY,2016,,-0.569078922,-0.498412043,-0.881517708,-1.204557061
EGY,2017,31.5,-0.473245531,-0.496926844,-0.79504174,-1.251299858
EGY,2018,,-0.492103577,-0.418590575,-0.789002001,-1.328444362
EGY,2019,31.9,-0.634925246,-0.216252834,-0.742943406,-1.444456816
EGY,2020,,-0.789791584,-0.42018345,-0.556164801,-1.484101295
EGY,2021,,-0.684838116,-0.432110906,-0.50658381,-1.5097785
EGY,2022,,,,,
SLV,1990,,,,,
SLV,1991,54,,,,
SLV,1992,,,,,
SLV,1993,,,,,
SLV,1994,,,,,
SLV,1995,49.9,,,,
SLV,1996,51,-0.865277529,-0.691500306,-0.19300817,-0.102704912
SLV,1997,,,,,
SLV,1998,54.5,-0.890717149,-0.611828744,7.85E-02,4.31E-02
SLV,1999,52.2,,,,
SLV,2000,51.5,-0.745444059,-0.62050283,-1.74E-02,-4.31E-02
SLV,2001,51.4,,,,
SLV,2002,51.9,-0.81314522,-0.609856188,-0.169806421,0.122130692
SLV,2003,50.5,-0.416793615,-0.464947581,-0.24624534,0.107482292
SLV,2004,47.8,-0.480672061,-0.456939608,3.76E-04,2.46E-02
SLV,2005,48.5,-0.508673728,-0.45301041,-0.257205307,-7.50E-02
SLV,2006,45.7,-0.335918337,-0.220537201,-7.38E-02,9.66E-02
SLV,2007,45.2,-0.423062176,-0.263144821,8.71E-02,9.45E-02
SLV,2008,46.9,-0.411013573,-0.216283143,0.150920913,0.112083875
SLV,2009,45.8,-0.230227888,-7.90E-02,0.283810049,5.76E-02
SLV,2010,43.5,-0.258609384,-1.60E-02,0.337437302,7.15E-02
SLV,2011,42.3,-0.247806415,-0.115253232,0.403908849,4.39E-02
SLV,2012,41.8,-0.412512779,-0.140011951,0.22834833,-4.02E-02
SLV,2013,43.4,-0.349038988,-0.126089633,0.227205575,-1.31E-02
SLV,2014,41.6,-0.374780744,-2.75E-02,0.222213238,0.152619869
SLV,2015,40.6,-0.424086303,-0.262551725,8.48E-02,0.152402803
SLV,2016,40,-0.534401655,-0.319865674,-4.00E-02,0.188971519
SLV,2017,38,-0.51154989,-0.366407037,-0.154422417,0.154455736
SLV,2018,38.6,-0.56458807,-0.471888274,-3.86E-03,2.22E-02
SLV,2019,38.8,-0.51704824,-0.514914095,-2.12E-02,0.119141504
SLV,2020,,-0.556218147,-0.233797476,-7.01E-02,7.25E-02
SLV,2021,39,-0.532646835,-0.312677413,-0.34409225,-5.52E-02
SLV,2022,38.8,,,,
GNQ,1990,,,,,
GNQ,1991,,,,,
GNQ,1992,,,,,
GNQ,1993,,,,,
GNQ,1994,,,,,
GNQ,1995,,,,,
GNQ,1996,,-1.264369369,-0.958404481,-1.43762958,-1.524699688
GNQ,1997,,,,,
GNQ,1998,,-1.187924623,-1.041311145,-1.630005002,-1.561029911
GNQ,1999,,,,,
GNQ,2000,,-1.212374926,-1.061323404,-1.646770358,-1.599229217
GNQ,2001,,,,,
GNQ,2002,,-1.222882509,-1.142499089,-1.486513615,-1.623729467
GNQ,2003,,-1.2759372,-1.10543251,-1.43353641,-1.663450122
GNQ,2004,,-1.380372643,-1.192414999,-1.558325887,-1.638940096
GNQ,2005,,-1.426847577,-1.186115861,-1.468349099,-1.683500171
GNQ,2006,,-1.362626076,-1.274416566,-1.50492835,-1.826265454
GNQ,2007,,-1.212375522,-1.271917224,-1.452512741,-1.887979507
GNQ,2008,,-1.198916078,-1.262619138,-1.445690989,-1.894067049
GNQ,2009,,-1.220263124,-1.256798506,-1.471023321,-1.806868672
GNQ,2010,,-1.234830737,-1.256386757,-1.548465967,-1.860194325
GNQ,2011,,-1.22866559,-1.258116364,-1.487338662,-1.899613738
GNQ,2012,,-1.239950657,-1.253810763,-1.600315809,-1.905040979
GNQ,2013,,-1.315580368,-1.355711818,-1.543533206,-1.96989131
GNQ,2014,,-1.540296793,-1.162644029,-1.465663552,-1.975196362
GNQ,2015,,-1.552454829,-1.143215537,-1.462549329,-1.999269724
GNQ,2016,,-1.585631013,-1.127995968,-1.545290232,-1.94751513
GNQ,2017,,-1.627693415,-1.139552832,-1.553122759,-1.97092557
GNQ,2018,,-1.522515178,-1.168566823,-1.635661602,-1.87539947
GNQ,2019,,-1.545618653,-1.016508102,-1.671925664,-1.879902482
GNQ,2020,,-1.519282579,-1.190465212,-1.695083618,-1.81125927
GNQ,2021,,-1.567582011,-1.15928483,-1.712811947,-1.717381835
GNQ,2022,,,,,
ERI,1990,,,,,
ERI,1991,,,,,
ERI,1992,,,,,
ERI,1993,,,,,
ERI,1994,,,,,
ERI,1995,,,,,
ERI,1996,,0.50568527,-1.149679661,-1.131253242,-1.363928318
ERI,1997,,,,,
ERI,1998,,0.516642094,-1.100677967,-1.117519617,-1.231638193
ERI,1999,,,,,
ERI,2000,,0.496908665,-1.15839386,-1.136425018,-1.470739365
ERI,2001,,,,,
ERI,2002,,0.125430346,-0.739994645,-1.214292169,-1.824391365
ERI,2003,,-4.85E-02,-0.817662001,-1.508441091,-1.932921529
ERI,2004,,-0.148119673,-1.043412089,-1.591026902,-1.907014132
ERI,2005,,-0.318069249,-0.973888636,-1.709820509,-2.184898615
ERI,2006,,-0.345739335,-1.332094908,-2.019072771,-2.084116697
ERI,2007,,-0.411584377,-1.341586113,-2.018736362,-2.115926266
ERI,2008,,-0.358149886,-1.334893942,-2.083861828,-2.15996933
ERI,2009,,-0.473421842,-1.395487428,-2.206664562,-2.202777863
ERI,2010,,-0.550964773,-1.394882798,-2.163246393,-2.198292255
ERI,2011,,-0.641272008,-1.488996625,-2.164820433,-2.226054192
ERI,2012,,-0.778626442,-1.506818891,-2.204118252,-2.208767176
ERI,2013,,-0.909359694,-1.546674013,-2.227406979,-2.196416616
ERI,2014,,-0.885469437,-1.675517797,-2.085847378,-2.113019943
ERI,2015,,-1.314797521,-1.637548566,-2.042139292,-2.106587887
ERI,2016,,-1.323179722,-1.738544941,-2.102588415,-2.170275927
ERI,2017,,-1.211470962,-1.762533903,-2.162271976,-2.166183472
ERI,2018,,-1.301206112,-1.730391502,-2.178006172,-2.185517788
ERI,2019,,-1.389170647,-1.769787312,-2.177598953,-2.206442118
ERI,2020,,-1.319348335,-1.624176383,-2.141852856,-2.066576481
ERI,2021,,-1.236861944,-1.676823735,-2.268742085,-1.934968233
ERI,2022,,,,,
EST,1990,,,,,
EST,1991,,,,,
EST,1992,,,,,
EST,1993,,,,,
EST,1994,,,,,
EST,1995,,,,,
EST,1996,,0.449222982,0.61150378,1.240009665,0.926167071
EST,1997,,,,,
EST,1998,,0.655492127,0.495435953,1.195787311,1.03417027
EST,1999,,,,,
EST,2000,,0.840922892,0.687826872,1.271518111,0.98800236
EST,2001,,,,,
EST,2002,,0.739191175,0.667886496,1.263140082,1.072951317
EST,2003,37.2,0.922725499,0.884159386,1.17419982,1.07057941
EST,2004,33.6,0.982846856,0.908039093,1.225506902,1.093419075
EST,2005,33.4,0.994831264,0.940140545,1.247087121,0.992168546
EST,2006,33.7,1.012343884,1.15086925,1.29370141,1.068221688
EST,2007,31.2,0.96780771,1.011038184,1.322783232,1.073010921
EST,2008,31.9,0.952435076,1.163612366,1.388366342,1.09165287
EST,2009,31.4,1.000682592,1.004792809,1.392692685,1.08552134
EST,2010,32,0.989536285,1.08025527,1.388202071,1.105651736
EST,2011,32.5,1.045448303,1.070859671,1.385317087,1.133725882
EST,2012,32.9,1.088298321,0.948040783,1.410284042,1.111924648
EST,2013,35.1,1.181539178,0.969612479,1.439240932,1.116848588
EST,2014,34.6,1.299008369,1.012398362,1.670609236,1.170336008
EST,2015,32.7,1.29068923,1.064577818,1.664242387,1.186882734
EST,2016,31.2,1.266897917,1.085860014,1.695028782,1.208045721
EST,2017,30.4,1.238063574,1.105115891,1.640106797,1.214444876
EST,2018,30.3,1.50129199,1.184973955,1.550559521,1.179290175
EST,2019,30.8,1.55827558,1.168541312,1.589628816,1.181058049
EST,2020,30.7,1.610068202,1.334767699,1.539809346,1.171357155
EST,2021,,1.535825491,1.382561922,1.559108973,1.190773726
EST,2022,,,,,
SWZ,1990,,,,,
SWZ,1991,,,,,
SWZ,1992,,,,,
SWZ,1993,,,,,
SWZ,1994,60.5,,,,
SWZ,1995,,,,,
SWZ,1996,,3.73E-02,-0.636936128,-0.270231128,-1.326706529
SWZ,1997,,,,,
SWZ,1998,,5.45E-02,-0.599871159,-0.178727999,-1.236201644
SWZ,1999,,,,,
SWZ,2000,53.1,-4.51E-02,-0.650617778,-0.189359665,-1.462375522
SWZ,2001,,,,,
SWZ,2002,,-6.01E-02,-0.498171955,-0.259639919,-1.402146339
SWZ,2003,,-7.31E-02,-0.710048139,-0.282602161,-1.530229688
SWZ,2004,,-0.242530376,-1.0837183,-0.533950925,-1.46496892
SWZ,2005,,-0.275532275,-0.951080739,-0.43434453,-1.494866014
SWZ,2006,,-4.49E-02,-0.552253425,-0.363591105,-1.251292229
SWZ,2007,,-4.53E-02,-0.573368132,-0.571789563,-1.351682901
SWZ,2008,,3.64E-02,-0.467913806,-0.436524838,-1.319656968
SWZ,2009,51.5,-1.12E-02,-0.429739743,-0.369996488,-1.271791458
SWZ,2010,,-4.19E-02,-0.298452854,-0.396744579,-1.325327277
SWZ,2011,,-0.184126675,-0.521417379,-0.407737106,-1.315425396
SWZ,2012,,-0.224429905,-0.386308402,-0.303469598,-1.281684399
SWZ,2013,,-0.228339255,-0.369800895,-0.147563919,-1.261993408
SWZ,2014,,-0.256666481,-0.494793147,-0.220856681,-1.335522294
SWZ,2015,,-0.187601715,-0.507000148,-0.241161585,-1.393398523
SWZ,2016,54.6,-0.20366922,-0.506514072,-0.252516568,-1.432752848
SWZ,2017,,-4.41E-02,-0.46020031,-0.244496316,-1.451636672
SWZ,2018,,-0.205998778,-0.631603539,-0.49165082,-1.372801423
SWZ,2019,,-0.281040937,-0.601965368,-0.511614144,-1.342563987
SWZ,2020,,-0.250071585,-0.726357102,-0.473401695,-1.331405878
SWZ,2021,,-0.650570393,-0.728663802,-0.582627952,-1.297305703
SWZ,2022,,,,,
ETH,1990,,,,,
ETH,1991,,,,,
ETH,1992,,,,,
ETH,1993,,,,,
ETH,1994,,,,,
ETH,1995,44.6,,,,
ETH,1996,,-0.930545986,-1.207593679,-1.296775341,-1.083550096
ETH,1997,,,,,
ETH,1998,,-0.903203785,-1.190728784,-1.266358137,-0.989250898
ETH,1999,30,,,,
ETH,2000,,-0.906757355,-1.206501126,-1.316233754,-1.031738877
ETH,2001,,,,,
ETH,2002,,-0.717909098,-1.044390798,-1.232779026,-1.226131916
ETH,2003,,-0.777412176,-1.071674585,-1.155828953,-1.114733219
ETH,2004,29.8,-0.757493496,-0.877902627,-0.99161458,-1.180990577
ETH,2005,,-0.772508383,-0.919015706,-1.11570704,-1.238757253
ETH,2006,,-0.650104702,-0.690019906,-1.028316259,-1.19371748
ETH,2007,,-0.632185876,-0.466652423,-0.982684672,-1.203704953
ETH,2008,,-0.666399777,-0.444984317,-0.899132013,-1.30721271
ETH,2009,,-0.704722345,-0.556844592,-0.931926727,-1.29824543
ETH,2010,33.2,-0.694108725,-0.482412338,-0.848106444,-1.344856143
ETH,2011,,-0.667876601,-0.514499664,-0.994923115,-1.362643838
ETH,2012,,-0.608586848,-0.450273544,-1.050038218,-1.308907866
ETH,2013,,-0.501512408,-0.618144035,-1.135668755,-1.313026309
ETH,2014,,-0.447899312,-0.436862171,-1.078414083,-1.284414291
ETH,2015,35,-0.453527302,-0.659599066,-1.0364573,-1.298228741
ETH,2016,,-0.420890152,-0.660469055,-1.100014567,-1.402380109
ETH,2017,,-0.55976063,-0.71177578,-1.015599608,-1.432524323
ETH,2018,,-0.482024074,-0.624305069,-0.971507728,-1.166007876
ETH,2019,,-0.410455853,-0.623708487,-0.897398233,-1.059239984
ETH,2020,,-0.364881128,-0.550458014,-0.959099114,-1.03581655
ETH,2021,,-0.397181958,-0.613235295,-0.928053856,-1.069105148
ETH,2022,,,,,
FRO,1990,,,,,
FRO,1991,,,,,
FRO,1992,,,,,
FRO,1993,,,,,
FRO,1994,,,,,
FRO,1995,,,,,
FRO,1996,,,,,
FRO,1997,,,,,
FRO,1998,,,,,
FRO,1999,,,,,
FRO,2000,,,,,
FRO,2001,,,,,
FRO,2002,,,,,
FRO,2003,,,,,
FRO,2004,,,,,
FRO,2005,,,,,
FRO,2006,,,,,
FRO,2007,,,,,
FRO,2008,,,,,
FRO,2009,,,,,
FRO,2010,,,,,
FRO,2011,,,,,
FRO,2012,,,,,
FRO,2013,,,,,
FRO,2014,,,,,
FRO,2015,,,,,
FRO,2016,,,,,
FRO,2017,,,,,
FRO,2018,,,,,
FRO,2019,,,,,
FRO,2020,,,,,
FRO,2021,,,,,
FRO,2022,,,,,
FJI,1990,,,,,
FJI,1991,,,,,
FJI,1992,,,,,
FJI,1993,,,,,
FJI,1994,,,,,
FJI,1995,,,,,
FJI,1996,,0.659302592,-0.1241927,3.03E-02,0.152574241
FJI,1997,,,,,
FJI,1998,,0.663797557,-9.91E-02,4.19E-02,0.226074696
FJI,1999,,,,,
FJI,2000,,0.630551934,-0.142841607,-0.316572756,-0.346214205
FJI,2001,,,,,
FJI,2002,38.1,0.610876262,0.3014974,0.14991577,2.87E-02
FJI,2003,,0.276081532,6.19E-02,-0.282602161,6.66E-02
FJI,2004,,0.290086865,-0.473163933,-0.727014661,-3.70E-02
FJI,2005,,-0.224626929,-4.11E-02,-0.399358898,4.93E-02
FJI,2006,,0.184131041,-1.33E-02,-0.383677423,-0.325200826
FJI,2007,,0.121460937,-0.539551437,-0.372163326,-0.650255859
FJI,2008,40.4,9.83E-02,-1.046419144,-0.700911939,-0.704701424
FJI,2009,,-0.154777318,-1.174732447,-0.971093595,-0.91068691
FJI,2010,,-0.159897983,-0.91553688,-0.564225972,-1.10635519
FJI,2011,,0.108835898,-0.898822069,-0.451289445,-1.093061566
FJI,2012,,0.181172475,-1.049253345,-0.587406158,-0.978677988
FJI,2013,36.7,0.195707113,-1.030317187,-0.525646508,-0.909593225
FJI,2014,,0.38520658,-0.401604831,-0.256007999,-0.176620543
FJI,2015,,0.424588889,-0.292020977,-0.218076706,2.78E-02
FJI,2016,,0.380507231,-0.235701814,-0.218169883,2.86E-02
FJI,2017,,0.686592698,0.28252247,7.89E-02,0.122857846
FJI,2018,,0.741560519,0.824066341,5.28E-02,0.130464286
FJI,2019,30.7,0.727740586,0.810354948,4.89E-02,2.14E-02
FJI,2020,,0.643417299,0.545305252,-9.63E-02,3.31E-02
FJI,2021,,0.47165674,0.623805881,-4.54E-03,-0.150340781
FJI,2022,,,,,
FIN,1990,,,,,
FIN,1991,22.9,,,,
FIN,1992,,,,,
FIN,1993,,,,,
FIN,1994,,,,,
FIN,1995,23.5,,,,
FIN,1996,,2.206872463,1.724996448,1.54816103,1.51769793
FIN,1997,,,,,
FIN,1998,,2.199661732,1.949857116,1.761387587,1.467298269
FIN,1999,,,,,
FIN,2000,27.2,2.368235588,2.029718637,1.782545924,1.593033314
FIN,2001,,,,,
FIN,2002,,2.369009733,2.096402645,1.815653443,1.552903652
FIN,2003,27.7,2.374123812,2.193020582,1.826323748,1.572457075
FIN,2004,27.9,2.410111427,2.147143364,1.780430794,1.783608437
FIN,2005,27.6,2.314718962,2.123961926,1.661587238,1.687096953
FIN,2006,28,2.454110861,2.167194843,1.601819754,1.494072199
FIN,2007,28.3,2.389477491,1.967402577,1.548881292,1.460226774
FIN,2008,27.8,2.320845842,2.040577412,1.610931396,1.463081241
FIN,2009,27.5,2.240718603,2.225256205,1.809459329,1.465267062
FIN,2010,27.7,2.151669741,2.223692417,1.873101711,1.486712694
FIN,2011,27.6,2.191915035,2.234978914,1.813329816,1.507551432
FIN,2012,27.1,2.226846695,2.209977865,1.821589112,1.60069716
FIN,2013,27.2,2.200171232,2.181060553,1.841672182,1.573705554
FIN,2014,26.8,2.159475803,2.025872469,1.877657652,1.54194665
FIN,2015,27.1,2.256495953,1.869519949,1.831471682,1.543606997
FIN,2016,27.1,2.228350401,1.870932937,1.814362049,1.531785488
FIN,2017,27.4,2.203368664,2.0096457,1.817978024,1.55935812
FIN,2018,27.3,2.207324982,2.047128677,1.784577489,1.576915145
FIN,2019,27.7,2.150144815,1.999046803,1.84962523,1.564850807
FIN,2020,27.1,2.201974869,1.939224124,1.860526443,1.614037514
FIN,2021,,2.270076752,1.960441709,1.898075581,1.622748494
FIN,2022,,,,,
FRA,1990,32.1,,,,
FRA,1991,,,,,
FRA,1992,,,,,
FRA,1993,,,,,
FRA,1994,,,,,
FRA,1995,,,,,
FRA,1996,32,1.247409225,1.2518574,1.048776388,1.311158419
FRA,1997,31.9,,,,
FRA,1998,31.7,1.350772858,1.45350337,0.825750649,1.171781659
FRA,1999,32.5,,,,
FRA,2000,32.6,1.32172358,1.637057304,0.914936781,1.182986617
FRA,2001,32.5,,,,
FRA,2002,31.8,1.191585183,1.544081688,0.975888848,1.154342294
FRA,2003,31.4,1.305756092,1.650370717,1.215464473,1.122662783
FRA,2004,30.6,1.311163783,1.755186558,1.21646452,1.45645833
FRA,2005,29.8,1.357538223,1.665979981,1.244961619,1.476771235
FRA,2006,29.7,1.45506084,1.628099561,1.239821672,1.298722863
FRA,2007,32.4,1.456001759,1.464010477,1.287566423,1.259766817
FRA,2008,33,1.39503479,1.573470831,1.284252644,1.304794312
FRA,2009,32.7,1.429969311,1.476853848,1.214702845,1.244535089
FRA,2010,33.7,1.487756133,1.462455153,1.310160756,1.202856541
FRA,2011,33.3,1.537773252,1.392090917,1.156042576,1.170668364
FRA,2012,33.1,1.471969485,1.373074651,1.124174118,1.238105774
FRA,2013,32.5,1.304377317,1.482449055,1.149894834,1.219246626
FRA,2014,32.3,1.288246036,1.4134444,1.074068427,1.218186021
FRA,2015,32.7,1.283082008,1.444361925,1.125261545,1.206659317
FRA,2016,31.9,1.364643693,1.410835743,1.066853166,1.136472464
FRA,2017,31.6,1.259721994,1.340848088,1.154984117,1.152421713
FRA,2018,32.4,1.313190341,1.452368259,1.154914618,1.146502018
FRA,2019,31.2,1.279630184,1.365859389,1.438735008,1.116400361
FRA,2020,30.7,1.149994373,1.239420533,1.198949456,1.069294691
FRA,2021,,1.310407043,1.2675246,1.235557437,1.115086079
FRA,2022,,,,,
PYF,1990,,,,,
PYF,1991,,,,,
PYF,1992,,,,,
PYF,1993,,,,,
PYF,1994,,,,,
PYF,1995,,,,,
PYF,1996,,,,,
PYF,1997,,,,,
PYF,1998,,,,,
PYF,1999,,,,,
PYF,2000,,,,,
PYF,2001,,,,,
PYF,2002,,,,,
PYF,2003,,,,,
PYF,2004,,,,,
PYF,2005,,,,,
PYF,2006,,,,,
PYF,2007,,,,,
PYF,2008,,,,,
PYF,2009,,,,,
PYF,2010,,,,,
PYF,2011,,,,,
PYF,2012,,,,,
PYF,2013,,,,,
PYF,2014,,,,,
PYF,2015,,,,,
PYF,2016,,,,,
PYF,2017,,,,,
PYF,2018,,,,,
PYF,2019,,,,,
PYF,2020,,,,,
PYF,2021,,,,,
PYF,2022,,,,,
GAB,1990,,,,,
GAB,1991,,,,,
GAB,1992,,,,,
GAB,1993,,,,,
GAB,1994,,,,,
GAB,1995,,,,,
GAB,1996,,-1.102376938,-0.199152008,0.135673851,-0.321172208
GAB,1997,,,,,
GAB,1998,,-0.995287538,-0.462085247,0.335129142,-0.391127527
GAB,1999,,,,,
GAB,2000,,-0.592371881,-0.484881252,6.92E-02,-0.470682234
GAB,2001,,,,,
GAB,2002,,-0.520378828,-0.282606691,-7.84E-02,-0.526887536
GAB,2003,,-0.553776979,-0.425147951,-5.80E-02,-0.662809372
GAB,2004,,-0.826650083,-0.849554956,-0.430164129,-0.780080676
GAB,2005,42.2,-0.660073698,-0.836226702,-6.01E-02,-0.82700175
GAB,2006,,-1.083067894,-0.835981369,-0.301130533,-0.950213253
GAB,2007,,-1.166331768,-0.833478212,-0.382520467,-0.866477549
GAB,2008,,-1.16565454,-0.900767446,-0.560679853,-0.845180631
GAB,2009,,-1.077147484,-0.76251483,-0.477560759,-0.971218228
GAB,2010,,-0.905257821,-0.796213508,-0.435533315,-0.865145206
GAB,2011,,-0.893178523,-0.847696006,-0.45647487,-0.905199349
GAB,2012,,-0.666252255,-0.961442292,-0.532351732,-0.863606691
GAB,2013,,-0.634198666,-0.869095206,-0.614103138,-0.863369942
GAB,2014,,-0.67763567,-0.606391788,-0.693132579,-0.866108179
GAB,2015,,-0.700949013,-0.726703584,-0.7124089,-0.894542098
GAB,2016,,-0.737772644,-0.799578965,-0.70697397,-0.968354881
GAB,2017,38,-0.820386887,-0.974690497,-0.696574032,-1.060274363
GAB,2018,,-0.837908924,-0.802929819,-0.874086499,-0.966365576
GAB,2019,,-0.875252843,-0.935714185,-0.941352606,-1.042916536
GAB,2020,,-0.871859968,-0.967587471,-0.866582453,-0.979684055
GAB,2021,,-0.850754976,-0.7835868,-0.808025301,-0.894207716
GAB,2022,,,,,
GMB,1990,,,,,
GMB,1991,,,,,
GMB,1992,,,,,
GMB,1993,,,,,
GMB,1994,,,,,
GMB,1995,,,,,
GMB,1996,,-0.374195218,-0.619082868,-0.841568291,-1.274816751
GMB,1997,,,,,
GMB,1998,48.5,-0.364895523,-0.477520347,-0.690857768,-0.915815294
GMB,1999,,,,,
GMB,2000,,-0.377791107,-0.50956285,-0.434178412,-1.064674616
GMB,2001,,,,,
GMB,2002,,-0.233312801,-0.619889736,-0.527075648,-0.670977175
GMB,2003,47.3,-0.176545039,-0.419529736,-0.474271208,-0.489668667
GMB,2004,,-0.522410035,-0.593214571,-0.517802238,-0.674434602
GMB,2005,,-0.694694996,-0.72345221,-0.614453137,-1.015846252
GMB,2006,,-0.729944289,-0.729389369,-0.483886421,-0.89695102
GMB,2007,,-0.712738216,-0.614818096,-0.485150635,-0.891591012
GMB,2008,,-0.714707136,-0.769249082,-0.493136615,-0.865504682
GMB,2009,,-0.557290554,-0.743635356,-0.412360966,-1.012210608
GMB,2010,43.6,-0.587572575,-0.747328877,-0.480537474,-1.075464487
GMB,2011,,-0.513804793,-0.673879147,-0.351987541,-1.215479136
GMB,2012,,-0.65323174,-0.575523317,-0.257835358,-1.287478089
GMB,2013,,-0.706011951,-0.739737511,-0.377716362,-1.257354021
GMB,2014,,-0.69398278,-0.719586492,-0.498851091,-1.267609835
GMB,2015,35.9,-0.797295094,-0.954917192,-0.561227441,-1.4596771
GMB,2016,,-0.83552736,-0.902069211,-0.57076776,-1.260490179
GMB,2017,,-0.639375508,-0.717804849,-0.495048761,-0.622011125
GMB,2018,,-0.47828269,-0.731363714,-0.659789145,-0.22209242
GMB,2019,,-0.386162162,-0.741122901,-0.701143265,-0.250296623
GMB,2020,38.8,-0.402043223,-0.754498005,-0.743719399,-0.199840665
GMB,2021,,-0.358450145,-0.638483942,-0.873302341,-0.102891244
GMB,2022,,,,,
GEO,1990,,,,,
GEO,1991,,,,,
GEO,1992,,,,,
GEO,1993,,,,,
GEO,1994,,,,,
GEO,1995,,,,,
GEO,1996,37.1,-1.527264118,-0.636936128,-1.014463782,-0.33175081
GEO,1997,40.7,,,,
GEO,1998,41.3,-0.982505977,-0.599871159,-0.701988518,-0.385090172
GEO,1999,40.1,,,,
GEO,2000,40.5,-1.040172696,-0.42815426,-0.51660037,-0.283675939
GEO,2001,39.6,,,,
GEO,2002,37.2,-1.264141917,-0.712642133,-0.736232042,-0.505115449
GEO,2003,36.7,-0.650767446,-0.197516724,-0.617242515,-0.177865669
GEO,2004,36.2,-0.459568113,-0.565151632,-0.437420189,-7.83E-02
GEO,2005,37.4,-0.212853789,-0.436386257,-0.604643524,-9.04E-02
GEO,2006,36.9,5.02E-02,-0.249387518,-0.128548279,-9.27E-02
GEO,2007,38.1,-0.128835425,0.126756296,0.29865846,-0.230410188
GEO,2008,38.5,-0.102076381,0.313344359,0.475642592,-0.256853849
GEO,2009,38.2,-0.122036166,0.305827439,0.508792341,-0.188876048
GEO,2010,39.5,1.23E-02,0.335790485,0.586639822,-0.160913214
GEO,2011,39.6,0.117519699,0.591335356,0.651625037,-0.172698855
GEO,2012,39,0.397421122,0.640399277,0.664130926,2.16E-02
GEO,2013,38.6,0.463925153,0.616263986,0.725804985,0.138814524
GEO,2014,37.6,0.828557551,0.430173784,0.760027528,0.284683943
GEO,2015,36.5,0.732019842,0.326052338,0.765643656,0.274601668
GEO,2016,36.6,0.746462643,0.458598971,0.86886698,0.295233637
GEO,2017,37.9,0.793022335,0.520323455,0.957064092,0.264816642
GEO,2018,36.4,0.755375624,0.558672607,1.03835392,0.220887318
GEO,2019,35.9,0.74641484,0.809545219,1.033326149,0.168719828
GEO,2020,34.5,0.628455698,0.753325582,1.011490703,5.76E-02
GEO,2021,34.2,0.688035369,0.654211462,1.060541391,1.53E-02
GEO,2022,,,,,
DEU,1990,,,,,
DEU,1991,29.5,,,,
DEU,1992,29,,,,
DEU,1993,28.5,,,,
DEU,1994,29.2,,,,
DEU,1995,28.7,,,,
DEU,1996,28,1.905216813,1.724676728,1.481484294,1.32889533
DEU,1997,28.3,,,,
DEU,1998,28.1,1.997946858,1.812501669,1.231304526,1.291888475
DEU,1999,29,,,,
DEU,2000,28.8,1.801545382,1.804531693,1.456143498,1.314802051
DEU,2001,29.9,,,,
DEU,2002,29.9,1.888743639,1.660018086,1.510943174,1.414031386
DEU,2003,29.9,1.87576139,1.356821299,1.501877904,1.413554311
DEU,2004,30.2,1.840065479,1.466727853,1.469573021,1.496040106
DEU,2005,31.6,1.875442266,1.5000844,1.515106559,1.485833883
DEU,2006,31,1.793642521,1.645597935,1.568908811,1.365230918
DEU,2007,31.1,1.726519346,1.630697012,1.616165519,1.336478472
DEU,2008,30.9,1.745895863,1.513504505,1.488884568,1.336777806
DEU,2009,30.5,1.746210337,1.574908257,1.516452789,1.334960699
DEU,2010,30.3,1.766428828,1.515488744,1.570686102,1.297783256
DEU,2011,30.7,1.741949916,1.499923468,1.548867702,1.349210739
DEU,2012,31.1,1.817630172,1.530664206,1.529082894,1.393738031
DEU,2013,31.5,1.797943592,1.510821939,1.544340372,1.406184077
DEU,2014,30.9,1.812496543,1.665354967,1.697039127,1.436358809
DEU,2015,31.4,1.814328671,1.682785392,1.718244433,1.422017217
DEU,2016,31.4,1.820955515,1.689760208,1.813969851,1.36436975
DEU,2017,31.9,1.83601439,1.645124197,1.781149268,1.432263851
DEU,2018,31.8,1.93290782,1.556094408,1.761803269,1.431246519
DEU,2019,31.7,1.900066733,1.524563909,1.721608162,1.355544448
DEU,2020,,1.855754375,1.352196813,1.587336659,1.377790928
DEU,2021,,1.813231826,1.331146359,1.631536007,1.43199122
DEU,2022,,,,,
GHA,1990,,,,,
GHA,1991,38.4,,,,
GHA,1992,,,,,
GHA,1993,,,,,
GHA,1994,,,,,
GHA,1995,,,,,
GHA,1996,,-0.339949548,-0.119933769,-0.343818367,-0.207235247
GHA,1997,,,,,
GHA,1998,40.1,-0.32974261,-0.219085738,-0.220613942,-0.187200338
GHA,1999,,,,,
GHA,2000,,-9.60E-02,3.35E-02,-1.81E-03,7.06E-02
GHA,2001,,,,,
GHA,2002,,-0.342790067,-8.86E-02,-0.508185565,2.84E-02
GHA,2003,,-0.311426789,-0.296098858,-0.280945212,0.271764487
GHA,2004,,-0.279528439,-0.356408417,-0.380256206,0.11770542
GHA,2005,42.8,-0.3687464,-0.215351611,-0.183413431,0.197485223
GHA,2006,,-1.42E-02,2.51E-02,-0.107713647,0.407593399
GHA,2007,,3.81E-02,8.54E-02,-0.11200542,0.497320414
GHA,2008,,-7.75E-02,-3.30E-02,-0.111344561,0.431884378
GHA,2009,,-9.99E-03,-0.127614856,3.72E-02,0.498016387
GHA,2010,,1.43E-02,-0.105485797,5.35E-02,0.514764845
GHA,2011,,-2.91E-02,-9.29E-02,8.17E-02,0.484657794
GHA,2012,42.4,-0.126568556,-9.25E-02,9.85E-02,0.431352198
GHA,2013,,-9.66E-02,-0.136944935,6.18E-02,0.438854575
GHA,2014,,-0.194918543,-0.311548889,-4.77E-02,0.461645961
GHA,2015,,-0.186141491,-0.288247645,-9.07E-02,0.488428712
GHA,2016,43.5,-0.155562237,-0.222265705,-0.289217651,0.583630621
GHA,2017,,-0.229119286,-0.162351951,-0.17200318,0.596758425
GHA,2018,,-0.11501845,-0.297320187,-0.132535592,0.549476922
GHA,2019,,-8.78E-02,-0.265315861,-0.169835433,0.549909234
GHA,2020,,-0.105029307,-0.165586546,-0.117155604,0.554172695
GHA,2021,,-0.106090412,-0.149478808,-0.200255007,0.467349112
GHA,2022,,,,,
GIB,1990,,,,,
GIB,1991,,,,,
GIB,1992,,,,,
GIB,1993,,,,,
GIB,1994,,,,,
GIB,1995,,,,,
GIB,1996,,,,,
GIB,1997,,,,,
GIB,1998,,,,,
GIB,1999,,,,,
GIB,2000,,,,,
GIB,2001,,,,,
GIB,2002,,,,,
GIB,2003,,,,,
GIB,2004,,,,,
GIB,2005,,,,,
GIB,2006,,,,,
GIB,2007,,,,,
GIB,2008,,,,,
GIB,2009,,,,,
GIB,2010,,,,,
GIB,2011,,,,,
GIB,2012,,,,,
GIB,2013,,,,,
GIB,2014,,,,,
GIB,2015,,,,,
GIB,2016,,,,,
GIB,2017,,,,,
GIB,2018,,,,,
GIB,2019,,,,,
GIB,2020,,,,,
GIB,2021,,,,,
GIB,2022,,,,,
GRC,1990,,,,,
GRC,1991,,,,,
GRC,1992,,,,,
GRC,1993,,,,,
GRC,1994,,,,,
GRC,1995,37,,,,
GRC,1996,,0.33865419,0.83755517,0.537135065,1.003164291
GRC,1997,,,,,
GRC,1998,,0.755532086,0.736908495,0.577563286,1.103217363
GRC,1999,,,,,
GRC,2000,34.2,0.631434977,0.587037921,0.736641586,1.013062
GRC,2001,,,,,
GRC,2002,,0.403180629,0.77604568,0.946032047,1.04801929
GRC,2003,32.8,0.363324076,0.703574002,0.987252712,1.156673908
GRC,2004,33.6,0.450190425,0.785593033,0.836224496,1.191414952
GRC,2005,34.6,0.351383656,0.70947206,0.958650231,1.097569346
GRC,2006,35.1,0.357532442,0.62893945,0.85774231,0.965482771
GRC,2007,34,0.261930704,0.551542997,0.894383371,0.983873904
GRC,2008,33.6,0.126674965,0.577617407,0.881061792,0.92821151
GRC,2009,33.6,6.29E-02,0.614999592,0.834921479,0.891443253
GRC,2010,34.1,-6.25E-02,0.49269253,0.642821491,0.897718012
GRC,2011,34.8,-0.101170935,0.451735079,0.492343783,0.820455015
GRC,2012,36.3,-0.19037801,0.276177168,0.521992683,0.700790524
GRC,2013,36.1,-7.51E-02,0.357484907,0.628217578,0.687237501
GRC,2014,35.8,-0.135704443,0.298346072,0.326164484,0.618778229
GRC,2015,36,-9.23E-02,0.175534189,0.405676454,0.651559412
GRC,2016,35,-0.107778907,0.155969188,0.144393101,0.668565869
GRC,2017,34.4,-8.57E-02,0.269768149,0.23626326,0.658500254
GRC,2018,32.9,-3.06E-02,0.288108438,0.412088543,0.732300758
GRC,2019,33.1,3.87E-02,0.34478572,0.527953088,0.812374592
GRC,2020,33.6,5.58E-02,0.437608153,0.550261974,0.966737986
GRC,2021,,0.207244009,0.443549573,0.44170779,0.955428958
GRC,2022,,,,,
GRL,1990,,,,,
GRL,1991,,,,,
GRL,1992,,,,,
GRL,1993,,,,,
GRL,1994,,,,,
GRL,1995,,,,,
GRL,1996,,,,,
GRL,1997,,,,,
GRL,1998,,,,,
GRL,1999,,,,,
GRL,2000,,,,,
GRL,2001,,,,,
GRL,2002,,,,,
GRL,2003,,,,,
GRL,2004,,,,,
GRL,2005,,,,,
GRL,2006,,,,,
GRL,2007,,,,,
GRL,2008,,,,,
GRL,2009,,1.183344483,1.025499701,1.347970366,1.245290518
GRL,2010,,1.210366488,1.011932969,1.362122059,1.282472253
GRL,2011,,1.221385837,1.000817657,1.325378656,1.276298761
GRL,2012,,1.213781714,0.995843112,1.368418336,1.290535688
GRL,2013,,1.235403299,0.938591599,1.389455199,1.278615117
GRL,2014,,1.203346848,0.916320562,1.372971773,1.276849508
GRL,2015,,1.187450886,0.864757419,1.348600388,1.273960948
GRL,2016,,1.16157639,0.838680744,1.331365943,1.279364109
GRL,2017,,1.178575754,0.834646106,1.319516063,1.295545578
GRL,2018,,1.170431733,0.832002163,1.36713016,1.271601558
GRL,2019,,1.137057543,0.808333099,1.359236002,1.264367223
GRL,2020,,1.030997038,0.791538119,1.387541771,1.286165118
GRL,2021,,1.022823334,0.775258124,1.371155262,1.288687706
GRL,2022,,,,,
GRD,1990,,,,,
GRD,1991,,,,,
GRD,1992,,,,,
GRD,1993,,,,,
GRD,1994,,,,,
GRD,1995,,,,,
GRD,1996,,0.869897187,0.644922495,0.547131836,0.614710569
GRD,1997,,,,,
GRD,1998,,0.883366406,0.652145922,0.536847532,0.724685133
GRD,1999,,,,,
GRD,2000,,0.861537576,0.618822575,0.515273035,0.715227902
GRD,2001,,,,,
GRD,2002,,0.850210369,0.568053842,0.456945926,0.785680056
GRD,2003,,0.854120076,0.576517761,0.439084023,0.764794171
GRD,2004,,0.759357512,0.560765624,0.287876695,0.569066882
GRD,2005,,0.743590176,0.388381481,0.362456709,0.525194108
GRD,2006,,0.708866119,0.390621811,0.531951129,0.720976889
GRD,2007,,0.441427618,0.318420023,0.416656256,0.794786453
GRD,2008,,0.375134289,0.238421962,0.217183694,0.820473313
GRD,2009,,0.404830992,0.238487989,0.239426047,0.823060751
GRD,2010,,0.475884438,0.190468416,0.272228628,0.791172504
GRD,2011,,0.462857246,0.278967619,0.22665973,0.785192192
GRD,2012,,0.446904987,0.32276392,0.251317769,0.747502923
GRD,2013,,0.450267434,0.274028927,0.248430222,0.770249128
GRD,2014,,0.313031375,-5.95E-02,0.178317696,0.906164587
GRD,2015,,0.561565697,-0.15665251,0.106639944,0.806074977
GRD,2016,,0.584479451,-0.121551275,7.12E-02,0.817103922
GRD,2017,,0.49271816,-0.137147561,-3.37E-02,0.744320452
GRD,2018,,0.403090686,-0.206633046,-0.273799539,0.493364871
GRD,2019,,0.369498819,-9.61E-02,-0.289395779,0.680547774
GRD,2020,,0.386904538,2.83E-02,-0.114809208,0.690307081
GRD,2021,,0.523264706,2.65E-02,0.291877717,0.734087884
GRD,2022,,,,,
GUM,1990,,,,,
GUM,1991,,,,,
GUM,1992,,,,,
GUM,1993,,,,,
GUM,1994,,,,,
GUM,1995,,,,,
GUM,1996,,,,,
GUM,1997,,,,,
GUM,1998,,,,,
GUM,1999,,,,,
GUM,2000,,,,,
GUM,2001,,,,,
GUM,2002,,,,,
GUM,2003,,,,,
GUM,2004,,0.370109558,0.342144519,0.714708745,0.597243965
GUM,2005,,0.789309144,0.224524423,0.616531134,0.654332459
GUM,2006,,0.775587142,0.245218232,0.608042121,0.548463166
GUM,2007,,0.784966588,0.225729167,0.626675904,0.972128868
GUM,2008,,0.797165334,0.24071677,0.642759264,0.967198193
GUM,2009,,0.832615554,-2.13E-02,0.653302133,0.963811636
GUM,2010,,0.815264821,-2.50E-02,0.642825544,0.767428875
GUM,2011,,0.791372001,-2.76E-02,0.631379724,0.784417808
GUM,2012,,0.779971004,-4.01E-02,0.599272251,0.800454021
GUM,2013,,0.778301716,-3.60E-02,0.601454556,0.783445895
GUM,2014,,1.220708609,0.438700348,0.177999645,
GUM,2015,,1.215440273,0.485081702,0.168665841,
GUM,2016,,1.223311424,0.263139009,0.132687509,
GUM,2017,,1.237865448,0.28252247,0.109363891,
GUM,2018,,1.234533429,0.268033743,8.20E-02,1.145279288
GUM,2019,,1.2310431,0.265013605,8.02E-02,1.114776611
GUM,2020,,1.311400652,0.689502597,0.542312026,0.929965973
GUM,2021,,1.325616956,0.697109878,0.548629165,0.780045033
GUM,2022,,,,,
GTM,1990,,,,,
GTM,1991,,,,,
GTM,1992,,,,,
GTM,1993,,,,,
GTM,1994,,,,,
GTM,1995,,,,,
GTM,1996,,-0.856944203,-0.454697043,-0.309772879,-0.235270128
GTM,1997,,,,,
GTM,1998,,-0.866168261,-0.35470736,-0.154734895,-0.195095882
GTM,1999,,,,,
GTM,2000,54.2,-0.830889881,-0.56138736,-0.288512379,-0.285944521
GTM,2001,,,,,
GTM,2002,,-0.660021722,-0.563064635,-0.165764809,-0.358615816
GTM,2003,,-0.73712796,-0.570836306,-0.349703223,-0.483628333
GTM,2004,,-0.619750619,-0.809396982,-0.226334214,-0.324404269
GTM,2005,,-0.684203923,-0.79895395,-0.500911415,-0.359379411
GTM,2006,54.6,-0.837902725,-0.693938076,-0.315376073,-0.168789566
GTM,2007,,-0.769333959,-0.666810572,-0.305537134,-0.171275631
GTM,2008,,-0.666637182,-0.650941908,-0.252038717,-0.201825634
GTM,2009,,-0.533482134,-0.711909115,-0.216534749,-0.250002414
GTM,2010,,-0.540784419,-0.723099411,-0.172244892,-0.303283572
GTM,2011,,-0.537248194,-0.727107823,-0.211610183,-0.311964631
GTM,2012,,-0.678762555,-0.788484037,-0.263000935,-0.356138647
GTM,2013,,-0.639010668,-0.727054179,-0.287112713,-0.366542727
GTM,2014,48.3,-0.756130755,-0.762473464,-0.284290075,-0.33758685
GTM,2015,,-0.759712815,-0.739520848,-0.307585031,-0.346393049
GTM,2016,,-0.771265268,-0.621087372,-0.289470136,-0.290310234
GTM,2017,,-0.766957521,-0.663387358,-0.354202002,-0.279577643
GTM,2018,,-0.801234663,-0.685638845,-0.278795719,-0.359746009
GTM,2019,,-0.89680624,-0.694045961,-0.319761753,-0.332797736
GTM,2020,,-1.114614367,-0.686632514,-0.255781114,-0.376560003
GTM,2021,,-1.173671126,-0.751769006,-0.315212965,-0.461863607
GTM,2022,,,,,
GIN,1990,,,,,
GIN,1991,46.8,,,,
GIN,1992,,,,,
GIN,1993,,,,,
GIN,1994,46.1,,,,
GIN,1995,,,,,
GIN,1996,,-0.939941525,-1.169292927,-0.840301275,-1.229575992
GIN,1997,,,,,
GIN,1998,,-1.075009942,-0.849191964,-0.8060413,-1.110450149
GIN,1999,,,,,
GIN,2000,,-1.050160885,-0.877114892,-0.824051261,-1.101043224
GIN,2001,,,,,
GIN,2002,43,-0.767053604,-0.959807038,-1.113725543,-1.263446808
GIN,2003,,-0.888901353,-0.762785912,-0.970146477,-1.195398688
GIN,2004,,-0.88760668,-0.905039847,-1.01313293,-1.270173192
GIN,2005,,-1.073312879,-1.057970881,-1.037126303,-1.172004819
GIN,2006,,-1.121541977,-1.269739509,-1.143164992,-1.227811456
GIN,2007,39.4,-1.292450428,-1.250657439,-1.187397957,-1.368683934
GIN,2008,,-1.21101439,-1.176248312,-1.166003227,-1.426303506
GIN,2009,,-1.096284151,-1.046903133,-1.123585939,-1.302840233
GIN,2010,,-1.221938848,-1.127732158,-1.059894323,-0.917964995
GIN,2011,,-1.12737143,-1.149590731,-1.00237,-0.887738705
GIN,2012,33.7,-1.055663228,-1.26455462,-1.019625306,-1.013888836
GIN,2013,,-1.049763322,-1.174742222,-1.024412274,-1.022311449
GIN,2014,,-1.06706202,-1.243937969,-1.069671392,-0.857567132
GIN,2015,,-0.992457926,-1.156280398,-0.879648924,-0.857851386
GIN,2016,,-0.926131964,-1.034941912,-0.878493071,-0.760865033
GIN,2017,,-1.017583609,-1.06098485,-0.84972924,-0.739428699
GIN,2018,29.6,-1.040452719,-1.002142549,-0.793029249,-0.773560226
GIN,2019,,-0.892452061,-0.83614707,-0.795880973,-0.767856658
GIN,2020,,-0.947534502,-0.941214144,-0.86191231,-0.918391645
GIN,2021,,-0.996127367,-0.915673137,-0.964260876,-0.987571359
GIN,2022,,,,,
GNB,1990,,,,,
GNB,1991,,,,,
GNB,1992,,,,,
GNB,1993,43.6,,,,
GNB,1994,,,,,
GNB,1995,,,,,
GNB,1996,,-1.194654822,-1.409645319,-0.83420229,-0.972923279
GNB,1997,,,,,
GNB,1998,,-1.122083426,-1.290109992,-1.219323277,-0.943927407
GNB,1999,,,,,
GNB,2000,,-0.915324807,-0.966977537,-1.045960665,-0.638303697
GNB,2001,,,,,
GNB,2002,35.6,-1.044214368,-1.060361862,-0.881491482,-0.658738375
GNB,2003,,-1.127326012,-1.189265966,-0.850086212,-1.065574169
GNB,2004,,-1.27454555,-1.347278833,-1.188359499,-0.842662632
GNB,2005,,-1.174984336,-1.36573565,-1.124477863,-0.484425157
GNB,2006,,-1.095482945,-1.131515384,-0.980062366,-0.628867745
GNB,2007,,-1.204945683,-1.104709148,-1.135290623,-0.712383568
GNB,2008,,-1.200396061,-1.064276099,-1.197473884,-0.715373158
GNB,2009,,-1.21717298,-1.051625252,-1.195079803,-0.759196937
GNB,2010,50.7,-1.161557078,-1.070591688,-1.123641849,-0.822992086
GNB,2011,,-1.186045289,-1.075903177,-1.124466658,-0.85343945
GNB,2012,,-1.293287516,-1.292324066,-1.228919864,-1.325705886
GNB,2013,,-1.341573954,-1.457127094,-1.289142847,-1.343437076
GNB,2014,,-1.556711912,-1.644836664,-1.212226987,-0.849528134
GNB,2015,,-1.484072566,-1.630338669,-1.212238193,-0.749232173
GNB,2016,,-1.562587619,-1.682119727,-1.235182405,-0.733713031
GNB,2017,,-1.581135035,-1.79129231,-1.206177831,-0.79739219
GNB,2018,34.8,-1.540681958,-1.523099303,-1.22309804,-0.687607586
GNB,2019,,-1.480724335,-1.554981351,-1.251477242,-0.48110652
GNB,2020,,-1.342402101,-1.451486468,-1.266315937,-0.451619476
GNB,2021,,-1.300152063,-1.423883915,-1.25828886,-0.236318469
GNB,2022,,,,,
GUY,1990,,,,,
GUY,1991,,,,,
GUY,1992,,,,,
GUY,1993,,,,,
GUY,1994,,,,,
GUY,1995,,,,,
GUY,1996,,-0.140642017,-0.378730357,-0.173729807,0.254009694
GUY,1997,,,,,
GUY,1998,45.1,-0.352434874,-3.66E-02,-5.57E-02,0.390771747
GUY,1999,,,,,
GUY,2000,,-0.420879841,-5.21E-02,-0.130214244,0.464220554
GUY,2001,,,,,
GUY,2002,,-0.26159507,-0.17941758,-0.346247435,0.542352378
GUY,2003,,-0.357633144,-2.29E-02,-0.340948224,0.428198814
GUY,2004,,-0.400268286,-4.08E-02,-0.387165576,6.69E-02
GUY,2005,,-0.558261573,-0.500308871,-0.495723665,-0.228859812
GUY,2006,,-0.583094895,-0.292429447,-0.613583863,9.18E-02
GUY,2007,,-0.592017114,-1.37E-02,-0.620565355,0.100955948
GUY,2008,,-0.556314647,-0.178122938,-0.586162806,0.11215499
GUY,2009,,-0.539242208,-0.182079703,-0.623867869,9.27E-02
GUY,2010,,-0.562469244,-0.122429632,-0.605241239,6.62E-02
GUY,2011,,-0.619942248,-8.24E-02,-0.678618312,2.95E-02
GUY,2012,,-0.761781573,-0.100991204,-0.626173019,-2.29E-03
GUY,2013,,-0.651674628,-0.102908038,-0.608322561,2.12E-02
GUY,2014,,-0.740717888,-0.222436294,-0.528059959,0.156046495
GUY,2015,,-0.632807255,-0.322603822,-0.513476372,0.18409121
GUY,2016,,-0.326903701,-0.276812613,-0.422596544,0.253616989
GUY,2017,,-0.508103609,-0.272031456,-0.385692209,0.277817965
GUY,2018,,-0.226385906,-0.246903375,-0.53814584,0.215664059
GUY,2019,,-0.119589001,-0.374773502,-0.603396595,0.255159825
GUY,2020,,-0.150743857,-0.416971475,-0.526190817,0.21628882
GUY,2021,,-0.165203333,-0.236731559,-0.519256711,0.246707842
GUY,2022,,,,,
HTI,1990,,,,,
HTI,1991,,,,,
HTI,1992,,,,,
HTI,1993,,,,,
HTI,1994,,,,,
HTI,1995,,,,,
HTI,1996,,-1.17327714,-0.998445451,-0.91298455,-0.689029872
HTI,1997,,,,,
HTI,1998,,-1.166687131,-1.173520446,-0.954480052,-0.614243031
HTI,1999,,,,,
HTI,2000,,-1.201629281,-1.240616202,-0.942260087,-0.733862698
HTI,2001,,,,,
HTI,2002,,-1.506175399,-1.356972814,-1.093482494,-1.180776
HTI,2003,,-1.584855795,-1.483278394,-1.133565903,-1.200582743
HTI,2004,,-1.460177302,-1.724804521,-1.479856372,-1.335517883
HTI,2005,,-1.391284227,-1.346182346,-1.222022891,-1.231598139
HTI,2006,,-1.326422453,-1.306173086,-0.862635136,-0.712554455
HTI,2007,,-1.290741682,-1.326563358,-0.837894082,-0.612985611
HTI,2008,,-1.215589523,-1.315084219,-0.778468251,-0.587012768
HTI,2009,,-1.095069528,-1.515387654,-0.938361287,-0.657142222
HTI,2010,,-1.189320803,-1.657484651,-1.028236032,-0.711512327
HTI,2011,,-1.237703323,-1.701724648,-1.055708051,-0.749023736
HTI,2012,41.1,-1.240631819,-1.664235473,-0.946483672,-0.762743711
HTI,2013,,-1.135210872,-1.593705058,-0.940709591,-0.74944526
HTI,2014,,-1.239228249,-2.091386318,-1.082755566,-0.791099787
HTI,2015,,-1.234093547,-2.063530922,-1.1846807,-0.798691452
HTI,2016,,-1.330568314,-2.137153149,-1.24894321,-0.759351909
HTI,2017,,-1.238784313,-2.105768919,-1.335303068,-0.736969233
HTI,2018,,-1.267754316,-1.932748675,-1.284545064,-0.757508337
HTI,2019,,-1.330896616,-2.047519207,-1.291273475,-0.746310472
HTI,2020,,-1.32764411,-2.089163303,-1.238207102,-0.840465605
HTI,2021,,-1.423377037,-2.187487841,-1.318740487,-0.952148438
HTI,2022,,,,,
HND,1990,57.4,,,,
HND,1991,51.9,,,,
HND,1992,51.8,,,,
HND,1993,53.5,,,,
HND,1994,55,,,,
HND,1995,55.5,,,,
HND,1996,55.7,-1.07881093,-0.743915081,-0.692049384,-0.222767293
HND,1997,52.7,,,,
HND,1998,57.4,-1.015081167,-0.611828744,-0.399931312,-2.24E-02
HND,1999,55.4,,,,
HND,2000,,-0.969870448,-0.579896092,-0.565024197,-9.86E-02
HND,2001,55.4,,,,
HND,2002,55.7,-1.019552112,-0.685433745,-0.536085248,-0.162654772
HND,2003,58.1,-0.974429309,-0.766016126,-0.5933339,-0.177857652
HND,2004,58.1,-0.946081817,-0.720981658,-0.42958352,-0.340818167
HND,2005,59.5,-0.81975615,-0.68176502,-0.625240624,-0.345806867
HND,2006,57.5,-0.833331823,-0.662204504,-0.457659006,-0.139432833
HND,2007,55.8,-0.791543305,-0.55427438,-0.282702386,-0.192796737
HND,2008,55.5,-0.915665329,-0.624780953,-0.316503912,-0.294657081
HND,2009,51.3,-0.908242762,-0.679099441,-0.310121268,-0.532957137
HND,2010,53.1,-0.889169753,-0.641049027,-0.246572301,-0.503610492
HND,2011,52.6,-0.833935797,-0.524026811,-0.152864039,-0.468656331
HND,2012,53.4,-0.955132008,-0.696037591,-0.205009326,-0.469777703
HND,2013,50,-0.94487375,-0.728501976,-0.197600991,-0.474935979
HND,2014,49.9,-0.787135541,-0.816930711,-0.408311367,-0.409179151
HND,2015,49.2,-0.566912591,-0.826377571,-0.399070054,-0.421742618
HND,2016,49.8,-0.657360852,-0.730238914,-0.520941079,-0.43813464
HND,2017,49.4,-0.717420161,-0.504674911,-0.43500188,-0.440146476
HND,2018,48.9,-0.636138201,-0.589021087,-0.441733122,-0.529311657
HND,2019,48.2,-0.856914759,-0.588127494,-0.482604355,-0.571716666
HND,2020,,-0.968091071,-0.61373055,-0.481727391,-0.617987692
HND,2021,,-1.072395802,-0.782125533,-0.521958768,-0.587121189
HND,2022,,,,,
HKG,1990,,,,,
HKG,1991,,,,,
HKG,1992,,,,,
HKG,1993,,,,,
HKG,1994,,,,,
HKG,1995,,,,,
HKG,1996,,1.444894195,1.036225438,1.677795053,0.333626032
HKG,1997,,,,,
HKG,1998,,1.30338192,1.096901536,1.835574865,-0.106265157
HKG,1999,,,,,
HKG,2000,,1.292819738,1.26450181,1.761175275,-1.20E-02
HKG,2001,,,,,
HKG,2002,,1.666941762,1.331108093,1.677312016,0.190888628
HKG,2003,,1.800160408,1.589556694,1.894880176,0.449889958
HKG,2004,,1.849274278,1.73508966,1.948582768,0.562140465
HKG,2005,,1.770194054,1.609023452,1.788501024,0.620391667
HKG,2006,,1.857166886,1.910807967,1.935689688,0.508110166
HKG,2007,,1.908177853,1.863487959,1.985213518,0.476365209
HKG,2008,,1.886837244,1.846378088,1.954249501,0.44778803
HKG,2009,,1.876695275,1.737173915,1.816798806,0.479499638
HKG,2010,,1.954417706,1.675154567,1.874030828,0.514842272
HKG,2011,,1.845635533,1.644753337,1.775727272,0.57496798
HKG,2012,,1.732589602,1.825387359,1.940345645,0.639709473
HKG,2013,,1.636237025,1.738379836,1.919577956,0.725162983
HKG,2014,,1.615458131,1.826506376,2.050772667,0.535718739
HKG,2015,,1.648842454,1.904233098,2.184735537,0.51482451
HKG,2016,,1.556370378,1.834740162,2.151032448,0.377285004
HKG,2017,,1.610684395,1.896662712,2.161466122,0.428278148
HKG,2018,,1.671308756,1.894866228,2.225086927,0.440071821
HKG,2019,,1.686998367,1.733729839,1.98207128,0.126975581
HKG,2020,,1.647147536,1.653233409,1.793463826,3.89E-02
HKG,2021,,1.709560752,1.526116848,1.583754063,-0.211013958
HKG,2022,,,,,
HUN,1990,,,,,
HUN,1991,,,,,
HUN,1992,,,,,
HUN,1993,,,,,
HUN,1994,,,,,
HUN,1995,,,,,
HUN,1996,,0.666908205,0.863268733,0.850572765,1.015237093
HUN,1997,,,,,
HUN,1998,,0.732710958,0.936182857,0.960597098,1.070460796
HUN,1999,,,,,
HUN,2000,,0.720579922,0.999929845,1.042225122,1.135266662
HUN,2001,,,,,
HUN,2002,,0.574014664,0.991949141,1.259091735,1.15602231
HUN,2003,,0.635689139,0.832178175,1.118963718,1.167382121
HUN,2004,29.9,0.665135562,0.806912422,1.168114185,1.149414063
HUN,2005,34.7,0.625532269,0.751121044,1.047473431,1.175189376
HUN,2006,28.3,0.633171618,0.842621207,1.20098865,1.015040755
HUN,2007,27.9,0.595291078,0.695779979,1.206072092,1.041055679
HUN,2008,27.5,0.434097022,0.701303959,1.17410326,0.965708435
HUN,2009,27,0.395329833,0.677097797,1.081859827,0.909724355
HUN,2010,29.4,0.303954065,0.653526425,1.014453888,0.89423722
HUN,2011,29.2,0.332649559,0.659039736,1.027545452,0.836973131
HUN,2012,30.8,0.298703164,0.61773026,0.982062161,0.749367654
HUN,2013,31.5,0.294103175,0.688397706,0.899946392,0.737192869
HUN,2014,30.9,0.156834021,0.5911237,0.747946262,0.553286672
HUN,2015,30.4,0.147093385,0.546788156,0.762045562,0.559989512
HUN,2016,30.3,9.99E-02,0.498613775,0.599686682,0.402053922
HUN,2017,30.6,0.118520312,0.522830725,0.647817969,0.536953449
HUN,2018,29.6,8.12E-02,0.486754298,0.573088288,0.47842437
HUN,2019,30,5.57E-02,0.49152106,0.601590693,0.343969166
HUN,2020,29.7,9.34E-02,0.573773086,0.481639713,0.391828597
HUN,2021,,3.56E-02,0.634507835,0.496175766,0.404060245
HUN,2022,,,,,
ISL,1990,,,,,
ISL,1991,,,,,
ISL,1992,,,,,
ISL,1993,,,,,
ISL,1994,,,,,
ISL,1995,,,,,
ISL,1996,,1.73311007,1.86076653,1.253651857,1.462388992
ISL,1997,,,,,
ISL,1998,,1.914237857,1.84430778,1.300396681,1.429102898
ISL,1999,,,,,
ISL,2000,,2.19704318,1.944974422,1.552639365,1.492715597
ISL,2001,,,,,
ISL,2002,,2.194614172,1.956811666,1.505573153,1.472992182
ISL,2003,26.8,2.22752285,2.039054155,1.630003452,1.555669427
ISL,2004,28,2.167231798,2.051875591,1.612708211,1.628327966
ISL,2005,29,2.301355362,1.967950344,1.602320313,1.568608046
ISL,2006,30.2,2.172911167,1.889759898,1.526693583,1.445336819
ISL,2007,29.5,2.197670221,1.788223982,1.50993681,1.431000233
ISL,2008,31.8,2.327251434,1.821932673,1.310835004,1.425650001
ISL,2009,28.7,2.031520128,1.631163955,1.013762355,1.415214062
ISL,2010,26.2,1.934969664,1.58019805,0.920679152,1.445752382
ISL,2011,26.8,1.932823181,1.577260613,1.051945329,1.410729647
ISL,2012,26.8,1.878031492,1.482834458,1.113124132,1.442950368
ISL,2013,25.4,1.904773474,1.483321667,1.132940769,1.439568877
ISL,2014,27.8,1.82383287,1.485888362,1.21289432,1.357352972
ISL,2015,26.8,1.9370296,1.487901568,1.269204736,1.376521587
ISL,2016,27.2,1.944353461,1.379790545,1.273493886,1.356110215
ISL,2017,26.1,1.83393991,1.44565928,1.430084705,1.379182339
ISL,2018,,1.83969748,1.458007336,1.414281607,1.377619147
ISL,2019,,1.704831481,1.511367917,1.371400595,1.30392909
ISL,2020,,1.697188616,1.514867783,1.452088833,1.385486007
ISL,2021,,1.790595531,1.638630509,1.53473568,1.374599338
ISL,2022,,,,,
IND,1990,,,,,
IND,1991,,,,,
IND,1992,,,,,
IND,1993,31.7,,,,
IND,1994,,,,,
IND,1995,,,,,
IND,1996,,-0.381090343,-0.111606687,-0.553349972,0.476563722
IND,1997,,,,,
IND,1998,,-0.258726746,-0.114457399,-0.443266034,0.391242564
IND,1999,,,,,
IND,2000,,-0.403301805,-0.187351525,-0.159504071,0.352063388
IND,2001,,,,,
IND,2002,,-0.55538249,-0.189068422,-0.381400049,0.426245898
IND,2003,,-0.456320524,-0.14701654,-0.38163045,0.454564899
IND,2004,34.4,-0.448476195,-0.183868796,-0.37812984,0.399967372
IND,2005,,-0.363160849,-0.102668457,-0.291889518,0.41368565
IND,2006,,-0.274562806,-9.96E-02,-0.283315152,0.437193722
IND,2007,,-0.397690296,0.136385813,-0.313716233,0.453963935
IND,2008,,-0.339097977,-1.27E-02,-0.413643241,0.462193102
IND,2009,35.4,-0.452406287,-6.08E-03,-0.34953326,0.46074909
IND,2010,,-0.463754565,2.91E-02,-0.410472035,0.443312973
IND,2011,35.7,-0.540835857,1.98E-02,-0.363154948,0.435818583
IND,2012,,-0.51396811,-0.159344167,-0.480885625,0.399454206
IND,2013,,-0.517085731,-0.160392627,-0.478094786,0.432780147
IND,2014,,-0.457155108,-0.225482807,-0.475076437,0.41331318
IND,2015,34.7,-0.381759197,0.109133676,-0.405677319,0.427884758
IND,2016,34.8,-0.313535988,9.10E-02,-0.300758511,0.440999389
IND,2017,35.9,-0.266855359,6.89E-02,-0.240820944,0.387066394
IND,2018,34.6,-0.205844283,0.295401305,-0.212453842,0.351978153
IND,2019,35,-0.279873192,0.160742477,-0.137945578,0.269035548
IND,2020,34.8,-0.270809293,0.405513287,-0.114247777,0.14990285
IND,2021,34.2,-0.294859201,0.28236258,-7.88E-02,0.112721607
IND,2022,,,,,
IDN,1990,32.3,,,,
IDN,1991,,,,,
IDN,1992,,,,,
IDN,1993,33.2,,,,
IDN,1994,,,,,
IDN,1995,,,,,
IDN,1996,35.6,-0.864106297,-0.705335677,-5.08E-02,-0.923689842
IDN,1997,,,,,
IDN,1998,32.2,-1.160076976,-0.694517493,-0.352856725,-1.024469733
IDN,1999,32.1,,,,
IDN,2000,29.5,-0.908694446,-0.366054028,-0.260399908,-0.270175904
IDN,2001,30,,,,
IDN,2002,32.8,-1.137302995,-0.550523043,-0.742287338,-0.271903306
IDN,2003,33,-0.979823589,-0.597246408,-0.866097331,-0.299386054
IDN,2004,33.9,-0.976611793,-0.490023553,-0.735824227,-0.255447417
IDN,2005,34.1,-0.906051815,-0.503756702,-0.64694804,-0.121925518
IDN,2006,35.3,-0.86427629,-0.348478645,-0.39619559,-8.43E-02
IDN,2007,36.7,-0.630509198,-0.308280289,-0.388591677,-1.98E-02
IDN,2008,36.1,-0.639086068,-0.263586372,-0.346988946,-1.13E-02
IDN,2009,36,-0.889640629,-0.331201553,-0.314694703,-9.98E-04
IDN,2010,37.2,-0.803534508,-0.267384022,-0.380860597,-3.77E-02
IDN,2011,40.5,-0.7558707,-0.322761536,-0.310188621,-8.53E-03
IDN,2012,40.5,-0.689105809,-0.331714362,-0.221852913,6.76E-02
IDN,2013,40.8,-0.660039663,-0.244258091,-0.123265877,3.61E-02
IDN,2014,40.2,-0.597599149,-6.49E-02,-8.36E-03,0.153921664
IDN,2015,40.4,-0.495113581,-0.296328127,-0.141089961,0.184871241
IDN,2016,39.3,-0.43989563,-1.60E-02,-2.16E-02,0.167968854
IDN,2017,38.8,-0.280535877,1.41E-02,4.17E-02,0.131623447
IDN,2018,38.4,-0.276329666,0.176904798,-9.81E-03,0.154347539
IDN,2019,37.6,-0.452071995,0.173593521,4.10E-02,0.132110149
IDN,2020,37.6,-0.432469308,0.350167453,0.228816181,0.101115197
IDN,2021,37.9,-0.427905589,0.37900728,0.298162043,0.155217528
IDN,2022,37.9,,,,
IRN,1990,43.6,,,,
IRN,1991,,,,,
IRN,1992,,,,,
IRN,1993,,,,,
IRN,1994,43,,,,
IRN,1995,,,,,
IRN,1996,,-0.480606765,-0.600068271,-1.423510432,-0.951336086
IRN,1997,,,,,
IRN,1998,44.1,-0.460588485,-0.490328997,-1.621682525,-0.857599556
IRN,1999,,,,,
IRN,2000,,-0.401130289,-0.492341906,-1.635897756,-0.932390332
IRN,2001,,,,,
IRN,2002,,-0.218060061,-0.616700828,-1.316698909,-1.075241089
IRN,2003,,-0.311086535,-0.55498755,-1.227163076,-1.253180027
IRN,2004,,-0.359162539,-0.488706887,-1.272096038,-1.23303318
IRN,2005,43.6,-0.477626026,-0.655147314,-1.174625516,-1.282150984
IRN,2006,44.8,-0.484105498,-0.544011056,-1.416593909,-1.500558734
IRN,2007,,-0.556039274,-0.634634912,-1.597211242,-1.554468393
IRN,2008,,-0.755060852,-0.668018818,-1.607343316,-1.569738984
IRN,2009,42.1,-0.767309308,-0.562718391,-1.705812454,-1.581750989
IRN,2010,,-0.948633969,-0.48397103,-1.709232807,-1.606161952
IRN,2011,,-0.880579233,-0.438510597,-1.521202803,-1.583116174
IRN,2012,,-0.79734683,-0.527663171,-1.426018596,-1.600212693
IRN,2013,37.4,-0.693658531,-0.677003026,-1.490508676,-1.608371854
IRN,2014,38.8,-0.625268459,-0.427461058,-1.457488894,-1.580742955
IRN,2015,39.5,-0.610128343,-0.209973752,-1.314355254,-1.513588548
IRN,2016,40,-0.71773541,-0.192301854,-1.234145045,-1.342969418
IRN,2017,40.8,-0.81662029,-0.199220181,-1.200613856,-1.299847364
IRN,2018,42,-0.963367999,-0.433131129,-1.378224254,-1.334073067
IRN,2019,40.9,-1.052306056,-0.556162298,-1.425855398,-1.386909604
IRN,2020,,-1.090523958,-0.993540883,-1.467172861,-1.476734757
IRN,2021,,-1.096301556,-0.858067036,-1.622264028,-1.470270753
IRN,2022,,,,,
IRQ,1990,,,,,
IRQ,1991,,,,,
IRQ,1992,,,,,
IRQ,1993,,,,,
IRQ,1994,,,,,
IRQ,1995,,,,,
IRQ,1996,,-1.602183461,-2.088644505,-2.152285099,-1.956640244
IRQ,1997,,,,,
IRQ,1998,,-1.422613263,-1.919372201,-2.204963207,-1.94254303
IRQ,1999,,,,,
IRQ,2000,,-1.471516371,-1.92812109,-2.170416594,-2.012988806
IRQ,2001,,,,,
IRQ,2002,,-1.393146873,-1.962571979,-1.995086551,-2.050343513
IRQ,2003,,-1.209322333,-1.741861463,-1.446560979,-1.50118041
IRQ,2004,,-1.489415765,-1.607008457,-1.651529431,-1.643005252
IRQ,2005,,-1.377784133,-1.636427879,-1.538951278,-1.300999403
IRQ,2006,28.6,-1.450710416,-1.734493494,-1.395052671,-1.282197595
IRQ,2007,,-1.461376786,-1.573203325,-1.324417114,-1.126172066
IRQ,2008,,-1.462235451,-1.240164042,-1.147575021,-1.104686856
IRQ,2009,,-1.328081846,-1.187919855,-1.005858898,-1.023455501
IRQ,2010,,-1.363127232,-1.103680372,-1.02928555,-0.991843641
IRQ,2011,,-1.258064747,-1.073969841,-1.009962082,-1.069501519
IRQ,2012,29.5,-1.248227,-1.055943847,-1.140616536,-1.076180577
IRQ,2013,,-1.315329313,-1.048166513,-1.129338264,-1.057192326
IRQ,2014,,-1.363342285,-1.056168675,-1.133842707,-1.144253254
IRQ,2015,,-1.415926814,-1.173539996,-1.127435923,-1.12793541
IRQ,2016,,-1.447234511,-1.203454971,-0.979118645,-1.015549541
IRQ,2017,,-1.415717721,-1.200534225,-1.090114832,-1.047243476
IRQ,2018,,-1.441227317,-1.245071411,-1.046397567,-1.004158139
IRQ,2019,,-1.374223709,-1.286283374,-1.079715371,-0.964400828
IRQ,2020,,-1.315469027,-1.280077577,-1.320956111,-1.007206082
IRQ,2021,,-1.250528455,-1.29181385,-1.112153888,-0.962966383
IRQ,2022,,,,,
IRL,1990,,,,,
IRL,1991,,,,,
IRL,1992,,,,,
IRL,1993,,,,,
IRL,1994,36.9,,,,
IRL,1995,37,,,,
IRL,1996,35.6,1.708908081,1.670319676,1.512729764,1.382436991
IRL,1997,,,,,
IRL,1998,,1.545052171,1.736843228,1.638005257,1.355704904
IRL,1999,,,,,
IRL,2000,33,1.38453424,1.592732906,1.781777143,1.408248782
IRL,2001,,,,,
IRL,2002,32.3,1.368625998,1.571493626,1.719497442,1.270815134
IRL,2003,32.9,1.41381526,1.495900273,1.58466208,1.276466012
IRL,2004,33.6,1.270406127,1.518823624,1.56711328,1.477552295
IRL,2005,33.8,1.584446549,1.73006916,1.487961888,1.623854518
IRL,2006,32.7,1.70114398,1.531305671,1.837045074,1.39654088
IRL,2007,31.9,1.739237309,1.553661942,1.850816965,1.397141814
IRL,2008,30.9,1.735993505,1.490947008,1.914259195,1.422590494
IRL,2009,32.7,1.750300288,1.331987977,1.695926785,1.353573442
IRL,2010,32.3,1.681157708,1.344096184,1.618432999,1.324431658
IRL,2011,32.9,1.556076646,1.44993639,1.594802141,1.305360556
IRL,2012,33.2,1.455700159,1.538757682,1.563885331,1.322521329
IRL,2013,33.5,1.646097541,1.504422426,1.574061632,1.311735153
IRL,2014,31.9,1.692481041,1.59942472,1.758731842,1.317528605
IRL,2015,31.8,1.71087122,1.547636628,1.813976288,1.334692955
IRL,2016,32.8,1.687402844,1.359187126,1.737876177,1.291035175
IRL,2017,31.4,1.566325903,1.29900372,1.583136082,1.294560075
IRL,2018,30.6,1.567317247,1.410582304,1.626639247,1.284337997
IRL,2019,30.8,1.491115212,1.285671115,1.600419521,1.305044413
IRL,2020,29.2,1.564145803,1.471392989,1.477955937,1.39371562
IRL,2021,,1.649120331,1.504413486,1.562218428,1.430213213
IRL,2022,,,,,
IMN,1990,,,,,
IMN,1991,,,,,
IMN,1992,,,,,
IMN,1993,,,,,
IMN,1994,,,,,
IMN,1995,,,,,
IMN,1996,,,,,
IMN,1997,,,,,
IMN,1998,,,,,
IMN,1999,,,,,
IMN,2000,,,,,
IMN,2001,,,,,
IMN,2002,,,,,
IMN,2003,,,,,
IMN,2004,,,,,
IMN,2005,,,,,
IMN,2006,,,,,
IMN,2007,,,,,
IMN,2008,,,,,
IMN,2009,,,,,
IMN,2010,,,,,
IMN,2011,,,,,
IMN,2012,,,,,
IMN,2013,,,,,
IMN,2014,,,,,
IMN,2015,,,,,
IMN,2016,,,,,
IMN,2017,,,,,
IMN,2018,,,,,
IMN,2019,,,,,
IMN,2020,,,,,
IMN,2021,,,,,
IMN,2022,,,,,
ISR,1990,,,,,
ISR,1991,,,,,
ISR,1992,35.5,,,,
ISR,1993,,,,,
ISR,1994,,,,,
ISR,1995,,,,,
ISR,1996,,1.354007602,0.774172544,1.082423568,0.70407182
ISR,1997,38.1,,,,
ISR,1998,,1.148572564,1.040769339,1.049242854,0.619312763
ISR,1999,,,,,
ISR,2000,,1.015101314,1.05533421,1.080583334,0.694345474
ISR,2001,38.9,,,,
ISR,2002,39.6,1.196318507,1.030793786,0.919349909,0.589134455
ISR,2003,40.7,1.084417462,1.139386654,0.905544698,0.644292593
ISR,2004,41.5,0.911944389,1.241596222,0.817563415,0.66225034
ISR,2005,42.3,0.823018372,1.038115263,0.861688018,0.646124363
ISR,2006,41.6,1.000245214,1.247491121,0.99716562,0.774156392
ISR,2007,41.1,0.843343794,1.230180383,1.100586653,0.740543842
ISR,2008,41.6,0.884931147,1.325133443,1.171262383,0.723265171
ISR,2009,42.6,0.803259552,1.271235466,1.099005699,0.570473194
ISR,2010,42.5,0.750026703,1.386021972,1.214825153,0.583845377
ISR,2011,41.4,0.797708333,1.336580753,1.31119442,0.653309524
ISR,2012,41.6,0.902115405,1.269508362,1.171133399,0.644344866
ISR,2013,40.2,0.90605098,1.243340015,1.159380078,0.649406195
ISR,2014,39.8,0.860894561,1.206027627,1.211220503,0.727600992
ISR,2015,39.7,0.93956995,1.383796334,1.268068671,0.744936585
ISR,2016,39,1.181322813,1.339675069,1.309297204,0.786671698
ISR,2017,38.2,0.822245359,1.380924225,1.269721746,0.697237492
ISR,2018,38.6,0.782391667,1.201202631,1.244971275,0.621403992
ISR,2019,,0.80241847,1.319137335,1.279374123,0.66012001
ISR,2020,,0.562145948,1.088035226,1.244817734,0.65449369
ISR,2021,,0.855771303,1.291966438,1.209037542,0.682616651
ISR,2022,,,,,
ITA,1990,,,,,
ITA,1991,31.5,,,,
ITA,1992,,,,,
ITA,1993,35.5,,,,
ITA,1994,,,,,
ITA,1995,35.2,,,,
ITA,1996,,0.407847583,0.840325475,0.855295658,1.129290819
ITA,1997,,,,,
ITA,1998,36.7,0.490962476,0.829069972,0.711156845,1.0639745
ITA,1999,,,,,
ITA,2000,35.3,0.699464858,0.722742617,0.791893303,1.040719151
ITA,2001,,,,,
ITA,2002,,0.523466825,0.753255427,0.90430069,1.038653016
ITA,2003,34.9,0.484606415,0.743578076,1.044891357,0.985716999
ITA,2004,34.3,0.361397028,0.6278373,1.084582567,1.177167773
ITA,2005,33.8,0.403579652,0.555958807,0.996279657,1.057029247
ITA,2006,33.7,0.477287948,0.355828702,0.976830065,1.064523578
ITA,2007,32.9,0.331189245,0.191472277,0.940306902,1.111907482
ITA,2008,33.8,0.262665063,0.272491664,0.974892855,1.032023787
ITA,2009,33.8,0.194480166,0.417080879,0.966553986,1.034216046
ITA,2010,34.7,0.283443719,0.467079729,0.894350588,0.962826371
ITA,2011,35.1,0.299565822,0.40326032,0.713232815,0.911823928
ITA,2012,35.2,0.172010645,0.447233975,0.744578302,0.916809261
ITA,2013,34.9,7.11E-02,0.532884181,0.778938115,0.954217374
ITA,2014,34.7,5.99E-03,0.473363519,0.638065696,0.999287128
ITA,2015,35.4,5.50E-02,0.519599438,0.724648535,1.03478992
ITA,2016,35.2,0.109893784,0.575462759,0.706917465,1.03497839
ITA,2017,35.9,0.20415175,0.522762895,0.702070951,0.990611255
ITA,2018,35.2,0.242468223,0.438418537,0.724453866,0.953385234
ITA,2019,34.6,0.260285705,0.478667974,0.953209758,0.906614542
ITA,2020,35.2,0.535262406,0.393574446,0.503073335,1.058296442
ITA,2021,,0.542555928,0.361195982,0.545158207,1.095203519
ITA,2022,,,,,
JAM,1990,41.1,,,,
JAM,1991,,,,,
JAM,1992,,,,,
JAM,1993,35.7,,,,
JAM,1994,,,,,
JAM,1995,,,,,
JAM,1996,40.4,0.187061369,0.139938012,0.204640329,0.58698386
JAM,1997,,,,,
JAM,1998,,0.139225751,0.224192709,0.220633313,0.727634013
JAM,1999,44.1,,,,
JAM,2000,,9.15E-02,2.16E-03,0.199342668,0.677775979
JAM,2001,,,,,
JAM,2002,48.3,-0.511592388,-7.76E-02,0.235489205,0.597427487
JAM,2003,,-0.435169965,-1.61E-02,0.214300141,0.519186258
JAM,2004,45.5,-0.393378407,0.129816845,0.151437998,0.3969042
JAM,2005,,-0.342859566,-0.168275774,0.165574804,0.418052882
JAM,2006,,-0.291285038,0.195772052,0.217925176,0.620725513
JAM,2007,,-0.338424057,0.331559658,0.269617617,0.637015939
JAM,2008,,-0.336699635,0.323536336,0.250679165,0.579975128
JAM,2009,,-0.321954697,0.28276062,0.218495637,0.577551782
JAM,2010,,-0.265738726,0.303514928,0.233887821,0.462827682
JAM,2011,,-0.18736437,0.298074841,0.245246693,0.479151219
JAM,2012,,-0.285973221,4.83E-02,0.176540703,0.486024708
JAM,2013,,-0.30427292,7.75E-02,0.184492603,0.543406129
JAM,2014,,-0.325509161,0.20426558,7.36E-02,0.5625934
JAM,2015,,-0.258115828,0.327525228,3.18E-02,0.608786047
JAM,2016,,-0.183220342,0.51226151,0.106488749,0.681331456
JAM,2017,,-0.199059412,0.592082083,7.59E-02,0.691164255
JAM,2018,,-0.206808284,0.635772765,0.140407979,0.584336817
JAM,2019,,-9.02E-02,0.625826776,9.84E-02,0.614271343
JAM,2020,,-2.25E-02,0.562295675,5.66E-02,0.628351092
JAM,2021,,-2.93E-02,0.414007515,0.195809439,0.62797612
JAM,2022,,,,,
JPN,1990,,,,,
JPN,1991,,,,,
JPN,1992,,,,,
JPN,1993,,,,,
JPN,1994,,,,,
JPN,1995,,,,,
JPN,1996,,1.192311883,0.910290778,0.771946728,1.072929502
JPN,1997,,,,,
JPN,1998,,1.065931201,1.016816854,0.554549456,0.946786463
JPN,1999,,,,,
JPN,2000,,1.229918957,1.14183569,0.797354162,0.958087981
JPN,2001,,,,,
JPN,2002,,0.936939836,1.016847968,0.495340139,1.014470935
JPN,2003,,1.169873714,1.156972408,1.06996572,1.082603693
JPN,2004,,1.200011015,1.342913747,1.134423375,1.043494582
JPN,2005,,1.210124135,1.285090446,1.258731008,1.006276965
JPN,2006,,1.320848703,1.584587932,1.260202885,0.954123318
JPN,2007,,1.230227828,1.4407022,1.129177213,0.969946265
JPN,2008,34.8,1.32388854,1.451211333,1.13206923,0.948859215
JPN,2009,,1.369224548,1.449903965,1.096569657,1.021053672
JPN,2010,32.1,1.553623199,1.522145867,1.016682506,1.040705085
JPN,2011,,1.55437541,1.466697097,1.074261308,1.071133375
JPN,2012,,1.618948698,1.407681942,1.137580633,1.101295233
JPN,2013,32.9,1.648278475,1.610950589,1.108954787,1.109647036
JPN,2014,,1.690476179,1.806141734,1.137973309,1.036113977
JPN,2015,,1.566597342,1.779806733,1.213250399,0.988072455
JPN,2016,,1.519624949,1.8146981,1.424855232,0.983630776
JPN,2017,,1.518158913,1.611937165,1.371847868,1.003701329
JPN,2018,,1.420951128,1.667645335,1.34167552,0.984483778
JPN,2019,,1.463698387,1.579613686,1.325354815,0.931311727
JPN,2020,,1.49305594,1.587120533,1.357471347,0.986826241
JPN,2021,,1.565421462,1.402757883,1.375934958,1.076934457
JPN,2022,,,,,
JOR,1990,,,,,
JOR,1991,,,,,
JOR,1992,43.4,,,,
JOR,1993,,,,,
JOR,1994,,,,,
JOR,1995,,,,,
JOR,1996,,-3.54E-02,-3.29E-02,2.45E-02,-0.238322094
JOR,1997,36.4,,,,
JOR,1998,,0.112761945,8.49E-02,0.339472294,-0.420019746
JOR,1999,,,,,
JOR,2000,,6.12E-02,1.70E-02,0.274942636,-0.284868985
JOR,2001,,,,,
JOR,2002,37,-6.23E-02,7.89E-02,2.44E-02,-0.796563566
JOR,2003,,0.333168775,0.165349856,0.190872625,-0.634042144
JOR,2004,,0.290117711,3.68E-02,0.294872522,-0.549854577
JOR,2005,,0.280934185,7.82E-03,7.82E-02,-0.514288366
JOR,2006,33.9,0.279343516,0.193850517,0.325835556,-0.717004716
JOR,2007,,0.28726384,0.23563686,0.31518212,-0.67678076
JOR,2008,32.6,0.380167007,0.243918031,0.336663455,-0.737368822
JOR,2009,,0.164729521,0.241980702,0.283120602,-0.78457582
JOR,2010,33.7,3.83E-02,9.63E-02,0.22959055,-0.799314976
JOR,2011,,9.94E-02,0.103498705,0.310276181,-0.796205163
JOR,2012,,7.06E-02,4.86E-02,0.230972111,-0.734492719
JOR,2013,,6.59E-02,1.04E-04,0.16557698,-0.80675447
JOR,2014,,0.13543418,0.14249149,9.91E-02,-0.753637075
JOR,2015,,0.272945017,0.145525068,0.112906821,-0.769376814
JOR,2016,,0.27901113,0.15731056,7.80E-02,-0.711071432
JOR,2017,,0.255141973,0.106722482,9.43E-02,-0.72097677
JOR,2018,,0.149858892,0.134981379,4.30E-02,-0.723807156
JOR,2019,,0.105421983,0.11216253,4.63E-02,-0.694556832
JOR,2020,,6.28E-02,0.126554161,0.267318606,-0.747323871
JOR,2021,,5.05E-02,0.227398813,0.150672376,-0.799156606
JOR,2022,,,,,
KAZ,1990,,,,,
KAZ,1991,,,,,
KAZ,1992,,,,,
KAZ,1993,,,,,
KAZ,1994,,,,,
KAZ,1995,,,,,
KAZ,1996,35.4,-1.132820368,-0.958404481,-0.334077597,-0.964694977
KAZ,1997,,,,,
KAZ,1998,,-1.07885468,-0.868950129,-0.410246044,-0.763755381
KAZ,1999,,,,,
KAZ,2000,,-1.149889469,-0.778521121,-0.612051308,-0.965679228
KAZ,2001,36,,,,
KAZ,2002,34.8,-1.113584757,-1.074650884,-0.693716347,-1.072603345
KAZ,2003,33.7,-1.026523709,-0.766568899,-0.403342277,-1.091705561
KAZ,2004,31.8,-1.105953693,-0.778656363,-0.472706974,-1.128525496
KAZ,2005,39.8,-1.014963388,-0.672655463,-0.281207561,-1.031668067
KAZ,2006,30.2,-0.995142639,-0.477141738,-0.34330833,-1.189626336
KAZ,2007,30.1,-0.99224472,-0.666755974,-0.350907624,-1.163579345
KAZ,2008,28.5,-0.980641484,-0.523493052,-0.294380695,-1.092260361
KAZ,2009,28.2,-0.931518555,-0.43933332,-0.268264323,-1.075599074
KAZ,2010,28,-1.001060009,-0.492326558,-0.283094168,-1.132256269
KAZ,2011,28,-0.996684909,-0.510849118,-0.235385776,-1.121369481
KAZ,2012,28.2,-0.921265781,-0.524907649,-0.390580028,-1.176720738
KAZ,2013,27.1,-0.930915296,-0.620747626,-0.375282854,-1.242598891
KAZ,2014,27,-0.82542944,-7.46E-02,-0.239125565,-1.18391645
KAZ,2015,26.8,-0.849363565,-0.110271521,-7.44E-02,-1.16378212
KAZ,2016,27.2,-0.811159253,-0.103502668,-0.151735261,-1.205525756
KAZ,2017,27.5,-0.818275809,-2.81E-02,0.16787082,-1.247144818
KAZ,2018,27.8,-0.469651818,-5.48E-03,0.105743252,-1.211338758
KAZ,2019,,-0.26295799,0.106465772,0.118897773,-1.230172396
KAZ,2020,,-0.355603904,0.137930825,0.120286413,-1.183572769
KAZ,2021,,-0.236961946,6.42E-02,8.99E-02,-1.135544419
KAZ,2022,,,,,
KEN,1990,,,,,
KEN,1991,,,,,
KEN,1992,57.5,,,,
KEN,1993,,,,,
KEN,1994,43.1,,,,
KEN,1995,,,,,
KEN,1996,,-1.158849478,-0.520850062,-0.313425303,-0.652150869
KEN,1997,45,,,,
KEN,1998,,-1.165812612,-0.490328997,-0.256840199,-0.866834044
KEN,1999,,,,,
KEN,2000,,-1.144363642,-0.620078623,-0.394455791,-0.81064713
KEN,2001,,,,,
KEN,2002,,-1.003750563,-0.756493151,-0.17692107,-0.679399788
KEN,2003,,-0.964616835,-0.73415792,-0.328403115,-0.257107317
KEN,2004,,-0.897880256,-0.687376261,-0.274853587,-0.211594954
KEN,2005,46.5,-1.012536764,-0.710719764,-0.288214594,-0.244842008
KEN,2006,,-0.935450912,-0.656753838,-0.239396662,-0.130346507
KEN,2007,,-0.97859472,-0.524612308,-0.317882091,-0.249015316
KEN,2008,,-1.068366289,-0.620890677,-0.277211368,-0.282543808
KEN,2009,,-1.07073009,-0.663946748,-0.178242475,-0.331883878
KEN,2010,,-0.911055028,-0.581671715,-0.136400819,-0.218933016
KEN,2011,,-0.963742495,-0.577180505,-0.240827635,-0.269520193
KEN,2012,,-1.098877668,-0.540049195,-0.317458749,-0.28780368
KEN,2013,,-1.035941601,-0.476614475,-0.326215893,-0.212256938
KEN,2014,,-0.938904762,-0.357425809,-0.348395675,-0.145544812
KEN,2015,40.8,-1.006059408,-0.357313097,-0.350200027,-0.146352023
KEN,2016,,-0.891530573,-0.364104778,-0.348113745,-0.11429017
KEN,2017,,-0.953847587,-0.355771035,-0.264081955,-0.200867787
KEN,2018,,-0.842824697,-0.469660044,-0.25515759,-0.381333679
KEN,2019,,-0.786738217,-0.439814895,-0.325461239,-0.313488513
KEN,2020,36.2,-0.857505322,-0.400212824,-0.502013385,-0.347236961
KEN,2021,38.7,-0.713267028,-0.329993993,-0.445434809,-0.366277069
KEN,2022,,,,,
KIR,1990,,,,,
KIR,1991,,,,,
KIR,1992,,,,,
KIR,1993,,,,,
KIR,1994,,,,,
KIR,1995,,,,,
KIR,1996,,,,,1.150897503
KIR,1997,,,,,
KIR,1998,,,,,1.175146937
KIR,1999,,,,,
KIR,2000,,,,,1.142294526
KIR,2001,,,,,
KIR,2002,,,,,1.090094328
KIR,2003,,,,,0.973531663
KIR,2004,,0.510554671,-0.423751354,-0.250191599,0.411308944
KIR,2005,,0.258307546,-0.45759362,-0.940376818,2.49E-02
KIR,2006,37,9.23E-02,-0.468285233,-1.006249666,0.701956987
KIR,2007,,0.15075995,-0.660555959,-1.102148056,0.642090917
KIR,2008,,4.12E-02,-0.699299693,-1.172503114,0.748063684
KIR,2009,,-0.13527441,-0.802719831,-1.218986154,0.634891212
KIR,2010,,-6.57E-02,-0.880595326,-1.318249226,0.635396779
KIR,2011,,0.115431219,-0.783532143,-1.404945493,0.837064266
KIR,2012,,2.32E-02,-0.799266338,-1.326097369,0.774608672
KIR,2013,,-2.62E-02,-0.772722006,-1.350589395,0.805797935
KIR,2014,,0.288614959,-0.566989005,-0.930841029,0.939728677
KIR,2015,,0.214825928,-0.477987379,-0.884047091,0.978945374
KIR,2016,,0.26496923,-0.400328964,-0.846815288,1.004910588
KIR,2017,,0.398526579,-0.187736854,-0.837472856,1.047763586
KIR,2018,,0.346272677,-0.206392258,-0.781055689,1.112800717
KIR,2019,27.8,0.374273062,-0.173108116,-0.581638038,1.065789223
KIR,2020,,0.468598664,3.64E-02,-0.517161608,1.130953789
KIR,2021,,0.283003867,-8.04E-03,-0.482642144,1.103837013
KIR,2022,,,,,
PRK,1990,,,,,
PRK,1991,,,,,
PRK,1992,,,,,
PRK,1993,,,,,
PRK,1994,,,,,
PRK,1995,,,,,
PRK,1996,,-1.284346581,-1.890350342,-2.281232595,-1.924112439
PRK,1997,,,,,
PRK,1998,,-1.248694539,-1.91686368,-2.129036188,-2.067680836
PRK,1999,,,,,
PRK,2000,,-1.302906513,-1.791944146,-2.147462368,-2.116823196
PRK,2001,,,,,
PRK,2002,,-1.026662588,-1.864472628,-1.883404374,-2.135807991
PRK,2003,,-1.431557894,-1.840136647,-2.069440126,-2.189693451
PRK,2004,,-1.385844946,-1.747805834,-2.271371841,-2.06829834
PRK,2005,,-1.284464478,-1.72842586,-2.281101704,-2.163150072
PRK,2006,,-1.44351685,-1.768855929,-2.283280849,-2.313395023
PRK,2007,,-1.543960094,-2.089170218,-2.279655457,-2.237637281
PRK,2008,,-1.518466353,-2.025118113,-2.185884476,-2.22634244
PRK,2009,,-1.289080858,-1.783667088,-2.393813133,-2.270493746
PRK,2010,,-1.283196568,-1.871204019,-2.445492506,-2.227477789
PRK,2011,,-1.31766355,-1.876439452,-2.453939676,-2.241722345
PRK,2012,,-1.287028551,-1.908453107,-2.526690006,-2.240076303
PRK,2013,,-1.291033268,-1.89786756,-2.522705078,-2.251712799
PRK,2014,,-1.304089785,-1.638178349,-2.186969519,-2.193339825
PRK,2015,,-1.254368782,-1.631062984,-2.327977419,-2.20195961
PRK,2016,,-1.446556211,-1.623119712,-2.337120533,-2.180276394
PRK,2017,,-1.486262083,-1.670722127,-2.342525244,-2.203184605
PRK,2018,,-1.570937753,-1.572820783,-2.363497019,-2.212060213
PRK,2019,,-1.593940496,-1.397718191,-2.399906874,-2.20753026
PRK,2020,,-1.685602784,-1.467012644,-2.351886988,-2.156801701
PRK,2021,,-1.605067134,-1.556904674,-2.327385187,-2.067276955
PRK,2022,,,,,
KOR,1990,,,,,
KOR,1991,,,,,
KOR,1992,,,,,
KOR,1993,,,,,
KOR,1994,,,,,
KOR,1995,,,,,
KOR,1996,,0.38219744,0.473718643,0.445148885,0.668098986
KOR,1997,,,,,
KOR,1998,,0.29720825,0.290556639,0.317185104,0.638672411
KOR,1999,,,,,
KOR,2000,,0.270445168,0.61354059,0.565367579,0.637169182
KOR,2001,,,,,
KOR,2002,,0.489189267,0.796305239,0.752522349,0.745628059
KOR,2003,,0.544911742,0.79389745,0.717727244,0.723233759
KOR,2004,,0.37884891,0.819718063,0.793975472,0.728531182
KOR,2005,,0.5923329,0.928436816,0.805072546,0.745595574
KOR,2006,31.7,0.30060637,0.987868607,0.720584929,0.690555096
KOR,2007,,0.56971693,1.208933949,0.920578897,0.699741125
KOR,2008,32.3,0.425825089,0.999494493,0.725823581,0.657143593
KOR,2009,,0.499742419,1.030014992,0.849306285,0.707632899
KOR,2010,32,0.426656723,1.154882669,0.918371379,0.741072178
KOR,2011,,0.483322471,1.165251732,0.982293248,0.726919293
KOR,2012,31.6,0.495882243,1.080360174,0.865391076,0.725595772
KOR,2013,,0.581155181,1.008804202,0.988611996,0.705827534
KOR,2014,31.2,0.512293756,1.039786458,1.134037018,0.680247545
KOR,2015,,0.369409919,1.009095907,1.108966827,0.631029963
KOR,2016,31.4,0.451095492,1.059131384,1.110880136,0.641597271
KOR,2017,,0.476266265,1.068592548,1.103047252,0.757269382
KOR,2018,,0.601387858,1.17572403,1.101032257,0.786813796
KOR,2019,,0.733462095,1.369798899,1.068105817,0.751461744
KOR,2020,,0.724579334,1.407164097,1.035592079,0.815860569
KOR,2021,,0.759860098,1.40621233,1.099525571,0.9311831
KOR,2022,,,,,
XKX,1990,,,,,
XKX,1991,,,,,
XKX,1992,,,,,
XKX,1993,,,,,
XKX,1994,,,,,
XKX,1995,,,,,
XKX,1996,,,,,-1.699881434
XKX,1997,,,,,
XKX,1998,,,,,-1.268769026
XKX,1999,,,,,
XKX,2000,,0.371275216,,,-0.738669097
XKX,2001,,,,,
XKX,2002,,0.360481679,,,-0.390101492
XKX,2003,29,-0.504247785,,,-0.321591944
XKX,2004,,-0.305080533,,,-0.36131832
XKX,2005,31.2,-0.526772022,,,-0.372446328
XKX,2006,30.3,-0.514050007,-0.340270251,,-0.505195737
XKX,2007,,-0.735240698,-0.202387556,3.78E-02,-0.31247279
XKX,2008,,-0.648774087,-0.230388626,3.23E-02,-0.313796252
XKX,2009,31.8,-0.585376561,-0.40944019,6.16E-02,-0.116848014
XKX,2010,33.3,-0.615350246,-0.590413213,-9.68E-02,-0.180995032
XKX,2011,27.8,-0.618153572,-0.43932119,-0.151747063,-0.236089617
XKX,2012,29,-0.653357148,-0.324519962,-4.05E-02,-0.223774791
XKX,2013,26.3,-0.649519384,-0.355947912,-4.09E-02,-0.25044471
XKX,2014,27.3,-0.486074388,-0.28867805,-0.161953509,-0.20129934
XKX,2015,26.5,-0.53371352,-0.393234611,-0.300878823,-0.15082033
XKX,2016,26.7,-0.41452992,-0.404601932,-0.203981861,-0.148735702
XKX,2017,29,-0.502136827,-0.387631714,-0.136985153,-0.115478247
XKX,2018,,-0.50387609,-0.417538285,-0.324225783,-0.144523442
XKX,2019,,-0.518749952,-0.340276957,-0.374860853,-0.115402758
XKX,2020,,-0.440244049,-0.298100531,-0.303990692,-0.158383638
XKX,2021,,-0.318530053,-0.223405108,-0.272519022,-7.93E-02
XKX,2022,,,,,
KWT,1990,,,,,
KWT,1991,,,,,
KWT,1992,,,,,
KWT,1993,,,,,
KWT,1994,,,,,
KWT,1995,,,,,
KWT,1996,,0.47868219,0.115851626,0.314012408,-0.243808046
KWT,1997,,,,,
KWT,1998,,0.562503397,-8.35E-02,-6.14E-02,-0.299082875
KWT,1999,,,,,
KWT,2000,,0.564559221,-9.79E-02,-5.16E-02,-0.297324926
KWT,2001,,,,,
KWT,2002,,0.98154521,6.72E-02,0.330263942,-0.361814767
KWT,2003,,0.765973866,7.15E-02,0.377949536,-0.396658123
KWT,2004,,0.770029485,8.59E-02,0.55799067,-0.303084463
KWT,2005,,0.500354409,0.168505967,0.47053507,-0.483525157
KWT,2006,,0.426627278,0.278032392,0.294112593,-0.581767321
KWT,2007,,0.364861727,9.36E-02,0.257980853,-0.545192838
KWT,2008,,0.412061006,-1.39E-02,0.174718603,-0.543381393
KWT,2009,,0.304186642,0.197572693,0.152733296,-0.484644979
KWT,2010,,0.298077822,0.163350806,0.158382714,-0.524435043
KWT,2011,,7.89E-02,1.90E-02,7.99E-02,-0.558573604
KWT,2012,,-0.197435707,-7.36E-02,-4.03E-02,-0.642977953
KWT,2013,,-0.195034772,-7.27E-02,-7.40E-02,-0.657606125
KWT,2014,,-0.24606809,-0.14966099,-0.147546113,-0.657450438
KWT,2015,,-0.230124101,-3.46E-02,-0.176680192,-0.663655162
KWT,2016,,-0.274353355,-0.16450952,-7.80E-02,-0.628870189
KWT,2017,,-0.336296082,-0.17838344,-6.40E-02,-0.607019484
KWT,2018,,-0.293836445,-9.16E-02,2.37E-02,-0.610377908
KWT,2019,,-0.136734888,1.46E-02,6.28E-02,-0.655223012
KWT,2020,,-6.88E-02,-0.163963556,0.287086755,-0.677922606
KWT,2021,,-3.36E-02,-3.84E-02,0.174784914,-0.70341444
KWT,2022,,,,,
KGZ,1990,,,,,
KGZ,1991,,,,,
KGZ,1992,,,,,
KGZ,1993,,,,,
KGZ,1994,,,,,
KGZ,1995,,,,,
KGZ,1996,,-0.993923426,-0.380564451,-0.298121572,-0.787026465
KGZ,1997,,,,,
KGZ,1998,,-1.058797121,-0.349467725,-0.188530892,-0.808966398
KGZ,1999,,,,,
KGZ,2000,31,-1.007478714,-0.405962914,-0.234089404,-1.094259858
KGZ,2001,30.2,,,,
KGZ,2002,30.3,-1.06477046,-0.563407242,-0.140870079,-1.015423298
KGZ,2003,28.7,-1.03281939,-0.54651022,-0.405866712,-1.027841806
KGZ,2004,34.8,-1.097712159,-0.650944293,-0.389383018,-1.016143322
KGZ,2005,32.6,-1.267269254,-0.878942847,-1.008081913,-0.887550652
KGZ,2006,37.4,-1.325560451,-0.817205906,-0.656034946,-0.759082139
KGZ,2007,33.9,-1.329097867,-0.784923196,-0.416844815,-0.962735653
KGZ,2008,31.5,-1.232239485,-0.798640192,-0.350435883,-1.091764808
KGZ,2009,29.9,-1.312827229,-0.974274337,-0.333194166,-1.0198524
KGZ,2010,30.1,-1.175097346,-0.657304764,-0.26139462,-0.934311152
KGZ,2011,27.8,-1.231965423,-0.636640549,-0.223706394,-0.682987273
KGZ,2012,27.4,-1.150862575,-0.646357,-0.34460786,-0.611097157
KGZ,2013,28.8,-1.161999106,-0.649237752,-0.325828105,-0.538261116
KGZ,2014,26.8,-1.129372239,-0.872626364,-0.450190425,-0.462486237
KGZ,2015,29,-1.136499643,-0.924228787,-0.5149616,-0.404150844
KGZ,2016,26.8,-1.071955442,-0.910203934,-0.366465747,-0.41864112
KGZ,2017,27.3,-1.048686981,-0.714723706,-0.359377325,-0.430864602
KGZ,2018,27.7,-0.934162438,-0.606800556,-0.351335853,-0.357299477
KGZ,2019,29.7,-0.936249793,-0.685740709,-0.34816134,-0.454176247
KGZ,2020,29,-1.099553704,-0.532788515,-0.401575565,-0.589001894
KGZ,2021,,-1.124733806,-0.727085054,-0.577635109,-0.60546881
KGZ,2022,,,,,
LAO,1990,,,,,
LAO,1991,,,,,
LAO,1992,34.3,,,,
LAO,1993,,,,,
LAO,1994,,,,,
LAO,1995,,,,,
LAO,1996,,-0.722833931,-0.636936128,-1.040396094,-1.132530332
LAO,1997,34.9,,,,
LAO,1998,,-0.689512551,-0.599871159,-1.133914113,-1.306518674
LAO,1999,,,,,
LAO,2000,,-0.696313202,-0.650617778,-1.335909367,-1.341205955
LAO,2001,,,,,
LAO,2002,32.6,-0.673779786,-0.859748542,-1.203962922,-1.738892794
LAO,2003,,-0.866406024,-1.011361957,-1.353559375,-1.775456309
LAO,2004,,-1.14759469,-1.030012965,-1.301684022,-1.551036358
LAO,2005,,-1.317613959,-1.213480711,-1.338195443,-1.655455112
LAO,2006,,-1.331525683,-0.992407501,-1.280378819,-1.732779741
LAO,2007,35.4,-1.281310558,-0.905326068,-1.186761737,-1.71849823
LAO,2008,,-1.206062913,-0.888299227,-1.136199117,-1.709537506
LAO,2009,,-1.248842478,-0.959277868,-1.072931767,-1.69936955
LAO,2010,,-1.195731044,-0.864333332,-1.01609683,-1.676840305
LAO,2011,,-1.192968726,-0.833878517,-0.978830159,-1.678506017
LAO,2012,36,-1.025072455,-0.838954091,-0.832189977,-1.643571138
LAO,2013,,-0.940360546,-0.729127824,-0.85806942,-1.649452329
LAO,2014,,-0.853411794,-0.408548594,-0.880769193,-1.733220339
LAO,2015,,-0.914831579,-0.504291952,-0.825910568,-1.753511906
LAO,2016,,-0.956617892,-0.386136264,-0.739260256,-1.759131193
LAO,2017,,-0.938166797,-0.374306679,-0.732938111,-1.75141263
LAO,2018,38.8,-0.974052966,-0.670885146,-0.788398981,-1.752657056
LAO,2019,,-1.055879116,-0.781425834,-0.725202024,-1.816453934
LAO,2020,,-1.066096544,-0.745370984,-0.815941095,-1.79390192
LAO,2021,,-1.03965342,-0.617719114,-0.887527108,-1.681699872
LAO,2022,,,,,
LVA,1990,,,,,
LVA,1991,,,,,
LVA,1992,,,,,
LVA,1993,,,,,
LVA,1994,,,,,
LVA,1995,,,,,
LVA,1996,,-0.203338757,0.48545891,0.904138863,0.723347485
LVA,1997,,,,,
LVA,1998,,0.144059569,0.187779129,0.83918637,0.828436792
LVA,1999,,,,,
LVA,2000,,-4.19E-02,0.209914908,0.69623071,0.742288053
LVA,2001,,,,,
LVA,2002,,1.08E-02,0.486781418,0.883539677,0.837780058
LVA,2003,,0.242927805,0.600961149,0.954042315,0.767004192
LVA,2004,36.4,0.153246522,0.576852441,0.921956718,0.700535595
LVA,2005,39,0.367340833,0.530180514,0.874489903,0.781813085
LVA,2006,35.6,0.356723547,0.655937552,0.933780432,0.846699059
LVA,2007,37.5,0.338474423,0.425765485,0.954827309,0.828915298
LVA,2008,37.2,0.230154261,0.522854865,0.966387451,0.780786276
LVA,2009,36,0.202161014,0.621094942,0.922658324,0.849935353
LVA,2010,35,0.203808978,0.726256728,0.928532481,0.794243872
LVA,2011,35.8,0.279343724,0.692352653,0.954886913,0.736775279
LVA,2012,35.2,0.238223135,0.832318246,1.010626793,0.775515556
LVA,2013,35.5,0.321524471,0.884124279,1.037102938,0.770423412
LVA,2014,35.1,0.410171539,0.954419672,1.166745305,0.849458039
LVA,2015,34.2,0.464092791,1.086005092,1.084394813,0.846551239
LVA,2016,34.3,0.425309509,1.000541806,1.076778889,0.842557549
LVA,2017,35.6,0.531276703,0.899941564,1.152490377,0.797454655
LVA,2018,35.1,0.324264348,1.036858559,1.140990019,0.782414556
LVA,2019,34.5,0.507602811,1.098966122,1.191028714,0.857121706
LVA,2020,35.7,0.719108641,0.874574065,1.190822363,0.872525632
LVA,2021,,0.746790171,0.872736692,1.223477721,0.90630883
LVA,2022,,,,,
LBN,1990,,,,,
LBN,1991,,,,,
LBN,1992,,,,,
LBN,1993,,,,,
LBN,1994,,,,,
LBN,1995,,,,,
LBN,1996,,-0.659695029,-0.128497437,-0.408734709,-0.328649968
LBN,1997,,,,,
LBN,1998,,-0.47487849,2.39E-02,-0.497554004,-0.399467558
LBN,1999,,,,,
LBN,2000,,-0.466838241,2.61E-02,-0.485356152,-0.314059347
LBN,2001,,,,,
LBN,2002,,-0.415403098,-0.207287535,-0.418498695,-0.662610352
LBN,2003,,-0.612619996,-0.136932388,-0.148626938,-0.491062015
LBN,2004,,-0.59286356,-0.156535685,-9.61E-02,-0.413962543
LBN,2005,,-0.532331884,-0.110049695,-0.180461526,-0.281063884
LBN,2006,,-0.999498069,-0.153624713,-0.274100661,-0.387200713
LBN,2007,,-0.939466238,-0.217762873,-0.343958229,-0.46736899
LBN,2008,,-0.858251393,-0.314510286,-0.338716269,-0.422118217
LBN,2009,,-0.871679723,-0.384471655,-0.101630218,-0.355243325
LBN,2010,,-0.915250719,-0.133641437,2.23E-02,-0.331291497
LBN,2011,31.8,-0.900145948,-0.132695228,-0.120911703,-0.390134037
LBN,2012,,-0.865690708,-0.231662378,-0.137205541,-0.385833383
LBN,2013,,-0.924281895,-0.299645811,-8.08E-02,-0.404981285
LBN,2014,,-1.042205453,-0.248904824,-0.295429081,-0.420295924
LBN,2015,,-0.880549967,-0.364741653,-0.345974267,-0.462539732
LBN,2016,,-0.971040368,-0.442889571,-0.404922307,-0.519660771
LBN,2017,,-1.008641601,-0.423257858,-0.361218214,-0.576119244
LBN,2018,,-1.113500714,-0.642591894,-0.439139605,-0.519749105
LBN,2019,,-1.151236296,-0.780926526,-0.509830475,-0.515448809
LBN,2020,,-1.160065055,-1.183568954,-0.750317633,-0.554358304
LBN,2021,,-1.22970438,-1.28703928,-0.882778704,-0.62562567
LBN,2022,,,,,
LSO,1990,,,,,
LSO,1991,,,,,
LSO,1992,,,,,
LSO,1993,,,,,
LSO,1994,63.2,,,,
LSO,1995,,,,,
LSO,1996,,8.65E-02,-0.1241927,-0.289027005,-0.480029017
LSO,1997,,,,,
LSO,1998,,-0.110705473,-9.91E-02,-0.29883337,-0.434724659
LSO,1999,,,,,
LSO,2000,,-0.16539517,-0.142841607,-0.160908803,-0.370127261
LSO,2001,,,,,
LSO,2002,51.6,-0.173949227,3.23E-02,-0.464417785,3.86E-02
LSO,2003,,-0.170022607,4.85E-02,-0.567470014,-9.92E-04
LSO,2004,,-0.106747024,-0.511967778,-0.593988776,-0.152925462
LSO,2005,,5.51E-02,-0.171368718,-0.633165061,-0.2097698
LSO,2006,,1.06E-02,-0.529728055,-0.667670608,0.181888372
LSO,2007,,-5.82E-02,-0.465316534,-0.716383755,1.35E-02
LSO,2008,,6.19E-02,-0.463686198,-0.670076966,-6.62E-02
LSO,2009,,0.171797961,-0.396180034,-0.649876177,-8.34E-02
LSO,2010,,0.184215263,-0.395948142,-0.630146682,-0.101529345
LSO,2011,,0.156146213,-0.376064658,-0.638167918,-8.92E-02
LSO,2012,,0.126534462,-0.424930245,-0.540954292,7.23E-02
LSO,2013,,0.279653907,-0.456048638,-0.37577191,0.120267108
LSO,2014,,0.199733451,-0.592783272,-0.444160998,0.162016585
LSO,2015,,4.15E-02,-0.720031857,-0.44366926,0.11473237
LSO,2016,,-3.28E-02,-0.836329401,-0.449452937,-1.29E-02
LSO,2017,44.9,-3.45E-02,-0.885353148,-0.367599785,-8.94E-03
LSO,2018,,-0.110134244,-0.890175104,-0.540381014,1.42E-03
LSO,2019,,-9.52E-02,-0.87486881,-0.589672685,-2.09E-02
LSO,2020,,-0.11258103,-0.950795174,-0.651229858,-1.27E-02
LSO,2021,,-0.315276623,-0.913774908,-0.737228155,-1.98E-02
LSO,2022,,,,,
LBR,1990,,,,,
LBR,1991,,,,,
LBR,1992,,,,,
LBR,1993,,,,,
LBR,1994,,,,,
LBR,1995,,,,,
LBR,1996,,-1.500141144,-1.719502926,-1.826899171,-1.434985638
LBR,1997,,,,,
LBR,1998,,-1.536518455,-1.731027842,-1.749775052,-0.892448485
LBR,1999,,,,,
LBR,2000,,-1.098915219,-1.791944146,-1.73482883,-1.031444669
LBR,2001,,,,,
LBR,2002,,-1.034288645,-1.531707287,-1.605015397,-1.269858479
LBR,2003,,-1.151747227,-1.427929401,-1.631839752,-1.445946336
LBR,2004,,-1.329605699,-1.423024893,-1.855968833,-1.291519523
LBR,2005,,-1.201530457,-1.427683234,-1.589710236,-0.417990476
LBR,2006,,-0.723485768,-1.220161557,-1.347984076,-0.167643145
LBR,2007,36.5,-0.476487666,-1.176877618,-1.11355567,-0.142709941
LBR,2008,,-0.791121185,-1.234547496,-1.274245739,-0.184938192
LBR,2009,,-0.607343435,-1.20034039,-1.175838113,-0.163391471
LBR,2010,,-0.574574232,-1.262158394,-1.040091872,-0.211385727
LBR,2011,,-0.690497637,-1.231769323,-1.081623197,-0.256350547
LBR,2012,,-0.607038319,-1.167322159,-1.04993248,-0.306616247
LBR,2013,,-0.718096495,-1.373127222,-0.923242867,-0.387322694
LBR,2014,33.2,-0.77924335,-1.345759034,-0.880495667,-0.276458383
LBR,2015,,-0.644358218,-1.342369318,-0.883145332,-0.230453834
LBR,2016,35.3,-0.721422374,-1.288122535,-0.966752529,-0.106433168
LBR,2017,,-0.666078091,-1.342834473,-0.965711117,4.49E-02
LBR,2018,,-0.851863027,-1.308888674,-0.975837052,-2.78E-02
LBR,2019,,-0.897809148,-1.373896837,-0.99135685,-7.26E-02
LBR,2020,,-0.882545769,-1.434617043,-1.022971988,-6.58E-02
LBR,2021,,-0.91611737,-1.376985192,-0.95016712,-2.11E-02
LBR,2022,,,,,
LBY,1990,,,,,
LBY,1991,,,,,
LBY,1992,,,,,
LBY,1993,,,,,
LBY,1994,,,,,
LBY,1995,,,,,
LBY,1996,,-0.871937037,-0.884026408,-1.73571682,-1.49730587
LBY,1997,,,,,
LBY,1998,,-0.907352805,-0.933607459,-1.890991569,-1.679156423
LBY,1999,,,,,
LBY,2000,,-0.854947209,-1.075034142,-1.766029239,-1.688662767
LBY,2001,,,,,
LBY,2002,,-0.944232821,-1.030079365,-1.620458484,-1.824064851
LBY,2003,,-0.886524618,-0.929176092,-1.512556314,-1.756654501
LBY,2004,,-0.915932536,-0.863446057,-1.359117389,-1.79518795
LBY,2005,,-0.966960073,-1.050127387,-1.489054441,-1.858394384
LBY,2006,,-1.087145448,-1.078313828,-1.462987185,-1.98288238
LBY,2007,,-1.047780871,-1.226517916,-1.111046314,-1.951152205
LBY,2008,,-0.975061655,-1.13037169,-1.092221141,-1.941491127
LBY,2009,,-1.210370302,-1.082782507,-1.185801029,-1.910277367
LBY,2010,,-1.262903452,-1.085108161,-1.298258781,-1.940414548
LBY,2011,,-1.231681228,-1.050575972,-1.427940607,-1.594412327
LBY,2012,,-1.315019011,-1.274184704,-1.621440768,-0.900741994
LBY,2013,,-1.440461993,-1.32280755,-1.745176792,-0.971600056
LBY,2014,,-1.52100122,-1.517522573,-2.09778738,-1.112040639
LBY,2015,,-1.56126523,-1.459648013,-2.218065977,-1.339936852
LBY,2016,,-1.563735485,-1.72146976,-2.20100069,-1.428392887
LBY,2017,,-1.54259932,-1.577755213,-2.122374058,-1.4419837
LBY,2018,,-1.513431072,-1.66174829,-2.193480253,-1.536721468
LBY,2019,,-1.560313821,-1.751571298,-2.282204628,-1.477184296
LBY,2020,,-1.56623435,-1.840872765,-2.201532125,-1.360112548
LBY,2021,,-1.567404628,-1.722766995,-1.951192021,-1.462919712
LBY,2022,,,,,
LIE,1990,,,,,
LIE,1991,,,,,
LIE,1992,,,,,
LIE,1993,,,,,
LIE,1994,,,,,
LIE,1995,,,,,
LIE,1996,,1.318143249,1.670409441,1.506209135,1.563216686
LIE,1997,,,,,
LIE,1998,,1.334758759,1.653759718,1.482200265,1.528759122
LIE,1999,,,,,
LIE,2000,,1.313403845,1.634374857,1.459100604,1.535655499
LIE,2001,,,,,
LIE,2002,,1.310743809,1.634279609,1.663842082,1.345596433
LIE,2003,,1.33278954,1.605770469,1.658584237,1.397978663
LIE,2004,,1.35322547,1.700991988,1.558996558,1.452215672
LIE,2005,,1.269663095,1.552871108,1.606703877,1.532292128
LIE,2006,,1.25131321,1.796597004,1.34977591,1.244855285
LIE,2007,,1.085534811,1.756290197,1.378267288,1.297655821
LIE,2008,,1.175187707,1.78527987,1.398588419,1.317130685
LIE,2009,,1.678731322,1.798323035,1.513157368,1.545566082
LIE,2010,,1.839117169,1.777940392,1.525235057,1.58691144
LIE,2011,,1.804687262,1.764280319,1.496991038,1.563959241
LIE,2012,,1.793322086,1.780427098,1.552440047,1.506029725
LIE,2013,,1.833727598,1.746956229,1.571822166,1.486973763
LIE,2014,,2.077667952,1.699113131,1.422946215,1.395775437
LIE,2015,,2.062478781,1.684510589,1.385247231,1.38768959
LIE,2016,,2.037606239,1.698881507,1.369299889,1.25035131
LIE,2017,,2.052322865,1.759410262,1.491852522,1.279131174
LIE,2018,,2.00379324,1.730706811,1.528708458,1.285547018
LIE,2019,,1.965282917,1.689490318,1.539297819,1.229712009
LIE,2020,,1.995333195,1.8145926,1.629294038,1.263155818
LIE,2021,,1.701240659,1.51467216,1.535274506,1.340897799
LIE,2022,,,,,
LTU,1990,,,,,
LTU,1991,,,,,
LTU,1992,,,,,
LTU,1993,,,,,
LTU,1994,,,,,
LTU,1995,,,,,
LTU,1996,,0.421002686,0.527473867,1.076940894,0.97710377
LTU,1997,,,,,
LTU,1998,,0.301575392,0.309278876,0.91604811,0.93635422
LTU,1999,,,,,
LTU,2000,,0.370262295,9.86E-02,0.714432061,0.855439901
LTU,2001,,,,,
LTU,2002,,0.20888038,0.494154572,1.077029228,0.904892266
LTU,2003,,0.35301125,0.733195126,1.038295269,0.920530558
LTU,2004,37,0.369521201,0.694563508,1.058151603,0.882494092
LTU,2005,35.3,0.311570793,0.758438647,0.936665177,0.902132928
LTU,2006,34.4,0.155884758,0.718626559,0.973231792,0.861287594
LTU,2007,34.8,0.103202336,0.656960011,1.010036111,0.886551917
LTU,2008,35.7,0.112552218,0.561311007,1.042177677,0.849656224
LTU,2009,37.2,0.226648018,0.689102888,0.951837957,0.902184904
LTU,2010,33.6,0.372421801,0.737868845,0.960122764,0.915654838
LTU,2011,32.5,0.319815338,0.698012173,0.926461577,0.860525906
LTU,2012,35.1,0.386670023,0.827294707,1.117751122,0.92950964
LTU,2013,35.3,0.419104278,0.827008486,1.147009254,0.940019667
LTU,2014,37.7,0.553784788,0.978460312,1.188768387,0.961615205
LTU,2015,37.4,0.613774955,1.181320071,1.272503018,0.973927557
LTU,2016,38.4,0.708135486,1.065135598,1.132786036,1.000034928
LTU,2017,37.3,0.549186707,0.961367905,1.154124022,0.986517072
LTU,2018,35.7,0.493576527,1.06573236,1.100566149,0.891687155
LTU,2019,35.3,0.694379687,1.037445188,1.155692458,0.996342778
LTU,2020,36,0.804807484,1.050779223,1.090660095,1.007987261
LTU,2021,,0.851239979,1.056605458,1.276888251,1.040886521
LTU,2022,,,,,
LUX,1990,27.7,,,,
LUX,1991,27.2,,,,
LUX,1992,27.3,,,,
LUX,1993,27,,,,
LUX,1994,28.1,,,,
LUX,1995,28.3,,,,
LUX,1996,29,1.951374531,1.959734678,1.757416725,1.549987316
LUX,1997,29.6,,,,
LUX,1998,30.6,1.88688314,1.963496685,1.491168499,1.524928689
LUX,1999,30,,,,
LUX,2000,30.1,1.983982921,1.890468955,1.849446416,1.510186672
LUX,2001,30.9,,,,
LUX,2002,31,2.010144949,1.975256443,1.864336729,1.408296943
LUX,2003,30.2,1.643057108,1.855200052,1.788604856,1.533095598
LUX,2004,30.2,1.822564006,1.876862526,1.784244657,1.668277264
LUX,2005,30.8,1.647415757,1.771589279,1.638608694,1.581917882
LUX,2006,30.9,1.873079538,1.566454768,1.674869657,1.547201157
LUX,2007,31.1,1.961524487,1.585439801,1.737618685,1.537699461
LUX,2008,32.6,1.957137346,1.616113782,1.658034682,1.545579076
LUX,2009,31.2,1.963537812,1.743312716,1.643333912,1.555080533
LUX,2010,30.5,2.038584948,1.716215968,1.673909426,1.574835777
LUX,2011,32.1,2.153153419,1.742444277,1.85898304,1.604539394
LUX,2012,34.3,2.114363909,1.663306117,1.759886026,1.649900675
LUX,2013,32,2.115775108,1.622750998,1.770977259,1.631096363
LUX,2014,31.2,2.069382429,1.64849925,1.625041127,1.554711699
LUX,2015,32.9,2.094821453,1.719474912,1.65323925,1.546830535
LUX,2016,31.7,2.091780424,1.685421586,1.718979716,1.50026691
LUX,2017,34.5,1.981357098,1.677823782,1.689293742,1.521881342
LUX,2018,35.4,2.083855867,1.76979363,1.756064296,1.530774593
LUX,2019,34.2,2.109230757,1.726294041,1.698431134,1.493499994
LUX,2020,33.4,2.05540204,1.832707167,1.847934842,1.501623631
LUX,2021,,1.871590853,1.719043255,1.915203333,1.508280396
LUX,2022,,,,,
MAC,1990,,,,,
MAC,1991,,,,,
MAC,1992,,,,,
MAC,1993,,,,,
MAC,1994,,,,,
MAC,1995,,,,,
MAC,1996,,0.421651006,0.388550758,0.547131836,0.299853712
MAC,1997,,,,,
MAC,1998,,0.431974202,0.401742518,0.536847532,0.298557758
MAC,1999,,,,,
MAC,2000,,0.409671247,0.618822575,0.515273035,0.28754887
MAC,2001,,,,,
MAC,2002,,-7.09E-02,0.834610283,0.698325157,0.453831792
MAC,2003,,0.854120076,1.348457336,1.170784235,0.726204634
MAC,2004,,1.400040507,1.182159305,1.583119035,0.129654557
MAC,2005,,0.508783102,1.287201762,1.111617446,0.404883742
MAC,2006,,0.345463097,1.02090764,1.102531433,0.314057976
MAC,2007,,0.44861266,0.991009831,0.877206326,6.25E-02
MAC,2008,,0.431776792,1.012998343,1.027431726,8.31E-02
MAC,2009,,0.160476461,1.345522285,1.280590653,0.592065156
MAC,2010,,0.412911594,1.34995091,1.349386215,0.628308356
MAC,2011,,0.433402777,1.325960994,1.332164168,0.606116414
MAC,2012,,0.417734087,1.086782694,1.349059939,-0.243221357
MAC,2013,,0.546406925,1.058759332,1.339520335,-0.267653346
MAC,2014,,0.843831837,1.463004112,1.726156354,-0.330540836
MAC,2015,,0.607875586,1.445901513,1.767573833,-6.73E-02
MAC,2016,,0.84054482,1.176936388,1.778411031,-6.13E-02
MAC,2017,,0.637486637,1.376067638,1.754913568,-5.45E-02
MAC,2018,,0.711488783,1.197371006,1.611230016,-7.56E-02
MAC,2019,,0.700640678,1.163199425,1.625593305,-0.32489267
MAC,2020,,0.800682902,1.121367574,1.742964506,-0.288744271
MAC,2021,,0.846362829,1.132214189,1.778137803,-0.531901658
MAC,2022,,,,,
MDG,1990,,,,,
MDG,1991,,,,,
MDG,1992,,,,,
MDG,1993,45.3,,,,
MDG,1994,,,,,
MDG,1995,,,,,
MDG,1996,,-0.371093899,-0.448235422,-0.91298455,-0.117616765
MDG,1997,39.5,,,,
MDG,1998,,-0.560736001,-0.546766698,-0.796306789,0.152408421
MDG,1999,38.6,,,,
MDG,2000,,-0.478630424,-0.599425614,-0.520087063,0.110470913
MDG,2001,47.4,,,,
MDG,2002,,1.22E-03,-0.32426405,-0.29750821,-0.153443366
MDG,2003,,-0.208431333,-0.422788173,-0.334958345,4.45E-02
MDG,2004,,-0.323700607,-0.595229208,-0.384915322,5.36E-03
MDG,2005,39.9,-5.56E-02,-0.381986797,-0.292555779,-0.123797461
MDG,2006,,-0.182527557,-0.659551501,-0.250743836,-0.110259488
MDG,2007,,-0.186032534,-0.498579592,-0.287419379,-0.139065206
MDG,2008,,-0.266752243,-0.685391068,-0.373598516,-0.326152891
MDG,2009,,-0.328544199,-0.838610649,-0.544540942,-0.831528485
MDG,2010,42.4,-0.417824775,-0.993760526,-0.605530262,-0.845434308
MDG,2011,,-0.484609842,-1.068306923,-0.552348316,-0.879346013
MDG,2012,42.6,-0.670311391,-1.118368268,-0.576099575,-0.883270681
MDG,2013,,-0.763889015,-1.148323059,-0.65914011,-0.763357222
MDG,2014,,-0.842870653,-1.327242017,-0.716764987,-0.500149727
MDG,2015,,-0.858888447,-1.303598404,-0.789259017,-0.380756259
MDG,2016,,-0.914880574,-1.198970437,-0.725130796,-0.316467643
MDG,2017,,-1.054602504,-1.171193242,-0.721031547,-0.345091254
MDG,2018,,-1.001237273,-1.188303351,-0.770611405,-0.327834636
MDG,2019,,-1.034576058,-1.172654748,-0.77210021,-0.234167248
MDG,2020,,-0.990107894,-1.028060079,-0.795107603,-0.260440141
MDG,2021,,-0.933383822,-1.000361085,-0.820082366,-0.270088136
MDG,2022,,,,,
MWI,1990,,,,,
MWI,1991,,,,,
MWI,1992,,,,,
MWI,1993,,,,,
MWI,1994,,,,,
MWI,1995,,,,,
MWI,1996,,-0.316063106,-0.286933869,-0.289059728,-8.85E-02
MWI,1997,65.8,,,,
MWI,1998,,-0.260301352,-0.3405855,-0.114554696,6.46E-02
MWI,1999,,,,,
MWI,2000,,-0.228705078,-0.357144564,-0.156727672,-0.133616418
MWI,2001,,,,,
MWI,2002,,-1.021617532,-0.765085936,-0.532408297,-0.583100677
MWI,2003,,-0.758814633,-0.78205502,-0.493568599,-0.428266704
MWI,2004,39.9,-0.801194429,-0.862955928,-0.621729493,-0.542294264
MWI,2005,,-0.715679586,-0.831709445,-0.509587169,-0.528102636
MWI,2006,,-0.549526334,-0.89821732,-0.583651543,-0.252313852
MWI,2007,,-0.516006529,-0.573404133,-0.508220851,-0.261939287
MWI,2008,,-0.445902675,-0.58824414,-0.542513907,-0.246654764
MWI,2009,,-0.405897647,-0.539876819,-0.489193112,-0.14877148
MWI,2010,45.5,-0.488746434,-0.471515417,-0.637416422,-0.190968171
MWI,2011,,-0.426366478,-0.475620747,-0.754333615,-0.245419502
MWI,2012,,-0.477253526,-0.51255703,-0.712749183,-0.206084371
MWI,2013,,-0.619572818,-0.511835575,-0.679982603,-0.178754002
MWI,2014,,-0.761226177,-0.659877241,-0.819636703,-6.42E-02
MWI,2015,,-0.773165464,-0.71234268,-0.844942272,-4.13E-03
MWI,2016,44.7,-0.765194535,-0.763381362,-0.871326864,-3.01E-02
MWI,2017,,-0.666532099,-0.698232055,-0.77511847,-3.07E-02
MWI,2018,,-0.744663119,-0.774941504,-0.71080035,-8.28E-02
MWI,2019,38.5,-0.773438156,-0.776979148,-0.73400861,-0.105222486
MWI,2020,,-0.371219993,-0.797247529,-0.769518077,1.04E-02
MWI,2021,,-0.300203651,-0.768746436,-0.785958767,8.46E-02
MWI,2022,,,,,
MYS,1990,,,,,
MYS,1991,,,,,
MYS,1992,47.7,,,,
MYS,1993,,,,,
MYS,1994,,,,,
MYS,1995,48.5,,,,
MYS,1996,,0.383064538,0.536282718,0.784644604,-0.181069866
MYS,1997,49.1,,,,
MYS,1998,,0.363078088,0.754812837,0.702356517,-0.42195484
MYS,1999,,,,,
MYS,2000,,0.286160767,0.992942393,0.528833687,-0.421082169
MYS,2001,,,,,
MYS,2002,,0.246729285,0.921506047,0.520823359,-0.492929816
MYS,2003,46.4,0.315719813,1.059484839,0.591819644,-0.457673877
MYS,2004,,0.323187053,1.065771461,0.461175561,-0.235716462
MYS,2005,,0.170079783,1.05909729,0.634848475,-0.146773517
MYS,2006,44.8,0.213225633,1.254253983,0.5365358,-0.543147862
MYS,2007,,0.166801289,1.242435336,0.504324913,-0.523537278
MYS,2008,45.5,-9.05E-02,1.068703771,0.286812037,-0.563192904
MYS,2009,,-9.39E-02,0.908778548,0.269758821,-0.503894746
MYS,2010,,5.71E-02,1.062340021,0.611249983,-0.499948204
MYS,2011,43.9,2.26E-02,1.00221765,0.547134578,-0.474874914
MYS,2012,,0.213312954,0.919373274,0.477169961,-0.346539199
MYS,2013,41.3,0.333291233,1.007166266,0.567808211,-0.339679241
MYS,2014,,0.396689087,1.160819769,0.799231291,-0.360291034
MYS,2015,41.1,0.211023852,0.958086252,0.716391206,-0.391466588
MYS,2016,,5.50E-02,0.864153683,0.672386944,-0.41695103
MYS,2017,,2.11E-02,0.824154437,0.681551754,-0.398867846
MYS,2018,41.2,0.327022016,1.101460457,0.584602654,-0.10720095
MYS,2019,,0.259306163,1.009139419,0.557341456,-4.90E-02
MYS,2020,,0.253653616,1.059082031,0.67840308,-0.149830982
MYS,2021,,0.170527324,0.991686642,0.722389638,-0.154722348
MYS,2022,,,,,
MDV,1990,,,,,
MDV,1991,,,,,
MDV,1992,,,,,
MDV,1993,,,,,
MDV,1994,,,,,
MDV,1995,,,,,
MDV,1996,,-0.322940558,0.901294231,1.026670456,-0.660230458
MDV,1997,,,,,
MDV,1998,,-0.288014978,0.902549386,1.009523869,-0.674291372
MDV,1999,,,,,
MDV,2000,,-0.233863086,0.872710645,0.98718679,-0.758386791
MDV,2001,,,,,
MDV,2002,41.3,-8.53E-02,0.834610283,0.939704359,-0.839590251
MDV,2003,,-7.65E-02,0.576517761,0.926884115,-0.999485612
MDV,2004,,-0.283400595,0.373675913,-1.54E-02,-1.19482708
MDV,2005,,-0.428582311,0.239690825,0.516670823,-0.979869902
MDV,2006,,-0.602049053,0.170396283,0.406536967,-1.005972266
MDV,2007,,-0.859824717,0.123715602,5.64E-02,-0.927418411
MDV,2008,,-0.819709837,-0.215118065,-0.373797566,-0.301234484
MDV,2009,38.4,-0.667673528,-0.436898768,-0.38104254,-4.85E-02
MDV,2010,,-0.539183974,-0.191439882,-0.38403827,-6.27E-02
MDV,2011,,-0.552542269,-0.293658286,-0.38474986,-0.156640366
MDV,2012,,-0.697819233,-0.18681863,-0.401814729,-0.468655318
MDV,2013,,-0.740246713,-0.30410412,-0.457175404,-0.459633738
MDV,2014,,-0.364196092,-0.339784145,-0.374468446,-0.372204363
MDV,2015,,-0.472467184,-0.349228293,-0.418876857,-0.517903209
MDV,2016,31.3,-0.647783339,-0.273779392,-0.474551499,-0.732977569
MDV,2017,,-0.79102838,-0.425809234,-0.42292732,-0.741155386
MDV,2018,,-0.87240833,-0.452918172,-0.475422055,-0.681150556
MDV,2019,29.3,-0.261962295,-0.149831071,-0.496312767,-0.463316798
MDV,2020,,-0.327605784,-6.87E-03,-0.491771489,-0.322065562
MDV,2021,,-0.371216476,0.386397958,-0.52277118,-0.2384848
MDV,2022,,,,,
MLI,1990,,,,,
MLI,1991,,,,,
MLI,1992,,,,,
MLI,1993,,,,,
MLI,1994,50.4,,,,
MLI,1995,,,,,
MLI,1996,,-0.782561779,-0.998445451,-0.5258044,1.21E-02
MLI,1997,,,,,
MLI,1998,,-0.899157166,-1.173520446,-0.314075172,-6.77E-02
MLI,1999,,,,,
MLI,2000,,-0.8785097,-1.056840181,-0.330477774,-4.57E-02
MLI,2001,39.9,,,,
MLI,2002,,-0.724597514,-0.698373139,-0.578485012,0.280810177
MLI,2003,,-0.744711637,-0.738430738,-0.577274203,0.33616522
MLI,2004,,-0.677577555,-0.803888857,-0.527328253,0.248863772
MLI,2005,,-0.50025326,-0.72595948,-0.559557259,0.24793382
MLI,2006,38.9,-0.479206234,-0.765874922,-0.458761305,0.297409028
MLI,2007,,-0.426211745,-0.766218364,-0.39016974,0.225390598
MLI,2008,,-0.537264764,-0.791931689,-0.42413795,0.202510953
MLI,2009,33,-0.680893421,-0.802453339,-0.408670276,6.96E-02
MLI,2010,,-0.676808715,-0.853063941,-0.483745784,0.158107549
MLI,2011,,-0.648009062,-0.802109778,-0.404689968,0.167899787
MLI,2012,,-0.831212103,-0.983904898,-0.427046448,-0.495530128
MLI,2013,,-0.792035818,-0.89917177,-0.519340336,-0.28450796
MLI,2014,,-0.750901997,-1.088420153,-0.633841455,-0.161109298
MLI,2015,,-0.680633843,-0.929319561,-0.613501191,-0.197715268
MLI,2016,,-0.655201256,-0.996003747,-0.628753006,-0.182319134
MLI,2017,,-0.6436131,-0.93873322,-0.600646317,-0.211934015
MLI,2018,36,-0.690690398,-1.000320196,-0.585290432,-0.334190667
MLI,2019,,-0.69189322,-1.068999887,-0.60819155,-0.443510085
MLI,2020,,-0.783605337,-1.165863276,-0.658975661,-0.735434175
MLI,2021,,-0.867007017,-1.223187923,-0.621647954,-0.777489781
MLI,2022,,,,,
MLT,1990,,,,,
MLT,1991,,,,,
MLT,1992,,,,,
MLT,1993,,,,,
MLT,1994,,,,,
MLT,1995,,,,,
MLT,1996,,0.478994995,0.927289665,0.967723608,1.166311741
MLT,1997,,,,,
MLT,1998,,0.52776742,0.892576635,1.012163877,1.136850238
MLT,1999,,,,,
MLT,2000,,0.921760798,1.050507784,1.100150585,1.191570759
MLT,2001,,,,,
MLT,2002,,0.774747252,1.050148249,1.060881257,1.167907596
MLT,2003,,0.918518543,0.87883091,1.148790598,1.34463799
MLT,2004,,0.831408501,0.778789401,1.124591827,1.372729182
MLT,2005,,0.816374123,0.816960216,1.060323238,1.233854294
MLT,2006,28,1.002685428,1.018301487,1.114864707,1.203782439
MLT,2007,29.2,1.015983105,1.199490786,1.144415736,1.242634654
MLT,2008,29,0.987337589,1.270710707,1.201978564,1.249736071
MLT,2009,30.2,0.766730249,1.169743896,1.364444613,1.152721167
MLT,2010,29,0.784824491,1.18726325,1.42860508,1.167212605
MLT,2011,29.1,0.758895993,1.189434648,1.334326267,1.143347025
MLT,2012,29.4,0.935569167,1.240536571,1.321319699,1.165387988
MLT,2013,28.8,0.976357043,1.251851082,1.290717721,1.156572461
MLT,2014,29,0.846917331,1.024050117,1.078362703,1.184292436
MLT,2015,29.4,0.896879792,0.847427666,1.164396167,1.202827215
MLT,2016,29.1,0.715547621,0.951220751,1.153371334,1.196370125
MLT,2017,29.2,0.73516196,1.000329137,1.280290246,1.171133399
MLT,2018,28.7,0.575679779,0.962389171,1.335242867,1.090258598
MLT,2019,31,0.235603198,0.852863729,0.953892291,1.081668735
MLT,2020,31.4,0.367434621,1.031469941,1.222333431,1.122378588
MLT,2021,,0.31758076,0.892640531,0.813723207,1.081686378
MLT,2022,,,,,
MHL,1990,,,,,
MHL,1991,,,,,
MHL,1992,,,,,
MHL,1993,,,,,
MHL,1994,,,,,
MHL,1995,,,,,
MHL,1996,,,,,1.22604835
MHL,1997,,,,,
MHL,1998,,,,,1.24346602
MHL,1999,,,,,
MHL,2000,,,,,1.255909681
MHL,2001,,,,,
MHL,2002,,,,,1.228395581
MHL,2003,,,,,1.216563106
MHL,2004,,,,,1.195130348
MHL,2005,,-0.316166282,-0.682044744,-0.297008544,1.186263919
MHL,2006,,-0.6469087,-1.004765868,-0.945403099,1.164476037
MHL,2007,,-0.822250843,-1.237886667,-0.907076895,1.158912063
MHL,2008,,-0.764792681,-1.280438781,-1.043946028,1.188147068
MHL,2009,,-0.689701557,-1.348720074,-1.221962571,1.132050514
MHL,2010,,-0.716677845,-1.141257048,-1.236856818,1.112287641
MHL,2011,,-0.306141883,-1.58591795,-1.012740016,1.129664183
MHL,2012,,-0.224154845,-1.518277526,-1.058615327,1.103285909
MHL,2013,,-6.69E-04,-1.697127581,-1.114945292,1.186988592
MHL,2014,,-1.45E-02,-1.786426187,-1.003489852,1.154853702
MHL,2015,,-6.54E-02,-1.81800127,-1.162255883,1.178844929
MHL,2016,,1.63E-02,-1.775630593,-0.990490496,1.191460133
MHL,2017,,5.59E-02,-1.693563104,-1.071335196,1.189860106
MHL,2018,,2.36E-02,-1.589154601,-1.220025897,0.929368913
MHL,2019,35.5,4.55E-02,-1.544889212,-1.11773169,1.129039049
MHL,2020,,8.25E-02,-1.40530467,-1.105991483,1.138521671
MHL,2021,,4.76E-02,-1.488239288,-1.106536508,1.11126411
MHL,2022,,,,,
MRT,1990,,,,,
MRT,1991,,,,,
MRT,1992,,,,,
MRT,1993,50.1,,,,
MRT,1994,,,,,
MRT,1995,37.7,,,,
MRT,1996,,-0.555694163,-0.1241927,-0.401735693,-0.567770183
MRT,1997,,,,,
MRT,1998,,-0.515584171,-9.91E-02,-0.452446401,-0.711399913
MRT,1999,,,,,
MRT,2000,39,-0.486816674,-0.142841607,-0.316572756,-0.789923966
MRT,2001,,,,,
MRT,2002,,-8.30E-02,-0.231615514,0.172739282,-0.793843627
MRT,2003,,-7.43E-02,-0.19542174,-0.160814732,-0.76457721
MRT,2004,40.2,-0.365095526,-0.591448247,-0.149925396,-1.131420732
MRT,2005,,-0.535383821,-0.324555993,-0.376651973,-0.912761688
MRT,2006,,-0.74640882,-0.909149766,-0.466557533,-0.851902544
MRT,2007,,-0.576470912,-0.921015084,-0.494043827,-0.666273534
MRT,2008,35.7,-0.785068154,-1.001306415,-0.678380013,-0.942664027
MRT,2009,,-0.608217955,-0.925859511,-0.711697698,-0.924538612
MRT,2010,,-0.71273458,-0.986153364,-0.843002915,-0.90926522
MRT,2011,,-0.641656637,-0.962067187,-0.801002622,-0.927596331
MRT,2012,,-0.793573499,-0.913015425,-0.652322829,-0.910916328
MRT,2013,,-0.846679747,-0.992993474,-0.67119503,-0.959419847
MRT,2014,32.6,-0.932531476,-0.99146378,-0.832643926,-0.895695508
MRT,2015,,-0.911429107,-1.025568247,-0.891417444,-0.888245821
MRT,2016,,-0.736587822,-0.808020651,-0.77893889,-0.774358869
MRT,2017,,-0.748368979,-0.76363492,-0.804684341,-0.801386833
MRT,2018,,-0.790253997,-0.7856915,-0.848510444,-0.873295307
MRT,2019,,-0.845596373,-0.575070918,-0.809181154,-0.8003636
MRT,2020,,-0.793287754,-0.807231069,-0.875993729,-0.825380862
MRT,2021,,-0.821054399,-0.733716249,-1.055223942,-0.76521939
MRT,2022,,,,,
MUS,1990,,,,,
MUS,1991,,,,,
MUS,1992,,,,,
MUS,1993,,,,,
MUS,1994,,,,,
MUS,1995,,,,,
MUS,1996,,3.47E-02,0.202324584,-0.116350427,0.852914512
MUS,1997,,,,,
MUS,1998,,0.221581787,0.323917389,0.127370343,1.007172227
MUS,1999,,,,,
MUS,2000,,0.198928252,0.430507243,0.373216748,0.9825176
MUS,2001,,,,,
MUS,2002,,0.328717023,0.371119827,0.303823948,0.788582921
MUS,2003,,0.192945927,0.743758678,0.431313217,0.85199517
MUS,2004,,0.152764663,0.694273651,0.391610295,0.840148866
MUS,2005,,0.219137654,0.617880166,0.412572384,0.83283937
MUS,2006,35.7,0.273244053,0.703913331,0.46688959,0.909173727
MUS,2007,,0.350999236,0.755177498,0.46771723,0.886209965
MUS,2008,,0.440310746,0.831424832,0.742279768,0.863871872
MUS,2009,,0.46592325,0.802594244,0.756105363,0.822893023
MUS,2010,,0.482350141,0.910086334,0.801979423,0.789677262
MUS,2011,,0.463920891,0.886751354,0.767549992,0.795731783
MUS,2012,38.5,0.252168298,1.046700478,0.931618333,0.880852997
MUS,2013,,0.252099127,0.920593023,0.89288491,0.928681612
MUS,2014,,0.317963988,1.155632257,1.196946621,0.939650774
MUS,2015,,0.254001796,1.160920143,1.146081328,0.826210618
MUS,2016,,0.136081845,1.05714941,1.103477597,0.818056881
MUS,2017,36.8,0.187208578,0.998664975,1.059189916,0.788669944
MUS,2018,,0.214242041,0.932905674,1.051221728,0.728621066
MUS,2019,,0.241273746,0.89203757,1.023860455,0.754109442
MUS,2020,,0.465649992,0.884526432,1.190632105,0.705323219
MUS,2021,,0.467553556,0.849402547,1.16719985,0.66472882
MUS,2022,,,,,
MEX,1990,,,,,
MEX,1991,,,,,
MEX,1992,52.6,,,,
MEX,1993,,,,,
MEX,1994,52.8,,,,
MEX,1995,,,,,
MEX,1996,53.6,-0.512428641,0.225326702,0.131712973,-4.23E-02
MEX,1997,,,,,
MEX,1998,51.7,-0.389923036,0.384369582,0.150209352,6.28E-02
MEX,1999,,,,,
MEX,2000,52.6,-7.39E-02,0.276181936,0.220494196,0.258450001
MEX,2001,,,,,
MEX,2002,50.1,-0.250572264,0.218386546,0.438464433,0.346043468
MEX,2003,,-0.241587132,0.135325372,0.335378051,0.34693712
MEX,2004,50,-0.389334857,7.86E-02,0.410247594,0.319827616
MEX,2005,50.1,-0.344179541,3.31E-02,0.160981357,0.198065519
MEX,2006,48.9,-0.325125188,5.18E-02,0.346685439,0.150474414
MEX,2007,,-0.341457367,0.138943002,0.368228048,0.121899016
MEX,2008,49.9,-0.309849888,0.163555026,0.31256935,0.134927571
MEX,2009,,-0.365960121,0.144824192,0.177682906,0.200032845
MEX,2010,47.2,-0.439748138,9.93E-02,0.156337783,0.178501576
MEX,2011,,-0.474737763,0.257281601,0.184377462,0.121691875
MEX,2012,48.7,-0.484527588,0.30096364,0.418743193,0.112745345
MEX,2013,,-0.59152025,0.307451427,0.418155193,0.108392298
MEX,2014,48.7,-0.842649996,0.138297051,0.359438211,3.31E-04
MEX,2015,,-0.867699027,0.151816562,0.290273994,-7.53E-02
MEX,2016,47.7,-0.830518782,6.39E-02,0.207757637,-6.75E-02
MEX,2017,,-0.932947338,-3.20E-02,0.194318756,-7.78E-02
MEX,2018,46.7,-0.929513454,-0.263602465,9.57E-02,-1.69E-02
MEX,2019,,-0.899168849,-0.27937749,3.05E-02,7.82E-03
MEX,2020,45.4,-0.902077496,-0.24266322,2.55E-03,-2.50E-02
MEX,2021,,-1.001628876,-0.31216228,-0.230723783,-7.42E-02
MEX,2022,,,,,
FSM,1990,,,,,
FSM,1991,,,,,
FSM,1992,,,,,
FSM,1993,,,,,
FSM,1994,,,,,
FSM,1995,,,,,
FSM,1996,,,,,1.113322139
FSM,1997,,,,,
FSM,1998,,,,,0.980310977
FSM,1999,,,,,
FSM,2000,,,,,1.007038713
FSM,2001,,,,,
FSM,2002,,,,,1.023825049
FSM,2003,,,,,1.035866261
FSM,2004,,0.32329455,-2.85E-02,0.449361145,0.786521435
FSM,2005,42.4,-0.12089359,0.114336714,0.382686883,0.949673891
FSM,2006,,-0.104157448,-3.20E-02,0.384345442,1.065407753
FSM,2007,,-0.24031949,-0.533373713,-0.233671769,1.058531404
FSM,2008,,-0.217524931,-0.510628402,-0.521241605,1.086042166
FSM,2009,,-0.219170406,-0.356269479,-0.65398711,1.074389935
FSM,2010,,-0.259419352,-0.470069766,-0.754009664,1.050894022
FSM,2011,,-0.344322592,-0.803482592,-0.911160231,0.997179151
FSM,2012,,-0.12400189,-0.643289566,-0.952287197,0.977706373
FSM,2013,40.1,-0.17991735,-0.568482995,-0.944317877,0.996572316
FSM,2014,,0.812802196,-0.515850127,-1.053829312,1.110967398
FSM,2015,,0.631023347,-0.376106203,-0.997045457,1.134753227
FSM,2016,,0.649291456,-0.264031202,-0.97568804,1.147596717
FSM,2017,,0.741969705,0.200173408,-1.007608414,1.146138072
FSM,2018,,0.666436851,-4.46E-02,-0.986513793,1.112800717
FSM,2019,,0.714800119,-8.98E-02,-0.966226518,1.146417975
FSM,2020,,0.872955918,0.18357487,-0.959057033,1.131166816
FSM,2021,,0.562800407,0.124419935,-0.785964131,1.103536606
FSM,2022,,,,,
MDA,1990,,,,,
MDA,1991,,,,,
MDA,1992,,,,,
MDA,1993,,,,,
MDA,1994,,,,,
MDA,1995,,,,,
MDA,1996,,-0.437426507,-0.215465322,-6.65E-02,1.84E-02
MDA,1997,36.9,,,,
MDA,1998,39.5,-0.399805635,-0.3405855,-0.106951557,8.98E-02
MDA,1999,42.6,,,,
MDA,2000,36.4,-0.623196244,-0.535638273,-0.13722226,-0.143778056
MDA,2001,38,,,,
MDA,2002,35.8,-0.980350196,-0.586018622,-0.403108656,-0.532346845
MDA,2003,34.9,-0.884173095,-0.660864532,-0.41021201,-0.491123885
MDA,2004,35,-1.039575577,-0.842749298,-0.430486381,-0.585409641
MDA,2005,36.3,-0.672625899,-0.753627777,-0.460677326,-0.547894061
MDA,2006,35.4,-0.643211901,-0.800863206,-0.348091394,-0.267036706
MDA,2007,34.4,-0.660764515,-0.833722353,-0.283888221,-0.292217821
MDA,2008,34.7,-0.634429693,-0.785365343,-0.201783881,-0.307182461
MDA,2009,32.9,-0.701457858,-0.560340583,-0.144404069,-0.296487033
MDA,2010,32.1,-0.671865046,-0.661308467,-0.132566243,-5.53E-02
MDA,2011,30.6,-0.625150502,-0.611933291,-0.103003003,4.95E-02
MDA,2012,29.2,-0.614259124,-0.562788844,-0.11593055,-3.44E-02
MDA,2013,28.5,-0.752406657,-0.400530994,-8.58E-02,-7.13E-02
MDA,2014,26.8,-0.852723837,-0.406121105,1.49E-02,1.16E-02
MDA,2015,27,-0.915585756,-0.652528584,-6.47E-02,2.86E-02
MDA,2016,26.3,-0.956894457,-0.631148696,-0.123699941,-9.07E-03
MDA,2017,25.9,-0.803161204,-0.529130578,-3.48E-02,-1.67E-02
MDA,2018,25.7,-0.725502193,-0.465657294,-2.07E-02,-0.116713464
MDA,2019,26,-0.623985469,-0.412090153,-3.55E-02,-1.00E-01
MDA,2020,,-0.549642324,-0.514038086,2.47E-03,-4.35E-02
MDA,2021,25.7,-0.447890878,-0.404990613,1.39E-02,4.76E-02
MDA,2022,,,,,
MCO,1990,,,,,
MCO,1991,,,,,
MCO,1992,,,,,
MCO,1993,,,,,
MCO,1994,,,,,
MCO,1995,,,,,
MCO,1996,,,,,1.098291993
MCO,1997,,,,,
MCO,1998,,,,,1.114418864
MCO,1999,,,,,
MCO,2000,,,,,1.117948532
MCO,2001,,,,,
MCO,2002,,,,,1.092975616
MCO,2003,,,,,0.952753425
MCO,2004,,,,,0.928724051
MCO,2005,,,,,0.924126983
MCO,2006,,,,,0.929085612
MCO,2007,,,,,0.934261024
MCO,2008,,,,,0.971235871
MCO,2009,,,,,0.95471257
MCO,2010,,,,,1.024482369
MCO,2011,,,,,0.802048743
MCO,2012,,,,,0.796869934
MCO,2013,,,,,0.819821715
MCO,2014,,,,,0.993937194
MCO,2015,,,,,1.017175436
MCO,2016,,,,,0.836897433
MCO,2017,,,,,0.836440563
MCO,2018,,,,,0.631103873
MCO,2019,,,,,0.658016264
MCO,2020,,,,,0.676530898
MCO,2021,,,,,0.713545501
MCO,2022,,,,,
MNG,1990,,,,,
MNG,1991,,,,,
MNG,1992,,,,,
MNG,1993,,,,,
MNG,1994,,,,,
MNG,1995,33.2,,,,
MNG,1996,,0.111758478,-0.378730357,-0.173729807,0.423779756
MNG,1997,,,,,
MNG,1998,30.3,0.110406369,-0.291684538,-0.161171496,0.559471786
MNG,1999,,,,,
MNG,2000,,-0.266555637,-0.325786859,-0.173168585,0.383202732
MNG,2001,,,,,
MNG,2002,32.9,2.59E-02,-0.115116656,-0.10322991,0.378301382
MNG,2003,,-0.221844956,-0.219482824,-0.560890138,0.325539052
MNG,2004,,-0.269411176,-0.38648507,-0.495305836,0.272552013
MNG,2005,,-0.604816973,-0.377561241,-0.491697431,6.95E-02
MNG,2006,,-0.587645471,-0.495436788,-0.321416348,0.253958493
MNG,2007,35.8,-0.613750696,-0.543998063,-0.283821404,0.314249188
MNG,2008,,-0.664763153,-0.531455338,-0.351098925,0.26869759
MNG,2009,,-0.761497498,-0.668986678,-0.306162864,0.125629634
MNG,2010,33.1,-0.733134985,-0.565998375,-0.258041173,8.85E-02
MNG,2011,33.9,-0.696974516,-0.580542684,-0.238061503,5.21E-02
MNG,2012,33.8,-0.535095811,-0.632912159,-0.216407061,6.55E-02
MNG,2013,,-0.477977753,-0.543920457,-0.332616419,0.108955517
MNG,2014,32,-0.471893132,-0.429426044,-0.277615696,0.241462216
MNG,2015,,-0.484458685,-0.410802335,-0.349960804,0.270271778
MNG,2016,32.3,-0.480891764,-7.68E-02,-8.32E-02,0.332784593
MNG,2017,,-0.448331207,-0.254585743,-0.110841572,0.293318957
MNG,2018,32.7,-0.423940271,-0.220212623,4.10E-02,0.236522526
MNG,2019,,-0.43183437,-0.191707879,4.07E-02,0.323747635
MNG,2020,,-0.470110238,-0.368315816,-6.09E-02,0.379003644
MNG,2021,,-0.528645813,-0.467179894,-0.208566815,0.318870097
MNG,2022,,,,,
MNE,1990,,,,,
MNE,1991,,,,,
MNE,1992,,,,,
MNE,1993,,,,,
MNE,1994,,,,,
MNE,1995,,,,,
MNE,1996,,,,,
MNE,1997,,,,,
MNE,1998,,0.497083396,,,-0.594267905
MNE,1999,,,,,
MNE,2000,,-0.177505895,,,-0.501997948
MNE,2001,,,,,
MNE,2002,,-0.156703547,,,1.24E-02
MNE,2003,,-0.411994487,,,8.58E-02
MNE,2004,,-0.467464656,,,0.113930948
MNE,2005,,-0.354254246,0.348541498,-0.132531121,0.134036914
MNE,2006,,-0.383750975,0.157076731,-0.549078822,0.262788713
MNE,2007,,-0.381186187,-0.294287652,-0.127576694,0.258968711
MNE,2008,,-0.239523485,-1.50E-02,-7.05E-02,0.235908493
MNE,2009,,-0.219349295,-1.10E-02,2.93E-02,0.241875201
MNE,2010,,-0.253896862,0.133294418,-7.25E-03,0.189805597
MNE,2011,,-0.222925067,7.58E-02,1.01E-04,0.20789057
MNE,2012,41.2,-0.129764125,0.117444731,3.44E-02,0.217905968
MNE,2013,39,-0.286885977,0.152013049,9.36E-02,0.178289786
MNE,2014,38.8,-7.51E-02,0.2928859,0.175064266,0.160317093
MNE,2015,39,-9.46E-02,0.196320355,0.241498619,0.144037694
MNE,2016,38.5,-5.35E-02,0.166023627,0.243920729,7.61E-02
MNE,2017,36.9,-5.58E-02,0.20202145,0.336299419,0.12421751
MNE,2018,36.8,1.20E-02,0.118020974,0.402972072,5.43E-02
MNE,2019,,-4.42E-03,0.138532132,0.408847392,2.48E-02
MNE,2020,,-1.88E-02,-7.09E-02,0.437879831,4.34E-02
MNE,2021,,-1.95E-02,6.13E-03,0.43062079,0.174490169
MNE,2022,,,,,
MAR,1990,39.2,,,,
MAR,1991,,,,,
MAR,1992,,,,,
MAR,1993,,,,,
MAR,1994,,,,,
MAR,1995,,,,,
MAR,1996,,-0.106926993,-0.104411051,-0.102563486,-0.416846514
MAR,1997,,,,,
MAR,1998,39.4,0.103345759,2.39E-02,2.46E-02,-0.243397817
MAR,1999,,,,,
MAR,2000,40.6,-0.233573437,2.61E-02,-2.17E-02,-0.449143887
MAR,2001,,,,,
MAR,2002,,-0.240059301,-0.195086256,-7.82E-02,-0.465828568
MAR,2003,,-0.319970191,-0.192235157,-0.284974277,-0.752867103
MAR,2004,,-0.243782789,-0.200155571,-0.244661465,-0.508274615
MAR,2005,,-0.425059497,-0.388703555,-0.437574357,-0.687104881
MAR,2006,40.7,-0.476106465,-0.254543036,-0.212712377,-0.712467074
MAR,2007,,-0.386843711,-0.334395856,-0.215945512,-0.707481861
MAR,2008,,-0.433665723,-0.347747773,-0.159162045,-0.758323967
MAR,2009,,-0.367966145,-0.282152444,-9.06E-02,-0.745714903
MAR,2010,,-0.231423751,-0.228841037,-0.119565077,-0.698601484
MAR,2011,,-0.452251226,-0.264674336,-0.176636279,-0.709956765
MAR,2012,,-0.493130356,-0.133275002,-0.110853657,-0.605667233
MAR,2013,39.5,-0.423098087,-7.80E-02,-9.11E-02,-0.698580146
MAR,2014,,-0.305042803,-0.130273983,-2.79E-02,-0.688516021
MAR,2015,,-0.261249363,-0.111680008,-8.15E-02,-0.630448699
MAR,2016,,-0.165456429,-0.164237484,-0.145550981,-0.624200046
MAR,2017,,-0.174473464,-0.279189408,-0.143823475,-0.670858622
MAR,2018,,-0.266063303,-0.330775559,-0.246215358,-0.681170464
MAR,2019,,-0.339404434,-0.201040924,-0.141041234,-0.628879964
MAR,2020,,-0.42034483,-8.87E-02,-3.50E-02,-0.599163711
MAR,2021,,-0.433994025,-6.68E-02,-0.121726759,-0.607270956
MAR,2022,,,,,
MOZ,1990,,,,,
MOZ,1991,,,,,
MOZ,1992,,,,,
MOZ,1993,,,,,
MOZ,1994,,,,,
MOZ,1995,,,,,
MOZ,1996,53.6,-0.424003124,-0.14402017,-0.52015692,-0.28148526
MOZ,1997,,,,,
MOZ,1998,,-0.390381545,-0.469900131,-0.322582126,-0.16156669
MOZ,1999,,,,,
MOZ,2000,,-0.534364283,-0.493174553,-0.149593204,-0.218968794
MOZ,2001,,,,,
MOZ,2002,47,-0.499133259,-0.435577214,-0.414853543,-0.218986437
MOZ,2003,,-0.64217937,-0.54416883,-0.61850661,-3.12E-02
MOZ,2004,,-0.613359034,-0.597040653,-0.493495107,-3.39E-02
MOZ,2005,,-0.534635305,-0.543009222,-0.741414428,8.34E-03
MOZ,2006,,-0.618245721,-0.674824238,-0.626963675,-8.64E-02
MOZ,2007,,-0.512877285,-0.549929261,-0.636888325,-8.18E-02
MOZ,2008,45.6,-0.487182707,-0.559530139,-0.51279074,-7.27E-02
MOZ,2009,,-0.428717107,-0.600843906,-0.437218875,-0.114246525
MOZ,2010,,-0.436986297,-0.617089927,-0.453413218,-0.120654635
MOZ,2011,,-0.4961963,-0.651163042,-0.473082095,-0.199520618
MOZ,2012,,-0.569021642,-0.655166209,-0.46577546,-0.197661281
MOZ,2013,,-0.602598667,-0.636804581,-0.41751945,-0.256315291
MOZ,2014,54,-0.669381857,-0.744948566,-0.435868889,-0.246708766
MOZ,2015,,-0.759358644,-0.783558726,-0.542803109,-0.270693123
MOZ,2016,,-0.883654296,-0.896996498,-0.738866627,-0.416637808
MOZ,2017,,-0.838228941,-0.919229388,-0.755367219,-0.421920419
MOZ,2018,,-0.787948489,-0.922593713,-0.780851185,-0.493539125
MOZ,2019,50.5,-0.85269475,-0.873896122,-0.762343287,-0.544109583
MOZ,2020,,-0.766310096,-0.775558054,-0.75562948,-0.599389493
MOZ,2021,,-0.811555684,-0.765344799,-0.778285861,-0.612543762
MOZ,2022,,,,,
MMR,1990,,,,,
MMR,1991,,,,,
MMR,1992,,,,,
MMR,1993,,,,,
MMR,1994,,,,,
MMR,1995,,,,,
MMR,1996,,-1.500766754,-1.207593679,-1.677948117,-1.88991797
MMR,1997,,,,,
MMR,1998,,-1.33447063,-1.190728784,-1.775967002,-1.918437123
MMR,1999,,,,,
MMR,2000,,-1.361532331,-1.206501126,-2.01654315,-2.039811373
MMR,2001,,,,,
MMR,2002,,-1.303026319,-1.337557554,-2.059803963,-2.012826204
MMR,2003,,-1.472589135,-1.288119555,-2.031898499,-2.081955194
MMR,2004,,-1.649900556,-1.575985789,-2.348572969,-2.122652292
MMR,2005,,-1.540683031,-1.53295505,-2.127524614,-2.166204929
MMR,2006,,-1.659772635,-1.468396425,-2.193645477,-2.233270645
MMR,2007,,-1.625574231,-1.485532045,-2.273735046,-2.213491678
MMR,2008,,-1.615746021,-1.534688115,-2.213251352,-2.207979202
MMR,2009,,-1.659667373,-1.619489789,-2.234344482,-2.172561884
MMR,2010,,-1.672808766,-1.622868419,-2.244580507,-2.067404032
MMR,2011,,-1.594689012,-1.602065206,-2.102012873,-1.849633694
MMR,2012,,-1.069791675,-1.480186582,-1.834657431,-1.620119333
MMR,2013,,-1.006056309,-1.51170814,-1.500042915,-1.46162653
MMR,2014,,-0.883994281,-1.30058372,-1.397878289,-1.343989372
MMR,2015,38.1,-0.831322014,-1.25729239,-1.23648262,-1.218976498
MMR,2016,,-0.620570064,-0.990306139,-0.874536395,-0.796729267
MMR,2017,30.7,-0.571613848,-1.065703988,-0.835327387,-0.864633322
MMR,2018,,-0.590794861,-1.077389359,-0.749045193,-0.905169547
MMR,2019,,-0.624560773,-1.169048905,-0.754303634,-0.857218802
MMR,2020,,-0.659091353,-1.016750574,-0.618340135,-0.939094603
MMR,2021,,-1.027559519,-1.410243511,-1.130902171,-1.661393881
MMR,2022,,,,,
NAM,1990,,,,,
NAM,1991,,,,,
NAM,1992,,,,,
NAM,1993,,,,,
NAM,1994,,,,,
NAM,1995,,,,,
NAM,1996,,0.808773279,0.431657553,0.360743493,0.496299714
NAM,1997,,,,,
NAM,1998,,0.735702813,0.295157015,0.46582973,0.330687076
NAM,1999,,,,,
NAM,2000,,0.773133337,0.288999677,0.320122689,0.333465695
NAM,2001,,,,,
NAM,2002,,0.114022799,0.174336687,0.582995772,0.251939505
NAM,2003,63.3,0.189308584,0.256043524,0.224924058,0.186523661
NAM,2004,,0.115224101,0.138490334,0.230400413,0.27459532
NAM,2005,,0.150281817,7.42E-02,0.142397329,0.331786513
NAM,2006,,0.196952045,0.162311792,0.173593417,0.481321037
NAM,2007,,0.311637253,0.198420018,4.61E-02,0.449754745
NAM,2008,,0.641149759,0.342985272,0.376434058,0.450895995
NAM,2009,61,0.269764304,0.211638153,0.241088286,0.375795007
NAM,2010,,0.315519512,0.156898081,0.213284954,0.349807352
NAM,2011,,0.277477235,0.135968268,9.23E-02,0.340737253
NAM,2012,,0.321495771,0.240754634,0.155978978,0.378439128
NAM,2013,,0.30405581,0.273176253,0.164272174,0.400293291
NAM,2014,,0.261683822,0.22390613,7.66E-02,0.552335262
NAM,2015,59.1,0.299405813,0.326937437,6.02E-02,0.578454077
NAM,2016,,0.309852898,0.229374781,2.62E-03,0.582225859
NAM,2017,,0.290749907,0.259861737,-0.103185646,0.550321102
NAM,2018,,0.334220558,0.15051809,1.11E-02,0.457678974
NAM,2019,,0.345387161,0.12494795,1.53E-02,0.514972746
NAM,2020,,0.303862303,6.78E-02,2.59E-02,0.560283542
NAM,2021,,0.258660823,5.93E-02,-4.64E-03,0.57228744
NAM,2022,,,,,
NRU,1990,,,,,
NRU,1991,,,,,
NRU,1992,,,,,
NRU,1993,,,,,
NRU,1994,,,,,
NRU,1995,,,,,
NRU,1996,,,,,0.990575969
NRU,1997,,,,,
NRU,1998,,,,,1.0056144
NRU,1999,,,,,
NRU,2000,,,,,0.94482106
NRU,2001,,,,,
NRU,2002,,,,,0.946030617
NRU,2003,,,,,1.115269303
NRU,2004,,,,,1.072399616
NRU,2005,,,,,1.065369248
NRU,2006,,,,,1.065395236
NRU,2007,,-0.356638461,-0.584582984,-0.697122276,1.056956887
NRU,2008,,-0.328292847,-0.438042283,-0.8705706,1.082353234
NRU,2009,,-0.399734557,-0.399575144,-1.007552266,1.087099671
NRU,2010,,9.98E-03,-0.565107167,-1.046699047,1.066604495
NRU,2011,,-4.78E-02,-0.583160341,-1.081133485,1.09516871
NRU,2012,32.4,-2.46E-02,-0.557996273,-1.187861443,1.09553349
NRU,2013,,-0.649806023,-0.578923523,-1.375983119,1.055323839
NRU,2014,,-0.478502005,-0.568764806,-1.238886595,0.807420373
NRU,2015,,-0.530125439,-0.536794186,-1.226010323,0.546864092
NRU,2016,,-0.434362471,-0.687633693,-0.389168292,0.507921815
NRU,2017,,-0.477816433,-0.435675859,-1.098769069,0.508525491
NRU,2018,,-0.558374107,-8.05E-02,-0.144989714,0.436955422
NRU,2019,,-0.453386813,-0.133010134,-3.53E-02,0.470693082
NRU,2020,,-0.467435479,-8.24E-02,0.109119214,0.425993741
NRU,2021,,-0.428823858,-0.380701691,0.389623672,0.426629215
NRU,2022,,,,,
NPL,1990,,,,,
NPL,1991,,,,,
NPL,1992,,,,,
NPL,1993,,,,,
NPL,1994,,,,,
NPL,1995,35.2,,,,
NPL,1996,,-0.639208674,-0.380564451,-0.401735693,-6.42E-02
NPL,1997,,,,,
NPL,1998,,-0.595585644,-0.349467725,-0.452446401,-0.193280414
NPL,1999,,,,,
NPL,2000,,-0.567300498,-0.396729678,-0.656351626,-0.280598551
NPL,2001,,,,,
NPL,2002,,-0.463561416,-0.59819591,-0.590202868,-0.79815954
NPL,2003,43.8,-0.588842928,-0.795150697,-0.414270848,-0.920003414
NPL,2004,,-0.953119218,-0.95579493,-0.52077055,-1.134827137
NPL,2005,,-0.742212892,-0.863498569,-0.530171871,-1.146815538
NPL,2006,,-0.692943096,-0.927428067,-0.523552716,-0.908803642
NPL,2007,,-0.791534424,-0.717890441,-0.580034494,-0.585561931
NPL,2008,,-0.818007648,-0.810725868,-0.646401107,-0.496126413
NPL,2009,,-0.704490542,-0.961558819,-0.722060025,-0.441024661
NPL,2010,32.8,-0.695682704,-0.891942501,-0.761707723,-0.447481632
NPL,2011,,-0.78744036,-0.915860295,-0.734936655,-0.445125788
NPL,2012,,-0.814642906,-0.98878485,-0.805144668,-0.642363489
NPL,2013,,-0.688907444,-0.929921746,-0.858153939,-0.528574824
NPL,2014,,-0.588590503,-0.860475302,-0.847787738,-0.430445671
NPL,2015,,-0.576670051,-1.068261385,-0.810000598,-0.415430844
NPL,2016,,-0.795287371,-0.833284676,-0.774083197,-0.251382679
NPL,2017,,-0.746279299,-0.894338429,-0.722833991,-0.203580767
NPL,2018,,-0.661833346,-0.904906631,-0.74596101,-0.135736838
NPL,2019,,-0.666650355,-1.052809358,-0.711373031,-0.151104942
NPL,2020,,-0.572755277,-0.939734459,-0.702957332,-8.49E-02
NPL,2021,,-0.530735135,-0.871526241,-0.616685688,-8.91E-02
NPL,2022,,,,,
NLD,1990,31.1,,,,
NLD,1991,,,,,
NLD,1992,,,,,
NLD,1993,30.4,,,,
NLD,1994,,,,,
NLD,1995,,,,,
NLD,1996,,2.081897736,1.942934752,1.8410604,1.557145357
NLD,1997,,,,,
NLD,1998,,2.089596987,2.004210949,1.862751842,1.562134027
NLD,1999,28.1,,,,
NLD,2000,,2.138006687,1.983375669,2.025181293,1.543961287
NLD,2001,,,,,
NLD,2002,,2.068361998,1.933444738,1.819209218,1.469413996
NLD,2003,,1.995902896,1.953932524,1.718166828,1.52679491
NLD,2004,29.8,1.975515485,2.070030212,1.765661716,1.696608305
NLD,2005,29,1.960848689,1.937205434,1.654107094,1.666020036
NLD,2006,30,2.040526152,1.784532547,1.682605624,1.539821029
NLD,2007,29.6,2.159472227,1.721123576,1.800438523,1.523433328
NLD,2008,29.3,2.102768421,1.686568737,1.775118947,1.483085513
NLD,2009,27.9,2.124158621,1.735715747,1.697055578,1.464387774
NLD,2010,27.8,2.090060711,1.770125628,1.729081273,1.450568914
NLD,2011,27.8,2.08139801,1.820782542,1.804837584,1.537047744
NLD,2012,27.6,2.090583324,1.83904779,1.745505095,1.605585456
NLD,2013,28.1,2.016783476,1.809125423,1.760917544,1.566972613
NLD,2014,28.6,1.960696101,1.836187243,1.7631253,1.547310829
NLD,2015,28.2,1.872336745,1.854610324,1.794146419,1.561163306
NLD,2016,28.2,1.898642421,1.84961915,1.973211288,1.540332079
NLD,2017,28.5,1.784498334,1.84633708,2.04545331,1.495971799
NLD,2018,28.1,1.923831224,1.842903614,2.01860261,1.487584591
NLD,2019,29.2,1.902886987,1.796130896,1.859692931,1.485403895
NLD,2020,26,2.031072617,1.843825102,1.758723021,1.524296045
NLD,2021,,2.035641909,1.766682148,1.752583385,1.502554178
NLD,2022,,,,,
NCL,1990,,,,,
NCL,1991,,,,,
NCL,1992,,,,,
NCL,1993,,,,,
NCL,1994,,,,,
NCL,1995,,,,,
NCL,1996,,,,,
NCL,1997,,,,,
NCL,1998,,,,,
NCL,1999,,,,,
NCL,2000,,,,,
NCL,2001,,,,,
NCL,2002,,,,,
NCL,2003,,,,,
NCL,2004,,,,,
NCL,2005,,,,,
NCL,2006,,,,,
NCL,2007,,,,,
NCL,2008,,,,,
NCL,2009,,,,,
NCL,2010,,,,,
NCL,2011,,,,,
NCL,2012,,,,,
NCL,2013,,,,,
NCL,2014,,,,,
NCL,2015,,,,,
NCL,2016,,,,,
NCL,2017,,,,,
NCL,2018,,,,,
NCL,2019,,,,,
NCL,2020,,,,,
NCL,2021,,,,,
NCL,2022,,,,,
NZL,1990,,,,,
NZL,1991,,,,,
NZL,1992,,,,,
NZL,1993,,,,,
NZL,1994,,,,,
NZL,1995,,,,,
NZL,1996,,2.110245705,1.771766543,1.891940117,1.629558206
NZL,1997,,,,,
NZL,1998,,2.148452997,1.628706098,1.956304312,1.557806134
NZL,1999,,,,,
NZL,2000,,2.181960344,1.58685112,1.67170012,1.678681374
NZL,2001,,,,,
NZL,2002,,2.262573242,1.678446293,1.561941624,1.501043439
NZL,2003,,2.284625292,1.761167645,1.650785565,1.610115528
NZL,2004,,2.352138042,1.939586282,1.75323987,1.653177857
NZL,2005,,2.19131422,1.740871668,1.631622076,1.628601551
NZL,2006,,2.322551012,1.583029389,1.695319414,1.499365449
NZL,2007,,2.317683935,1.65716064,1.715987206,1.477947354
NZL,2008,,2.297525167,1.668481112,1.799912691,1.478388548
NZL,2009,,2.380318642,1.847877145,1.823738337,1.478482246
NZL,2010,,2.3294034,1.811123967,1.81236732,1.507505536
NZL,2011,,2.290867567,1.871491432,1.964113235,1.579075933
NZL,2012,,2.307887793,1.791833878,1.844799161,1.617722034
NZL,2013,,2.334091425,1.750261784,1.819136858,1.606077671
NZL,2014,,2.249640226,1.925408959,1.943838,1.52441299
NZL,2015,,2.274009466,1.879478693,1.91578126,1.554865479
NZL,2016,,2.278953552,1.83559823,2.03535533,1.533273816
NZL,2017,,2.237046719,1.760673285,2.086640596,1.558654904
NZL,2018,,2.170815468,1.662093163,2.005663157,1.589511633
NZL,2019,,2.16713047,1.663680792,1.879528522,1.535238028
NZL,2020,,2.14821744,1.580373883,1.882912636,1.595427036
NZL,2021,,2.201695204,1.350751281,1.808165312,1.62185359
NZL,2022,,,,,
NIC,1990,,,,,
NIC,1991,,,,,
NIC,1992,,,,,
NIC,1993,57.4,,,,
NIC,1994,,,,,
NIC,1995,,,,,
NIC,1996,,-0.56454438,-0.570219934,-0.443439603,5.34E-02
NIC,1997,,,,,
NIC,1998,54.4,-0.959317148,-0.662364185,-0.236152813,0.103398241
NIC,1999,,,,,
NIC,2000,,-0.935892701,-0.660692811,-0.33913812,-0.125508621
NIC,2001,52.9,,,,
NIC,2002,,-0.479136646,-0.877977848,-0.489535064,-5.48E-02
NIC,2003,,-0.541941702,-0.796234727,-0.470480889,0.158112004
NIC,2004,,-0.446660161,-0.845464587,-0.346080571,-1.53E-02
NIC,2005,48.8,-0.616481483,-0.831532359,-0.445305258,-0.24899523
NIC,2006,,-0.673504472,-0.901949763,-0.426474214,-0.194359109
NIC,2007,,-0.767759442,-0.957917213,-0.450823009,-0.217171907
NIC,2008,,-0.768929601,-0.922438443,-0.421554148,-0.367741048
NIC,2009,43.9,-0.727106392,-0.966554761,-0.435356438,-0.439285934
NIC,2010,,-0.755830348,-0.953751266,-0.302378356,-0.477622449
NIC,2011,,-0.737969637,-0.897888482,-0.353553355,-0.576730072
NIC,2012,,-0.78167814,-0.896317542,-0.310052246,-0.536340475
NIC,2013,,-0.738182664,-0.816622496,-0.308052003,-0.457648277
NIC,2014,46.2,-0.887117863,-0.840402603,-0.408892065,-0.395715714
NIC,2015,,-0.882364571,-0.819911599,-0.400962591,-0.414745241
NIC,2016,,-0.877425969,-0.693790317,-0.518320739,-0.680031598
NIC,2017,,-0.876199365,-0.632386208,-0.680155218,-0.717731059
NIC,2018,,-1.004571557,-0.767319739,-0.713678002,-1.103983164
NIC,2019,,-1.01394856,-0.740191996,-0.69773221,-1.098218203
NIC,2020,,-1.160550714,-0.650465131,-0.664049983,-1.097631931
NIC,2021,,-1.236290574,-0.852298975,-0.835881472,-1.287000537
NIC,2022,,,,,
NER,1990,,,,,
NER,1991,,,,,
NER,1992,36.1,,,,
NER,1993,,,,,
NER,1994,41.5,,,,
NER,1995,,,,,
NER,1996,,-0.865590096,-1.169292927,-0.98440063,-1.506181717
NER,1997,,,,,
NER,1998,,-1.073254228,-1.104274154,-0.743582249,-1.29401505
NER,1999,,,,,
NER,2000,,-0.945642471,-1.150753498,-0.770442665,-0.11989437
NER,2001,,,,,
NER,2002,,-1.020486593,-0.823412001,-0.772763193,-0.20416832
NER,2003,,-0.916420162,-0.663169801,-0.73002857,-0.15603061
NER,2004,,-0.887320101,-0.774815559,-0.683769524,-0.190244764
NER,2005,44.4,-0.724550962,-0.792276323,-0.412261575,-0.283560395
NER,2006,,-0.848922551,-0.832272291,-0.553185999,-0.324552685
NER,2007,37.3,-0.761082709,-0.803757966,-0.557963252,-0.368081421
NER,2008,,-0.730393648,-0.737796187,-0.464942008,-0.441894054
NER,2009,,-0.611198545,-0.707001507,-0.525119126,-0.737894237
NER,2010,,-0.658249199,-0.705803335,-0.564630508,-0.666964293
NER,2011,31.5,-0.652857542,-0.654597759,-0.567633331,-0.246729359
NER,2012,,-0.647685707,-0.699347138,-0.60924989,-0.284627557
NER,2013,,-0.61886847,-0.735528409,-0.582843363,-0.306289643
NER,2014,34.3,-0.695217669,-0.715861976,-0.743807316,-0.194567889
NER,2015,,-0.650866568,-0.691085339,-0.759863615,-0.204202279
NER,2016,,-0.643615961,-0.668597102,-0.710559785,-0.421779066
NER,2017,,-0.665512443,-0.732213914,-0.71039021,-0.43021819
NER,2018,37.3,-0.570549071,-0.802954137,-0.666544318,-0.604213178
NER,2019,,-0.525908709,-0.816304088,-0.707689822,-0.578379989
NER,2020,,-0.617668211,-0.634796858,-0.782020271,-0.490123719
NER,2021,,-0.546674609,-0.614557326,-0.745513618,-0.387144148
NER,2022,,,,,
NGA,1990,,,,,
NGA,1991,,,,,
NGA,1992,45,,,,
NGA,1993,,,,,
NGA,1994,,,,,
NGA,1995,,,,,
NGA,1996,51.9,-1.189008594,-0.923635602,-0.968231022,-1.55370152
NGA,1997,,,,,
NGA,1998,,-1.160612702,-1.119764566,-0.922067761,-1.080581784
NGA,1999,,,,,
NGA,2000,,-1.324634433,-0.970691919,-0.875233531,-0.481231272
NGA,2001,,,,,
NGA,2002,,-1.502067566,-1.019714952,-1.178755283,-0.634268761
NGA,2003,40.1,-1.417653799,-0.921969414,-1.230159998,-0.662227452
NGA,2004,,-1.383372903,-0.94071418,-1.292817712,-0.796761572
NGA,2005,,-1.180775523,-0.901512623,-0.792749345,-0.868943334
NGA,2006,,-1.126394391,-0.972157061,-0.947573066,-0.623297811
NGA,2007,,-1.066939831,-1.039311171,-0.894971669,-0.760439932
NGA,2008,,-0.900948942,-0.995108604,-0.815719306,-0.735603809
NGA,2009,,-1.041885853,-1.204816937,-0.760188282,-0.848863244
NGA,2010,35.7,-1.051508546,-1.169436932,-0.743477106,-0.77708143
NGA,2011,,-1.189361453,-1.106270552,-0.699536264,-0.713411033
NGA,2012,35.5,-1.175933242,-1.002810359,-0.723069429,-0.70021987
NGA,2013,,-1.226869226,-0.999358833,-0.681769371,-0.693028212
NGA,2014,,-1.28350389,-1.190599918,-0.837622762,-0.587156057
NGA,2015,35.9,-1.070220828,-0.971849918,-0.866751492,-0.372613758
NGA,2016,,-1.021906614,-1.094462991,-0.9317137,-0.319362521
NGA,2017,,-1.077942014,-1.020086169,-0.901708126,-0.339918911
NGA,2018,35.1,-1.064718127,-1.097488046,-0.864204466,-0.43050319
NGA,2019,,-1.079277754,-1.184433699,-0.925423801,-0.434370816
NGA,2020,,-1.082718611,-1.115896702,-1.009439349,-0.580638468
NGA,2021,,-1.070116878,-0.995998681,-0.932637811,-0.636555552
NGA,2022,,,,,
MKD,1990,,,,,
MKD,1991,,,,,
MKD,1992,,,,,
MKD,1993,,,,,
MKD,1994,,,,,
MKD,1995,,,,,
MKD,1996,,-0.613846183,-0.640733182,-0.348028451,-0.387256861
MKD,1997,,,,,
MKD,1998,,-0.636419594,-0.724588931,-0.365546852,-0.160104439
MKD,1999,,,,,
MKD,2000,,-0.638975918,-0.83855319,-0.258749276,-0.343047291
MKD,2001,,,,,
MKD,2002,,-0.826058447,-0.571167231,-0.161741629,-0.165570721
MKD,2003,,-0.651164174,-0.411156207,-0.173230603,-2.19E-02
MKD,2004,,-0.554222405,-0.180287644,2.06E-02,-0.161177352
MKD,2005,,-0.488400877,-0.339008659,-0.232430562,-0.101468585
MKD,2006,,-0.403454512,-0.1346865,-9.36E-02,0.173717871
MKD,2007,,-0.394356847,-0.244193807,4.24E-02,0.276678592
MKD,2008,,-0.211421356,-9.60E-02,0.119425923,0.19573997
MKD,2009,42.8,-0.146806985,-0.135823324,0.194719598,0.168129861
MKD,2010,40.2,-9.30E-02,-0.187860429,0.237565532,0.114981435
MKD,2011,39.4,-0.106993712,-0.229721457,0.215584025,-3.95E-02
MKD,2012,38.1,-5.12E-02,-0.217108637,0.264106423,-2.85E-02
MKD,2013,36.2,-5.63E-02,-0.173673421,0.247319892,-5.75E-02
MKD,2014,35.2,-3.25E-02,1.65E-02,0.421686172,-0.141467974
MKD,2015,35.6,-0.238546744,1.63E-03,0.373514771,-0.181890145
MKD,2016,34.5,-0.272066146,2.12E-03,0.392085105,-0.234952182
MKD,2017,34.2,-0.301943868,1.91E-02,0.454407305,-0.138934165
MKD,2018,33,-0.367773384,8.60E-02,0.52442342,-3.33E-02
MKD,2019,33.5,-0.434369028,-9.72E-02,0.452311516,-1.85E-02
MKD,2020,,-0.471355915,6.37E-02,0.448257148,5.77E-02
MKD,2021,,-0.351957202,-8.43E-02,0.41672489,0.141489044
MKD,2022,,,,,
MNP,1990,,,,,
MNP,1991,,,,,
MNP,1992,,,,,
MNP,1993,,,,,
MNP,1994,,,,,
MNP,1995,,,,,
MNP,1996,,,,,
MNP,1997,,,,,
MNP,1998,,,,,
MNP,1999,,,,,
MNP,2000,,,,,
MNP,2001,,,,,
MNP,2002,,,,,
MNP,2003,,,,,
MNP,2004,,,,,
MNP,2005,,,,,
MNP,2006,,,,,
MNP,2007,,,,,
MNP,2008,,,,,
MNP,2009,,,,,
MNP,2010,,,,,
MNP,2011,,,,,
MNP,2012,,,,,
MNP,2013,,,,,
MNP,2014,,,,,
MNP,2015,,,,,
MNP,2016,,,,,
MNP,2017,,,,,
MNP,2018,,,,,
MNP,2019,,,,,
MNP,2020,,,,,
MNP,2021,,,,,
MNP,2022,,,,,
NOR,1990,,,,,
NOR,1991,25.2,,,,
NOR,1992,,,,,
NOR,1993,,,,,
NOR,1994,,,,,
NOR,1995,26,,,,
NOR,1996,,2.138954878,1.950875998,1.531025887,1.56270957
NOR,1997,,,,,
NOR,1998,,2.162262917,1.912079573,1.407007694,1.493818998
NOR,1999,,,,,
NOR,2000,27.4,2.123349667,1.816123009,1.107441306,1.526009202
NOR,2001,,,,,
NOR,2002,,2.114974499,1.833722353,1.220713973,1.487174869
NOR,2003,27.6,2.010966539,1.83330977,1.307568908,1.529246092
NOR,2004,31.6,1.912864566,2.058423519,1.439240694,1.70420897
NOR,2005,30.6,2.000252724,1.858618736,1.478502393,1.640593052
NOR,2006,26.4,2.123553276,1.875217915,1.220952749,1.542179823
NOR,2007,27.1,1.98258388,2.017309666,1.329770327,1.549854994
NOR,2008,27,1.891875744,1.832195163,1.372900724,1.548039079
NOR,2009,26.2,1.984983444,1.83740747,1.464951038,1.548879385
NOR,2010,25.7,2.07725215,1.873342752,1.511984587,1.595087767
NOR,2011,25.3,2.142632484,1.831497788,1.602969527,1.626358032
NOR,2012,25.7,2.247982264,1.899612188,1.539739251,1.728163242
NOR,2013,26.4,2.286827564,1.877040982,1.657411098,1.737975121
NOR,2014,26.8,2.222894669,1.822072506,1.640582204,1.684117794
NOR,2015,27.5,2.241137266,1.85963881,1.602116466,1.687934279
NOR,2016,28.5,2.19155407,1.861883521,1.69484961,1.664896011
NOR,2017,27,2.232707739,1.977334023,1.811427236,1.69440949
NOR,2018,27.6,2.086008072,1.878419638,1.789726734,1.696236134
NOR,2019,27.7,2.07048583,1.854676008,1.802645683,1.655222058
NOR,2020,,2.097700119,1.927046537,1.703167439,1.724217772
NOR,2021,,2.14091754,1.839355707,1.635414124,1.751754522
NOR,2022,,,,,
OMN,1990,,,,,
OMN,1991,,,,,
OMN,1992,,,,,
OMN,1993,,,,,
OMN,1994,,,,,
OMN,1995,,,,,
OMN,1996,,0.414642155,0.439418912,9.41E-02,-0.713683128
OMN,1997,,,,,
OMN,1998,,0.724727273,0.416656792,-5.38E-02,-0.886453092
OMN,1999,,,,,
OMN,2000,,0.766030848,0.288999677,5.72E-02,-0.755833328
OMN,2001,,,,,
OMN,2002,,0.903639674,0.348226637,0.684939325,-0.787837088
OMN,2003,,0.560884476,0.442849576,0.673514068,-0.822545171
OMN,2004,,0.657538533,0.465126842,0.646622002,-0.656644762
OMN,2005,,0.387739003,0.320283026,0.547744989,-0.919637918
OMN,2006,,0.345938504,0.30317831,0.603963792,-1.159486771
OMN,2007,,0.345133305,0.329215705,0.612982988,-1.062660694
OMN,2008,,0.506844521,0.412127197,0.696053743,-1.070742846
OMN,2009,,0.327373415,0.379322559,0.526367486,-1.074036837
OMN,2010,,0.319510162,0.372534335,0.442818642,-1.044802189
OMN,2011,,0.13220188,0.245542839,0.31984368,-1.060490608
OMN,2012,,0.175082937,0.260224998,0.466739267,-1.021669745
OMN,2013,,0.152669773,0.211261153,0.471201926,-1.03864193
OMN,2014,,0.304765224,0.263467371,0.688467622,-1.090705514
OMN,2015,,0.264559597,7.98E-02,0.570452392,-1.061446548
OMN,2016,,0.333613366,0.189830422,0.606734872,-1.054306746
OMN,2017,,0.242988527,0.190403089,0.418861449,-1.061623693
OMN,2018,,0.241789311,0.182124376,0.171316743,-1.044270277
OMN,2019,,0.448438466,0.254982084,0.290434986,-1.154274225
OMN,2020,,0.227259785,0.135548577,0.458940089,-1.144822359
OMN,2021,,8.63E-02,-0.118082352,0.329793662,-1.192988396
OMN,2022,,,,,
PAK,1990,33.2,,,,
PAK,1991,,,,,
PAK,1992,,,,,
PAK,1993,,,,,
PAK,1994,,,,,
PAK,1995,,,,,
PAK,1996,28.7,-1.220030427,-0.624154627,-0.510079205,-0.596835911
PAK,1997,,,,,
PAK,1998,33.1,-1.080915213,-0.490328997,-0.648276091,-0.54471904
PAK,1999,,,,,
PAK,2000,,-0.894909561,-0.492341906,-0.766920447,-1.220253587
PAK,2001,28.7,,,,
PAK,2002,,-0.955985904,-0.549481332,-0.877513707,-1.109006166
PAK,2003,,-0.804457188,-0.584134698,-0.827369988,-1.170764208
PAK,2004,30.9,-1.178812027,-0.540335596,-1.049112082,-1.142131209
PAK,2005,31.3,-1.062045574,-0.454609096,-0.641119778,-0.976286173
PAK,2006,,-0.818344295,-0.380625218,-0.479762465,-0.886475444
PAK,2007,29.7,-0.818873346,-0.480452627,-0.537263751,-0.949874163
PAK,2008,,-0.899149179,-0.731442809,-0.599021852,-0.838403463
PAK,2009,,-1.075625777,-0.807771325,-0.584045112,-0.855763972
PAK,2010,28.8,-1.089610696,-0.770817995,-0.613358259,-0.798651278
PAK,2011,29.7,-1.083392024,-0.829370141,-0.647816777,-0.829199433
PAK,2012,,-1.068792224,-0.778008282,-0.722233474,-0.843582153
PAK,2013,29.5,-0.962642074,-0.792022288,-0.70500499,-0.799480617
PAK,2014,,-0.838965237,-0.757806361,-0.688540936,-0.716015041
PAK,2015,31.3,-0.806425869,-0.667266607,-0.629328847,-0.722057998
PAK,2016,,-0.872386277,-0.654021263,-0.648122251,-0.699399233
PAK,2017,,-0.777308524,-0.597104788,-0.596368492,-0.693399787
PAK,2018,29.6,-0.777166605,-0.63135314,-0.641257346,-0.819087029
PAK,2019,,-0.857092738,-0.680663824,-0.659801245,-0.862769306
PAK,2020,,-0.832873285,-0.540501833,-0.732577682,-0.877368927
PAK,2021,,-0.785676658,-0.402694643,-0.731606901,-0.840511322
PAK,2022,,,,,
PLW,1990,,,,,
PLW,1991,,,,,
PLW,1992,,,,,
PLW,1993,,,,,
PLW,1994,,,,,
PLW,1995,,,,,
PLW,1996,,,,,1.098291993
PLW,1997,,,,,
PLW,1998,,,,,1.114418864
PLW,1999,,,,,
PLW,2000,,,,,1.117948532
PLW,2001,,,,,
PLW,2002,,,,,1.092975616
PLW,2003,,,,,1.224354982
PLW,2004,,,,,1.195130348
PLW,2005,,,,,1.19432354
PLW,2006,,,,,1.191498041
PLW,2007,,,,,1.186718225
PLW,2008,,-0.328292847,-0.606521606,-0.697195232,1.217000008
PLW,2009,,-0.399734557,-0.551203966,-0.825186074,1.208628297
PLW,2010,,-0.502526104,-0.854407668,-0.873330295,1.192970753
PLW,2011,,-0.536440134,-0.583160341,-0.897295654,1.206217885
PLW,2012,,-0.433817923,-0.557996273,-0.994980633,1.205604196
PLW,2013,,-0.649806023,-0.578923523,-0.991693199,1.20579803
PLW,2014,,-0.478502005,-0.568764806,-0.820562959,1.176796913
PLW,2015,,-0.530125439,-0.536794186,-0.809503198,1.200890779
PLW,2016,,-0.434362471,-0.401865363,-0.18164885,1.2133919
PLW,2017,,-0.477816433,-0.231101722,-0.599612236,1.211721182
PLW,2018,,-0.558374107,-1.61E-02,-5.93E-02,1.112800717
PLW,2019,,-0.453386813,-4.91E-02,-9.68E-03,1.065416217
PLW,2020,,-0.467435479,-5.25E-02,5.82E-02,1.082240701
PLW,2021,,-0.428823858,-0.277704775,0.192748547,1.058620572
PLW,2022,,,,,
PAN,1990,,,,,
PAN,1991,58.2,,,,
PAN,1992,,,,,
PAN,1993,,,,,
PAN,1994,,,,,
PAN,1995,57.8,,,,
PAN,1996,,-0.201105654,0.223578513,0.645566702,0.130637661
PAN,1997,58.2,,,,
PAN,1998,57.5,-0.139865473,0.359814346,0.821039259,0.511523187
PAN,1999,56.5,,,,
PAN,2000,56.6,-0.319528043,0.228873283,0.605035841,0.631228447
PAN,2001,56.7,,,,
PAN,2002,56.1,-0.335230827,-2.81E-02,0.520487428,0.619423807
PAN,2003,55.7,-0.395565361,-0.111934684,0.337754071,0.484826952
PAN,2004,54.8,-0.300811678,-8.63E-02,0.259365588,0.516072214
PAN,2005,53.8,-0.390578359,7.13E-02,0.159857556,0.443538368
PAN,2006,54.6,-0.363584548,6.75E-02,0.313156545,0.601521611
PAN,2007,52.7,-0.339885622,0.134793907,0.396069229,0.621265113
PAN,2008,52.7,-0.101286359,0.122898214,0.705149293,0.600690961
PAN,2009,51.8,-0.327103823,0.106149197,0.396906674,0.591262817
PAN,2010,51.6,-0.358153433,0.134806827,0.472236633,0.537198603
PAN,2011,51.3,-0.354332805,0.134334534,0.534382701,0.534638524
PAN,2012,51.7,-0.395119667,0.326495528,0.468524963,0.469416946
PAN,2013,51.5,-0.380920947,0.324755341,0.447597444,0.424271792
PAN,2014,50.5,-0.36968109,0.281083971,0.476986915,0.505647838
PAN,2015,50.8,-0.409979105,0.311004341,0.460751683,0.558526039
PAN,2016,50.4,-0.551290393,0.186069354,0.477356136,0.524012268
PAN,2017,49.9,-0.591011941,5.77E-02,0.4370372,0.519496799
PAN,2018,49.2,-0.588354707,4.20E-02,0.395284534,0.549155474
PAN,2019,49.8,-0.623118281,0.130315572,0.392861158,0.600345254
PAN,2020,,-0.562733948,0.197498485,0.334789246,0.57762748
PAN,2021,50.9,-0.570509851,0.159396783,0.192629814,0.549772561
PAN,2022,,,,,
PNG,1990,,,,,
PNG,1991,,,,,
PNG,1992,,,,,
PNG,1993,,,,,
PNG,1994,,,,,
PNG,1995,,,,,
PNG,1996,45.8,-0.433467239,-0.340196431,-0.425952554,7.82E-02
PNG,1997,,,,,
PNG,1998,,-0.698877692,-0.476207078,-0.396506131,7.51E-02
PNG,1999,,,,,
PNG,2000,,-0.786500871,-0.360874891,-0.330610305,-6.40E-02
PNG,2001,,,,,
PNG,2002,,-0.947748065,-0.495324761,-0.600399971,-0.160774857
PNG,2003,,-0.813447833,-0.522960186,-0.644967973,-0.207606077
PNG,2004,,-0.995903432,-0.680194259,-0.804753959,-0.423719347
PNG,2005,,-1.151023388,-0.886644959,-0.993771374,-0.306904882
PNG,2006,,-1.139937162,-0.760499716,-0.767391503,1.23E-02
PNG,2007,,-1.118341684,-0.655509472,-0.60658735,6.62E-02
PNG,2008,,-1.17647028,-0.700601876,-0.689178407,1.03E-02
PNG,2009,41.9,-1.242565989,-0.751196206,-0.578488111,-1.05E-02
PNG,2010,,-1.039379001,-0.730973542,-0.569594562,-3.05E-02
PNG,2011,,-1.0335747,-0.716890812,-0.527206063,-3.88E-02
PNG,2012,,-0.938103914,-0.74063623,-0.524210632,-5.91E-02
PNG,2013,,-0.959146857,-0.661370575,-0.522182047,-4.46E-03
PNG,2014,,-0.909913182,-0.614890456,-0.354396224,1.25E-02
PNG,2015,,-0.927550018,-0.604418278,-0.556469917,4.48E-02
PNG,2016,,-0.924967051,-0.740352571,-0.564895749,0.158445418
PNG,2017,,-0.894592583,-0.664572179,-0.658654153,0.132894218
PNG,2018,,-0.856745481,-0.670348823,-0.533660233,5.68E-02
PNG,2019,,-0.991500795,-0.810321033,-0.543843091,9.34E-02
PNG,2020,,-0.580902517,-0.843611121,-0.687369943,3.00E-02
PNG,2021,,-0.755582631,-0.887458801,-0.83468616,2.30E-02
PNG,2022,,,,,
PRY,1990,40.8,,,,
PRY,1991,,,,,
PRY,1992,,,,,
PRY,1993,,,,,
PRY,1994,,,,,
PRY,1995,58.2,,,,
PRY,1996,,-1.166014671,-0.90946728,-0.49286136,-0.122391537
PRY,1997,54.9,,,,
PRY,1998,,-1.326429367,-1.055107117,-0.545779109,-0.251117051
PRY,1999,54.6,,,,
PRY,2000,,-1.373702288,-1.039068699,-0.724985361,-0.506525874
PRY,2001,54.6,,,,
PRY,2002,57.3,-1.365068436,-1.113798499,-0.583924294,-0.456348479
PRY,2003,54.9,-1.436838865,-1.005551696,-0.761302412,-0.400354266
PRY,2004,52.3,-1.426462889,-0.97354579,-0.7526384,-0.47459361
PRY,2005,51.4,-1.355833054,-0.784747362,-0.864246666,-0.395821035
PRY,2006,53,-1.16153121,-0.973575294,-0.702513158,-0.25690937
PRY,2007,53,-1.211035728,-0.864798069,-0.583475471,-0.164958507
PRY,2008,50.7,-0.979693532,-0.88543433,-0.49169004,-0.115736693
PRY,2009,49.1,-0.788950503,-0.916107237,-0.409247994,-0.134577692
PRY,2010,51,-0.707593381,-0.923881888,-0.361598462,-7.89E-02
PRY,2011,52.3,-0.695635736,-0.861026406,-0.32660228,-8.33E-02
PRY,2012,47.6,-0.850602806,-0.908871949,-0.261282653,-0.113736905
PRY,2013,47.9,-1.04777801,-0.888060868,-0.24729614,-0.104938999
PRY,2014,50.7,-1.010692,-0.947512805,-0.205342337,-0.102827892
PRY,2015,47.6,-0.998630822,-0.977565348,-0.188118786,-6.99E-02
PRY,2016,47.9,-0.742890298,-0.800617397,-0.219886422,-6.31E-02
PRY,2017,48.5,-0.73010546,-0.824384332,-0.233266383,-4.37E-02
PRY,2018,46,-0.850952446,-0.585093081,-7.73E-02,2.44E-02
PRY,2019,45.7,-0.875117302,-0.55618608,-0.123482503,5.37E-02
PRY,2020,43.5,-0.838050485,-0.538141966,-0.125313103,4.86E-02
PRY,2021,42.9,-1.007155418,-0.622933626,-0.207687929,9.05E-03
PRY,2022,45.1,,,,
PER,1990,,,,,
PER,1991,,,,,
PER,1992,,,,,
PER,1993,,,,,
PER,1994,,,,,
PER,1995,,,,,
PER,1996,,-0.398885548,3.41E-02,0.494783908,-0.52950269
PER,1997,53.3,,,,
PER,1998,55.1,-0.433163524,7.21E-02,0.571234643,-0.638316989
PER,1999,54.8,,,,
PER,2000,49.1,-0.404046178,-0.183523014,0.331481695,-0.370226055
PER,2001,51.3,,,,
PER,2002,53.6,-0.30640474,-0.391418874,-3.98E-02,0.222937241
PER,2003,53.1,-0.154854536,-0.586898267,0.114225753,7.86E-02
PER,2004,49.9,-0.429986924,-0.652994692,0.204360604,-0.134529516
PER,2005,50.5,-0.367371053,-0.702019036,7.08E-03,-1.38E-02
PER,2006,50.3,-0.221562147,-0.764512181,7.48E-02,9.19E-02
PER,2007,50,-0.272556156,-0.632966876,0.238475114,0.10835699
PER,2008,47.5,-0.206874341,-0.43431294,0.320967674,0.152134746
PER,2009,47,-0.332539886,-0.492372304,0.36664179,8.35E-02
PER,2010,45.5,-0.253887415,-0.239865243,0.392820895,0.111124784
PER,2011,44.7,-0.243967727,-0.206811696,0.404832929,0.131239608
PER,2012,44.4,-0.404069632,-0.187986538,0.436642319,0.114262931
PER,2013,43.9,-0.460638314,-0.150920063,0.406301677,8.48E-02
PER,2014,43.1,-0.599589348,-0.326760858,0.47424823,0.192534193
PER,2015,43.4,-0.580630243,-0.337474614,0.452517569,0.227381259
PER,2016,43.6,-0.407064289,-0.226764232,0.478016019,0.268992603
PER,2017,43.3,-0.539692044,-0.17642726,0.363177478,0.274450123
PER,2018,42.4,-0.576467693,-0.298173666,0.453319073,0.207507238
PER,2019,41.6,-0.488679647,-9.75E-02,0.53190726,0.266258627
PER,2020,43.8,-0.503286481,-0.263935298,0.485563755,0.249568805
PER,2021,40.2,-0.63322556,-0.26079309,8.26E-02,0.181608662
PER,2022,,,,,
PHL,1990,,,,,
PHL,1991,,,,,
PHL,1992,,,,,
PHL,1993,,,,,
PHL,1994,,,,,
PHL,1995,,,,,
PHL,1996,,-0.358871847,-0.313254148,1.56E-02,0.257727921
PHL,1997,,,,,
PHL,1998,,-0.38195014,-3.69E-02,0.2409807,0.419711262
PHL,1999,,,,,
PHL,2000,47.7,-0.527593672,-0.204128161,2.45E-02,0.232365355
PHL,2001,,,,,
PHL,2002,,-0.538531899,-0.178975061,-0.157630756,0.164603293
PHL,2003,46.6,-0.635371625,-0.139936328,-0.109684803,0.153800815
PHL,2004,,-0.707702458,-0.215481788,-0.369468063,2.56E-02
PHL,2005,,-0.662843585,-9.25E-03,-0.215828404,-7.26E-03
PHL,2006,47.2,-0.889426827,-0.129371062,-0.19207485,-9.11E-02
PHL,2007,,-0.778005183,0.120840609,-0.126927033,-0.110541515
PHL,2008,,-0.778095126,6.29E-02,-7.91E-02,-0.138752609
PHL,2009,46.3,-0.78673923,3.45E-02,-0.112535633,-2.77E-02
PHL,2010,,-0.781123996,7.80E-02,-0.215251356,-3.90E-02
PHL,2011,,-0.685034811,0.198170111,-0.1609696,-1.99E-02
PHL,2012,46.5,-0.573895454,0.211598411,4.05E-02,-2.97E-02
PHL,2013,,-0.37990436,0.21185942,2.31E-02,6.35E-03
PHL,2014,,-0.439453065,0.324305803,7.73E-02,0.159282863
PHL,2015,44.6,-0.456914037,0.195475072,7.08E-02,0.147082418
PHL,2016,,-0.496135116,5.52E-02,0.122843675,0.163444191
PHL,2017,,-0.484400183,-5.22E-04,0.140730426,8.42E-02
PHL,2018,42.3,-0.554191113,9.76E-02,4.08E-02,1.36E-02
PHL,2019,,-0.585154712,9.30E-02,0.114578158,6.51E-03
PHL,2020,,-0.488711298,9.95E-02,0.127725735,-0.104530483
PHL,2021,40.7,-0.508519769,7.03E-02,7.65E-02,-0.150498301
PHL,2022,,,,,
POL,1990,,,,,
POL,1991,,,,,
POL,1992,,,,,
POL,1993,,,,,
POL,1994,,,,,
POL,1995,,,,,
POL,1996,,0.707913816,0.681182623,0.724792421,1.042701244
POL,1997,,,,,
POL,1998,,0.788555205,0.624520898,0.616440833,1.087616324
POL,1999,,,,,
POL,2000,,0.695001423,0.568725228,0.704200506,1.075671673
POL,2001,,,,,
POL,2002,,0.381513625,0.45492664,0.650061429,1.087819576
POL,2003,,0.401545793,0.512918115,0.694821358,1.012596726
POL,2004,38,0.106035829,0.441544533,0.75869143,1.016627669
POL,2005,35.8,0.247518659,0.454148412,0.812517762,0.944372296
POL,2006,34.7,0.25655055,0.337945521,0.701598585,0.803532481
POL,2007,34,0.283813983,0.358019769,0.768656671,0.879502356
POL,2008,33.5,0.452767491,0.462185711,0.844261587,0.953482151
POL,2009,33.4,0.43509984,0.516206503,0.976622403,1.026872396
POL,2010,33.2,0.513736725,0.630389631,1.023158789,1.037611127
POL,2011,33.2,0.562475681,0.596281648,0.958582044,1.027627707
POL,2012,33,0.659753621,0.656751573,0.996395767,1.064275742
POL,2013,33.1,0.645880938,0.658575594,1.05261457,0.998138905
POL,2014,32.8,0.682209432,0.768318057,1.063315392,1.105138183
POL,2015,31.8,0.726477802,0.76821363,0.965730309,1.039753795
POL,2016,31.2,0.791953325,0.684963107,0.914959908,0.844191015
POL,2017,29.7,0.730618954,0.58264631,0.815237224,0.775978327
POL,2018,30.2,0.651599288,0.579374313,0.882684767,0.700737834
POL,2019,28.8,0.638833582,0.543930948,1.021948099,0.673151612
POL,2020,,0.645016313,0.359848201,0.861159921,0.61814481
POL,2021,,0.572010398,0.292776763,0.840023577,0.587244511
POL,2022,,,,,
PRT,1990,,,,,
PRT,1991,,,,,
PRT,1992,,,,,
PRT,1993,,,,,
PRT,1994,,,,,
PRT,1995,,,,,
PRT,1996,,1.371544838,1.27418983,1.219081879,1.497632861
PRT,1997,,,,,
PRT,1998,,1.252704144,1.111658931,1.085837483,1.434567332
PRT,1999,,,,,
PRT,2000,,1.148266554,0.97235024,0.919032693,1.357868314
PRT,2001,,,,,
PRT,2002,,1.218020082,1.152351022,1.247205257,1.304545403
PRT,2003,38.8,1.119102359,1.106329918,1.222377777,1.409579992
PRT,2004,38.9,1.125666976,1.043895841,1.187247157,1.464911222
PRT,2005,38.5,1.061878324,1.050786376,1.279269099,1.430305123
PRT,2006,38.1,1.00923574,0.867318451,1.064929008,1.232661724
PRT,2007,36.8,1.028802752,0.894103169,1.081407785,1.231420636
PRT,2008,36.6,1.059230208,1.076926589,1.100550771,1.201863885
PRT,2009,34.9,1.085582972,1.15200603,0.98944813,1.128242373
PRT,2010,35.8,1.062663555,0.981262088,0.717936516,1.107203007
PRT,2011,36.3,1.081251621,0.921028733,0.62163049,1.107910514
PRT,2012,36,0.955447733,1.001620054,0.821372986,1.028528333
PRT,2013,36.2,0.912236094,1.194558501,0.798301339,1.066934705
PRT,2014,35.6,0.909682035,0.983859718,0.745933354,1.107471108
PRT,2015,35.5,0.925335169,1.185522318,0.952535808,1.128696084
PRT,2016,35.2,0.892202318,1.17856288,0.840800703,1.157668114
PRT,2017,33.8,0.854094982,1.325972795,0.90679121,1.19820416
PRT,2018,33.5,0.835465908,1.212995291,0.883467257,1.167716622
PRT,2019,32.8,0.774474919,1.162806749,0.967999637,1.19642508
PRT,2020,34.7,0.747629642,1.015471339,0.834571183,1.259652376
PRT,2021,,0.768555641,0.99130863,0.736070037,1.2580446
PRT,2022,,,,,
PRI,1990,,,,,
PRI,1991,,,,,
PRI,1992,,,,,
PRI,1993,,,,,
PRI,1994,,,,,
PRI,1995,,,,,
PRI,1996,,0.421651006,1.157665968,1.266439795,1.100432992
PRI,1997,,,,,
PRI,1998,,0.431974202,1.15295279,1.245862126,1.127611399
PRI,1999,,,,,
PRI,2000,,0.861537576,1.126598597,1.223143578,1.112326622
PRI,2001,,,,,
PRI,2002,,1.310743809,1.101166725,1.18108356,1.01157546
PRI,2003,,1.33278954,1.091144085,1.170784235,0.963035405
PRI,2004,,1.259595275,0.959802449,0.859443843,0.871200383
PRI,2005,,1.269663095,1.021532297,1.111617446,0.976367772
PRI,2006,,0.506991565,0.579065323,1.102531433,1.140376568
PRI,2007,,0.405738354,0.549214602,0.998032272,1.122001171
PRI,2008,,0.407875597,0.593608081,1.022703767,1.150025129
PRI,2009,,0.483497262,0.363295883,0.887313962,0.857001901
PRI,2010,,0.472344607,0.322824806,0.855329275,0.838140786
PRI,2011,,0.431618601,0.333856851,0.854432464,0.719682574
PRI,2012,,0.533097982,0.397003591,0.914866805,0.685145795
PRI,2013,,0.466359109,0.356445432,0.847472012,0.680240393
PRI,2014,,0.456755251,0.360622436,0.890397012,0.776729643
PRI,2015,,8.15E-02,0.35655874,0.981449068,0.40373522
PRI,2016,,2.90E-02,0.3929331,0.946309626,0.410313666
PRI,2017,,0.133287415,-0.10225711,0.867936432,0.492235005
PRI,2018,,3.58E-02,-0.160520196,0.94435674,0.463289589
PRI,2019,,9.21E-03,-0.167731956,0.730115235,0.469737321
PRI,2020,,1.23E-02,-0.265082747,0.794554949,0.498710454
PRI,2021,,0.400498539,-0.264452815,0.831699371,0.50843513
PRI,2022,,,,,
QAT,1990,,,,,
QAT,1991,,,,,
QAT,1992,,,,,
QAT,1993,,,,,
QAT,1994,,,,,
QAT,1995,,,,,
QAT,1996,,-4.56E-02,0.556376994,0.165954933,-0.710006773
QAT,1997,,,,,
QAT,1998,,0.474642664,0.430778682,4.82E-02,-0.776588619
QAT,1999,,,,,
QAT,2000,,0.506152809,0.420466751,-2.09E-02,-0.651787341
QAT,2001,,,,,
QAT,2002,,0.658825338,0.450908303,0.26886192,-0.695015848
QAT,2003,,0.507493377,0.442849576,0.193475112,-0.687298894
QAT,2004,,0.504270613,0.509284139,0.157274693,-0.429903537
QAT,2005,,0.70509094,0.398032546,0.260314733,-0.513849497
QAT,2006,,0.92312324,0.571230173,0.307922423,-0.865734756
QAT,2007,,0.670674503,0.437972337,0.398662835,-1.040322661
QAT,2008,,0.93235904,0.593609273,0.645742595,-1.020598412
QAT,2009,,1.55867815,0.961149216,0.682819784,-1.003494263
QAT,2010,,1.400047421,0.839780927,0.596593678,-1.012137175
QAT,2011,,1.001109838,0.748206079,0.496541798,-1.084917188
QAT,2012,,1.053043008,0.930580139,0.795837998,-0.921773374
QAT,2013,,1.103670835,1.052301526,0.741280317,-0.978366435
QAT,2014,,0.983825207,0.94070065,0.569621563,-1.133430839
QAT,2015,,0.887969553,0.951725841,0.674460411,-1.144763827
QAT,2016,,0.895162702,0.731654823,0.692261636,-1.151015162
QAT,2017,,0.729398549,0.736953318,0.416310757,-1.176434398
QAT,2018,,0.720703483,0.62567234,0.596800387,-1.210579276
QAT,2019,,0.845478773,0.699964762,0.677464724,-1.307860017
QAT,2020,,0.780476272,0.900529683,0.852749884,-1.287953496
QAT,2021,,0.806125164,1.113643289,0.863454759,-1.174909353
QAT,2022,,,,,
ROU,1990,,,,,
ROU,1991,,,,,
ROU,1992,,,,,
ROU,1993,,,,,
ROU,1994,,,,,
ROU,1995,,,,,
ROU,1996,,-0.446042687,-0.286933869,2.61E-02,0.286023378
ROU,1997,,,,,
ROU,1998,,-0.649806619,-0.526742637,0.211220115,0.389990568
ROU,1999,,,,,
ROU,2000,,-0.51061976,-0.26215899,-0.104750372,0.469307065
ROU,2001,,,,,
ROU,2002,,-0.440713197,-0.196587816,4.57E-02,0.386146128
ROU,2003,,-0.410669893,-0.289749026,-5.19E-02,0.299218923
ROU,2004,,-0.322501838,-0.18037343,0.180780634,0.367766201
ROU,2005,,-0.260543019,-0.295782208,0.242886126,0.408908844
ROU,2006,39.6,-0.20915851,-0.194396049,0.441958904,0.517973423
ROU,2007,37.5,-0.23033078,-0.358686417,0.506391943,0.498997658
ROU,2008,36.4,-0.186216146,-0.366409987,0.597521305,0.514151156
ROU,2009,35.6,-0.309800476,-0.371620506,0.617714942,0.464297265
ROU,2010,35.5,-0.352394611,-0.116975188,0.67256701,0.432130426
ROU,2011,35.9,-0.333498508,-0.199979275,0.687459826,0.376137167
ROU,2012,36.5,-0.381443471,-0.171900973,0.564533114,0.318529606
ROU,2013,36.9,-0.300762177,0.136252075,0.634414732,0.311523497
ROU,2014,36,-0.223876476,0.22602801,0.600805342,0.428146094
ROU,2015,35.9,-0.143834993,0.1281012,0.581416547,0.48615095
ROU,2016,34.4,-0.152447969,-4.02E-02,0.575496197,0.540918291
ROU,2017,36,-0.115164489,-5.84E-02,0.445294321,0.598597825
ROU,2018,35.8,-0.202447131,-0.147446275,0.417061269,0.52432394
ROU,2019,34.8,-0.213289559,-0.186415792,0.459240168,0.516311109
ROU,2020,34.6,-7.49E-02,-0.257351339,0.360423952,0.588041067
ROU,2021,,-3.79E-02,-0.129637852,0.30902037,0.602024496
ROU,2022,,,,,
RUS,1990,,,,,
RUS,1991,,,,,
RUS,1992,,,,,
RUS,1993,,,,,
RUS,1994,,,,,
RUS,1995,,,,,
RUS,1996,,-1.053341627,-0.452226609,-0.430167496,-0.219651893
RUS,1997,38.4,,,,
RUS,1998,38.1,-0.954373538,-0.662553489,-0.507687986,-0.406413347
RUS,1999,37.4,,,,
RUS,2000,37.1,-0.943414032,-0.673456252,-0.522596776,-0.346270353
RUS,2001,36.9,,,,
RUS,2002,37.3,-0.95484823,-0.376179725,-0.237842888,-0.444490075
RUS,2003,40,-0.783091724,-0.495257616,-0.148958758,-0.535602868
RUS,2004,40.3,-0.825626493,-0.479853064,-0.100426845,-0.571611404
RUS,2005,41.3,-0.847120821,-0.52384764,-0.124243185,-0.651503563
RUS,2006,41,-0.940847754,-0.466379404,-0.388349891,-0.920553744
RUS,2007,42.3,-1.017580867,-0.406899631,-0.255605638,-0.916404009
RUS,2008,41.6,-1.125228643,-0.410940289,-0.349167258,-0.870993555
RUS,2009,39.8,-1.141306877,-0.495853245,-0.288328469,-0.899923682
RUS,2010,39.5,-1.099214792,-0.601510108,-0.310507625,-0.889000535
RUS,2011,39.7,-1.074376822,-0.601379693,-0.311618179,-0.883593857
RUS,2012,40.7,-1.051571608,-0.533574045,-0.346864879,-0.978818178
RUS,2013,40.9,-1.020386815,-0.449865073,-0.357476294,-1.022177219
RUS,2014,39.9,-0.918525219,-0.187570468,-0.402516544,-1.044404387
RUS,2015,37.7,-0.952242792,-0.294513345,-0.559952319,-1.087740898
RUS,2016,36.8,-0.817593098,-0.285805225,-0.432721496,-1.131660104
RUS,2017,37.2,-0.893895388,-0.152871698,-0.510121763,-1.089830875
RUS,2018,37.5,-0.848470867,-6.47E-02,-0.548351645,-1.074532151
RUS,2019,37.7,-0.802163482,6.53E-02,-0.464095473,-1.117777824
RUS,2020,36,-0.909426033,-7.77E-02,-0.468022496,-1.072311997
RUS,2021,,-0.900473714,-0.176100716,-0.529822111,-1.1018852
RUS,2022,,,,,
RWA,1990,,,,,
RWA,1991,,,,,
RWA,1992,,,,,
RWA,1993,,,,,
RWA,1994,,,,,
RWA,1995,,,,,
RWA,1996,,-0.745139956,-1.149679661,-1.340930462,-1.579203486
RWA,1997,,,,,
RWA,1998,,-0.72986114,-1.100677967,-1.354542613,-1.411473036
RWA,1999,,,,,
RWA,2000,48.5,-0.73360455,-1.15839386,-1.364360213,-1.566323996
RWA,2001,,,,,
RWA,2002,,-0.716065526,-1.212695479,-0.945764959,-1.508477807
RWA,2003,,-0.588587761,-1.079400539,-0.860016048,-1.306903243
RWA,2004,,-0.412591547,-0.718647003,-0.680962741,-1.349340796
RWA,2005,52,-0.629166365,-0.917753577,-1.00175786,-1.194444418
RWA,2006,,-0.20552519,-0.38261193,-0.685272574,-1.222134471
RWA,2007,,7.07E-03,-0.239745662,-0.691658378,-1.246035695
RWA,2008,,0.108792886,-0.216527954,-0.532337666,-1.311892033
RWA,2009,,0.108438961,-0.276193976,-0.335741609,-1.292025685
RWA,2010,47.2,0.365169644,-0.153241441,-0.239782363,-1.327171206
RWA,2011,,0.362672299,-1.40E-02,-0.18134591,-1.328789353
RWA,2012,,0.559880137,-9.23E-02,-0.12608774,-1.277656555
RWA,2013,45.1,0.625127435,-1.84E-02,-3.02E-02,-1.21110332
RWA,2014,,0.77630049,-4.88E-02,0.185563326,-1.112191081
RWA,2015,,0.615097165,-0.107887827,0.163695201,-1.135478735
RWA,2016,43.7,0.635859013,4.69E-02,2.19E-02,-1.154162645
RWA,2017,,0.631560087,0.209884405,9.77E-02,-1.120503902
RWA,2018,,0.564932406,0.117395237,4.71E-02,-1.145605326
RWA,2019,,0.549180388,0.128713325,1.36E-03,-1.097797632
RWA,2020,,0.553834915,0.308448911,1.27E-02,-1.091863036
RWA,2021,,0.599220455,0.26119262,7.10E-02,-0.955402255
RWA,2022,,,,,
WSM,1990,,,,,
WSM,1991,,,,,
WSM,1992,,,,,
WSM,1993,,,,,
WSM,1994,,,,,
WSM,1995,,,,,
WSM,1996,,-2.66E-02,0.388550758,3.03E-02,0.736145616
WSM,1997,,,,,
WSM,1998,,-1.94E-02,0.401742518,4.19E-02,0.674378455
WSM,1999,,,,,
WSM,2000,,-4.22E-02,0.364934474,2.32E-02,0.796699822
WSM,2001,,,,,
WSM,2002,40.7,-7.09E-02,0.3014974,-2.58E-02,0.758520305
WSM,2003,,-0.10321895,0.319204599,-4.87E-02,0.753192306
WSM,2004,,-0.238485977,-2.85E-02,-8.97E-03,0.683035672
WSM,2005,,0.218686625,0.504707277,-5.05E-02,0.637201309
WSM,2006,,0.304151416,0.378777355,-4.49E-02,0.637410522
WSM,2007,,0.302983135,0.260539293,-8.27E-02,0.608309805
WSM,2008,42,0.259912491,0.205781326,-0.303847909,0.575985312
WSM,2009,,0.153789654,5.88E-02,-0.241460204,0.539696217
WSM,2010,,0.169478163,1.17E-03,-0.26935181,0.434222996
WSM,2011,,0.12943545,5.50E-02,-0.323420256,0.402175754
WSM,2012,,0.141266376,2.37E-02,-0.355457723,0.349973142
WSM,2013,38.7,0.180733934,6.62E-02,-0.272673458,0.40244168
WSM,2014,,0.358953506,0.584227979,-0.207312658,0.665051103
WSM,2015,,0.32909596,0.635636926,-7.24E-02,0.735848963
WSM,2016,,0.336210698,0.672427833,-0.119980812,0.77436769
WSM,2017,,0.687652111,0.721671581,-6.39E-02,0.776517391
WSM,2018,,0.674594045,0.674102724,-8.33E-02,0.77217108
WSM,2019,,0.681556225,0.504421651,-0.205718592,0.778777361
WSM,2020,,0.74394232,0.652662158,-0.154582724,0.816476583
WSM,2021,,0.625925839,0.443131149,-0.16680935,0.726149738
WSM,2022,,,,,
SMR,1990,,,,,
SMR,1991,,,,,
SMR,1992,,,,,
SMR,1993,,,,,
SMR,1994,,,,,
SMR,1995,,,,,
SMR,1996,,,,,1.286168933
SMR,1997,,,,,
SMR,1998,,,,,1.304194093
SMR,1999,,,,,
SMR,2000,,,,,1.320832491
SMR,2001,,,,,
SMR,2002,,,,,1.237039447
SMR,2003,,,,,1.200979352
SMR,2004,,,,,1.172118306
SMR,2005,,,,,1.170144558
SMR,2006,,,,,1.164476037
SMR,2007,,,,,1.158912063
SMR,2008,,,,,1.188147068
SMR,2009,,,,,1.182586432
SMR,2010,,,,,1.165892363
SMR,2011,,,,,1.196963787
SMR,2012,,,,,1.205604196
SMR,2013,,,,,1.19639349
SMR,2014,,,,,1.165825248
SMR,2015,,,,,1.189867735
SMR,2016,,,,,1.191460133
SMR,2017,,,,,1.189860106
SMR,2018,,,,,1.112800717
SMR,2019,,,,,1.163753986
SMR,2020,,,,,1.124210835
SMR,2021,,,,,1.098436952
SMR,2022,,,,,
STP,1990,,,,,
STP,1991,,,,,
STP,1992,,,,,
STP,1993,,,,,
STP,1994,,,,,
STP,1995,,,,,
STP,1996,,0.401667178,-0.380564451,-0.651714683,0.325054944
STP,1997,,,,,
STP,1998,,0.401505977,-0.349467725,-0.644843221,0.514014363
STP,1999,,,,,
STP,2000,32.1,0.34606427,-0.396729678,-0.664511323,0.477989197
STP,2001,,,,,
STP,2002,,0.237328082,-0.498171955,-0.267191708,0.555894732
STP,2003,,-0.109425098,-0.452734947,-0.536516249,0.244709224
STP,2004,,-0.463267118,-0.710761964,-0.928992569,0.10961426
STP,2005,,-0.541059792,-0.71800822,-0.91509521,6.17E-02
STP,2006,,-0.274057031,-0.837274373,-0.681605339,0.272127599
STP,2007,,-0.288336992,-0.753269613,-0.817054868,0.1911356
STP,2008,,-0.293066412,-0.736262798,-0.739144027,0.184755787
STP,2009,,-0.184565529,-0.76072216,-0.774942636,0.156031415
STP,2010,30.8,-0.237911433,-0.861419261,-0.854655921,0.123737596
STP,2011,,-0.182666853,-0.75251019,-0.749479055,0.248113558
STP,2012,,-0.172321394,-0.736349225,-0.798958182,0.180133849
STP,2013,,-0.17133531,-0.764673293,-0.807314754,0.135057092
STP,2014,,1.33E-02,-0.86949122,-0.833610535,0.321623474
STP,2015,,-4.20E-02,-0.816462517,-0.817176878,0.280199856
STP,2016,,-5.71E-02,-0.744742393,-0.86047405,0.36150983
STP,2017,40.7,0.18001163,-0.814973295,-0.877488613,0.298386067
STP,2018,,0.181794435,-0.756703734,-0.890949309,0.132230133
STP,2019,,0.160535991,-0.730839312,-0.949943542,0.370800614
STP,2020,,0.144833297,-0.691931129,-0.956708252,0.372656345
STP,2021,,0.257983625,-0.734239638,-0.929857135,0.349041045
STP,2022,,,,,
SAU,1990,,,,,
SAU,1991,,,,,
SAU,1992,,,,,
SAU,1993,,,,,
SAU,1994,,,,,
SAU,1995,,,,,
SAU,1996,,-0.163303331,-0.183629289,-0.308262527,-1.499028325
SAU,1997,,,,,
SAU,1998,,-0.263509095,-0.219085738,-0.28582713,-1.617568731
SAU,1999,,,,,
SAU,2000,,-0.195145682,-0.229407847,-0.12271224,-1.602675796
SAU,2001,,,,,
SAU,2002,,0.182221666,-0.337844789,-7.33E-02,-1.702851176
SAU,2003,,-0.167679191,-0.354694009,8.08E-02,-1.644270658
SAU,2004,,-0.297835916,-0.373227358,4.20E-02,-1.323740363
SAU,2005,,-0.103524342,-0.38093847,0.110850625,-1.536319256
SAU,2006,,-0.195399955,-0.180731818,-4.62E-02,-1.781469107
SAU,2007,,-0.169473514,-0.125066921,1.71E-02,-1.705146909
SAU,2008,,-1.47E-02,-9.54E-02,0.120269671,-1.729973555
SAU,2009,,-2.06E-02,-0.101208657,0.159869671,-1.822262764
SAU,2010,,3.70E-02,-1.22E-02,0.15966104,-1.788062692
SAU,2011,,-0.312528074,-0.308550298,2.48E-02,-1.907197475
SAU,2012,,-4.57E-02,3.14E-02,9.91E-02,-1.865640283
SAU,2013,,-2.72E-02,7.07E-02,7.97E-02,-1.876408696
SAU,2014,,8.19E-02,0.205546021,-6.10E-03,-1.882015347
SAU,2015,,4.75E-02,0.198126718,2.14E-02,-1.842693925
SAU,2016,,0.224984735,0.258924305,7.53E-02,-1.727441072
SAU,2017,,0.359226704,0.254605442,-2.78E-03,-1.691246033
SAU,2018,,0.355426997,0.318702549,-7.78E-02,-1.69598186
SAU,2019,,0.270871371,0.302020937,-7.04E-02,-1.659633279
SAU,2020,,0.265087098,0.139777943,0.263433009,-1.609173536
SAU,2021,,0.306925714,0.496305406,0.335709989,-1.590643883
SAU,2022,,,,,
SEN,1990,,,,,
SEN,1991,54.1,,,,
SEN,1992,,,,,
SEN,1993,,,,,
SEN,1994,41.4,,,,
SEN,1995,,,,,
SEN,1996,,-0.142714694,7.62E-02,-0.129939035,0.108496256
SEN,1997,,,,,
SEN,1998,,-0.122646809,-0.148121446,-0.167377383,2.91E-02
SEN,1999,,,,,
SEN,2000,,-9.46E-02,-0.165955797,-0.19456467,0.199801683
SEN,2001,41.2,,,,
SEN,2002,,0.247913659,-4.58E-02,-0.271161288,0.380685329
SEN,2003,,-0.141306818,-0.394959658,-0.308505297,0.266685933
SEN,2004,,2.32E-02,-0.346871465,-0.323487252,0.172796905
SEN,2005,39.2,-3.54E-02,-0.25545451,-0.260493904,5.62E-02
SEN,2006,,-0.37309429,-0.367796987,-0.368648618,6.17E-02
SEN,2007,,-0.514299452,-0.490729719,-0.404348582,-0.181714088
SEN,2008,,-0.500159681,-0.214621931,-0.347913265,-0.213503495
SEN,2009,,-0.490049094,-0.554416418,-0.324280888,-0.269090444
SEN,2010,,-0.641386092,-0.595708191,-0.317569882,-0.267737418
SEN,2011,40.3,-0.503729224,-0.497772127,-0.245334327,-0.220193043
SEN,2012,,-0.258422732,-0.477523863,-0.109142281,-4.19E-03
SEN,2013,,-0.188867226,-0.428277671,-7.32E-02,6.01E-02
SEN,2014,,5.88E-02,-0.407872409,-0.26208818,0.291716129
SEN,2015,,5.54E-02,-0.449007273,-0.20640099,0.283083826
SEN,2016,,-1.39E-04,-0.47374016,-0.200520143,0.369677246
SEN,2017,,-8.85E-02,-0.340407968,-0.178597897,0.31716612
SEN,2018,38.3,-2.21E-02,-0.307826251,-0.138930887,0.212975323
SEN,2019,,1.06E-02,-0.115319677,-0.163330793,0.234817654
SEN,2020,,7.89E-03,-3.50E-02,-0.281065971,0.240493149
SEN,2021,,5.84E-02,5.92E-02,-0.312054127,0.192614168
SEN,2022,,,,,
SRB,1990,,,,,
SRB,1991,,,,,
SRB,1992,,,,,
SRB,1993,,,,,
SRB,1994,,,,,
SRB,1995,,,,,
SRB,1996,,-1.140071511,-1.06467998,-0.717159688,-1.2158041
SRB,1997,,,,,
SRB,1998,,-1.19560504,-0.883071959,-0.822418809,-0.973842919
SRB,1999,,,,,
SRB,2000,,-1.15667069,-0.834016025,-0.857414663,-0.63773787
SRB,2001,,,,,
SRB,2002,,-0.895784795,-0.554945648,-0.638883829,3.41E-03
SRB,2003,,-0.494189292,-0.670327723,-0.611243188,-0.120493673
SRB,2004,,-0.493293792,-0.249921352,-0.467083603,-0.176049948
SRB,2005,,-0.406051368,-0.361880451,-0.623985469,-0.206954584
SRB,2006,,-0.277591467,-0.238409474,-0.530395031,0.214458928
SRB,2007,,-0.341682166,-0.259359837,-0.437243164,0.305300176
SRB,2008,,-0.302461773,-0.255115598,-0.386879176,0.281703681
SRB,2009,,-0.317943394,-7.30E-02,-0.182950586,0.334455043
SRB,2010,,-0.31941554,-7.92E-02,-6.57E-02,0.285615712
SRB,2011,,-0.299286216,-0.136380285,-1.69E-02,0.278624475
SRB,2012,39.9,-0.357432961,-0.17961286,-7.03E-02,0.198943496
SRB,2013,39.5,-0.327525735,-0.184865355,-6.26E-02,0.285488486
SRB,2014,40.5,-0.24708949,-2.40E-03,0.181434169,0.212628603
SRB,2015,40.5,-0.293313712,2.32E-02,0.151395857,0.231072277
SRB,2016,38.8,-0.35912168,-1.09E-02,3.43E-02,0.199925393
SRB,2017,36.2,-0.412284762,0.101498269,-3.25E-02,0.117242299
SRB,2018,35,-0.373657256,0.107353099,0.111153185,-2.24E-02
SRB,2019,34.5,-0.428667545,1.52E-02,0.1117725,-4.62E-02
SRB,2020,35,-0.429459095,-1.03E-02,9.49E-02,-0.119043313
SRB,2021,,-0.437255442,4.74E-02,5.21E-02,-0.123647928
SRB,2022,,,,,
SYC,1990,,,,,
SYC,1991,,,,,
SYC,1992,,,,,
SYC,1993,,,,,
SYC,1994,,,,,
SYC,1995,,,,,
SYC,1996,,0.545951545,0.644922495,0.307362527,0.122146733
SYC,1997,,,,,
SYC,1998,,0.570708156,0.652145922,0.300509363,0.129361436
SYC,1999,,,,,
SYC,2000,,0.592290521,0.618822575,0.279316157,4.41E-02
SYC,2001,,,,,
SYC,2002,,0.694714844,0.568053842,0.456945926,0.113340296
SYC,2003,,0.791487634,0.576517761,0.682984054,7.57E-02
SYC,2004,,0.549316823,0.495801389,-0.170286,0.323293984
SYC,2005,,0.374254942,0.45519349,0.453918278,0.174468666
SYC,2006,,0.334428996,0.471662462,0.190891683,8.71E-02
SYC,2007,,0.336277306,0.607114613,1.25E-02,6.41E-02
SYC,2008,,0.562798917,0.72297734,-5.04E-02,-5.13E-03
SYC,2009,,0.575691283,0.655157924,-6.88E-03,3.99E-02
SYC,2010,,0.600197673,0.62342,-1.76E-02,0.101656742
SYC,2011,,0.606024206,0.650379479,-8.15E-02,1.79E-02
SYC,2012,,0.579943299,0.667528868,-0.13128005,5.08E-02
SYC,2013,46.8,0.600916207,0.549897611,-0.110132016,2.01E-02
SYC,2014,,0.577941358,0.511074126,-0.26845476,-4.98E-02
SYC,2015,,1.181636691,0.586286247,0.150631815,7.85E-02
SYC,2016,,1.143863678,0.556529105,-8.09E-02,0.157843709
SYC,2017,,0.888517916,0.529888809,2.47E-02,0.18763113
SYC,2018,32.1,0.89463371,0.667298913,3.14E-02,0.184579223
SYC,2019,,1.211095452,0.661006391,4.25E-02,0.313407987
SYC,2020,,1.420243263,0.727294028,3.69E-02,0.486793607
SYC,2021,,1.633352399,0.941589534,1.97E-02,0.639742017
SYC,2022,,,,,
SLE,1990,,,,,
SLE,1991,,,,,
SLE,1992,,,,,
SLE,1993,,,,,
SLE,1994,,,,,
SLE,1995,,,,,
SLE,1996,,-0.756474376,-1.409645319,-1.529431701,-0.587721765
SLE,1997,,,,,
SLE,1998,,-0.724983811,-1.545192122,-1.492680073,-1.132704616
SLE,1999,,,,,
SLE,2000,,-0.736801982,-1.608168244,-1.570259094,-1.3351897
SLE,2001,,,,,
SLE,2002,,-0.789458632,-1.628981471,-1.347733498,-0.554964662
SLE,2003,40.2,-0.892783046,-1.358835697,-1.179167032,-0.346790135
SLE,2004,,-0.881412625,-1.138119817,-1.091193676,-0.311112106
SLE,2005,,-1.085491657,-1.353791952,-1.101499438,-0.530995607
SLE,2006,,-1.026145697,-1.106383324,-1.142181635,-0.326508969
SLE,2007,,-0.919340312,-1.16081059,-1.090546489,-0.218499303
SLE,2008,,-0.978874683,-1.16265583,-0.9773615,-0.141638219
SLE,2009,,-0.942291141,-1.200726509,-0.805877388,-0.241323814
SLE,2010,,-0.780791581,-1.215191126,-0.760722637,-0.157845289
SLE,2011,34,-0.860041797,-1.196948647,-0.73083967,-0.203812569
SLE,2012,,-0.957400441,-1.226806164,-0.710573137,-0.320652544
SLE,2013,,-0.91197145,-1.224215031,-0.720584512,-0.342591554
SLE,2014,,-0.94812119,-1.252800226,-0.822831988,-0.287112534
SLE,2015,,-0.796082497,-1.247650146,-0.908138454,-0.27091378
SLE,2016,,-0.818006098,-1.189618468,-0.938941002,-0.198110342
SLE,2017,,-0.56801635,-1.191332459,-0.934862435,-0.194168866
SLE,2018,35.7,-0.489217043,-1.155907035,-0.903757811,-0.188980788
SLE,2019,,-0.445484549,-1.135929108,-0.900548935,-0.135008842
SLE,2020,,-0.371052653,-1.027739286,-0.888310492,-9.58E-02
SLE,2021,,-0.431214958,-1.114508152,-0.964902222,-6.36E-02
SLE,2022,,,,,
SGP,1990,,,,,
SGP,1991,,,,,
SGP,1992,,,,,
SGP,1993,,,,,
SGP,1994,,,,,
SGP,1995,,,,,
SGP,1996,,2.107433796,1.993047118,2.177225828,0.139815584
SGP,1997,,,,,
SGP,1998,,2.057286263,2.07239747,2.154220104,0.112500772
SGP,1999,,,,,
SGP,2000,,2.139873028,2.107993841,2.068062782,0.130497083
SGP,2001,,,,,
SGP,2002,,2.262733698,1.79351306,1.888890624,5.86E-02
SGP,2003,,2.169167757,1.88189292,1.785252333,-2.10E-02
SGP,2004,,2.301145792,1.967402339,1.762279868,7.75E-02
SGP,2005,,2.156098127,1.952961326,1.746806502,0.132438689
SGP,2006,,2.174917221,2.209695339,1.753630042,-0.387192518
SGP,2007,,2.231212378,2.367803574,1.808868408,-0.363209665
SGP,2008,,2.231617928,2.426028967,1.868738413,-0.3348355
SGP,2009,,2.206720352,2.267011642,1.775740385,-0.23422043
SGP,2010,,2.171362877,2.235757351,1.783599377,-0.208965808
SGP,2011,,2.102997065,2.148647547,1.783230543,-0.102027185
SGP,2012,,2.115708113,2.155763865,1.957902074,5.31E-02
SGP,2013,,2.07050252,2.080410242,1.960108399,3.68E-02
SGP,2014,,2.067563772,2.175314426,2.226360083,-9.86E-02
SGP,2015,,2.090844154,2.230875969,2.255347013,-0.161810279
SGP,2016,,2.083024263,2.197673798,2.177772999,-0.15036881
SGP,2017,,2.129484177,2.213762283,2.113010406,-0.169035301
SGP,2018,,2.170643568,2.221915007,2.125360012,-8.40E-02
SGP,2019,,2.156531811,2.212734461,2.160112858,-0.205995977
SGP,2020,,2.149747133,2.324859858,2.21286726,-0.203809813
SGP,2021,,2.171539545,2.291487455,2.231044054,-0.136062041
SGP,2022,,,,,
SXM,1990,,,,,
SXM,1991,,,,,
SXM,1992,,,,,
SXM,1993,,,,,
SXM,1994,,,,,
SXM,1995,,,,,
SXM,1996,,,,,
SXM,1997,,,,,
SXM,1998,,,,,
SXM,1999,,,,,
SXM,2000,,,,,
SXM,2001,,,,,
SXM,2002,,,,,
SXM,2003,,,,,
SXM,2004,,,,,
SXM,2005,,,,,
SXM,2006,,,,,
SXM,2007,,,,,
SXM,2008,,,,,
SXM,2009,,,,,
SXM,2010,,,,,
SXM,2011,,,,,
SXM,2012,,,,,
SXM,2013,,,,,
SXM,2014,,,,,
SXM,2015,,,,,
SXM,2016,,,,,
SXM,2017,,,,,
SXM,2018,,,,,
SXM,2019,,,,,
SXM,2020,,,,,
SXM,2021,,,,,
SXM,2022,,,,,
SVK,1990,,,,,
SVK,1991,,,,,
SVK,1992,,,,,
SVK,1993,,,,,
SVK,1994,,,,,
SVK,1995,,,,,
SVK,1996,,0.21805428,0.459862679,0.672422051,0.644221544
SVK,1997,,,,,
SVK,1998,,5.80E-02,0.535887301,0.496213675,0.710790992
SVK,1999,,,,,
SVK,2000,,0.223054469,0.673051953,0.57780838,0.848681509
SVK,2001,,,,,
SVK,2002,,-5.06E-02,0.540845692,0.903905571,0.976482391
SVK,2003,,0.280685246,0.667460144,0.91302371,0.931504726
SVK,2004,27.1,0.337021232,0.81953752,1.083422542,0.947524965
SVK,2005,29.3,0.451420695,0.879802465,1.126772285,0.899956763
SVK,2006,25.8,0.375256956,0.829258025,1.084782243,0.931123257
SVK,2007,24.7,0.296645999,0.690268517,0.974188089,0.947436213
SVK,2008,26,0.312199146,0.850697339,1.078327537,0.935453057
SVK,2009,27.2,0.265569657,0.864594698,1.048043728,0.876306593
SVK,2010,27.3,0.248165295,0.78365314,0.999186158,0.91094625
SVK,2011,26.5,0.229635805,0.778892398,0.999639213,0.96597904
SVK,2012,26.1,6.93E-02,0.782018483,1.040906668,0.973016918
SVK,2013,28.1,4.92E-02,0.725599349,0.92778039,0.959550261
SVK,2014,26.1,0.122271441,0.794016659,0.885451794,0.959610283
SVK,2015,26.5,0.138300762,0.765795052,0.784459472,0.965451539
SVK,2016,25.2,0.180295527,0.826409996,0.885478973,0.961433291
SVK,2017,23.2,0.125354737,0.698181927,0.821869314,0.912063062
SVK,2018,25,0.256852448,0.613614976,0.806757152,0.837226987
SVK,2019,23.2,0.213700429,0.580516279,1.005047917,0.862816572
SVK,2020,,0.441052377,0.537019551,0.78571862,0.883265316
SVK,2021,,0.235205427,0.529206514,0.874235034,0.914356411
SVK,2022,,,,,
SVN,1990,,,,,
SVN,1991,,,,,
SVN,1992,,,,,
SVN,1993,,,,,
SVN,1994,,,,,
SVN,1995,,,,,
SVN,1996,,1.114187837,0.887160182,1.09056139,1.275352716
SVN,1997,,,,,
SVN,1998,,1.162774801,0.752557337,1.049601316,1.204610944
SVN,1999,,,,,
SVN,2000,,0.827235401,0.674126327,0.672722459,1.107541919
SVN,2001,,,,,
SVN,2002,,0.773913145,0.789837003,0.851863027,1.130460024
SVN,2003,,0.898586512,0.899216712,0.881739914,1.124961376
SVN,2004,24.8,1.015795946,0.902846575,0.844685614,1.112388611
SVN,2005,24.6,0.902103662,0.887038589,0.883193433,1.092290401
SVN,2006,24.4,1.026472807,0.956635654,0.794790149,1.06961453
SVN,2007,24.4,1.009995461,0.893484235,0.800101042,1.062970877
SVN,2008,23.7,0.939397454,1.122717381,0.847147286,1.01736474
SVN,2009,24.8,1.051517963,1.150474548,0.913787246,1.055123448
SVN,2010,24.9,0.91739136,1.021005869,0.759355605,1.048638105
SVN,2011,24.9,0.941719472,0.983655393,0.69279635,1.056918144
SVN,2012,25.6,0.832158983,1.024909019,0.625475347,0.999778092
SVN,2013,26.2,0.72227633,1.00788343,0.624960363,1.00189662
SVN,2014,25.7,0.721844375,1.000908375,0.657770276,0.956131041
SVN,2015,25.4,0.769330084,0.969194055,0.622256517,0.986843705
SVN,2016,24.8,0.817337096,1.122145534,0.636555076,1.010924101
SVN,2017,24.2,0.80932951,1.166331887,0.576206565,1.006721735
SVN,2018,24.6,0.865819216,1.119007111,0.652155876,0.95987761
SVN,2019,24.4,0.91828233,1.075390816,1.007107973,0.978998601
SVN,2020,24,0.803910613,1.158009291,0.92386055,0.935727596
SVN,2021,,0.71923095,1.178203225,0.834269524,0.914669573
SVN,2022,,,,,
SLB,1990,,,,,
SLB,1991,,,,,
SLB,1992,,,,,
SLB,1993,,,,,
SLB,1994,,,,,
SLB,1995,,,,,
SLB,1996,,0.340782076,,,0.807382107
SLB,1997,,,,,
SLB,1998,,0.361922771,,,0.777904451
SLB,1999,,,,,
SLB,2000,,0.17756246,,,0.221702695
SLB,2001,,,,,
SLB,2002,,0.182450026,,,0.386133492
SLB,2003,,0.214311689,,,0.322486877
SLB,2004,,-6.57E-02,-1.115528107,-0.949744344,-0.354120702
SLB,2005,46.1,8.78E-02,-0.639271379,-0.975333095,-9.82E-02
SLB,2006,,-0.202771097,-1.004248261,-1.105919957,4.51E-02
SLB,2007,,-0.374890536,-1.084248781,-1.137445092,6.35E-02
SLB,2008,,-0.354255259,-1.007259607,-1.193495393,2.04E-02
SLB,2009,,-0.281599671,-1.144396901,-1.220026255,0.137840137
SLB,2010,,-0.339228064,-1.022879243,-1.20244503,6.59E-02
SLB,2011,,-0.346251637,-0.908761501,-1.055239081,-4.27E-03
SLB,2012,37.1,-0.357465267,-0.813548028,-1.044333339,-2.85E-02
SLB,2013,,-0.400275111,-0.833914042,-1.110217571,1.52E-03
SLB,2014,,-0.266557604,-1.122837424,-1.100647211,0.226587132
SLB,2015,,-0.343763322,-1.058191538,-0.964224756,0.284538299
SLB,2016,,-0.340169489,-0.996183038,-0.970826149,0.46746549
SLB,2017,,0.102014914,-1.012466311,-0.809353292,0.489996761
SLB,2018,,-1.29E-02,-1.031022072,-0.854301095,0.523320079
SLB,2019,,-2.63E-02,-0.989601076,-0.846145213,0.489826143
SLB,2020,,9.10E-02,-0.83149296,-0.847140789,0.555384398
SLB,2021,,-0.140978411,-0.91164422,-0.863144219,0.46907106
SLB,2022,,,,,
SOM,1990,,,,,
SOM,1991,,,,,
SOM,1992,,,,,
SOM,1993,,,,,
SOM,1994,,,,,
SOM,1995,,,,,
SOM,1996,,-1.273832083,-1.959855437,-2.352025032,-1.892187953
SOM,1997,,,,,
SOM,1998,,-1.169289827,-1.91686368,-2.182574749,-1.817961335
SOM,1999,,,,,
SOM,2000,,-1.231535554,-1.975720167,-2.063968658,-1.713139653
SOM,2001,,,,,
SOM,2002,,-1.032930613,-1.531707287,-2.068249941,-1.507476091
SOM,2003,,-1.465910077,-1.908805966,-2.039961815,-1.751014113
SOM,2004,,-1.80303514,-1.844779849,-2.299372673,-1.811015725
SOM,2005,,-1.683112144,-2.132419109,-2.206925154,-1.759174347
SOM,2006,,-1.72492063,-2.074580908,-2.493313074,-1.762414694
SOM,2007,,-1.739551187,-2.205251217,-2.43264842,-1.848486543
SOM,2008,,-1.848734379,-2.303920269,-2.547725677,-1.893330812
SOM,2009,,-1.701694131,-2.15922761,-2.490455866,-2.039493322
SOM,2010,,-1.726097345,-2.171951532,-2.301243305,-2.010588646
SOM,2011,,-1.715412021,-2.154077053,-2.332045794,-2.015529394
SOM,2012,,-1.596589088,-2.195966244,-2.224690437,-2.196763515
SOM,2013,,-1.58308363,-2.197916746,-2.207792521,-2.17476964
SOM,2014,,-1.66308713,-2.445095778,-2.072233677,-2.114369392
SOM,2015,,-1.625072598,-2.185796976,-2.07170248,-2.001467228
SOM,2016,,-1.677049875,-2.177005291,-2.170290232,-1.909665942
SOM,2017,,-1.694557071,-2.238853455,-2.175777197,-1.778312564
SOM,2018,,-1.769801617,-2.19471097,-2.066329956,-1.848442435
SOM,2019,,-1.70907259,-2.250986576,-2.131312847,-1.853319764
SOM,2020,,-1.670672178,-2.109025478,-1.936275125,-1.838114142
SOM,2021,,-1.778052807,-2.054953098,-1.817198277,-1.749215603
SOM,2022,,,,,
ZAF,1990,,,,,
ZAF,1991,,,,,
ZAF,1992,,,,,
ZAF,1993,59.3,,,,
ZAF,1994,,,,,
ZAF,1995,,,,,
ZAF,1996,,0.732927382,1.020495892,0.515013754,0.841138542
ZAF,1997,,,,,
ZAF,1998,,0.638808608,0.624708474,0.50777036,0.84697777
ZAF,1999,,,,,
ZAF,2000,57.8,0.550269723,0.645909369,0.540943027,0.746240437
ZAF,2001,,,,,
ZAF,2002,,0.332901508,0.607831419,0.733767986,0.659822226
ZAF,2003,,0.275540829,0.602573693,0.819586337,0.700217009
ZAF,2004,,0.397753119,0.561649323,0.692467272,0.715736926
ZAF,2005,64.8,0.483857185,0.569725692,0.715097189,0.64901036
ZAF,2006,,0.378271431,0.324346781,0.74697268,0.651613116
ZAF,2007,,0.197672486,0.287496805,0.595666349,0.578765213
ZAF,2008,63,0.153828725,0.337714642,0.656967223,0.575648129
ZAF,2009,,0.125426695,0.313202083,0.449182034,0.570525587
ZAF,2010,63.4,6.54E-02,0.192784637,0.44557327,0.60209012
ZAF,2011,,-4.23E-03,0.219012007,0.446406275,0.590838611
ZAF,2012,,-0.184170604,0.171206728,0.398661673,0.58215332
ZAF,2013,,-0.137831539,0.308263749,0.380482465,0.600703418
ZAF,2014,63,-0.124875419,0.164872631,0.230833724,0.640374124
ZAF,2015,,-4.37E-02,0.116498068,0.224308655,0.6485852
ZAF,2016,,4.41E-02,0.132853389,0.130060062,0.648347199
ZAF,2017,,-0.101495706,0.100143969,0.152884081,0.630475342
ZAF,2018,,-0.112126492,0.132596701,-2.82E-02,0.628293097
ZAF,2019,,2.01E-02,0.162542775,2.30E-02,0.653677583
ZAF,2020,,-1.08E-02,9.68E-02,3.51E-02,0.700182557
ZAF,2021,,2.21E-02,-1.74E-02,-7.31E-02,0.788497388
ZAF,2022,,,,,
SSD,1990,,,,,
SSD,1991,,,,,
SSD,1992,,,,,
SSD,1993,,,,,
SSD,1994,,,,,
SSD,1995,,,,,
SSD,1996,,,,,
SSD,1997,,,,,
SSD,1998,,,,,
SSD,1999,,,,,
SSD,2000,,,,,
SSD,2001,,,,,
SSD,2002,,,,,
SSD,2003,,,,,
SSD,2004,,,,,
SSD,2005,,,,,
SSD,2006,,,,,
SSD,2007,,,,,
SSD,2008,,,,,
SSD,2009,46.3,,,,
SSD,2010,,-0.819455504,,,
SSD,2011,,-1.092395306,-1.586475372,-1.720938444,-1.114089131
SSD,2012,,-1.295819283,-1.623523593,-1.449887633,-1.33308959
SSD,2013,,-1.40059936,-1.687205553,-1.517484426,-1.442379832
SSD,2014,,-1.607612371,-2.100631475,-1.643804073,-1.618767381
SSD,2015,,-1.702069521,-2.137000561,-1.649637103,-1.59546876
SSD,2016,44.1,-1.739778638,-2.335614443,-1.79499197,-1.798077345
SSD,2017,,-1.732647419,-2.450314045,-1.924648523,-1.823845863
SSD,2018,,-1.725042224,-2.329465628,-2.015225172,-1.990345001
SSD,2019,,-1.784425139,-2.379828691,-1.965418458,-1.988548875
SSD,2020,,-1.916456819,-2.31318593,-1.990438461,-1.815015435
SSD,2021,,-1.817446232,-2.382605553,-1.984556794,-1.72650528
SSD,2022,,,,,
ESP,1990,32,,,,
ESP,1991,,,,,
ESP,1992,,,,,
ESP,1993,35.7,,,,
ESP,1994,35.1,,,,
ESP,1995,35.7,,,,
ESP,1996,36.5,1.129211187,1.620027184,1.184066415,1.319526911
ESP,1997,35.3,,,,
ESP,1998,34.6,1.355995536,1.597302556,1.196217299,1.299594522
ESP,1999,33.8,,,,
ESP,2000,34.1,1.328282833,1.685757279,1.238091946,1.277019858
ESP,2001,,,,,
ESP,2002,,1.316825151,1.786120415,1.329032183,1.27498734
ESP,2003,31.8,1.348911166,1.816004276,1.304303527,1.27055943
ESP,2004,33.3,1.337189078,1.331858158,1.306747794,1.323611856
ESP,2005,32.4,1.327615857,1.501133561,1.30437541,1.1314044
ESP,2006,33.5,1.177665472,0.829858661,1.176645756,1.07872498
ESP,2007,34.1,1.079032421,0.986619413,1.215253234,1.123086691
ESP,2008,34.2,1.178771973,0.912080109,1.254889965,1.185325623
ESP,2009,34.9,1.054948092,0.941483974,1.187052488,1.176986217
ESP,2010,35.2,1.160037041,0.942760587,1.15819037,1.122542858
ESP,2011,35.7,1.163212419,0.97218442,1.060738206,1.085865974
ESP,2012,35.4,1.170406342,1.056865692,0.947154939,1.064178824
ESP,2013,36.2,0.926997602,1.168068171,0.932680726,0.988870561
ESP,2014,36.1,0.689561665,1.17374742,0.74645406,0.993750036
ESP,2015,36.2,0.662847698,1.184805393,0.803421438,1.044849038
ESP,2016,35.8,0.601362467,1.125179887,1.005098581,1.041620493
ESP,2017,34.7,0.540556669,1.032243013,0.940882087,1.021476746
ESP,2018,34.7,0.641388834,1.000047803,0.947160602,1.019284368
ESP,2019,34.3,0.694954097,0.995634913,1.048474908,1.037727356
ESP,2020,34.9,0.737676799,0.887231767,0.768865943,1.007955313
ESP,2021,,0.741642237,0.947267354,0.811001599,1.010028005
ESP,2022,,,,,
LKA,1990,32.4,,,,
LKA,1991,,,,,
LKA,1992,,,,,
LKA,1993,,,,,
LKA,1994,,,,,
LKA,1995,35.4,,,,
LKA,1996,,-5.65E-02,-0.183629289,6.47E-02,-0.269144207
LKA,1997,,,,,
LKA,1998,,-8.34E-02,-0.462085247,0.155283034,-0.150950506
LKA,1999,,,,,
LKA,2000,,-0.199228778,-0.342374563,0.158748269,-0.190723956
LKA,2001,,,,,
LKA,2002,40.2,-0.216593146,-7.27E-02,0.124769226,-8.85E-02
LKA,2003,,-0.27202031,-0.267683148,3.47E-02,-9.25E-02
LKA,2004,,-0.167387903,-0.439131916,-8.34E-02,-0.164139301
LKA,2005,,-0.33986178,-0.310655504,-0.423394442,-0.206795961
LKA,2006,39.7,-0.194801018,-0.159798115,-0.272532344,-0.310158849
LKA,2007,,-0.146113589,-7.19E-02,-0.297004074,-0.435254872
LKA,2008,,-0.21860835,-0.115974091,-0.385201991,-0.464874476
LKA,2009,36.1,-0.396393329,-0.146724001,-0.294943988,-0.480314404
LKA,2010,,-0.41968292,-0.196751013,-0.248191312,-0.505228579
LKA,2011,,-0.399362594,-0.103059769,-0.131351128,-0.545052946
LKA,2012,38.7,-0.241880506,-0.196667314,-0.125741094,-0.575279295
LKA,2013,,-0.220829561,-0.158950359,-0.166235015,-0.594175637
LKA,2014,,-0.345142692,7.43E-02,-0.10895326,-0.667191744
LKA,2015,,-0.348609656,1.27E-02,-4.74E-02,-0.29613018
LKA,2016,39.3,-0.302074224,9.42E-03,-0.102553025,-8.11E-02
LKA,2017,,-0.45962736,-0.138596416,-0.14577356,-6.19E-02
LKA,2018,,-0.329406947,-0.228138447,-0.204640791,-1.55E-02
LKA,2019,37.7,-0.281438768,-9.51E-02,-0.217790633,-8.85E-02
LKA,2020,,-0.308005214,-4.69E-02,-0.210725412,-5.04E-02
LKA,2021,,-0.334563583,-8.30E-02,-0.369962692,-6.96E-02
LKA,2022,,,,,
KNA,1990,,,,,
KNA,1991,,,,,
KNA,1992,,,,,
KNA,1993,,,,,
KNA,1994,,,,,
KNA,1995,,,,,
KNA,1996,,,,,1.025646329
KNA,1997,,,,,
KNA,1998,,,,,1.041039109
KNA,1999,,,,,
KNA,2000,,,,,1.039500237
KNA,2001,,,,,
KNA,2002,,,,,1.015181184
KNA,2003,,,,,0.890418649
KNA,2004,,0.195867643,0.352888137,0.111298248,0.404390901
KNA,2005,,1.180838346,1.191974044,1.324107885,1.191075444
KNA,2006,,1.11961627,1.076955676,1.285441875,1.161857247
KNA,2007,,1.146967053,1.074980855,1.053263545,1.156144023
KNA,2008,,1.27677536,1.270425439,1.146645427,1.076478362
KNA,2009,,1.317764997,1.276444793,1.154883027,1.100337744
KNA,2010,,1.301772714,1.256260037,1.140559673,1.165698051
KNA,2011,,1.272298098,1.244318485,1.121402621,1.124403238
KNA,2012,,1.260530829,1.262513876,1.080566168,1.124435902
KNA,2013,,1.253548503,1.271106958,1.080097675,1.124345303
KNA,2014,,4.91E-02,-7.07E-02,0.529373944,1.121938944
KNA,2015,,0.489936322,0.225600779,0.722577155,0.847469807
KNA,2016,,0.499706358,0.263139009,0.718752086,1.006599665
KNA,2017,,0.502968609,0.557348669,0.55235827,0.995655775
KNA,2018,,0.448340952,0.546050012,0.509407163,0.853569806
KNA,2019,,0.381346434,0.537684321,0.500148177,0.816921651
KNA,2020,,0.373405039,0.689502597,0.529563904,0.816443563
KNA,2021,,0.438981831,0.417324841,0.552441895,0.782197416
KNA,2022,,,,,
LCA,1990,,,,,
LCA,1991,,,,,
LCA,1992,,,,,
LCA,1993,,,,,
LCA,1994,,,,,
LCA,1995,42.6,,,,
LCA,1996,,,,,1.063221693
LCA,1997,,,,,
LCA,1998,,,,,1.078994036
LCA,1999,,,,,
LCA,2000,,,,,1.080076933
LCA,2001,,,,,
LCA,2002,,,,,1.101619482
LCA,2003,,,,,1.094490886
LCA,2004,,0.276366174,0.373675913,0.153365374,0.612667918
LCA,2005,,1.223055243,1.087521195,1.260209203,1.202947497
LCA,2006,,1.154476166,0.808243692,1.12860322,1.191003084
LCA,2007,,1.172405481,0.744667709,0.765413165,1.17925787
LCA,2008,,1.307724476,0.790785193,0.434909999,1.222064257
LCA,2009,,1.330940008,0.932834327,0.497561961,1.21314013
LCA,2010,,1.286739707,0.832029164,0.347569495,1.202203274
LCA,2011,,1.295473337,0.942713261,0.439209849,1.160672188
LCA,2012,,1.051899076,0.740133286,0.308906913,1.111395359
LCA,2013,,1.07990694,0.7787624,0.291050583,1.111953974
LCA,2014,,0.489243448,3.79E-02,0.270610958,1.127603531
LCA,2015,,0.648622036,-3.00E-02,0.323463649,1.022684455
LCA,2016,51.2,0.672403395,9.95E-02,0.277302921,1.0127213
LCA,2017,,0.621789515,0.361605376,0.341032624,0.985708773
LCA,2018,,0.592890322,0.281710476,0.332620829,0.841178834
LCA,2019,,0.58912915,0.310075104,0.2939291,0.900114715
LCA,2020,,0.56951195,0.308486879,0.376041919,0.877312899
LCA,2021,,0.586345255,-9.06E-02,0.374440789,0.864823222
LCA,2022,,,,,
MAF,1990,,,,,
MAF,1991,,,,,
MAF,1992,,,,,
MAF,1993,,,,,
MAF,1994,,,,,
MAF,1995,,,,,
MAF,1996,,,,,
MAF,1997,,,,,
MAF,1998,,,,,
MAF,1999,,,,,
MAF,2000,,,,,
MAF,2001,,,,,
MAF,2002,,,,,
MAF,2003,,,,,
MAF,2004,,,,,
MAF,2005,,,,,
MAF,2006,,,,,
MAF,2007,,,,,
MAF,2008,,,,,
MAF,2009,,,,,
MAF,2010,,,,,
MAF,2011,,,,,
MAF,2012,,,,,
MAF,2013,,,,,
MAF,2014,,,,,
MAF,2015,,,,,
MAF,2016,,,,,
MAF,2017,,,,,
MAF,2018,,,,,
MAF,2019,,,,,
MAF,2020,,,,,
MAF,2021,,,,,
MAF,2022,,,,,
VCT,1990,,,,,
VCT,1991,,,,,
VCT,1992,,,,,
VCT,1993,,,,,
VCT,1994,,,,,
VCT,1995,,,,,
VCT,1996,,,,,1.040676475
VCT,1997,,,,,
VCT,1998,,,,,1.056221128
VCT,1999,,,,,
VCT,2000,,,,,1.055730939
VCT,2001,,,,,
VCT,2002,,,,,1.023825049
VCT,2003,,,,,1.071115375
VCT,2004,,0.276366174,0.415251404,0.140641779,0.679108441
VCT,2005,,1.084856987,1.049177408,1.239577889,1.086107731
VCT,2006,,0.959533632,0.808243692,0.905649722,1.06227541
VCT,2007,,0.988939226,0.744667709,0.71949774,1.043143034
VCT,2008,,1.127540827,0.790785193,0.434909999,1.069163799
VCT,2009,,1.136204004,0.841676235,0.497561961,1.030366063
VCT,2010,,1.06810534,0.72320658,0.321675181,1.13384974
VCT,2011,,1.085522532,0.837155521,0.351851404,1.02087605
VCT,2012,,0.969306469,0.936751008,0.342154562,1.015530825
VCT,2013,,0.956631362,0.988204718,0.321960688,1.026437998
VCT,2014,,0.69083339,0.211654559,0.357046247,1.154853702
VCT,2015,,0.674049854,0.107711107,0.290033638,0.968789399
VCT,2016,,0.694615543,0.337547511,0.268642038,0.955370128
VCT,2017,,0.737160444,0.361605376,0.275657326,0.944342494
VCT,2018,,0.778808773,0.281710476,0.300862193,0.845151246
VCT,2019,,0.795019031,0.310075104,0.268908799,0.899553359
VCT,2020,,0.829116225,0.308486879,0.349469513,0.911126912
VCT,2021,,0.803943515,0.307540625,0.33591786,0.87782824
VCT,2022,,,,,
SDN,1990,,,,,
SDN,1991,,,,,
SDN,1992,,,,,
SDN,1993,,,,,
SDN,1994,,,,,
SDN,1995,,,,,
SDN,1996,,-1.240006447,-0.987331033,-1.360586405,-1.858700871
SDN,1997,,,,,
SDN,1998,,-1.119794726,-1.055107117,-1.298493385,-1.811389208
SDN,1999,,,,,
SDN,2000,,-1.018884778,-0.943567038,-1.385437489,-1.752221942
SDN,2001,,,,,
SDN,2002,,-1.035822868,-1.078000426,-1.281219721,-1.543473721
SDN,2003,,-1.170058131,-1.221395969,-1.418015361,-1.657191873
SDN,2004,,-1.246902585,-1.156782269,-1.197614193,-1.666589975
SDN,2005,,-1.387641191,-1.408913374,-1.384861946,-1.71884191
SDN,2006,,-1.191282749,-1.163330436,-1.204652309,-1.739339948
SDN,2007,,-1.329811096,-1.131642938,-1.315864444,-1.649223804
SDN,2008,,-1.427513838,-1.283822298,-1.441465974,-1.641588092
SDN,2009,35.4,-1.150308371,-1.278290749,-1.274795175,-1.686872721
SDN,2010,,-1.196660757,-1.378242254,-1.344850659,-1.725589037
SDN,2011,,-1.204625487,-1.416032672,-1.316548586,-1.771315098
SDN,2012,,-1.503376722,-1.430173278,-1.477985501,-1.774340391
SDN,2013,,-1.488822937,-1.484835029,-1.463778138,-1.775898814
SDN,2014,34.2,-1.462641239,-1.556764126,-1.445106983,-1.736379862
SDN,2015,,-1.483054042,-1.482540727,-1.481336951,-1.783203959
SDN,2016,,-1.546054602,-1.530084252,-1.476610065,-1.83413589
SDN,2017,,-1.54520154,-1.451912403,-1.566030145,-1.839116693
SDN,2018,,-1.43949759,-1.606590033,-1.623674989,-1.851002455
SDN,2019,,-1.415252447,-1.638879299,-1.652928829,-1.660263658
SDN,2020,,-1.427463531,-1.525775909,-1.5539819,-1.437512636
SDN,2021,,-1.289687276,-1.637499332,-1.465404272,-1.468170166
SDN,2022,,,,,
SUR,1990,,,,,
SUR,1991,,,,,
SUR,1992,,,,,
SUR,1993,,,,,
SUR,1994,,,,,
SUR,1995,,,,,
SUR,1996,,0.185647145,-0.688587904,-0.543357134,-9.14E-02
SUR,1997,,,,,
SUR,1998,,0.25451383,-0.477520347,-0.531463504,0.170819804
SUR,1999,57.9,,,,
SUR,2000,,0.454761356,-0.142010897,-0.579191446,0.442086488
SUR,2001,,,,,
SUR,2002,,0.261614025,-0.210034415,-0.677856028,0.494850069
SUR,2003,,0.306020856,-0.161602855,-0.575908244,0.326033354
SUR,2004,,0.262759477,-4.68E-02,-0.650516927,0.114305288
SUR,2005,,0.216340378,-6.04E-02,-0.520047545,0.129616141
SUR,2006,,-0.103575468,-0.333160937,-0.52555269,0.511488795
SUR,2007,,-1.21E-02,-0.28103444,-0.593855679,0.556039929
SUR,2008,,-2.73E-02,-0.129383475,-0.541388154,0.60561341
SUR,2009,,-0.260273784,-7.93E-02,-0.612616003,0.444832087
SUR,2010,,-0.3327021,-0.108953409,-0.667498529,0.383502692
SUR,2011,,-0.284884512,-0.124104902,-0.58248961,0.380300343
SUR,2012,,-0.340788126,-1.31E-02,-0.476160944,0.340863466
SUR,2013,,-0.282051057,-1.80E-02,-0.44600299,0.357050955
SUR,2014,,-0.449199259,-0.177114308,-0.634206414,0.516915023
SUR,2015,,-0.244158536,-0.346649587,-0.610706031,0.411409616
SUR,2016,,-0.309648991,-0.338375062,-0.631391525,0.415314823
SUR,2017,,-0.179081544,-0.618173838,-0.539375067,0.430541843
SUR,2018,,-0.215875939,-0.657655537,-0.653446555,0.288387984
SUR,2019,,-0.397296965,-0.592646241,-0.681967914,0.364362627
SUR,2020,,-0.43851307,-0.54402411,-0.775420725,0.418522716
SUR,2021,,-0.396517456,-0.645067036,-0.704956353,0.376892805
SUR,2022,,,,,
SWE,1990,,,,,
SWE,1991,,,,,
SWE,1992,24.9,,,,
SWE,1993,,,,,
SWE,1994,,,,,
SWE,1995,25.2,,,,
SWE,1996,,2.173986197,1.921916842,1.319948554,1.518390656
SWE,1997,,,,,
SWE,1998,,2.169303656,1.884492755,1.164456725,1.536840677
SWE,1999,,,,,
SWE,2000,27.2,2.225827932,1.879326344,1.34945941,1.57328856
SWE,2001,,,,,
SWE,2002,25.8,2.200397491,1.962592721,1.590243936,1.50778389
SWE,2003,25.3,2.147883654,2.016003609,1.610253572,1.548605323
SWE,2004,26.1,2.132647514,2.099265337,1.669409156,1.739247203
SWE,2005,26.8,2.012797594,1.887381077,1.532868862,1.584472775
SWE,2006,26.4,2.186323404,1.800181627,1.439547062,1.48571825
SWE,2007,27.1,2.233975649,2.017983913,1.572997212,1.510136127
SWE,2008,28.1,2.211410761,1.94633615,1.635884047,1.520166636
SWE,2009,27.3,2.24269557,2.041478157,1.649703622,1.546038389
SWE,2010,27.7,2.219725847,1.962421894,1.656240582,1.542725921
SWE,2011,27.6,2.168036461,1.924983621,1.892241955,1.612955451
SWE,2012,27.6,2.27712059,1.910712123,1.900038838,1.690358043
SWE,2013,28.8,2.239300251,1.789284706,1.895466685,1.658110142
SWE,2014,28.4,2.111042976,1.681720495,1.805163264,1.61111927
SWE,2015,29.2,2.185940981,1.711374879,1.810170889,1.565330386
SWE,2016,29.6,2.147402525,1.69272089,1.851178288,1.564685822
SWE,2017,28.8,2.140787363,1.708212614,1.796406507,1.569253325
SWE,2018,30,2.14515686,1.704241157,1.831447601,1.568357587
SWE,2019,29.3,2.128221035,1.70230341,1.800264716,1.560920477
SWE,2020,28.9,2.125867128,1.709824443,1.687518954,1.502536297
SWE,2021,,2.130344868,1.652336717,1.752570987,1.50559938
SWE,2022,,,,,
CHE,1990,,,,,
CHE,1991,,,,,
CHE,1992,33.9,,,,
CHE,1993,,,,,
CHE,1994,,,,,
CHE,1995,,,,,
CHE,1996,,1.986975789,1.757080555,1.55765903,1.424485087
CHE,1997,,,,,
CHE,1998,,2.051917791,1.906915069,1.641245961,1.412886262
CHE,1999,,,,,
CHE,2000,33.4,2.048353672,1.956340551,1.792244911,1.413346887
CHE,2001,,,,,
CHE,2002,31.7,2.059014559,1.937041759,1.733826637,1.42574501
CHE,2003,,2.012480974,1.752962708,1.683715343,1.453932285
CHE,2004,,1.985262632,2.158038378,1.636825681,1.692533612
CHE,2005,,2.010125875,1.845770478,1.550629139,1.586438179
CHE,2006,33.9,2.083408356,2.074852467,1.495481372,1.518005848
CHE,2007,34.3,2.140349388,2.035068274,1.645464301,1.503814816
CHE,2008,33.8,2.108572006,2.026931286,1.562006712,1.516829848
CHE,2009,32.9,2.060199976,1.944823146,1.549013495,1.55331099
CHE,2010,32.6,2.064142466,1.870759368,1.620867133,1.584911227
CHE,2011,31.7,2.029069901,1.861428857,1.61533618,1.584807515
CHE,2012,31.6,2.13839817,1.882501483,1.651066184,1.640122056
CHE,2013,32.5,2.124835014,1.816834927,1.619792342,1.628098488
CHE,2014,32.5,2.147784948,2.105137587,1.800340295,1.559519053
CHE,2015,32.3,2.134661674,1.992946982,1.736241698,1.558521271
CHE,2016,33,1.983234882,2.000655413,1.908908963,1.531843781
CHE,2017,32.7,1.984895706,2.050233603,1.881804347,1.556875706
CHE,2018,33.1,2.004628181,2.030540466,1.79746151,1.579946637
CHE,2019,,1.980325937,1.944320321,1.663013697,1.496996284
CHE,2020,,2.07655406,2.010252953,1.594970226,1.539667368
CHE,2021,,1.989697456,2.032248974,1.732929707,1.554183125
CHE,2022,,,,,
SYR,1990,,,,,
SYR,1991,,,,,
SYR,1992,,,,,
SYR,1993,,,,,
SYR,1994,,,,,
SYR,1995,,,,,
SYR,1996,35.2,-0.881176233,-0.804808199,-1.072738409,-1.403753996
SYR,1997,,,,,
SYR,1998,,-0.914689541,-1.055107117,-1.245785713,-1.559234619
SYR,1999,,,,,
SYR,2000,,-1.00953269,-0.943567038,-1.256036043,-1.625865698
SYR,2001,,,,,
SYR,2002,,-0.399796873,-0.908703208,-1.022779346,-1.623203754
SYR,2003,37.5,-0.801886261,-1.138930917,-1.055394173,-1.621074677
SYR,2004,,-0.829437733,-1.059873462,-1.103693247,-1.505781054
SYR,2005,,-0.852751672,-1.146054149,-0.985814393,-1.508198977
SYR,2006,,-0.94982779,-0.808171332,-1.335150123,-1.757812858
SYR,2007,,-1.009927511,-0.689914644,-1.33315742,-1.781911016
SYR,2008,,-1.070749879,-0.508487225,-1.135349393,-1.72432065
SYR,2009,,-1.05090487,-0.479980648,-0.918233693,-1.692828298
SYR,2010,,-1.102486491,-0.439207286,-0.855281353,-1.696671247
SYR,2011,,-1.100737929,-0.510261297,-0.952119052,-1.806280851
SYR,2012,,-1.219366789,-1.148818254,-1.530745149,-1.844221115
SYR,2013,,-1.265268564,-1.398454905,-1.545633554,-1.834907055
SYR,2014,,-1.560017109,-1.398063302,-1.684552789,-1.878198862
SYR,2015,,-1.552544951,-1.588936806,-1.638084292,-1.922479272
SYR,2016,,-1.578851938,-1.814593554,-1.671178102,-1.986694574
SYR,2017,,-1.568133235,-1.76858151,-1.829135418,-1.969473004
SYR,2018,,-1.631506681,-1.670984507,-1.740234971,-1.97015214
SYR,2019,,-1.693177938,-1.711564183,-1.760757446,-1.993762493
SYR,2020,,-1.71819663,-1.732112169,-1.871617794,-1.932427526
SYR,2021,,-1.781922817,-1.739780784,-1.628919244,-1.916653633
SYR,2022,,,,,
TJK,1990,,,,,
TJK,1991,,,,,
TJK,1992,,,,,
TJK,1993,,,,,
TJK,1994,,,,,
TJK,1995,,,,,
TJK,1996,,-1.273032665,-1.406051278,-1.521551132,-1.645832658
TJK,1997,,,,,
TJK,1998,,-1.252360582,-1.351081371,-1.465714335,-1.505258083
TJK,1999,29.5,,,,
TJK,2000,,-1.265867949,-1.15839386,-1.161776781,-1.382805347
TJK,2001,,,,,
TJK,2002,,-1.174971223,-1.241160631,-1.346471786,-1.111795902
TJK,2003,32.7,-1.147746086,-1.153896093,-1.089490056,-1.149908781
TJK,2004,33.6,-1.319209814,-0.984738469,-1.12121141,-1.222273111
TJK,2005,,-1.176047444,-1.162422657,-1.127930045,-1.266097903
TJK,2006,,-1.042832255,-1.074785113,-1.106146812,-1.351941347
TJK,2007,32.2,-1.040969253,-1.125625968,-1.132352829,-1.292120814
TJK,2008,,-1.186930537,-1.08761251,-1.077060342,-1.355681419
TJK,2009,30.8,-1.221769214,-1.122828722,-1.064246535,-1.332126021
TJK,2010,,-1.297203541,-0.930016458,-1.010269761,-1.431077838
TJK,2011,,-1.231771708,-0.956123769,-0.977914989,-1.38084805
TJK,2012,,-1.280341625,-0.934513927,-1.011844516,-1.422403574
TJK,2013,,-1.287330866,-1.065713644,-1.066145539,-1.504126787
TJK,2014,,-1.132050395,-0.787115037,-1.036864042,-1.495483875
TJK,2015,34,-1.123586297,-0.856023848,-1.041050673,-1.569081903
TJK,2016,,-1.148092151,-1.04100883,-1.102454185,-1.68945837
TJK,2017,,-1.328737736,-1.133444548,-1.08035326,-1.721287012
TJK,2018,,-1.409968853,-1.108870268,-1.06789577,-1.701229811
TJK,2019,,-1.330041885,-1.064220309,-1.030121803,-1.796795249
TJK,2020,,-1.327855587,-0.706447482,-1.038092852,-1.779734373
TJK,2021,,-1.338215113,-0.591922224,-1.125773072,-1.70522058
TJK,2022,,,,,
TZA,1990,,,,,
TZA,1991,35.3,,,,
TZA,1992,,,,,
TZA,1993,,,,,
TZA,1994,,,,,
TZA,1995,,,,,
TZA,1996,,-0.702762425,-0.687850118,-0.442145348,-0.641581655
TZA,1997,,,,,
TZA,1998,,-0.803637624,-0.554986298,-0.395977348,-0.516356766
TZA,1999,,,,,
TZA,2000,37.3,-0.810984015,-0.556626618,-0.420464307,-0.47222051
TZA,2001,,,,,
TZA,2002,,-0.840931594,-0.487236917,-0.660840333,-0.39925921
TZA,2003,,-0.734542429,-0.495854169,-0.611833632,-0.427327722
TZA,2004,,-0.56556958,-0.609513402,-0.495821655,-0.53358233
TZA,2005,,-0.607605696,-0.431916296,-0.492080003,-0.363443345
TZA,2006,,-0.228577167,-0.446258605,-0.407301128,-0.200293675
TZA,2007,40.3,-0.335751265,-0.423508465,-0.457430691,-0.142469883
TZA,2008,,-0.416348159,-0.530926585,-0.543911099,-0.166212574
TZA,2009,,-0.447849065,-0.629556417,-0.470705569,-0.160290316
TZA,2010,,-0.542279363,-0.622613788,-0.462349176,-0.130868018
TZA,2011,37.8,-0.60335964,-0.662846506,-0.449195504,-0.141483933
TZA,2012,,-0.764619529,-0.702938914,-0.410142124,-0.176013678
TZA,2013,,-0.780951321,-0.713573635,-0.353273869,-0.203786582
TZA,2014,,-0.761074305,-0.658473551,-0.363270283,-0.193400815
TZA,2015,,-0.686201811,-0.622383058,-0.40909636,-0.222010151
TZA,2016,,-0.509641171,-0.570895195,-0.47274977,-0.223028824
TZA,2017,,-0.464720368,-0.650151134,-0.593987525,-0.278152108
TZA,2018,40.5,-0.453521758,-0.754148185,-0.627430677,-0.386775434
TZA,2019,,-0.371586651,-0.832263291,-0.652389288,-0.517210066
TZA,2020,,-0.357576698,-0.714811623,-0.673867524,-0.73184222
TZA,2021,,-0.355093211,-0.63177985,-0.626817405,-0.711613357
TZA,2022,,,,,
THA,1990,45.3,,,,
THA,1991,,,,,
THA,1992,47.9,,,,
THA,1993,,,,,
THA,1994,43.5,,,,
THA,1995,,,,,
THA,1996,42.9,-0.361192048,0.180224553,5.73E-02,0.310659021
THA,1997,,,,,
THA,1998,41.5,-0.141035706,3.58E-02,0.114490226,0.382473677
THA,1999,43.1,,,,
THA,2000,42.8,-0.230174467,0.177485347,0.484793752,0.467802942
THA,2001,,,,,
THA,2002,41.9,-0.338848352,0.261051059,0.138986304,0.321516633
THA,2003,,-0.196023554,0.312914401,0.357130826,0.218241096
THA,2004,42.5,-0.24613224,0.269212455,0.219655558,0.126583278
THA,2005,,-0.206432834,0.346963078,0.453963399,-9.83E-02
THA,2006,41.8,-0.413430303,0.424168885,0.229795873,-0.739193976
THA,2007,39.8,-0.400172323,0.298577756,8.62E-02,-0.562502325
THA,2008,40.3,-0.440627247,0.169420019,0.11253725,-0.529666901
THA,2009,39.6,-0.332013279,0.218354702,0.121483989,-0.455878526
THA,2010,39.4,-0.360339463,9.40E-02,6.18E-02,-0.495821506
THA,2011,37.5,-0.353244036,0.110329352,9.04E-02,-0.405181706
THA,2012,39.3,-0.397404075,0.139575377,0.137224212,-0.321141154
THA,2013,37.8,-0.372476399,0.173174858,0.130639657,-0.42992577
THA,2014,37,-0.48051998,0.268278122,0.174806476,-0.874775231
THA,2015,36,-0.532454133,0.28014797,0.210493371,-0.969098032
THA,2016,36.9,-0.428732783,0.271201015,6.23E-02,-1.023082614
THA,2017,36.5,-0.422543049,0.304385245,2.11E-02,-1.045493007
THA,2018,36.4,-0.435409188,0.3003968,-3.27E-02,-1.022452474
THA,2019,34.9,-0.450202942,0.303793728,-1.14E-02,-0.846768022
THA,2020,35,-0.461679399,0.233210638,7.66E-02,-0.810198784
THA,2021,35.1,-0.45705694,0.253084868,9.41E-02,-0.790575862
THA,2022,,,,,
TLS,1990,,,,,
TLS,1991,,,,,
TLS,1992,,,,,
TLS,1993,,,,,
TLS,1994,,,,,
TLS,1995,,,,,
TLS,1996,,,,,-1.723410606
TLS,1997,,,,,
TLS,1998,,,,,-1.700446963
TLS,1999,,,,,
TLS,2000,,,,,-0.130789056
TLS,2001,35.9,,,,
TLS,2002,,-0.222040236,-0.764728427,-1.232708693,0.267976731
TLS,2003,,-0.249594808,-0.967361331,-1.268216372,0.165442884
TLS,2004,,-0.335041285,-0.686499238,-1.148065329,-9.35E-02
TLS,2005,,-0.569692433,-1.000289679,-1.149459362,-0.210176095
TLS,2006,,-0.598673344,-1.222839713,-1.554423809,5.74E-02
TLS,2007,27.8,-0.648965776,-1.153120637,-1.632848859,0.148541197
TLS,2008,,-0.650319099,-1.065993786,-1.341633081,0.217161998
TLS,2009,,-0.803566515,-1.19323945,-1.159774542,9.78E-02
TLS,2010,,-0.754676282,-1.251838326,-1.110628128,6.17E-02
TLS,2011,,-0.824016511,-1.185858727,-1.052828908,0.132830247
TLS,2012,,-0.743892968,-1.195800066,-1.023702502,9.63E-02
TLS,2013,,-0.693943501,-1.246225476,-0.991481781,9.11E-02
TLS,2014,28.7,-0.529522896,-1.214188099,-0.905718267,0.148797348
TLS,2015,,-0.542160153,-1.069393873,-0.981259465,0.186164752
TLS,2016,,-0.52685225,-1.027978897,-0.988567412,0.220837563
TLS,2017,,-0.549885333,-1.005245328,-0.739573658,0.343245
TLS,2018,,-0.482747108,-0.972366989,-0.79494971,0.313501954
TLS,2019,,-0.378991783,-0.880101264,-0.7758255,0.357380629
TLS,2020,,-0.318606943,-0.764207602,-0.765879154,0.373521179
TLS,2021,,-5.25E-02,-0.758729935,-0.786749601,0.459062278
TLS,2022,,,,,
TGO,1990,,,,,
TGO,1991,,,,,
TGO,1992,,,,,
TGO,1993,,,,,
TGO,1994,,,,,
TGO,1995,,,,,
TGO,1996,,-0.84262079,-0.688587904,-0.391079694,-0.986241639
TGO,1997,,,,,
TGO,1998,,-0.831447601,-0.987684667,-0.674632609,-1.124888897
TGO,1999,,,,,
TGO,2000,,-0.751898825,-1.056840181,-0.829547107,-1.125960112
TGO,2001,,,,,
TGO,2002,,-0.758069575,-1.198941946,-0.785779953,-1.383552551
TGO,2003,,-0.902238727,-1.285197258,-0.687587142,-1.180868506
TGO,2004,,-0.943994403,-1.385428667,-0.864377677,-1.231241107
TGO,2005,,-0.87377125,-1.459256053,-0.84233588,-1.221733451
TGO,2006,42.2,-1.0496068,-1.49716568,-0.91953963,-1.19514668
TGO,2007,,-0.997273386,-1.534018636,-0.975777388,-1.067694306
TGO,2008,,-0.975757539,-1.491011024,-0.973068416,-0.988219559
TGO,2009,,-1.032309651,-1.364273429,-0.877426922,-0.978557885
TGO,2010,,-0.967423081,-1.391686678,-0.887266576,-0.952039063
TGO,2011,46,-1.026531458,-1.380310178,-1.018981934,-0.903721452
TGO,2012,,-1.007718325,-1.303533673,-0.855400681,-0.995809436
TGO,2013,,-1.034691691,-1.294747949,-0.940925956,-0.904471815
TGO,2014,,-0.899913251,-1.271079183,-0.8451882,-0.766805112
TGO,2015,43.1,-0.733909905,-1.204812407,-0.843438804,-0.700742722
TGO,2016,,-0.68836832,-1.095362186,-0.824368298,-0.545297205
TGO,2017,,-0.712415874,-1.146355152,-0.817340374,-0.624594569
TGO,2018,42.5,-0.727729797,-1.075192928,-0.689334095,-0.763640106
TGO,2019,,-0.725558102,-0.936474919,-0.727751791,-0.729201138
TGO,2020,,-0.707524717,-0.69655925,-0.648758411,-0.749686539
TGO,2021,,-0.668002546,-0.647204578,-0.633285165,-0.79436487
TGO,2022,,,,,
TON,1990,,,,,
TON,1991,,,,,
TON,1992,,,,,
TON,1993,,,,,
TON,1994,,,,,
TON,1995,,,,,
TON,1996,,,,,0.226543546
TON,1997,,,,,
TON,1998,,,,,0.249043971
TON,1999,,,,,
TON,2000,37.7,,,,0.217144221
TON,2001,,,,,
TON,2002,,,,,-2.44E-02
TON,2003,,,,,6.19E-02
TON,2004,,8.92E-02,-0.547282875,-0.515539229,-0.189794227
TON,2005,,-1.35349369,-0.517296731,-0.515336812,-5.45E-02
TON,2006,,-1.377633214,-0.637603045,-0.690099478,-2.54E-02
TON,2007,,-1.055481791,-0.448294908,-0.719671786,-0.171447739
TON,2008,,-0.679467142,-0.447547376,-0.792954564,-3.03E-02
TON,2009,37.5,-0.676430941,-0.344380766,-0.574568629,-4.69E-02
TON,2010,,-0.303076357,-0.287254304,-0.579521,0.292813599
TON,2011,,-0.320604384,-0.328607202,-0.599480748,0.321024299
TON,2012,,-0.298795193,-0.386516184,-0.645014048,0.336211622
TON,2013,,-0.259107977,-0.385724336,-0.655830562,0.458545208
TON,2014,,-0.27302438,-6.14E-03,-0.427611589,0.663734496
TON,2015,33.5,-0.413508683,-0.300382078,-0.42096892,0.661673129
TON,2016,,-0.394073576,-0.2541942,-0.420099258,0.642764986
TON,2017,,-0.13321127,-0.194146395,-0.395900011,0.603061855
TON,2018,,-3.56E-02,0.202312604,-0.336946458,0.645952404
TON,2019,,-0.295294046,0.223588839,-0.301407099,0.633017719
TON,2020,,-0.307442039,0.293504655,-0.34261331,0.642574608
TON,2021,,-0.384434402,0.283389032,-0.278926253,0.729315758
TON,2022,,,,,
TTO,1990,,,,,
TTO,1991,,,,,
TTO,1992,40.3,,,,
TTO,1993,,,,,
TTO,1994,,,,,
TTO,1995,,,,,
TTO,1996,,0.901226282,-0.104411051,0.601998389,0.687231183
TTO,1997,,,,,
TTO,1998,,0.661800385,0.210070848,0.711026132,0.839022398
TTO,1999,,,,,
TTO,2000,,0.345016211,0.454069555,0.703696132,0.566399753
TTO,2001,,,,,
TTO,2002,,3.13E-02,0.341267884,0.724952698,0.566648781
TTO,2003,,6.06E-02,0.473132312,0.677086234,0.613744557
TTO,2004,,-1.89E-02,0.408112109,0.629554689,0.574701726
TTO,2005,,1.97E-02,0.185132697,0.596351504,0.613131702
TTO,2006,,-0.125168324,0.115371622,0.670382082,0.608323812
TTO,2007,,-4.88E-02,0.243682265,0.657228649,0.54562223
TTO,2008,,-7.89E-02,0.23054637,0.663967788,0.533641875
TTO,2009,,-5.41E-02,0.349775583,0.57155478,0.554204345
TTO,2010,,-0.208101377,0.339394987,0.539660513,0.523346245
TTO,2011,,-0.13505049,0.390841335,0.521160543,0.520742893
TTO,2012,,-0.182379499,0.481429756,0.245129809,0.501116395
TTO,2013,,-0.252770156,0.416589499,0.210611492,0.482290119
TTO,2014,,-0.464409143,0.335453808,0.145356745,0.473105401
TTO,2015,,-0.339452952,0.283133984,7.37E-02,0.480548501
TTO,2016,,-0.278395474,0.278874159,-1.27E-02,0.558559716
TTO,2017,,-0.369345009,0.256764799,2.32E-02,0.554902136
TTO,2018,,-0.355919063,0.237960741,-0.12018133,0.537457883
TTO,2019,,-0.233625844,0.119822189,-0.17990151,0.598354816
TTO,2020,,-0.137706757,0.209754735,-0.164304674,0.645325541
TTO,2021,,-0.277760476,0.1926945,-8.54E-02,0.672398746
TTO,2022,,,,,
TUN,1990,40.2,,,,
TUN,1991,,,,,
TUN,1992,,,,,
TUN,1993,,,,,
TUN,1994,,,,,
TUN,1995,41.7,,,,
TUN,1996,,-0.533678114,0.375723422,0.14170894,-0.599355578
TUN,1997,,,,,
TUN,1998,,-0.433107793,0.416656792,0.134595618,-0.823301256
TUN,1999,,,,,
TUN,2000,40.8,-0.394928753,0.416736394,6.81E-02,-0.81373626
TUN,2001,,,,,
TUN,2002,,0.283649951,0.522498727,-8.95E-02,-0.959111214
TUN,2003,,0.123504691,0.48796612,-8.07E-03,-0.920870662
TUN,2004,,6.78E-02,0.435415357,-0.114593126,-0.866649389
TUN,2005,37.7,-7.81E-02,0.352184087,-4.36E-02,-0.950093031
TUN,2006,,-1.25E-02,0.695144832,0.191378027,-1.297919273
TUN,2007,,-0.109465234,0.494684875,6.67E-02,-1.378913879
TUN,2008,,-0.165581718,0.322918236,8.79E-02,-1.35054493
TUN,2009,,-7.92E-02,0.379744828,-6.24E-03,-1.358337879
TUN,2010,35.8,-0.118834764,0.169263154,-8.73E-02,-1.416164637
TUN,2011,,-2.24E-02,7.77E-03,-0.266437083,-0.37050429
TUN,2012,,-3.37E-02,-4.39E-02,-0.242597431,-0.171652228
TUN,2013,,-4.14E-02,-5.24E-02,-0.285445631,-8.44E-02
TUN,2014,,-1.87E-02,-6.39E-02,-0.339506477,0.192949355
TUN,2015,32.8,-5.04E-02,-6.94E-02,-0.369946033,0.241406426
TUN,2016,,-0.137761429,-0.173241034,-0.443682522,0.303749323
TUN,2017,,-0.133681297,-1.72E-02,-0.347158164,0.162128091
TUN,2018,,-8.96E-02,2.72E-02,-0.481665909,0.183875695
TUN,2019,,-0.105317533,-3.83E-03,-0.371870786,0.262432814
TUN,2020,,-8.14E-02,-0.157310024,-0.288627088,0.282338709
TUN,2021,,-0.229555964,-0.167064905,-0.388520211,0.187098533
TUN,2022,,,,,
TUR,1990,,,,,
TUR,1991,,,,,
TUR,1992,,,,,
TUR,1993,,,,,
TUR,1994,41.3,,,,
TUR,1995,,,,,
TUR,1996,,-0.148073524,-7.61E-02,0.103578582,-0.12976031
TUR,1997,,,,,
TUR,1998,,-0.354077637,-0.312862217,0.363668382,-0.615934074
TUR,1999,,,,,
TUR,2000,,-0.258079946,-2.04E-02,0.245814547,-0.289199769
TUR,2001,,,,,
TUR,2002,41.4,-0.570128739,5.26E-02,5.58E-02,-0.219570532
TUR,2003,42.2,-0.209118396,3.30E-02,1.59E-02,-3.33E-02
TUR,2004,41.3,-0.191904396,-2.29E-02,3.07E-02,1.32E-02
TUR,2005,42.6,-3.53E-02,0.143588141,0.269054443,2.34E-04
TUR,2006,39.6,2.67E-02,0.103416599,0.280463099,-6.41E-02
TUR,2007,38.4,0.112518623,0.327112079,0.329305053,-5.33E-02
TUR,2008,39,0.11532557,0.290181726,0.269334227,-4.13E-02
TUR,2009,39,8.77E-02,0.289501756,0.288754821,-5.55E-02
TUR,2010,38.8,2.54E-02,0.314999729,0.312994033,-8.48E-02
TUR,2011,40,3.82E-02,0.365651339,0.393024772,-0.1368507
TUR,2012,40.2,0.161344782,0.432587445,0.450981587,-0.206933528
TUR,2013,40.2,9.18E-02,0.399101764,0.463030308,-0.251326382
TUR,2014,41.2,-0.134037971,0.394282222,0.432501823,-0.338407427
TUR,2015,42.9,-0.135501251,0.228523105,0.288755,-0.367709816
TUR,2016,41.9,-0.174212188,3.03E-02,0.203276694,-0.607145011
TUR,2017,41.4,-0.183094859,5.12E-02,5.75E-02,-0.705824316
TUR,2018,41.9,-0.327101529,-2.67E-02,2.86E-02,-0.851066709
TUR,2019,41.9,-0.302947283,1.92E-02,-3.84E-03,-0.834260941
TUR,2020,,-0.338743031,-0.127560288,-1.00E-02,-0.860242069
TUR,2021,,-0.385957003,-8.66E-02,-8.19E-02,-0.85914278
TUR,2022,,,,,
TKM,1990,,,,,
TKM,1991,,,,,
TKM,1992,,,,,
TKM,1993,,,,,
TKM,1994,,,,,
TKM,1995,,,,,
TKM,1996,,-1.021493435,-1.149679661,-1.376553655,-1.577282786
TKM,1997,,,,,
TKM,1998,40.8,-1.068733931,-1.100677967,-1.748048067,-1.65626657
TKM,1999,,,,,
TKM,2000,,-1.077137589,-1.15839386,-1.768283486,-1.692534447
TKM,2001,,,,,
TKM,2002,,-1.05427289,-1.382853866,-1.667082429,-1.932025671
TKM,2003,,-1.015131831,-1.408672929,-1.744266748,-1.957250237
TKM,2004,,-1.270520687,-1.547066808,-1.841409445,-1.98201263
TKM,2005,,-1.347762346,-1.56485045,-1.789073229,-2.001130581
TKM,2006,,-1.399203897,-1.513271451,-2.087571383,-2.088715553
TKM,2007,,-1.405738115,-1.400310278,-2.009495258,-2.156128407
TKM,2008,,-1.398331523,-1.395724416,-1.959103823,-2.109706879
TKM,2009,,-1.432222605,-1.382815242,-1.967352509,-2.082511187
TKM,2010,,-1.435776353,-1.524074435,-2.061424971,-2.040293694
TKM,2011,,-1.445981383,-1.512363911,-2.050928116,-2.16572094
TKM,2012,,-1.314689875,-1.118825674,-2.114089966,-2.250428438
TKM,2013,,-1.285361767,-1.125935435,-2.132285595,-2.216408491
TKM,2014,,-1.177111149,-0.506690264,-2.097846508,-2.259163857
TKM,2015,,-1.204197049,-0.548619747,-2.073918819,-2.237534761
TKM,2016,,-1.376828909,-0.861578524,-2.10329628,-2.170767784
TKM,2017,,-1.348996639,-0.964904189,-1.975878716,-2.159890413
TKM,2018,,-1.362378836,-1.045483112,-1.981237888,-2.154135466
TKM,2019,,-1.376064658,-0.966852665,-2.014978647,-2.18512249
TKM,2020,,-1.4138695,-0.991539478,-2.036666393,-2.029900312
TKM,2021,,-1.41950345,-0.928220212,-2.018804789,-1.914702177
TKM,2022,,,,,
TCA,1990,,,,,
TCA,1991,,,,,
TCA,1992,,,,,
TCA,1993,,,,,
TCA,1994,,,,,
TCA,1995,,,,,
TCA,1996,,,,,
TCA,1997,,,,,
TCA,1998,,,,,
TCA,1999,,,,,
TCA,2000,,,,,
TCA,2001,,,,,
TCA,2002,,,,,
TCA,2003,,,,,
TCA,2004,,,,,
TCA,2005,,,,,
TCA,2006,,,,,
TCA,2007,,,,,
TCA,2008,,,,,
TCA,2009,,,,,
TCA,2010,,,,,
TCA,2011,,,,,
TCA,2012,,,,,
TCA,2013,,,,,
TCA,2014,,,,,
TCA,2015,,,,,
TCA,2016,,,,,
TCA,2017,,,,,
TCA,2018,,,,,
TCA,2019,,,,,
TCA,2020,,,,,
TCA,2021,,,,,
TCA,2022,,,,,
TUV,1990,,,,,
TUV,1991,,,,,
TUV,1992,,,,,
TUV,1993,,,,,
TUV,1994,,,,,
TUV,1995,,,,,
TUV,1996,,,,,1.286168933
TUV,1997,,,,,
TUV,1998,,,,,1.304194093
TUV,1999,,,,,
TUV,2000,,,,,1.320832491
TUV,2001,,,,,
TUV,2002,,,,,1.176532745
TUV,2003,,,,,1.035866261
TUV,2004,,0.791444957,-0.670814514,-8.13E-02,0.460603118
TUV,2005,,-0.12089359,1.70E-02,-0.410195917,0.587014854
TUV,2006,,-0.104157448,-0.349038184,-0.727358162,0.783710897
TUV,2007,,-0.24031949,-0.4564282,-0.819225967,0.74657464
TUV,2008,,-0.217524931,-0.577250183,-1.093340158,0.801951885
TUV,2009,,-0.219170406,-0.447761238,-1.011516452,0.741995573
TUV,2010,39.1,-0.259419352,-0.4924891,-1.152947545,0.721381724
TUV,2011,,-0.266759753,-0.477777064,-1.176823378,0.715651512
TUV,2012,,-0.345227033,-0.693722486,-1.231591344,0.661697507
TUV,2013,,-0.393216014,-0.65923655,-1.306704044,0.71204257
TUV,2014,,2.76E-02,-0.972998142,-0.875857711,1.045138001
TUV,2015,,-1.42E-02,-0.995371938,-0.681633055,1.068615556
TUV,2016,,6.11E-02,-0.953740358,-0.595630527,1.081801653
TUV,2017,,8.45E-02,-0.741588473,-0.792564452,1.080555081
TUV,2018,,6.99E-02,-0.655209064,-0.563337505,1.112800717
TUV,2019,,0.408475995,-0.619882762,-0.491710365,1.195989728
TUV,2020,,0.502488673,-0.539141238,-0.398451,1.178223729
TUV,2021,,0.67436856,-0.478409946,-0.376121759,1.16419208
TUV,2022,,,,,
UGA,1990,,,,,
UGA,1991,,,,,
UGA,1992,41.4,,,,
UGA,1993,,,,,
UGA,1994,,,,,
UGA,1995,,,,,
UGA,1996,39,-0.723757088,-0.687850118,-2.54E-02,-0.891807199
UGA,1997,,,,,
UGA,1998,,-0.989971042,-0.490328997,0.122733884,-0.855878174
UGA,1999,43,,,,
UGA,2000,,-1.028190494,-0.492341906,-0.174555346,-0.993294954
UGA,2001,,,,,
UGA,2002,45.2,-1.025739431,-0.481236249,-0.149828881,-0.930503964
UGA,2003,,-0.948509097,-0.456536323,-0.170014277,-0.702457309
UGA,2004,,-0.811878681,-0.475024402,-0.113614902,-0.724424124
UGA,2005,42.9,-0.833648562,-0.575077951,-0.268432379,-0.597283959
UGA,2006,,-0.787619293,-0.584199429,-0.252237618,-0.445383281
UGA,2007,,-0.825754583,-0.455956519,-0.250690669,-0.486063898
UGA,2008,,-0.840163767,-0.626968801,-0.255989254,-0.509934664
UGA,2009,44.2,-0.909787476,-0.674724519,-0.192969292,-0.509125173
UGA,2010,,-0.923493564,-0.575548768,-0.201333165,-0.518370271
UGA,2011,,-0.936401606,-0.562884808,-0.176683009,-0.525404513
UGA,2012,41,-1.001575112,-0.601154864,-0.262373745,-0.493546128
UGA,2013,,-1.055946469,-0.615699768,-0.276472032,-0.551976681
UGA,2014,,-1.097377181,-0.542870998,-0.256649405,-0.585784256
UGA,2015,,-1.063391447,-0.548271418,-0.300335467,-0.567804515
UGA,2016,42.8,-1.07058847,-0.610120058,-0.26187399,-0.647862375
UGA,2017,,-1.05290091,-0.613667309,-0.247000918,-0.588405609
UGA,2018,,-1.032128453,-0.664690435,-0.273495227,-0.686198294
UGA,2019,42.7,-1.140857577,-0.621487856,-0.400987357,-0.644737601
UGA,2020,,-1.032168031,-0.587560713,-0.468168855,-0.711472571
UGA,2021,,-0.998556554,-0.570227385,-0.476884723,-0.821764648
UGA,2022,,,,,
UKR,1990,,,,,
UKR,1991,,,,,
UKR,1992,29.7,,,,
UKR,1993,28.9,,,,
UKR,1994,,,,,
UKR,1995,39.3,,,,
UKR,1996,35.2,-1.110136986,-0.670080245,-0.41892156,-0.324850231
UKR,1997,,,,,
UKR,1998,,-1.258209944,-0.848181307,-0.707292855,-0.240636587
UKR,1999,,,,,
UKR,2000,,-1.110609293,-0.675985157,-0.405505002,-0.610850632
UKR,2001,,,,,
UKR,2002,29,-1.091393948,-0.695505381,-0.624253511,-0.519448936
UKR,2003,28.7,-0.966655314,-0.67591083,-0.555056512,-0.589256763
UKR,2004,28.9,-0.979341567,-0.668878913,-0.347879618,-0.671051443
UKR,2005,29,-0.740642905,-0.675604463,-0.510850072,-0.285324872
UKR,2006,29.8,-0.772781849,-0.526243389,-0.486631006,4.96E-02
UKR,2007,27,-0.820174932,-0.727617741,-0.409717262,6.41E-02
UKR,2008,26.6,-0.862514138,-0.792305231,-0.516110599,9.07E-02
UKR,2009,25.3,-1.071736813,-0.847769856,-0.559112489,5.91E-02
UKR,2010,24.8,-1.031962514,-0.824038923,-0.454440266,-8.40E-02
UKR,2011,24.6,-1.086713314,-0.871114969,-0.563705266,-0.132440627
UKR,2012,24.7,-1.117539167,-0.593322158,-0.554683208,-0.279543012
UKR,2013,24.6,-1.176261783,-0.66313839,-0.585612416,-0.315396577
UKR,2014,24,-1.024342418,-0.397417575,-0.586776257,-0.142217666
UKR,2015,25.5,-1.018159986,-0.524381638,-0.598943889,-8.68E-02
UKR,2016,25,-0.847185731,-0.581973433,-0.400204659,1.79E-03
UKR,2017,26,-0.810838878,-0.488905281,-0.266749024,1.49E-02
UKR,2018,26.1,-0.901347339,-0.436755747,-0.244220331,-3.78E-02
UKR,2019,26.6,-0.780903399,-0.30889526,-0.202633947,2.39E-02
UKR,2020,25.6,-0.811724842,-0.382993966,-0.252103299,9.13E-02
UKR,2021,,-0.766656518,-0.408967376,-0.278163433,7.63E-02
UKR,2022,,,,,
ARE,1990,,,,,
ARE,1991,,,,,
ARE,1992,,,,,
ARE,1993,,,,,
ARE,1994,,,,,
ARE,1995,,,,,
ARE,1996,,-5.58E-03,0.77663964,0.694305301,-0.409403622
ARE,1997,,,,,
ARE,1998,,3.30E-02,0.752557337,0.583496213,-0.519163191
ARE,1999,,,,,
ARE,2000,,0.103345223,0.747685492,0.689028561,-0.516841352
ARE,2001,,,,,
ARE,2002,,1.111619234,0.796371579,1.078349113,-0.631543517
ARE,2003,,0.826036751,0.524685383,0.638878942,-0.912192345
ARE,2004,,1.039477348,0.679595292,0.792539001,-0.687912881
ARE,2005,,0.990808547,0.704675853,0.651603818,-0.708473206
ARE,2006,,0.885872543,0.936864734,0.624527931,-0.999829352
ARE,2007,,1.00609827,0.91717428,0.60901165,-0.906883299
ARE,2008,,1.071450472,0.868459821,0.567518592,-0.91238147
ARE,2009,,0.906304717,0.986655533,0.443285644,-0.83836776
ARE,2010,,0.890833914,0.892549038,0.318565339,-0.903547347
ARE,2011,,1.070487618,1.049391031,0.445208371,-0.896244109
ARE,2012,,1.155736208,1.142496109,0.670992136,-1.000819206
ARE,2013,32.5,1.273586392,1.170593381,0.774973035,-1.019483566
ARE,2014,,1.19904685,1.430154562,0.987515152,-1.061362982
ARE,2015,,1.068665862,1.505398035,1.106638789,-1.11241889
ARE,2016,,1.166215658,1.409889698,0.969070077,-1.050320983
ARE,2017,,1.1292243,1.410761595,1.01081419,-1.096804976
ARE,2018,26,1.147508383,1.42372942,0.928818166,-1.126921177
ARE,2019,,1.102937222,1.370600343,0.977581739,-1.140098095
ARE,2020,,1.111247301,1.316968679,1.085910559,-1.178465247
ARE,2021,,1.178225279,1.39862752,1.01389575,-1.192773342
ARE,2022,,,,,
GBR,1990,35.7,,,,
GBR,1991,35,,,,
GBR,1992,35,,,,
GBR,1993,35.1,,,,
GBR,1994,36,,,,
GBR,1995,35.5,,,,
GBR,1996,35.3,1.980518937,1.882196069,2.020524979,1.272319436
GBR,1997,35.7,,,,
GBR,1998,36.6,2.052521229,1.862164617,1.974909544,1.195276618
GBR,1999,36.8,,,,
GBR,2000,38.8,2.072457314,1.768822312,1.805724502,1.323269844
GBR,2001,37.1,,,,
GBR,2002,35.1,2.002636671,1.779725552,1.708124042,1.283422589
GBR,2003,34.9,1.982953906,1.745565295,1.647805929,1.333042264
GBR,2004,34.8,1.910911679,1.867567897,1.726345778,1.597445846
GBR,2005,35.5,1.89147985,1.761077523,1.613183498,1.443956375
GBR,2006,35.9,1.782940269,1.666418314,1.839908719,1.378773689
GBR,2007,34.4,1.732870221,1.641020298,1.868066311,1.335596442
GBR,2008,35.4,1.668904305,1.634230137,1.785267949,1.321022868
GBR,2009,35.1,1.623889804,1.507895827,1.581597805,1.3033005
GBR,2010,33.7,1.605673909,1.617794037,1.730519772,1.289993882
GBR,2011,33.2,1.614863515,1.603979349,1.649374008,1.29741168
GBR,2012,33.1,1.665460467,1.590896845,1.637840033,1.339132547
GBR,2013,32.7,1.718892574,1.512603164,1.761087894,1.32903707
GBR,2014,33.1,1.746633649,1.623921633,1.819528937,1.27581656
GBR,2015,33.3,1.86961019,1.731592774,1.840741992,1.297856092
GBR,2016,33.1,1.890425801,1.603366613,1.757630944,1.295394897
GBR,2017,32.6,1.852673769,1.462094903,1.712493777,1.363253355
GBR,2018,33.7,1.840590358,1.392800093,1.776036501,1.369474888
GBR,2019,32.8,1.782680988,1.476235986,1.624371767,1.261355519
GBR,2020,32.6,1.689631701,1.368001223,1.485245943,1.246827722
GBR,2021,,1.670565367,1.279481053,1.465596676,1.298432946
GBR,2022,,,,,
USA,1990,38.3,,,,
USA,1991,38,,,,
USA,1992,38.4,,,,
USA,1993,40.4,,,,
USA,1994,40,,,,
USA,1995,39.9,,,,
USA,1996,40.3,1.571041226,1.524920464,1.593101859,1.348660827
USA,1997,40.5,,,,
USA,1998,40,1.54939878,1.698527455,1.61003685,1.336877227
USA,1999,40,,,,
USA,2000,40.1,1.603597403,1.724886537,1.696120858,1.310166717
USA,2001,40.6,,,,
USA,2002,40.4,1.873596668,1.620927811,1.551741362,1.344568133
USA,2003,40.8,1.704490542,1.539453506,1.568514585,1.33822763
USA,2004,40.3,1.810701966,1.739815593,1.559834719,1.327751994
USA,2005,41,1.536726952,1.530565977,1.60669601,1.294523597
USA,2006,41.4,1.344892621,1.581312895,1.640943408,1.101621866
USA,2007,40.8,1.377069235,1.642653704,1.49368763,1.109810472
USA,2008,40.8,1.437633395,1.604505539,1.532458067,1.144266844
USA,2009,40.6,1.286476374,1.502784014,1.398337722,1.09722805
USA,2010,40,1.265258074,1.552067518,1.443845391,1.133627057
USA,2011,40.9,1.262119055,1.513583064,1.455096602,1.126965761
USA,2012,40.9,1.402794003,1.521011114,1.294393897,1.161587
USA,2013,40.7,1.305992603,1.516837239,1.260388613,1.103018641
USA,2014,41.5,1.371681571,1.462136626,1.276289463,1.071248293
USA,2015,41.2,1.394115925,1.459397316,1.251636505,1.10983932
USA,2016,41.1,1.368130684,1.470559239,1.493848562,1.110259891
USA,2017,41.2,1.376931906,1.549218297,1.6261338,1.008997202
USA,2018,41.4,1.32442522,1.569072962,1.619344234,0.97635442
USA,2019,41.5,1.21196878,1.482331276,1.34376359,0.903775811
USA,2020,39.7,1.065649033,1.310419917,1.247849345,0.868967414
USA,2021,39.8,1.046862006,1.336411476,1.451740861,0.903906584
USA,2022,,,,,
URY,1990,,,,,
URY,1991,,,,,
URY,1992,,,,,
URY,1993,,,,,
URY,1994,,,,,
URY,1995,,,,,
URY,1996,,1.124996305,0.584609449,0.84024322,0.829836369
URY,1997,,,,,
URY,1998,,1.075736403,0.430778682,0.906548262,0.974659562
URY,1999,,,,,
URY,2000,,0.957407117,0.416957408,0.745703042,0.989812434
URY,2001,,,,,
URY,2002,,0.945743263,0.588606656,0.55635494,1.054346561
URY,2003,,1.101403475,0.459582776,0.311726302,0.992518246
URY,2004,,0.894058406,0.303440303,0.299977809,0.842710495
URY,2005,,1.081768513,0.492331803,0.41782546,0.885737658
URY,2006,45.9,1.130043507,0.377920926,0.401181012,1.030710816
URY,2007,46.4,1.280935764,0.559167504,0.380375654,1.04552269
URY,2008,45.1,1.345951676,0.536037385,0.396923661,1.062144518
URY,2009,45.5,1.250004292,0.620693743,0.505946875,1.105794072
URY,2010,44.5,1.297701478,0.629524291,0.599306583,1.146545172
URY,2011,42.2,1.289977908,0.53453809,0.609196186,1.12143147
URY,2012,39.9,1.378116846,0.410195321,0.599089086,1.06096673
URY,2013,40.5,1.397212505,0.391558528,0.715800822,1.085263252
URY,2014,40.1,1.388391733,0.428697258,0.723710597,1.107888818
URY,2015,40.1,1.335892081,0.477395326,0.601099372,1.143421888
URY,2016,39.7,1.282647491,0.530456185,0.690161765,1.16303432
URY,2017,39.5,1.288374305,0.428820461,0.655359924,1.167404771
URY,2018,39.7,1.238815427,0.530199647,0.632340789,1.180034518
URY,2019,39.7,1.226480722,0.671302378,0.622146308,1.226976991
URY,2020,40.2,1.393484592,0.769235492,0.697773159,1.311339259
URY,2021,40.8,1.61529088,0.839954197,0.722562492,1.298306942
URY,2022,,,,,
UZB,1990,,,,,
UZB,1991,,,,,
UZB,1992,,,,,
UZB,1993,,,,,
UZB,1994,,,,,
UZB,1995,,,,,
UZB,1996,,-1.128820658,-1.20064342,-1.776772618,-1.600370407
UZB,1997,,,,,
UZB,1998,44.7,-1.134654045,-1.205540299,-2.021319866,-1.758488417
UZB,1999,,,,,
UZB,2000,36.1,-1.080414772,-1.019983292,-2.242905617,-1.833386779
UZB,2001,,,,,
UZB,2002,33,-0.964738905,-1.208393455,-1.510510683,-1.80931139
UZB,2003,35.3,-0.914871931,-1.182025075,-1.423900008,-1.7646029
UZB,2004,,-1.068812013,-1.194943428,-1.581190109,-1.78085947
UZB,2005,,-1.229637623,-1.220470309,-1.513823986,-1.930238962
UZB,2006,,-1.016335964,-1.180597901,-1.628457427,-2.071797371
UZB,2007,,-1.033785582,-1.13117063,-1.506052732,-2.117637873
UZB,2008,,-1.06285727,-0.885466874,-1.363840461,-2.100142717
UZB,2009,,-1.276073456,-0.6308617,-1.469173312,-2.102610588
UZB,2010,,-1.307985425,-0.719031394,-1.536477327,-2.085671902
UZB,2011,,-1.387564898,-0.683713198,-1.557781339,-2.124430656
UZB,2012,,-1.310680032,-0.913655996,-1.579983473,-2.033548832
UZB,2013,,-1.273042798,-0.916848063,-1.603982806,-1.966497064
UZB,2014,,-1.194444299,-0.624362528,-1.729825616,-1.913254142
UZB,2015,,-1.270281315,-0.670059741,-1.663137794,-1.956137896
UZB,2016,,-1.181305885,-0.579955995,-1.627996325,-1.886788964
UZB,2017,,-1.16738224,-0.560735762,-1.281056523,-1.797307253
UZB,2018,,-1.059244037,-0.548525631,-1.106446624,-1.630064487
UZB,2019,,-1.02622211,-0.523717761,-1.030110121,-1.653113842
UZB,2020,,-1.050369263,-0.530203223,-0.977474451,-1.532506585
UZB,2021,,-0.808077157,-0.196801484,-0.581233621,-1.399752259
UZB,2022,,,,,
VUT,1990,,,,,
VUT,1991,,,,,
VUT,1992,,,,,
VUT,1993,,,,,
VUT,1994,,,,,
VUT,1995,,,,,
VUT,1996,,0.216309443,,,0.62880218
VUT,1997,,,,,
VUT,1998,,0.238909855,,,0.639759064
VUT,1999,,,,,
VUT,2000,,0.227800235,,,0.639512837
VUT,2001,,,,,
VUT,2002,,0.230140477,,,0.810420454
VUT,2003,,0.262945443,,,0.732518852
VUT,2004,,-0.138781786,-0.250807106,6.34E-02,0.276733279
VUT,2005,,0.29455924,-0.259506971,0.247530341,0.195848137
VUT,2006,,0.192250758,-0.412739456,1.73E-03,0.454070419
VUT,2007,,0.273236156,-0.411235124,-0.446476102,0.392457008
VUT,2008,,0.35745886,-0.283090204,-0.697731018,0.478367478
VUT,2009,,0.338911116,-0.321739256,-0.679592252,0.505319178
VUT,2010,37.4,0.300518751,-0.267455131,-0.781638503,0.496133357
VUT,2011,,0.308373779,-0.213458091,-0.684840024,0.427274108
VUT,2012,,0.344245106,-0.18976222,-0.744923711,0.395672679
VUT,2013,,0.292244524,-0.182715878,-0.537155151,0.437806696
VUT,2014,,0.476412117,-0.517081976,-0.325082302,0.591261208
VUT,2015,,-0.134729549,-0.791757166,-0.343001187,0.592993319
VUT,2016,,-0.101656847,-0.908069015,-0.302986652,0.66418165
VUT,2017,,1.82E-05,-0.923308551,-0.319478542,0.694653988
VUT,2018,,-0.160336271,-0.467415452,-0.458643496,0.598569036
VUT,2019,32.3,-0.259581238,-0.530147731,-0.450524658,0.680349052
VUT,2020,,-0.146144107,-0.397548378,-0.401847631,0.609990001
VUT,2021,,-1.76E-02,-0.558449566,-0.122765079,0.693955302
VUT,2022,,,,,
VEN,1990,,,,,
VEN,1991,,,,,
VEN,1992,42.1,,,,
VEN,1993,,,,,
VEN,1994,,,,,
VEN,1995,47.2,,,,
VEN,1996,,-0.862947106,-0.54071331,-0.308690518,-9.36E-02
VEN,1997,,,,,
VEN,1998,48.1,-0.933741689,-0.79969734,-0.312703252,0.114986144
VEN,1999,47.8,,,,
VEN,2000,,-0.642675042,-0.692695796,-0.31923005,-6.88E-02
VEN,2001,47.2,,,,
VEN,2002,49,-1.061424494,-1.002943635,-0.666176438,-0.462428361
VEN,2003,48.1,-1.067478895,-0.958337367,-1.002670527,-0.439825714
VEN,2004,47.5,-0.97820282,-1.055545211,-1.065405965,-0.598475635
VEN,2005,49.5,-1.030746222,-0.911587059,-1.099601746,-0.637349963
VEN,2006,44.8,-1.049627066,-1.060596585,-1.208008647,-0.622201085
VEN,2007,,-1.08307755,-1.092526793,-1.443938136,-0.745731115
VEN,2008,,-1.144423723,-1.144806147,-1.372148633,-0.752219379
VEN,2009,,-1.171696544,-0.96865648,-1.559879422,-0.853539109
VEN,2010,,-1.208009005,-1.097542167,-1.563119769,-0.870534301
VEN,2011,,-1.155070424,-1.127799153,-1.402885199,-0.934033573
VEN,2012,,-1.258297563,-1.078848362,-1.444834471,-0.906963706
VEN,2013,,-1.306562662,-1.110398769,-1.529261708,-0.951577425
VEN,2014,,-1.394557238,-1.169327974,-1.740042567,-1.083759427
VEN,2015,,-1.389553308,-1.158841848,-1.845023394,-1.091079831
VEN,2016,,-1.350344896,-1.23660326,-1.986445189,-1.135423064
VEN,2017,,-1.369140267,-1.397838473,-1.960941911,-1.207093477
VEN,2018,,-1.494988084,-1.644373655,-2.366042137,-1.437164426
VEN,2019,,-1.512242556,-1.694786787,-2.36221385,-1.430440187
VEN,2020,,-1.558011174,-1.871080518,-2.245966911,-1.516000748
VEN,2021,,-1.60577929,-1.85184741,-2.195711136,-1.630625725
VEN,2022,,,,,
VNM,1990,,,,,
VNM,1991,,,,,
VNM,1992,35.7,,,,
VNM,1993,,,,,
VNM,1994,,,,,
VNM,1995,,,,,
VNM,1996,,-0.489798933,-0.580875695,-0.602832019,-1.087494493
VNM,1997,35.4,,,,
VNM,1998,,-0.491153985,-0.422356635,-0.61058557,-1.347712874
VNM,1999,,,,,
VNM,2000,,-0.584863126,-0.39429751,-0.641752243,-1.238299251
VNM,2001,,,,,
VNM,2002,37,-0.56099081,-0.437316597,-0.766993642,-1.448818564
VNM,2003,,-0.490872562,-0.415786147,-0.637721121,-1.474382758
VNM,2004,36.8,-0.756660283,-0.493995547,-0.556896567,-1.337931871
VNM,2005,,-0.72958231,-0.23279807,-0.601215303,-1.40304482
VNM,2006,35.8,-0.747617364,-0.25140813,-0.625979781,-1.538451314
VNM,2007,,-0.630165637,-0.235695943,-0.572598636,-1.526949406
VNM,2008,35.6,-0.711532891,-0.210234612,-0.630675972,-1.496713638
VNM,2009,,-0.545064032,-0.250741363,-0.633366287,-1.482638597
VNM,2010,39.3,-0.622543275,-0.24868004,-0.631919384,-1.496967793
VNM,2011,,-0.614729941,-0.214853138,-0.609958649,-1.45916307
VNM,2012,35.6,-0.532105982,-0.259284467,-0.676629722,-1.420068979
VNM,2013,,-0.482674778,-0.255635917,-0.652517498,-1.366399527
VNM,2014,34.8,-0.438092947,-5.07E-02,-0.602058232,-1.374712229
VNM,2015,,-0.429407835,9.25E-02,-0.488062769,-1.358860254
VNM,2016,35.3,-0.457354844,2.89E-02,-0.482904017,-1.37337625
VNM,2017,,-0.599393189,7.79E-03,-0.416093022,-1.411093473
VNM,2018,35.7,-0.488851458,2.77E-03,-0.360865027,-1.476462603
VNM,2019,,-0.524321258,4.39E-02,-0.364987105,-1.40561986
VNM,2020,36.8,-0.351731241,0.230213508,-0.223697126,-1.378373265
VNM,2021,,-0.285784245,0.277978897,-0.398171872,-1.30420506
VNM,2022,,,,,
VIR,1990,,,,,
VIR,1991,,,,,
VIR,1992,,,,,
VIR,1993,,,,,
VIR,1994,,,,,
VIR,1995,,,,,
VIR,1996,,,,,
VIR,1997,,,,,
VIR,1998,,,,,
VIR,1999,,,,,
VIR,2000,,,,,
VIR,2001,,,,,
VIR,2002,,,,,
VIR,2003,,,,,
VIR,2004,,0.650999784,0.638620377,1.269526482,0.760900199
VIR,2005,,0.789309144,1.287201762,1.111617446,1.153230071
VIR,2006,,0.775587142,1.279470682,0.608042121,0.782868326
VIR,2007,,0.784966588,1.246103287,0.626675904,0.744717002
VIR,2008,,0.797165334,1.270425439,0.642759264,0.746175408
VIR,2009,,0.832615554,1.276444793,0.653302133,0.743839979
VIR,2010,,0.815264821,1.256260037,0.642825544,0.767428875
VIR,2011,,0.791372001,1.244318485,0.631379724,0.784417808
VIR,2012,,0.779971004,1.262513876,0.599272251,0.800454021
VIR,2013,,0.778301716,1.271106958,0.601454556,0.783445895
VIR,2014,,0.634897768,1.20282197,0.529373944,
VIR,2015,,0.628620863,1.263524532,0.53865993,
VIR,2016,,0.635052264,1.323128939,0.86785984,
VIR,2017,,0.639380634,0.832174897,0.839894116,
VIR,2018,,0.627484262,0.824066341,0.821928322,
VIR,2019,,0.621286213,0.810354948,1.22653389,
VIR,2020,,3.91E-02,0.689502597,1.343301415,
VIR,2021,,3.63E-02,0.697109878,1.362524509,
VIR,2022,,,,,
PSE,1990,,,,,
PSE,1991,,,,,
PSE,1992,,,,,
PSE,1993,,,,,
PSE,1994,,,,,
PSE,1995,,,,,
PSE,1996,,4.15E-02,-1.149679661,-0.891484022,-0.75876075
PSE,1997,,,,,
PSE,1998,,2.55E-02,-1.100677967,-0.881181359,-0.7178756
PSE,1999,,,,,
PSE,2000,,-8.80E-02,-1.15839386,-0.900468171,-0.76744622
PSE,2001,,,,,
PSE,2002,,-0.329601347,-1.031284809,-0.991329432,-0.80527252
PSE,2003,,-0.378244728,-1.224674344,-1.024316311,-0.850594282
PSE,2004,34,-2.13E-02,-0.791460991,-0.637341201,-0.68244648
PSE,2005,34.7,-0.49689728,-1.062053919,-1.060214877,-0.653496861
PSE,2006,34,-0.303130627,-0.981868684,-1.015352607,-0.434554875
PSE,2007,35.6,-0.116835959,-1.10637188,-1.199777246,-0.67793411
PSE,2008,,-0.440319508,-1.273423553,-1.120842099,-0.862080753
PSE,2009,34.5,-0.108424991,-0.675499499,-0.209515676,-0.95371902
PSE,2010,35.3,-0.113489479,-0.373958826,0.213046864,-0.823600352
PSE,2011,34.4,-0.453298777,-0.598375857,0.199400276,-1.00567627
PSE,2012,,-0.25758794,-0.712441206,7.26E-02,-0.935010076
PSE,2013,,-0.258733332,-0.725639522,0.119205616,-0.928261876
PSE,2014,,-0.283548146,-0.488269746,0.205778599,-0.881757915
PSE,2015,,-0.458670765,-0.474415511,9.91E-02,-0.985828936
PSE,2016,33.7,-0.155563965,-0.634898186,6.06E-02,-1.094774246
PSE,2017,,-3.28E-02,-0.403328121,2.08E-02,-1.031723022
PSE,2018,,-0.199808404,-0.762978435,1.68E-02,-0.920789599
PSE,2019,,-0.330311328,-0.746353567,3.17E-02,-1.026804805
PSE,2020,,-0.554746866,-0.648640096,7.80E-02,-1.130410075
PSE,2021,,-0.738599837,-0.766787648,-2.46E-02,-1.110767007
PSE,2022,,,,,
YEM,1990,,,,,
YEM,1991,,,,,
YEM,1992,,,,,
YEM,1993,,,,,
YEM,1994,,,,,
YEM,1995,,,,,
YEM,1996,,-0.743732214,-0.624154627,-0.439127803,-0.681765139
YEM,1997,,,,,
YEM,1998,35,-0.998174608,-0.797985852,-0.600993574,-0.777622283
YEM,1999,,,,,
YEM,2000,,-0.971831322,-0.81583035,-0.709425867,-0.801567316
YEM,2001,,,,,
YEM,2002,,-0.971152008,-0.891898394,-0.88151294,-1.161358595
YEM,2003,,-1.0030514,-0.860055864,-0.778926432,-0.892346799
YEM,2004,,-1.089905858,-0.971664608,-0.884178817,-0.965285063
YEM,2005,34.7,-0.896564424,-0.915598035,-0.83576411,-1.049738765
YEM,2006,,-0.789497018,-0.918037176,-0.773362696,-1.187120438
YEM,2007,,-0.793472648,-0.881667733,-0.675990701,-1.112436891
YEM,2008,,-0.797573388,-0.890321016,-0.725814462,-1.220972419
YEM,2009,,-1.075401783,-1.080344915,-0.641269386,-1.271364331
YEM,2010,,-1.191630483,-1.02837956,-0.615789056,-1.331231475
YEM,2011,,-1.241910219,-1.155693769,-0.843221605,-1.393670559
YEM,2012,,-1.258748412,-1.284053206,-0.698649287,-1.35484612
YEM,2013,,-1.256176949,-1.229525685,-0.73860395,-1.333612323
YEM,2014,36.7,-1.5652982,-1.436059356,-0.90968436,-1.301003695
YEM,2015,,-1.49198246,-1.668584704,-1.134901047,-1.523449659
YEM,2016,,-1.680909276,-1.870333195,-1.488084316,-1.690165281
YEM,2017,,-1.603528857,-1.942872047,-1.470228553,-1.691049218
YEM,2018,,-1.642192841,-2.263159752,-1.61906755,-1.762161374
YEM,2019,,-1.698357701,-2.315260887,-1.676149726,-1.78093493
YEM,2020,,-1.694187403,-2.348561049,-1.836731911,-1.765263557
YEM,2021,,-1.651690602,-2.304463625,-2.007948637,-1.684489965
YEM,2022,,,,,
ZMB,1990,,,,,
ZMB,1991,60.5,,,,
ZMB,1992,,,,,
ZMB,1993,52.6,,,,
ZMB,1994,,,,,
ZMB,1995,,,,,
ZMB,1996,48.3,-0.840640664,-1.12837553,-0.482703656,-0.334019482
ZMB,1997,,,,,
ZMB,1998,49.1,-0.853155673,-1.069229007,-0.293480426,-0.483754486
ZMB,1999,,,,,
ZMB,2000,,-0.81826067,-1.078764439,-0.447519153,-0.413114339
ZMB,2001,,,,,
ZMB,2002,42.1,-0.758519173,-0.924903035,-0.760921121,-0.317013323
ZMB,2003,,-0.641858518,-1.017557502,-0.640948832,-0.36678043
ZMB,2004,54.3,-0.604488134,-0.937764108,-0.629703283,-0.444224864
ZMB,2005,,-0.592440426,-0.944814146,-0.74261868,-0.430345923
ZMB,2006,54.6,-0.551735699,-0.883435547,-0.655606568,-0.207338288
ZMB,2007,,-0.398109436,-0.751892865,-0.567137718,-0.206985205
ZMB,2008,,-0.38960132,-0.767481446,-0.508774042,-0.161100179
ZMB,2009,,-0.469497651,-0.822767735,-0.542492092,-0.300323874
ZMB,2010,52,-0.51831919,-0.866416395,-0.524832308,-0.243015319
ZMB,2011,,-0.41075328,-0.685641646,-0.467423737,-0.170420811
ZMB,2012,,-0.291441262,-0.51138109,-0.444079787,-0.132826567
ZMB,2013,,-0.315542519,-0.521591067,-0.494722933,-0.106042102
ZMB,2014,,-0.347682625,-0.534560144,-0.53390485,-0.109430872
ZMB,2015,55.9,-0.346599162,-0.612141967,-0.476323843,-6.65E-02
ZMB,2016,,-0.405702263,-0.704610765,-0.52938056,-0.300620377
ZMB,2017,,-0.545036256,-0.671800911,-0.499862432,-0.33555454
ZMB,2018,,-0.657134473,-0.62477833,-0.510764241,-0.342629284
ZMB,2019,,-0.662319958,-0.717326403,-0.594765902,-0.309643388
ZMB,2020,,-0.723668396,-0.802456021,-0.670564473,-0.428637415
ZMB,2021,,-0.753424048,-0.81693244,-0.552872658,-0.366998583
ZMB,2022,,,,,
ZWE,1990,,,,,
ZWE,1991,,,,,
ZWE,1992,,,,,
ZWE,1993,,,,,
ZWE,1994,,,,,
ZWE,1995,,,,,
ZWE,1996,,-0.278847158,-0.318770558,-0.765806437,-0.611550152
ZWE,1997,,,,,
ZWE,1998,,-0.504802108,-0.424850851,-0.842344582,-0.789812207
ZWE,1999,,,,,
ZWE,2000,,-1.127275467,-0.757242501,-1.391089082,-1.085387945
ZWE,2001,,,,,
ZWE,2002,,-1.156759501,-0.839923084,-1.798833966,-1.363360763
ZWE,2003,,-1.188867569,-0.926835656,-1.855191708,-1.431191921
ZWE,2004,,-1.253563166,-1.001512647,-1.974932075,-1.553577185
ZWE,2005,,-1.31461668,-1.354209661,-2.201544046,-1.674941421
ZWE,2006,,-1.372948766,-1.256437063,-1.934421778,-1.539243817
ZWE,2007,,-1.404757977,-1.292395353,-2.075259686,-1.571520925
ZWE,2008,,-1.348838091,-1.542652607,-2.064896107,-1.5490309
ZWE,2009,,-1.357875228,-1.553130746,-2.080981731,-1.539210081
ZWE,2010,,-1.373286724,-1.538160443,-2.001823902,-1.47518158
ZWE,2011,43.2,-1.425626516,-1.419676661,-1.89214921,-1.463762522
ZWE,2012,,-1.381803393,-1.37521708,-1.871890545,-1.471968174
ZWE,2013,,-1.419667006,-1.30902648,-1.854898691,-1.386219621
ZWE,2014,,-1.404366732,-1.279023647,-1.892657995,-1.256889462
ZWE,2015,,-1.317810893,-1.2021662,-1.63175118,-1.166087151
ZWE,2016,,-1.271257639,-1.209889531,-1.684895873,-1.178459764
ZWE,2017,44.3,-1.281080604,-1.238663435,-1.56413734,-1.195904016
ZWE,2018,,-1.227580667,-1.261773825,-1.509489417,-1.140975118
ZWE,2019,50.3,-1.273280382,-1.267287731,-1.468613386,-1.16470468
ZWE,2020,,-1.289439678,-1.2997787,-1.416231632,-1.113715529
ZWE,2021,,-1.257896781,-1.242930412,-1.37249732,-1.136934161
ZWE,2022,,,,,