iso3,year,health_gdp,beds,physicians,undernourishment,antiretroviral,hiv,malaria,tuberculosis
AFG,1990,..,0.249799997,0.109,..,..,0.01,..,..
AFG,1991,..,..,..,..,..,0.01,..,..
AFG,1992,..,..,..,..,..,0.01,..,..
AFG,1993,..,..,0.143,..,..,0.01,..,..
AFG,1994,..,..,..,..,..,0.01,..,..
AFG,1995,..,..,..,..,..,0.01,..,..
AFG,1996,..,..,..,..,..,0.01,..,..
AFG,1997,..,..,0.11,..,..,0.01,..,..
AFG,1998,..,..,..,..,..,0.01,..,..
AFG,1999,..,..,..,..,..,0.01,..,..
AFG,2000,..,0.3,..,..,0,0.02,87.15782905,190
AFG,2001,..,0.39,0.1899,47.8,0,0.02,86.51306118,189
AFG,2002,9.44339085,0.39,..,45.6,0,0.02,85.43611013,189
AFG,2003,8.94125843,0.39,..,40.6,0,0.02,71.20592661,189
AFG,2004,9.80847359,0.39,..,38,0,0.02,39.49003799,189
AFG,2005,9.94828892,0.42,..,36.1,0,0.02,28.45800921,189
AFG,2006,10.62276554,0.42,0.1596,33.3,0,0.02,21.32484859,189
AFG,2007,9.90467453,0.42,0.1743,29.8,0,0.02,22.66924605,189
AFG,2008,10.25649548,0.42,0.1744,26.5,0,0.02,19.77918887,189
AFG,2009,9.81848717,0.42,0.2126,23.3,1,0.02,13.0267993,189
AFG,2010,8.56967163,0.43,0.2365,21.2,1,0.02,13.43902615,189
AFG,2011,8.56190777,0.44,0.2518,20.2,2,0.02,16.07053918,189
AFG,2012,7.89716864,0.53,0.2414,21.1,3,0.03,9.395939774,189
AFG,2013,8.80596447,0.53,0.2846,20.7,4,0.03,11.50176055,189
AFG,2014,9.52887821,0.5,0.2983,20.7,4,0.03,12.6553351,189
AFG,2015,10.10534763,0.5,0.285,21.5,5,0.03,14.15333928,189
AFG,2016,11.81859016,0.5,0.2782,22.2,7,0.03,27.46298543,189
AFG,2017,12.62081718,0.39,0.2409,23,11,0.03,29.07702729,189
AFG,2018,14.20841891,..,0.2966,24,11,0.03,22.40214744,189
AFG,2019,14.8313194,..,0.2125,26.9,11,0.03,14.20253722,189
AFG,2020,15.53361392,..,0.2538,29.8,11,0.03,8.427045026,189
AFG,2021,16.82606226,..,..,..,10,0.04,6.251628365,189
AFG,2022,..,..,..,..,..,..,..,..
ALB,1990,..,4.02489996,1.3743,..,..,0.01,..,..
ALB,1991,..,3.998699903,1.4611,..,..,0.01,..,..
ALB,1992,..,4.013400078,1.6217,..,..,0.01,..,..
ALB,1993,..,3.831399918,1.4131,..,..,0.01,..,..
ALB,1994,..,3.017100096,1.345,..,..,0.01,..,..
ALB,1995,..,3.190000057,1.3634,..,..,0.01,..,..
ALB,1996,..,3.140000105,1.3806,..,..,0.01,..,..
ALB,1997,..,3.049999952,1.3885,..,..,0.01,..,..
ALB,1998,..,3.049999952,1.3904,..,..,0.01,..,..
ALB,1999,..,3.029999971,..,..,..,0.01,..,..
ALB,2000,5.94418573,3.26,1.3821,..,0,0.01,..,22
ALB,2001,5.92583275,3.26,1.31,4.9,0,0.01,..,20
ALB,2002,5.6645999,3.14,1.1695,6.1,0,0.02,..,22
ALB,2003,6.19891882,3.07,1.1863,7.5,0,0.02,..,20
ALB,2004,6.0557785,3.01,1.1913,8.6,4,0.02,..,20
ALB,2005,5.83303022,3.08,..,8.9,8,0.03,..,19
ALB,2006,5.6859889,3.12,1.1838,8.8,9,0.03,..,18
ALB,2007,5.70842791,3.09,1.1951,8.3,10,0.03,..,17
ALB,2008,5.50962448,..,..,7.3,14,0.03,..,16
ALB,2009,5.7276206,3.01,1.2297,6.3,16,0.03,..,17
ALB,2010,6.23899555,2.99,1.2347,5.8,17,0.03,..,17
ALB,2011,6.11952829,2.88,1.2217,5.4,21,0.03,..,17
ALB,2012,6.09262609,2.88,1.2683,5.1,26,0.03,..,16
ALB,2013,6.27234411,2.89,1.2773,5,34,0.03,..,19
ALB,2014,6.44164276,..,..,5,35,0.03,..,16
ALB,2015,6.48361206,..,..,4.9,39,0.03,..,17
ALB,2016,6.66606188,..,1.2164,4.7,43,0.03,..,17
ALB,2017,6.54604626,..,..,4.7,46,0.03,..,20
ALB,2018,6.65958786,..,..,4.6,45,0.03,..,18
ALB,2019,..,..,1.6471,4.3,45,0.03,..,16
ALB,2020,..,..,1.8754,3.9,49,0.03,..,16
ALB,2021,..,..,..,..,53,0.03,..,17
ALB,2022,..,..,..,..,..,..,..,..
DZA,1990,..,2.499300003,0.942,..,..,0.01,..,..
DZA,1991,..,..,..,..,..,0.01,..,..
DZA,1992,..,..,..,..,..,0.01,..,..
DZA,1993,..,..,0.821,..,..,0.01,..,..
DZA,1994,..,2.103199959,..,..,..,0.01,..,..
DZA,1995,..,..,0.846,..,..,0.01,..,..
DZA,1996,..,..,..,..,..,0.01,..,..
DZA,1997,..,..,..,..,..,0.01,..,..
DZA,1998,..,2.099999905,1,..,..,0.01,..,..
DZA,1999,..,..,..,..,..,0.01,..,..
DZA,2000,3.48903275,..,..,..,7,0.01,1.88E-02,75
DZA,2001,3.83787704,..,..,8,9,0.01,3.27E-03,73
DZA,2002,3.7300415,..,1.1103,7.3,10,0.01,5.38E-03,74
DZA,2003,3.60104108,..,..,7,10,0.01,2.66E-03,76
DZA,2004,3.5440731,1.7,..,7,12,0.02,1.05E-03,76
DZA,2005,3.23516107,..,1.0242,6.7,15,0.02,5.17E-04,80
DZA,2006,3.35510349,..,..,6.4,20,0.02,5.09E-04,79
DZA,2007,3.82141757,..,1.1958,5.9,21,0.02,1.30E-02,78
DZA,2008,4.20188284,..,..,5.6,22,0.02,1.48E-03,74
DZA,2009,5.35939837,..,..,5.1,27,0.02,0,77
DZA,2010,5.11716986,..,..,4.3,36,0.02,4.75E-04,78
DZA,2011,5.26748085,..,..,3.8,40,0.02,4.66E-04,73
DZA,2012,6.00050974,..,..,3.2,45,0.03,2.51E-02,73
DZA,2013,6.03576279,..,..,3,54,0.03,3.58E-03,68
DZA,2014,6.54721403,..,..,2.9,62,0.04,0,72
DZA,2015,6.97849178,1.9,..,2.8,68,0.05,0,75
DZA,2016,6.60749817,..,1.8325,2.8,73,0.05,0,70
DZA,2017,6.27938414,..,..,2.7,75,0.05,0,70
DZA,2018,6.16302586,..,1.7193,2.5,78,0.05,0,69
DZA,2019,6.25170851,..,..,2.5,80,0.04,0,61
DZA,2020,6.32117987,..,..,2.5,80,0.04,0,58
DZA,2021,..,..,..,..,82,0.04,0,54
DZA,2022,..,..,..,..,..,..,..,..
ASM,1990,..,..,..,..,..,..,..,..
ASM,1991,..,..,..,..,..,..,..,..
ASM,1992,..,..,..,..,..,..,..,..
ASM,1993,..,..,..,..,..,..,..,..
ASM,1994,..,..,..,..,..,..,..,..
ASM,1995,..,..,..,..,..,..,..,..
ASM,1996,..,..,..,..,..,..,..,..
ASM,1997,..,..,..,..,..,..,..,..
ASM,1998,..,..,..,..,..,..,..,..
ASM,1999,..,..,0.781,..,..,..,..,..
ASM,2000,..,..,..,..,..,..,..,6
ASM,2001,..,..,..,..,..,..,..,5.9
ASM,2002,..,..,..,..,..,..,..,3.9
ASM,2003,..,..,..,..,..,..,..,5.8
ASM,2004,..,..,..,..,..,..,..,9.6
ASM,2005,..,..,..,..,..,..,..,12
ASM,2006,..,..,..,..,..,..,..,7.8
ASM,2007,..,..,..,..,..,..,..,5.9
ASM,2008,..,..,..,..,..,..,..,6
ASM,2009,..,..,..,..,..,..,..,8.1
ASM,2010,..,..,..,..,..,..,..,8.2
ASM,2011,..,..,..,..,..,..,..,6.2
ASM,2012,..,..,..,..,..,..,..,6.9
ASM,2013,..,..,..,..,..,..,..,6.7
ASM,2014,..,..,..,..,..,..,..,6.4
ASM,2015,..,..,..,..,..,..,..,8.2
ASM,2016,..,..,..,..,..,..,..,5.7
ASM,2017,..,..,..,..,..,..,..,10
ASM,2018,..,..,..,..,..,..,..,0
ASM,2019,..,..,..,..,..,..,..,2.1
ASM,2020,..,..,..,..,..,..,..,4.1
ASM,2021,..,..,..,..,..,..,..,4.1
ASM,2022,..,..,..,..,..,..,..,..
AND,1990,..,..,..,..,..,..,..,..
AND,1991,..,..,..,..,..,..,..,..
AND,1992,..,..,..,..,..,..,..,..
AND,1993,..,..,..,..,..,..,..,..
AND,1994,..,..,..,..,..,..,..,..
AND,1995,..,..,2.2379,..,..,..,..,..
AND,1996,..,3.180000067,..,..,..,..,..,..
AND,1997,..,3,2.4572,..,..,..,..,..
AND,1998,..,3.089999914,2.5273,..,..,..,..,..
AND,1999,..,3.200000048,..,..,..,..,..,..
AND,2000,5.95210266,3.200000048,2.5688,..,..,..,..,21
AND,2001,5.85757971,2.589999914,2.6003,..,..,..,..,17
AND,2002,5.99556017,..,2.9,..,..,..,..,8.1
AND,2003,5.54707241,3.299999952,3.3333,..,..,..,..,17
AND,2004,5.2878232,..,3.1324,..,..,..,..,10
AND,2005,5.59412527,2.7,3.2319,..,..,..,..,14
AND,2006,4.96465921,2.6,3.0123,..,..,..,..,17
AND,2007,4.92283344,2.6,3.0109,..,..,..,..,7.4
AND,2008,5.6700263,..,..,..,..,..,..,6
AND,2009,6.08030987,2.5,3.1479,..,..,..,..,12
AND,2010,7.87839746,..,..,..,..,..,..,11
AND,2011,7.70434046,..,..,..,..,..,..,4.9
AND,2012,6.74644995,..,..,..,..,..,..,15
AND,2013,6.83291245,..,..,..,..,..,..,8.1
AND,2014,6.82586813,..,..,..,..,..,..,9.6
AND,2015,7.02324152,..,3.3333,..,..,..,..,6.4
AND,2016,7.00839424,..,..,..,..,..,..,6.3
AND,2017,7.16179609,..,..,..,..,..,..,1.6
AND,2018,7.43045759,..,..,..,..,..,..,3.1
AND,2019,7.40840626,..,..,..,..,..,..,7.5
AND,2020,9.05175877,..,..,..,..,..,..,3
AND,2021,..,..,..,..,..,..,..,2.9
AND,2022,..,..,..,..,..,..,..,..
AGO,1990,..,1.291300058,4.20E-02,..,..,0.35,..,..
AGO,1991,..,..,..,..,..,0.42,..,..
AGO,1992,..,..,..,..,..,0.51,..,..
AGO,1993,..,..,..,..,..,0.61,..,..
AGO,1994,..,..,..,..,..,0.72,..,..
AGO,1995,..,..,..,..,..,0.8,..,..
AGO,1996,..,..,..,..,..,0.89,..,..
AGO,1997,..,..,5.92E-02,..,..,1.01,..,..
AGO,1998,..,..,..,..,..,1.09,..,..
AGO,1999,..,..,..,..,..,1.2,..,..
AGO,2000,1.90859938,..,..,..,0,1.24,325.7036072,297
AGO,2001,4.48351622,..,..,67.5,0,1.36,326.6506953,308
AGO,2002,3.32946134,..,..,63.2,0,1.39,309.1209423,320
AGO,2003,3.54797316,..,..,58.7,0,1.43,313.7309944,334
AGO,2004,3.96719909,..,6.21E-02,55.1,0,1.45,313.7325784,350
AGO,2005,2.85219526,0.8,..,52.2,0,1.49,316.0221336,368
AGO,2006,2.68553543,..,..,49.3,2,1.48,301.3629593,377
AGO,2007,2.97439122,..,..,46.1,3,1.45,274.332707,379
AGO,2008,3.32290339,..,..,42.9,5,1.41,233.4539997,382
AGO,2009,3.84260798,..,0.1313,33.1,7,1.39,196.8126888,385
AGO,2010,2.69509959,..,..,23.9,9,1.33,172.7190588,384
AGO,2011,2.64560771,..,..,16.4,10,1.25,157.1727608,383
AGO,2012,2.39574957,..,..,15.1,12,1.21,154.2163281,380
AGO,2013,2.73282695,..,..,14.3,17,1.12,160.6983545,376
AGO,2014,2.43412876,..,..,13.7,22,0.97,166.7796696,370
AGO,2015,2.60579467,..,..,14.5,24,0.89,176.6835411,366
AGO,2016,2.71314979,..,..,15.4,23,0.84,189.4521768,362
AGO,2017,2.79383755,..,0.2146,15.4,25,0.8,208.948763,359
AGO,2018,2.58879566,..,0.214,15.7,28,0.74,214.2472131,355
AGO,2019,2.65592647,..,..,17.9,30,0.65,227.253733,351
AGO,2020,2.91183472,..,..,20.8,35,0.59,251.5823214,329
AGO,2021,..,..,..,..,41,0.52,254.8731171,325
AGO,2022,..,..,..,..,..,..,..,..
ATG,1990,..,6.599999905,0.76,..,..,..,..,..
ATG,1991,..,..,0.919,..,..,..,..,..
ATG,1992,..,..,..,..,..,..,..,..
ATG,1993,..,6.104800224,3.03,..,..,..,..,..
ATG,1994,..,..,..,..,..,..,..,..
ATG,1995,..,..,0.76,..,..,..,..,..
ATG,1996,..,3.880000114,1.141,..,..,..,..,..
ATG,1997,..,..,..,..,..,..,..,..
ATG,1998,..,..,..,..,..,..,..,..
ATG,1999,..,..,0.1606,..,..,..,..,..
ATG,2000,4.71542597,..,..,..,..,..,..,6.1
ATG,2001,5.43839121,2.6,..,..,..,..,..,1.5
ATG,2002,5.28793621,2.3,..,..,..,..,..,6
ATG,2003,5.58143282,2.5,..,..,..,..,..,1.5
ATG,2004,5.11667967,2.4,..,..,..,..,..,5.5
ATG,2005,4.99094057,2.4,..,..,..,..,..,8.6
ATG,2006,4.63050652,2.4,..,..,..,..,..,5.7
ATG,2007,4.44609547,2,1.7143,..,..,..,..,2.8
ATG,2008,4.20027018,1.7,0.5269,..,..,..,..,1.4
ATG,2009,4.17732763,2.2,..,..,..,..,..,4.1
ATG,2010,5.37907028,2.2,..,..,..,..,..,9.4
ATG,2011,5.44257212,..,..,..,..,..,..,8
ATG,2012,5.47921467,..,..,..,..,..,..,3.9
ATG,2013,5.50909233,3.6,..,..,..,..,..,13
ATG,2014,5.87269926,3.55,..,..,..,..,..,3.9
ATG,2015,5.27965546,3.61,..,..,..,..,..,4.5
ATG,2016,5.12190151,3.01,..,..,..,..,..,3.8
ATG,2017,4.87493944,2.89,2.7673,..,..,..,..,1.3
ATG,2018,4.84869289,..,..,..,..,..,..,6.3
ATG,2019,4.37567186,..,..,..,..,..,..,0
ATG,2020,5.61472893,..,..,..,..,..,..,2.5
ATG,2021,..,..,..,..,..,..,..,4.9
ATG,2022,..,..,..,..,..,..,..,..
ARG,1990,..,4.594299793,2.68,..,..,0.16,..,..
ARG,1991,..,..,..,..,..,0.18,..,..
ARG,1992,..,..,2.6484,..,..,0.2,..,..
ARG,1993,..,4.599999905,..,..,..,0.2,..,..
ARG,1994,..,..,..,..,..,0.2,..,..
ARG,1995,..,..,..,..,..,0.19,..,..
ARG,1996,..,3.289999962,..,..,..,0.19,..,..
ARG,1997,..,..,..,..,..,0.18,..,..
ARG,1998,..,..,3.0169,..,..,0.17,..,..
ARG,1999,..,..,..,..,..,0.16,..,..
ARG,2000,8.22001076,4.1,..,..,20,0.16,2.373848818,37
ARG,2001,8.37179852,..,3.2481,3,23,0.16,1.147266305,35
ARG,2002,7.3933115,..,..,3.8,27,0.15,0.659891778,35
ARG,2003,6.89451647,..,..,4.5,30,0.15,0.647891739,33
ARG,2004,7.22868252,..,3.1857,4,32,0.15,0.599970001,34
ARG,2005,7.61078882,4,..,3.7,35,0.15,1.182480855,31
ARG,2006,7.64032793,..,..,3.4,37,0.15,0.871397884,28
ARG,2007,7.83455086,..,..,3.3,40,0.15,1.645099809,30
ARG,2008,8.1826973,..,..,3.3,42,0.15,0.521433396,26
ARG,2009,9.45599556,..,..,3.2,45,0.14,0.452264024,22
ARG,2010,9.44546413,4.5,..,3.1,48,0.14,0.262773723,21
ARG,2011,9.41819859,4.39,..,2.9,50,0.14,0,27
ARG,2012,9.82726669,4.59,..,2.8,53,0.14,0,24
ARG,2013,9.78097916,4.78,3.9385,2.6,55,0.14,0,24
ARG,2014,9.67129993,4.84,..,2.5,57,0.13,0,25
ARG,2015,10.22933674,4.96,3.99,2.5,59,0.13,0,26
ARG,2016,9.00189781,4.95,4.0013,2.6,61,0.13,0,27
ARG,2017,10.44225693,4.99,3.9901,3.1,63,0.13,0,27
ARG,2018,9.49909592,..,..,3.4,65,0.13,0,27
ARG,2019,9.47170544,..,4.0685,3.5,67,0.12,0,29
ARG,2020,9.98438072,..,4.0596,3.7,69,0.12,0,28
ARG,2021,..,..,..,..,72,0.11,..,30
ARG,2022,..,..,..,..,..,..,..,..
ARM,1990,..,9.094799995,0.747,..,..,..,..,..
ARM,1991,..,8.529299736,0.7386,..,..,..,..,..
ARM,1992,..,8.367699623,0.7415,..,..,..,..,..
ARM,1993,..,8.214699745,0.7187,..,..,..,..,..
ARM,1994,..,7.765999794,0.6956,..,..,..,..,..
ARM,1995,..,7.639999867,0.686,..,..,..,..,..
ARM,1996,..,7.130000114,0.6625,..,..,..,..,..
ARM,1997,..,6.75,0.6533,..,..,..,..,..
ARM,1998,..,6.659999847,0.673,..,..,..,..,..
ARM,1999,..,6.199999809,0.6928,..,..,..,..,..
ARM,2000,4.19581175,6.44,2.7007,..,..,..,4.45E-02,54
ARM,2001,4.64563894,5.03,2.6187,26.1,..,..,2.52E-02,57
ARM,2002,7.61358786,4.35,2.5633,24.5,..,..,1.67E-02,59
ARM,2003,7.17936182,4.42,2.4563,21.1,..,..,9.40E-03,64
ARM,2004,6.05510139,4.44,2.4604,16,..,..,1.53E-02,69
ARM,2005,5.8618803,4.46,2.5643,12.3,..,..,2.30E-03,92
ARM,2006,5.85007095,4.42,2.5897,9.3,..,..,..,75
ARM,2007,5.49814034,4.07,2.6724,6.9,..,..,0,72
ARM,2008,6.63976622,3.82,2.7432,5.6,..,..,0,71
ARM,2009,8.44377708,3.72,2.7679,4.4,..,..,..,68
ARM,2010,9.23538303,3.73,2.8419,3.7,..,..,0,61
ARM,2011,9.37588882,3.74,2.8677,3.4,..,..,..,55
ARM,2012,9.13455009,4.05,2.8968,3.2,..,..,0,53
ARM,2013,10.32345009,4.06,2.9031,3.2,..,..,..,60
ARM,2014,10.17827892,4.16,2.8928,2.8,..,..,0,57
ARM,2015,10.11762714,4.2,2.9143,2.8,..,..,0,50
ARM,2016,9.95195866,..,..,2.7,..,..,0,44
ARM,2017,10.36270523,..,..,2.8,..,..,0,36
ARM,2018,10.00543404,..,..,2.9,..,..,0,31
ARM,2019,11.3798008,..,..,3.1,..,..,0,26
ARM,2020,12.24103546,..,..,3.5,..,..,..,25
ARM,2021,..,..,..,..,..,..,..,27
ARM,2022,..,..,..,..,..,..,..,..
ABW,1990,..,..,..,..,..,..,..,..
ABW,1991,..,..,..,..,..,..,..,..
ABW,1992,..,..,..,..,..,..,..,..
ABW,1993,..,..,..,..,..,..,..,..
ABW,1994,..,..,..,..,..,..,..,..
ABW,1995,..,..,1.12,..,..,..,..,..
ABW,1996,..,..,..,..,..,..,..,..
ABW,1997,..,..,..,..,..,..,..,..
ABW,1998,..,..,..,..,..,..,..,..
ABW,1999,..,..,..,..,..,..,..,..
ABW,2000,..,..,..,..,..,..,..,8.1
ABW,2001,..,..,..,..,..,..,..,8.7
ABW,2002,..,..,..,..,..,..,..,9.2
ABW,2003,..,..,..,..,..,..,..,9.8
ABW,2004,..,..,..,..,..,..,..,10
ABW,2005,..,..,..,..,..,..,..,11
ABW,2006,..,..,..,..,..,..,..,11
ABW,2007,..,..,..,..,..,..,..,11
ABW,2008,..,..,..,..,..,..,..,12
ABW,2009,..,..,..,..,..,..,..,12
ABW,2010,..,..,..,..,..,..,..,6.9
ABW,2011,..,..,..,..,..,..,..,9.1
ABW,2012,..,..,..,..,..,..,..,32
ABW,2013,..,..,..,..,..,..,..,12
ABW,2014,..,..,..,..,..,..,..,2.2
ABW,2015,..,..,..,..,..,..,..,9.9
ABW,2016,..,..,..,..,..,..,..,15
ABW,2017,..,..,..,..,..,..,..,8.7
ABW,2018,..,..,..,..,..,..,..,5.4
ABW,2019,..,..,..,..,..,..,..,2.2
ABW,2020,..,..,..,..,..,..,..,1.1
ABW,2021,..,..,..,..,..,..,..,6.5
ABW,2022,..,..,..,..,..,..,..,..
AUS,1990,..,..,2.181,..,..,0.05,..,..
AUS,1991,..,9.199999809,2.3473,..,..,0.05,..,..
AUS,1992,..,8.899999619,2.3825,..,..,0.04,..,..
AUS,1993,..,8.899999619,2.403,..,..,0.04,..,..
AUS,1994,..,8.699999809,2.4386,..,..,0.03,..,..
AUS,1995,..,8.699999809,2.4778,..,..,0.03,..,..
AUS,1996,..,8.5,2.4056,..,..,0.03,..,..
AUS,1997,..,8.300000191,2.4035,..,..,0.03,..,..
AUS,1998,..,8.199999809,2.404,..,..,0.04,..,..
AUS,1999,..,7.900000095,2.4483,..,..,0.04,..,..
AUS,2000,7.59961653,4.04,2.4944,..,53,0.04,..,6.3
AUS,2001,7.68272257,3.95,2.5732,2.5,54,0.04,..,5.9
AUS,2002,7.87807608,3.93,2.5717,2.5,51,0.04,..,6
AUS,2003,7.88292599,3.97,2.6406,2.5,50,0.05,..,5.5
AUS,2004,8.09003353,4,2.7146,2.5,50,0.05,..,6.2
AUS,2005,7.97402954,3.9,2.7794,2.5,53,0.05,..,6
AUS,2006,7.98143196,3.93,2.8338,2.5,55,0.05,..,6.5
AUS,2007,8.05890179,..,2.9954,2.5,55,0.05,..,6.2
AUS,2008,8.25374031,3.82,3.0056,2.5,53,0.05,..,6.6
AUS,2009,8.55233955,3.77,3.1085,2.5,53,0.05,..,6.9
AUS,2010,8.42325497,3.78,3.3429,2.5,58,0.05,..,6.6
AUS,2011,8.53956795,3.79,3.2878,2.5,60,0.05,..,6.4
AUS,2012,8.67481709,3.75,3.2858,2.5,63,0.05,..,6.6
AUS,2013,8.75082779,3.74,3.353,2.5,71,0.05,..,6.2
AUS,2014,9.84760189,3.79,3.4314,2.5,75,0.04,..,6.5
AUS,2015,10.18361282,3.82,3.4886,2.5,78,0.04,..,6.1
AUS,2016,10.09023094,3.84,3.5672,2.5,79,0.04,..,6.5
AUS,2017,10.1257143,..,3.6778,2.5,80,0.03,..,6.7
AUS,2018,10.07391548,..,3.7595,2.5,81,0.03,..,6.6
AUS,2019,10.22989082,..,3.8503,2.5,83,0.03,..,6.8
AUS,2020,10.6489954,..,4.1292,2.5,83,0.02,..,7.2
AUS,2021,..,..,..,..,..,0.02,..,6.5
AUS,2022,..,..,..,..,..,..,..,..
AUT,1990,..,10.19999981,2.9909,..,..,..,..,..
AUT,1991,..,9.899999619,3.0813,..,..,..,..,..
AUT,1992,..,9.699999809,3.2174,..,..,..,..,..
AUT,1993,..,9.399999619,3.3018,..,..,..,..,..
AUT,1994,..,9.5,3.4028,..,..,..,..,..
AUT,1995,..,9.399999619,3.4932,..,..,..,..,..
AUT,1996,..,9.300000191,3.5622,..,..,..,..,..
AUT,1997,..,9.199999809,3.6383,..,..,..,..,..
AUT,1998,..,9,3.7642,..,..,..,..,..
AUT,1999,..,8.899999619,3.7613,..,..,..,..,..
AUT,2000,9.20371342,7.95,3.8492,..,..,..,..,17
AUT,2001,9.26942921,7.85,3.9616,2.5,..,..,..,14
AUT,2002,9.3947649,7.81,4.0337,2.5,..,..,..,15
AUT,2003,9.5472393,7.73,4.1173,2.5,..,..,..,13
AUT,2004,9.70939922,7.73,4.2095,2.5,..,..,..,13
AUT,2005,9.62702942,7.69,4.3355,2.5,..,..,..,13
AUT,2006,9.5311327,7.66,4.4684,2.5,..,..,..,12
AUT,2007,9.53209686,7.75,4.5528,2.5,..,..,..,11
AUT,2008,9.72564602,7.69,4.6169,2.5,..,..,..,10
AUT,2009,10.22582531,7.68,4.706,2.5,..,..,..,9.1
AUT,2010,10.22101879,7.65,4.8016,2.5,..,..,..,9.1
AUT,2011,10.02613258,7.68,4.8398,2.5,..,..,..,9.2
AUT,2012,10.19915581,7.67,4.8859,2.5,..,..,..,8.5
AUT,2013,10.28574848,7.64,4.9744,2.5,..,..,..,8.5
AUT,2014,10.36809158,7.58,5.0359,2.5,..,..,..,7.6
AUT,2015,10.36746693,7.54,5.1035,2.5,..,..,..,7.5
AUT,2016,10.3522625,7.42,5.1234,2.5,..,..,..,8.1
AUT,2017,10.38402557,7.37,5.1697,2.5,..,..,..,7.3
AUT,2018,10.34483242,7.27,5.2114,2.5,..,..,..,6.1
AUT,2019,10.47507858,..,5.2734,2.5,..,..,..,6
AUT,2020,11.47426033,..,5.2933,2.5,..,..,..,4.9
AUT,2021,12.17357063,..,..,..,..,..,..,5
AUT,2022,..,..,..,..,..,..,..,..
AZE,1990,..,10.09920025,3.7959,..,..,0.01,..,..
AZE,1991,..,10.02089977,3.8232,..,..,0.01,..,..
AZE,1992,..,10.54279995,3.7711,..,..,0.01,..,..
AZE,1993,..,10.48750019,3.8021,..,..,0.01,..,..
AZE,1994,..,10.07059956,3.7507,..,..,0.01,..,..
AZE,1995,..,10.02000046,3.7576,..,..,0.01,..,..
AZE,1996,..,9.81000042,3.7171,..,..,0.02,..,..
AZE,1997,..,9.609999657,3.643,..,..,0.03,..,..
AZE,1998,..,9.06000042,3.5641,..,..,0.06,..,..
AZE,1999,..,8.899999619,3.5367,..,..,0.08,..,..
AZE,2000,2.94891715,8.69,3.5743,..,0,0.12,8.100776634,80
AZE,2001,2.75582409,8.51,3.548,17,0,0.16,5.533215039,75
AZE,2002,2.73276305,8.4,3.5618,13.4,0,0.18,2.622586441,78
AZE,2003,2.73488688,8.27,3.5505,10.4,0,0.2,2.466179939,57
AZE,2004,2.6652894,8.24,3.5568,7.4,0,0.2,1.961471815,80
AZE,2005,2.26107669,8.21,3.5819,4.8,..,0.19,1.215512349,88
AZE,2006,2.06678391,7.94,3.5649,2.8,0,0.17,0.699553972,83
AZE,2007,1.99021435,7.93,3.7124,2.5,1,0.15,0.528885472,79
AZE,2008,1.9388088,7.67,3.6844,2.5,2,0.12,0.34783785,108
AZE,2009,2.6137836,7.54,3.6751,2.5,3,0.1,0.371869502,133
AZE,2010,2.48996639,5.06,3.6629,2.5,5,0.09,0.235343955,104
AZE,2011,2.44641805,4.62,3.4376,2.5,9,0.08,1.86E-02,125
AZE,2012,2.96481562,4.65,3.4901,2.5,12,7.00E-02,1.38E-02,86
AZE,2013,3.03672314,4.69,3.4558,2.5,16,0.06,0,78
AZE,2014,3.37713742,4.82,3.446,2.5,17,0.05,0,76
AZE,2015,4.10663605,..,3.3731,2.5,23,0.05,0,71
AZE,2016,4.03655434,..,3.3062,2.5,28,0.05,0,66
AZE,2017,3.73651457,..,3.237,2.5,36,0.04,0,66
AZE,2018,3.55621028,..,3.265,2.5,43,0.04,0,63
AZE,2019,4.0731144,..,3.1678,2.5,50,0.03,0,60
AZE,2020,4.60676527,..,..,2.5,55,0.03,..,58
AZE,2021,..,..,..,..,61,0.03,..,63
AZE,2022,..,..,..,..,..,..,..,..
BHS,1990,..,4,1.29,..,..,2.08,..,..
BHS,1991,..,..,..,..,..,1.98,..,..
BHS,1992,..,..,..,..,..,1.87,..,..
BHS,1993,..,3.883899927,1.446,..,..,1.76,..,..
BHS,1994,..,..,..,..,..,1.65,..,..
BHS,1995,..,3.6,1.49,..,..,1.53,..,..
BHS,1996,..,3.940000057,1.518,..,..,1.37,..,..
BHS,1997,..,..,..,..,..,1.29,..,..
BHS,1998,..,..,1.0736,..,..,1.2,..,..
BHS,1999,..,..,..,..,..,1.09,..,..
BHS,2000,3.80487037,3.5,..,..,1,1,..,29
BHS,2001,3.92440891,3.4,..,..,3,0.9,..,22
BHS,2002,3.81251931,3.400000095,..,..,3,0.82,..,15
BHS,2003,4.01998568,3.4,..,..,18,0.75,..,13
BHS,2004,4.04628181,3.4,..,..,22,0.7,..,18
BHS,2005,4.03196478,..,..,..,25,0.66,..,16
BHS,2006,4.30935764,3.2,..,..,32,0.59,..,20
BHS,2007,4.4965229,3.2,..,..,32,0.57,..,15
BHS,2008,4.86301756,3.2,2.7553,..,37,0.53,..,16
BHS,2009,5.15061378,3.2,..,..,41,0.49,..,14
BHS,2010,5.256392,2.92,..,..,30,0.49,..,9.6
BHS,2011,5.32458639,2.9,2.3081,..,29,0.46,..,12
BHS,2012,5.31605101,2.86,..,..,36,0.39,..,9.6
BHS,2013,5.62718821,2.85,..,..,44,0.36,..,9.8
BHS,2014,5.55243731,2.76,..,..,53,0.34,..,15
BHS,2015,5.14505529,2.83,..,..,52,0.34,..,18
BHS,2016,5.58737278,..,..,..,51,0.3,..,26
BHS,2017,6.67579222,2.96,1.9387,..,67,0.29,..,15
BHS,2018,6.01182079,..,..,..,70,0.27,..,13
BHS,2019,5.90402126,..,..,..,68,0.26,..,14
BHS,2020,7.59363365,..,..,..,67,0.25,..,8.8
BHS,2021,..,..,..,..,68,0.24,..,12
BHS,2022,..,..,..,..,..,..,..,..
BHR,1990,..,..,..,..,..,0.05,..,..
BHR,1991,..,..,1.315,..,..,0.05,..,..
BHR,1992,..,..,..,..,..,0.05,..,..
BHR,1993,..,..,..,..,..,0.05,..,..
BHR,1994,..,..,..,..,..,0.05,..,..
BHR,1995,..,..,..,..,..,0.05,..,..
BHR,1996,..,..,..,..,..,0.05,..,..
BHR,1997,..,2.900000095,1,..,..,0.05,..,..
BHR,1998,..,..,..,..,..,0.05,..,..
BHR,1999,..,..,..,..,..,0.05,..,..
BHR,2000,3.33542562,2.75,1.0202,..,7,0.05,..,33
BHR,2001,3.48573017,2.82,1.0636,..,8,0.05,..,30
BHR,2002,3.67866111,2.86,1.0774,..,10,0.05,..,29
BHR,2003,3.88658071,2.81,1.0479,..,10,0.05,..,39
BHR,2004,3.49817729,2.81,0.9677,..,10,0.05,..,34
BHR,2005,3.25870824,2.81,1.0436,..,12,0.05,..,36
BHR,2006,3.10821271,2.74,1.0142,..,14,0.05,..,33
BHR,2007,3.29534078,2.74,1.0155,..,16,0.05,..,33
BHR,2008,3.2038722,1.97,0.9896,..,17,0.05,..,31
BHR,2009,4.32666922,1.9,0.9695,..,18,0.05,..,32
BHR,2010,4.08934975,1.77,0.9493,..,21,0.05,..,23
BHR,2011,3.8651762,1.7,0.9451,..,23,0.05,..,21
BHR,2012,4.10642147,2.08,0.957,..,24,0.05,..,21
BHR,2013,4.30853891,2.08,0.9536,..,26,0.05,..,19
BHR,2014,4.41240263,2.03,0.9573,..,29,0.05,..,17
BHR,2015,4.97671938,1.95,0.9257,..,33,0.05,..,15
BHR,2016,4.86051178,1.89,..,..,34,0.05,..,13
BHR,2017,4.51235688,1.74,..,..,38,0.05,..,12
BHR,2018,4.12745647,..,..,..,39,0.05,..,12
BHR,2019,3.95980344,..,..,..,66,0.05,..,14
BHR,2020,4.72300106,..,..,..,69,0.05,..,15
BHR,2021,..,..,..,..,63,0.05,..,15
BHR,2022,..,..,..,..,..,..,..,..
BGD,1990,..,0.304199994,0.177,..,..,0.01,..,..
BGD,1991,..,0.308099985,0.188,..,..,0.01,..,..
BGD,1992,..,..,..,..,..,0.01,..,..
BGD,1993,..,..,..,..,..,0.01,..,..
BGD,1994,..,0.304899991,..,..,..,0.01,..,..
BGD,1995,..,..,0.201,..,..,0.01,..,..
BGD,1996,..,..,..,..,..,0.01,..,..
BGD,1997,..,..,0.2,..,..,0.01,..,..
BGD,1998,..,..,..,..,..,0.01,..,..
BGD,1999,..,0.300000012,..,..,..,0.01,..,..
BGD,2000,2.11065245,..,..,..,0,0.01,6.810748913,221
BGD,2001,2.10228109,0.3,0.2498,15.9,0,0.01,6.810807848,221
BGD,2002,2.29728079,0.34,..,15.1,0,0.01,6.810775472,221
BGD,2003,2.3469069,..,0.2714,14.9,0,0.01,6.810785718,221
BGD,2004,2.37531114,..,0.2809,14.4,0,0.01,6.810814672,221
BGD,2005,2.44882679,0.3,0.3084,14.2,1,0.01,6.810767267,221
BGD,2006,2.52336478,..,0.3167,13.8,1,0.01,4.468901689,221
BGD,2007,2.60268927,..,0.3293,13.9,1,0.01,8.19004555,221
BGD,2008,2.53812432,..,0.342,13.6,4,0.01,7.740731321,221
BGD,2009,2.61530614,..,0.3544,14.8,5,0.01,5.109416361,221
BGD,2010,2.74091864,..,0.3635,15.2,6,0.01,4.343496925,221
BGD,2011,2.83208537,0.6,0.3839,15.8,9,0.01,3.927145726,221
BGD,2012,2.81963444,..,0.4001,15.3,10,0.01,2.163038632,221
BGD,2013,2.75010324,..,0.4218,15,12,0.01,1.907520687,221
BGD,2014,2.7302258,0.6,0.4887,14.1,13,0.01,3.951815919,221
BGD,2015,2.72187114,0.77,0.4858,14,14,0.01,2.67967533,221
BGD,2016,2.86227322,0.79,0.4974,13.3,16,0.01,1.840395283,221
BGD,2017,2.78472567,..,0.5433,12.5,20,0.01,1.915827404,221
BGD,2018,2.71634603,..,0.5809,11.5,24,0.01,0.704337582,221
BGD,2019,2.620749,..,0.6367,11,25,0.01,1.191260189,221
BGD,2020,2.6280098,..,0.6672,11.4,30,0.01,0.419102078,221
BGD,2021,..,..,..,..,31,0.01,0.492782391,221
BGD,2022,..,..,..,..,..,..,..,..
BRB,1990,..,8.399999619,1.14,..,..,0.29,..,..
BRB,1991,..,..,..,..,..,0.34,..,..
BRB,1992,..,..,..,..,..,0.4,..,..
BRB,1993,..,1.26760006,1.254,..,..,0.44,..,..
BRB,1994,..,..,..,..,..,0.49,..,..
BRB,1995,..,7.4,1.3459,..,..,0.53,..,..
BRB,1996,..,7.559999943,..,..,..,0.56,..,..
BRB,1997,..,..,..,..,..,0.58,..,..
BRB,1998,..,..,..,..,..,0.6,..,..
BRB,1999,..,..,..,..,..,0.61,..,..
BRB,2000,5.33187246,..,1.3444,..,0,0.61,..,1.3
BRB,2001,5.52529192,..,1.5413,6.4,0,0.61,..,2.6
BRB,2002,5.86123466,..,..,6.2,4,0.6,..,2.2
BRB,2003,6.68377304,7.3,..,6.7,22,0.58,..,3.8
BRB,2004,7.31510305,7.3,..,6.2,26,0.57,..,8.1
BRB,2005,6.76892185,6.7,1.7698,6.1,28,0.55,..,4.1
BRB,2006,6.58324289,6.6,..,5.3,30,0.52,..,2.1
BRB,2007,6.05583191,..,..,5.3,32,0.49,..,6.8
BRB,2008,6.47676325,7.6,..,4.9,35,0.45,..,1.3
BRB,2009,7.1486845,6.8,..,4.5,38,0.41,..,0.84
BRB,2010,6.77398682,6.76,..,4.3,41,0.38,..,2.5
BRB,2011,6.8993392,..,..,4.2,42,0.35,..,0
BRB,2012,7.77819967,6.34,..,4.4,45,0.33,..,1.7
BRB,2013,7.49560881,6.34,..,4.4,47,0.31,..,1.7
BRB,2014,6.99789667,5.93,..,4.4,48,0.29,..,2.1
BRB,2015,6.7748456,5.9,..,4.3,49,0.28,..,0
BRB,2016,6.68155146,5.89,..,4.4,51,0.27,..,1.2
BRB,2017,6.62216997,5.97,2.4878,4.3,54,0.26,..,0
BRB,2018,6.56259108,..,..,4.1,56,0.25,..,0.41
BRB,2019,6.1940732,..,..,3.7,59,0.25,..,0
BRB,2020,7.20014429,..,..,3.4,59,0.25,..,2.5
BRB,2021,..,..,..,..,60,0.24,..,0.41
BRB,2022,..,..,..,..,..,..,..,..
BLR,1990,..,13.22640038,2.9109,..,..,0.01,..,..
BLR,1991,..,13.20470047,2.8961,..,..,0.01,..,..
BLR,1992,..,12.69069958,2.9409,..,..,0.01,..,..
BLR,1993,..,12.4762001,2.9571,..,..,0.01,..,..
BLR,1994,..,12.46389961,3.0191,..,..,0.01,..,..
BLR,1995,..,12.38000011,3.0496,..,..,0.01,..,..
BLR,1996,..,12.27000046,3.1175,..,..,0.02,..,..
BLR,1997,..,12.35999966,3.161,..,..,0.02,..,..
BLR,1998,..,12.42000008,3.226,..,..,0.03,..,..
BLR,1999,..,12.64000034,3.2903,..,..,0.04,..,..
BLR,2000,5.2760601,12.61,3.2998,..,0,0.05,..,86
BLR,2001,5.70827103,12.58,..,2.5,0,0.06,..,70
BLR,2002,5.62329483,11.94,..,2.7,0,0.08,..,66
BLR,2003,5.76984167,11.34,..,3.3,0,0.1,..,77
BLR,2004,5.73709631,10.71,..,3.3,1,0.12,..,71
BLR,2005,6.07036781,11.13,..,2.5,3,0.14,..,69
BLR,2006,5.57381344,11.18,..,2.5,9,0.17,..,68
BLR,2007,5.69203281,11.23,..,2.5,10,0.19,..,71
BLR,2008,5.29415369,11.12,..,2.5,12,0.2,..,68
BLR,2009,5.39037848,11.07,..,2.5,15,0.21,..,70
BLR,2010,5.65694046,11.45,..,2.5,19,0.22,..,68
BLR,2011,4.87438536,11.25,4.7611,2.5,21,0.23,..,62
BLR,2012,5.24532652,11.27,4.8352,2.5,25,0.23,..,63
BLR,2013,5.69559479,11.05,4.8534,2.5,28,0.23,..,59
BLR,2014,5.38793325,10.83,5.012,2.5,29,0.23,..,51
BLR,2015,6.06533289,..,5.1905,2.5,33,0.22,..,50
BLR,2016,5.91054153,..,4.3954,2.5,36,0.21,..,42
BLR,2017,5.75974846,..,4.4484,2.5,45,0.19,..,37
BLR,2018,5.52699471,..,4.4987,2.5,60,0.17,..,31
BLR,2019,5.86133814,..,4.5382,2.5,66,0.15,..,29
BLR,2020,6.40607214,..,..,2.5,68,0.13,..,28
BLR,2021,..,..,..,..,70,0.12,..,30
BLR,2022,..,..,..,..,..,..,..,..
BEL,1990,..,8,3.2526,..,..,..,..,..
BEL,1991,..,7.900000095,3.314,..,..,..,..,..
BEL,1992,..,7.699999809,3.3805,..,..,..,..,..
BEL,1993,..,7.699999809,3.4329,..,..,..,..,..
BEL,1994,..,7.599999905,3.4941,..,..,..,..,..
BEL,1995,..,..,3.526,..,..,..,..,..
BEL,1996,..,..,3.5896,..,..,..,..,..
BEL,1997,..,7.199999809,3.6631,..,..,..,..,..
BEL,1998,..,7.199999809,3.7226,..,..,..,..,..
BEL,1999,..,7.099999905,2.7929,..,..,..,..,..
BEL,2000,7.99917603,6.72,2.8204,..,..,..,..,14
BEL,2001,8.14988899,6.62,2.8397,2.5,..,..,..,15
BEL,2002,8.3182106,6.54,2.8497,2.5,..,..,..,13
BEL,2003,9.16443539,6.53,2.8454,2.5,..,..,..,12
BEL,2004,9.32808685,6.48,2.8522,2.5,..,..,..,12
BEL,2005,9.22374916,6.44,2.8521,2.5,..,..,..,12
BEL,2006,9.12963009,6.35,2.8664,2.5,..,..,..,11
BEL,2007,9.13628769,6.27,2.8855,2.5,..,..,..,10
BEL,2008,9.5951395,6.25,2.9021,2.5,..,..,..,10
BEL,2009,10.32117939,6.15,2.9078,2.5,..,..,..,9.8
BEL,2010,10.2022934,6.12,2.9085,2.5,..,..,..,11
BEL,2011,10.36337948,6.05,2.9219,2.5,..,..,..,10
BEL,2012,10.4796896,5.99,2.9393,2.5,..,..,..,9.5
BEL,2013,10.54895115,5.93,2.9585,2.5,..,..,..,9.4
BEL,2014,10.57526302,5.85,2.9723,2.5,..,..,..,9.1
BEL,2015,10.77388,5.83,3.0138,2.5,..,..,..,9.5
BEL,2016,10.76264191,5.76,3.0679,2.5,..,..,..,10
BEL,2017,10.75165462,5.66,3.0709,2.5,..,..,..,9.3
BEL,2018,10.78789711,5.62,3.1146,2.5,..,..,..,9.2
BEL,2019,10.6635952,5.58,3.1495,2.5,..,..,..,8.9
BEL,2020,11.06453228,..,..,2.5,..,..,..,7.7
BEL,2021,..,..,..,..,..,..,..,8.1
BEL,2022,..,..,..,..,..,..,..,..
BLZ,1990,..,2.700000048,0.639,..,..,0.27,..,..
BLZ,1991,..,..,..,..,..,0.31,..,..
BLZ,1992,..,..,..,..,..,0.36,..,..
BLZ,1993,..,2.799999952,0.493,..,..,0.42,..,..
BLZ,1994,..,..,..,..,..,0.48,..,..
BLZ,1995,..,2.5,0.6,..,..,0.56,..,..
BLZ,1996,..,2.130000114,0.548,..,..,0.64,..,..
BLZ,1997,..,..,..,..,..,0.75,..,..
BLZ,1998,..,..,..,..,..,0.86,..,..
BLZ,1999,..,..,..,..,..,0.99,..,..
BLZ,2000,3.94477701,1.9,1.015,..,1,1.13,8.958283096,49
BLZ,2001,4.61388969,..,..,5.8,1,1.26,6.787819311,61
BLZ,2002,4.6827364,..,..,5.4,3,1.38,6.420164071,59
BLZ,2003,4.58048201,1.299999952,..,5.5,7,1.47,7.268415332,42
BLZ,2004,4.45052433,1.3,..,5.5,6,1.48,5.677218695,35
BLZ,2005,4.45325851,1.2,..,5.7,9,1.34,8.006905892,41
BLZ,2006,4.55476046,1.3,..,5.8,11,1.05,4.236458642,34
BLZ,2007,5.27267647,1.2,..,6.6,12,0.75,4.120966208,24
BLZ,2008,5.66974115,1.2,..,7.1,16,0.53,2.560309513,33
BLZ,2009,5.76006603,1.1,0.7658,6.9,22,0.4,1.180937092,32
BLZ,2010,5.63032866,1.2,..,6.5,25,0.37,0.674906525,52
BLZ,2011,5.69136333,1.09,..,6.4,29,0.36,0.316649148,26
BLZ,2012,5.43051958,1.08,1.145,6.8,31,0.37,0.141892763,29
BLZ,2013,5.63784933,0.89,..,7.4,35,0.39,8.41E-02,40
BLZ,2014,6.1609683,1.27,..,7.7,37,0.39,7.82E-02,23
BLZ,2015,5.891294,..,..,7.8,40,0.4,3.62E-02,25
BLZ,2016,6.06179619,1.22,..,7.2,43,0.41,1.58E-02,37
BLZ,2017,5.74651003,1.04,1.1229,7,43,0.41,2.71E-02,36
BLZ,2018,5.80132008,..,1.078,6.7,46,0.41,1.14E-02,30
BLZ,2019,6.07060003,..,..,6.8,47,0.41,0,27
BLZ,2020,6.92425728,..,..,7.4,47,0.42,0,27
BLZ,2021,..,..,..,..,48,0.42,0,28
BLZ,2022,..,..,..,..,..,..,..,..
BEN,1990,..,0.833899975,5.10E-02,..,..,0.81,..,..
BEN,1991,..,0.500500023,4.20E-02,..,..,0.95,..,..
BEN,1992,..,0.223100007,5.50E-02,..,..,1.1,..,..
BEN,1993,..,0.239099994,5.70E-02,..,..,1.19,..,..
BEN,1994,..,0.233600006,6.10E-02,..,..,1.28,..,..
BEN,1995,..,..,5.80E-02,..,..,1.33,..,..
BEN,1996,..,..,..,..,..,1.32,..,..
BEN,1997,..,..,..,..,..,1.28,..,..
BEN,1998,..,..,..,..,..,1.19,..,..
BEN,1999,..,..,..,..,..,1.12,..,..
BEN,2000,3.1027081,..,..,..,0,1.03,412.4463438,86
BEN,2001,3.24909639,..,..,17.2,0,0.98,430.845859,83
BEN,2002,3.04335308,..,..,15.5,0,0.93,453.7014872,80
BEN,2003,3.03765345,..,..,13.7,0,0.88,470.1956129,78
BEN,2004,3.07606173,..,4.01E-02,13.2,0,0.84,488.901843,75
BEN,2005,2.93478227,0.5,..,12,0,0.79,494.0386548,73
BEN,2006,2.97331023,..,..,11,0,0.75,492.7957684,71
BEN,2007,2.89382267,..,..,10.1,0,0.73,488.0070113,69
BEN,2008,2.69675088,..,6.23E-02,9,19,0.65,469.7676487,69
BEN,2009,2.8252821,..,..,8.8,25,0.55,439.5762165,69
BEN,2010,2.99710202,0.5,5.58E-02,8.2,31,0.5,408.9639635,68
BEN,2011,3.09628081,..,5.77E-02,7.9,38,0.46,380.8130055,67
BEN,2012,3.41449809,..,..,7.6,41,0.41,364.5641666,66
BEN,2013,2.85861254,..,..,7.5,36,0.4,364.1176944,64
BEN,2014,2.66743708,..,..,7.4,41,0.39,369.0227572,61
BEN,2015,2.67942166,..,..,7.3,48,0.33,389.7072685,60
BEN,2016,2.47028542,..,4.81E-02,7.6,54,0.27,419.3302271,59
BEN,2017,2.60406828,..,..,7.9,54,0.24,420.5033139,58
BEN,2018,2.48485804,..,7.91E-02,8.1,63,0.2,408.0668585,56
BEN,2019,2.32052207,..,6.47E-02,7.7,70,0.16,401.7147794,55
BEN,2020,2.5893681,..,..,7.4,76,0.15,378.1542741,54
BEN,2021,..,..,..,..,84,0.14,383.4506626,53
BEN,2022,..,..,..,..,..,..,..,..
BMU,1990,..,..,..,..,..,..,..,..
BMU,1991,..,..,..,..,..,..,..,..
BMU,1992,..,..,..,..,..,..,..,..
BMU,1993,..,..,..,..,..,..,..,..
BMU,1994,..,..,..,..,..,..,..,..
BMU,1995,..,..,1.2,..,..,..,..,..
BMU,1996,..,6.300000191,..,..,..,..,..,..
BMU,1997,..,..,1.766,..,..,..,..,..
BMU,1998,..,..,..,..,..,..,..,..
BMU,1999,..,..,..,..,..,..,..,..
BMU,2000,..,..,..,..,..,..,..,0
BMU,2001,..,..,..,..,..,..,..,0
BMU,2002,..,..,..,..,..,..,..,0
BMU,2003,..,..,..,..,..,..,..,5.3
BMU,2004,..,..,..,..,..,..,..,11
BMU,2005,..,..,..,..,..,..,..,7.8
BMU,2006,..,..,..,..,..,..,..,5.5
BMU,2007,..,..,..,..,..,..,..,4.7
BMU,2008,..,..,..,..,..,..,..,3.8
BMU,2009,..,..,..,..,..,..,..,2.9
BMU,2010,..,..,..,..,..,..,..,1.8
BMU,2011,..,..,..,..,..,..,..,1.8
BMU,2012,..,..,..,..,..,..,..,5.4
BMU,2013,..,..,..,..,..,..,..,0
BMU,2014,..,..,..,..,..,..,..,0
BMU,2015,..,..,..,..,..,..,..,0
BMU,2016,..,..,..,..,..,..,..,3.6
BMU,2017,..,..,..,..,..,..,..,3.6
BMU,2018,..,..,..,..,..,..,..,3.6
BMU,2019,..,..,..,..,..,..,..,3.6
BMU,2020,..,..,..,..,..,..,..,5.4
BMU,2021,..,..,..,..,..,..,..,3.6
BMU,2022,..,..,..,..,..,..,..,..
BTN,1990,..,0.846700013,0.333,..,..,0.02,..,..
BTN,1991,..,..,..,..,..,0.02,..,..
BTN,1992,..,..,..,..,..,0.03,..,..
BTN,1993,..,..,..,..,..,0.04,..,..
BTN,1994,..,1.614799976,0.17,..,..,0.06,..,..
BTN,1995,..,..,0.16,..,..,0.06,..,..
BTN,1996,..,..,..,..,..,0.09,..,..
BTN,1997,..,..,..,..,..,0.12,..,..
BTN,1998,..,..,..,..,..,0.14,..,..
BTN,1999,..,1.600000024,5.10E-02,..,..,0.18,..,..
BTN,2000,4.44684267,..,..,..,0,0.21,13.65834125,243
BTN,2001,5.0041995,1.6,..,..,0,0.23,13.40074777,215
BTN,2002,4.59563637,1.6,..,..,0,0.24,14.21320905,220
BTN,2003,4.1293807,..,..,..,0,0.24,8.104373082,202
BTN,2004,4.59777308,..,0.1847,..,0,0.23,5.551016335,190
BTN,2005,4.13416338,..,..,..,0,0.19,3.717971963,190
BTN,2006,4.4061017,1.7,..,..,1,0.21,3.749407883,170
BTN,2007,4.1298461,..,0.2166,..,2,0.19,1.57218365,183
BTN,2008,3.38117099,..,0.2546,..,3,0.17,0.644586162,174
BTN,2009,3.5476253,..,..,..,4,0.15,2.047334688,202
BTN,2010,3.55879498,..,..,..,6,0.16,0.835119455,232
BTN,2011,3.34921789,1.8,..,..,7,0.14,0.367518906,216
BTN,2012,3.61913681,1.74,0.2765,..,10,0.14,0.153659629,196
BTN,2013,3.70787191,..,0.2858,..,11,0.14,2.78E-02,185
BTN,2014,3.55791116,..,0.3393,..,12,0.13,3.49E-02,181
BTN,2015,3.75701189,..,0.3448,..,15,0.13,6.18E-02,162
BTN,2016,3.57613945,..,0.4059,..,20,0.13,2.70E-02,190
BTN,2017,3.3407371,..,0.4024,..,26,0.12,1.97E-02,143
BTN,2018,3.2427721,..,0.4242,..,31,0.12,1.06E-02,147
BTN,2019,3.60361075,..,0.46,..,36,0.11,3.52E-03,164
BTN,2020,4.37174511,..,0.499,..,39,0.11,3.85E-02,164
BTN,2021,..,..,..,..,42,0.1,1.56E-02,164
BTN,2022,..,..,..,..,..,..,..,..
BOL,1990,..,1.317800045,0.45,..,..,7.00E-02,..,..
BOL,1991,..,1.411000013,..,..,..,0.09,..,..
BOL,1992,..,..,..,..,..,0.11,..,..
BOL,1993,..,1.399999976,0.426,..,..,0.13,..,..
BOL,1994,..,..,..,..,..,0.18,..,..
BOL,1995,..,..,0.34,..,..,0.25,..,..
BOL,1996,..,1.669999957,..,..,..,0.34,..,..
BOL,1997,..,..,..,..,..,0.38,..,..
BOL,1998,..,..,..,..,..,0.35,..,..
BOL,1999,..,..,..,..,..,0.3,..,..
BOL,2000,4.39554119,..,..,..,0,0.26,11.70967336,184
BOL,2001,4.82522202,..,1.2038,27.9,0,0.22,5.627754178,179
BOL,2002,4.89645052,..,..,26.9,0,0.21,4.895581322,173
BOL,2003,5.19709635,1,..,27.7,1,0.2,6.709077015,168
BOL,2004,4.86315727,1,..,27.7,1,0.2,4.832642893,163
BOL,2005,5.07408142,..,..,26.8,1,0.19,6.416188653,158
BOL,2006,4.66087532,1.1,..,24.6,2,0.19,5.946107138,153
BOL,2007,4.6968894,1.1,0.3316,23.9,3,0.19,4.49399386,148
BOL,2008,4.60677242,1.1,..,24.7,3,0.18,2.946997766,144
BOL,2009,5.17444515,1.1,..,22.9,6,0.18,2.926328624,139
BOL,2010,5.20230532,..,0.4385,20.4,6,0.17,4.023078963,135
BOL,2011,5.17306805,1.07,0.4671,17.3,6,0.18,2.052385007,131
BOL,2012,5.2539444,1.1,..,16.7,12,0.17,2.095448864,127
BOL,2013,5.57465124,1.12,..,16.5,15,0.16,2.237617038,123
BOL,2014,5.89613628,1.15,..,15.6,18,0.16,2.219795268,120
BOL,2015,6.55064964,1.13,..,14.3,25,0.15,1.851432987,117
BOL,2016,6.83333063,1.27,1.5901,13.1,29,0.15,1.469755907,114
BOL,2017,6.4901948,1.29,1.0299,12.5,33,0.14,1.19411144,111
BOL,2018,6.60399437,..,..,12.1,42,0.14,1.374744953,108
BOL,2019,6.88792992,..,..,11.9,48,0.13,2.368326192,106
BOL,2020,7.857059,..,..,13.9,52,0.13,3.048155539,103
BOL,2021,..,..,..,..,56,0.13,2.724405822,109
BOL,2022,..,..,..,..,..,..,..,..
BIH,1990,..,4.45909977,1.5755,..,..,..,..,..
BIH,1991,..,4.377999783,1.6083,..,..,..,..,..
BIH,1992,..,..,..,..,..,..,..,..
BIH,1993,..,..,..,..,..,..,..,..
BIH,1994,..,..,..,..,..,..,..,..
BIH,1995,..,..,..,..,..,..,..,..
BIH,1996,..,..,..,..,..,..,..,..
BIH,1997,..,..,..,..,..,..,..,..
BIH,1998,..,3.819999933,..,..,..,..,..,..
BIH,1999,..,3.799999952,..,..,..,..,..,..
BIH,2000,7.99843025,3.38,1.4547,..,..,..,..,83
BIH,2001,7.60725927,3.24,1.4499,3.2,..,..,..,82
BIH,2002,7.42553377,3.21,1.4478,3,..,..,..,56
BIH,2003,8.30536652,3.17,1.4776,2.6,..,..,..,59
BIH,2004,9.06270218,3.05,1.509,2.5,..,..,..,78
BIH,2005,9.05223751,3.12,1.5332,2.5,..,..,..,70
BIH,2006,9.17218685,3.32,1.5754,2.5,..,..,..,59
BIH,2007,9.5306015,3.39,1.6429,2.5,..,..,..,79
BIH,2008,9.68943882,3.35,1.6714,2.5,..,..,..,57
BIH,2009,9.02212143,3.33,1.738,2.5,..,..,..,58
BIH,2010,9.01888275,3.4,1.7987,2.5,..,..,..,45
BIH,2011,9.17856026,3.46,1.8794,2.5,..,..,..,46
BIH,2012,9.49001503,3.5,1.949,2.5,..,..,..,49
BIH,2013,9.44886494,3.5,2.0355,2.5,..,..,..,44
BIH,2014,9.49011135,3.49,2.1326,2.5,..,..,..,43
BIH,2015,9.35174561,..,2.1616,2.5,..,..,..,40
BIH,2016,9.24976635,..,..,2.5,..,..,..,33
BIH,2017,8.93797779,..,..,2.5,..,..,..,29
BIH,2018,8.89146042,..,..,2.5,..,..,..,25
BIH,2019,9.04909897,..,..,2.5,..,..,..,27
BIH,2020,9.8411274,..,..,2.5,..,..,..,26
BIH,2021,..,..,..,..,..,..,..,25
BIH,2022,..,..,..,..,..,..,..,..
BWA,1990,..,1.575199962,..,..,..,12.48,..,..
BWA,1991,..,..,..,..,..,16,..,..
BWA,1992,..,..,..,..,..,19.08,..,..
BWA,1993,..,..,0.194,..,..,21.89,..,..
BWA,1994,..,..,0.238,..,..,23.71,..,..
BWA,1995,..,..,..,..,..,24.6,..,..
BWA,1996,..,..,..,..,..,24.68,..,..
BWA,1997,..,..,..,..,..,24,..,..
BWA,1998,..,..,0.2691,..,..,22.73,..,..
BWA,1999,..,..,0.3148,..,..,21.36,..,..
BWA,2000,5.93539572,..,0.3037,..,0,19.66,16.72203997,914
BWA,2001,6.18953037,..,0.3045,23.7,1,17.96,6.590053796,888
BWA,2002,6.47326517,..,0.3144,24.1,2,16.5,3.077802098,855
BWA,2003,6.21158695,2.2,0.3033,24.5,6,14.94,1.537352633,816
BWA,2004,5.88532591,..,0.405,23.7,13,13.43,0.987395094,773
BWA,2005,5.06940031,..,0.259,22.6,19,11.63,1.168227092,728
BWA,2006,4.87897778,..,0.3219,22.3,25,10.53,3.754618,684
BWA,2007,5.52080727,2.4,0.378,22.2,30,9.57,0.990747401,641
BWA,2008,5.89747286,1.8,0.3738,22,37,9.09,1.846239855,598
BWA,2009,6.62081194,..,0.3547,21.9,44,8.27,2.00155472,557
BWA,2010,6.26718187,1.8,0.4122,21.5,49,7.85,1.60737735,518
BWA,2011,5.86915016,..,0.4064,21,54,7.61,0.482039096,480
BWA,2012,6.35010576,..,0.4015,20.3,61,6.75,0.210779865,445
BWA,2013,6.49913645,..,..,19.7,66,6.07,0.493193924,414
BWA,2014,5.8804059,..,..,19.3,67,5.9,1.38530773,385
BWA,2015,6.10287762,..,..,19.6,73,5.81,0.297719923,356
BWA,2016,5.76837635,..,0.3843,20.1,77,5.56,0.631570578,326
BWA,2017,6.62986994,..,..,21.3,80,4.96,1.841907445,300
BWA,2018,6.04010248,..,0.3784,21.5,85,4.6,0.497158872,275
BWA,2019,6.12193108,..,..,22.1,87,4.13,0.15628281,253
BWA,2020,6.18664551,..,..,21.9,89,3.82,1.051999955,230
BWA,2021,..,..,..,..,92,3.48,0.621768784,235
BWA,2022,..,..,..,..,..,..,..,..
BRA,1990,..,3.345299959,1.0864,..,..,0.21,..,..
BRA,1991,..,..,..,..,..,0.22,..,..
BRA,1992,..,..,1.1399,..,..,0.22,..,..
BRA,1993,..,3.5,1.1672,..,..,0.23,..,..
BRA,1994,..,..,1.1952,..,..,0.24,..,..
BRA,1995,..,..,1.225,..,..,0.25,..,..
BRA,1996,..,3.109999895,1.2555,..,..,0.24,..,..
BRA,1997,..,..,1.291,..,..,0.25,..,..
BRA,1998,..,..,1.2759,..,..,0.25,..,..
BRA,1999,..,..,1.3734,..,..,0.26,..,..
BRA,2000,8.33457184,2.82,..,..,27,0.24,21.30839172,51
BRA,2001,8.54963303,2.78,..,10.7,32,0.25,12.91190071,48
BRA,2002,8.69686985,2.59,..,9.3,36,0.25,11.11451783,52
BRA,2003,8.18899441,2.42,..,7.9,40,0.25,12.56012915,53
BRA,2004,8.12491989,..,..,6.8,43,0.25,13.78023032,54
BRA,2005,8.03539562,2.52,..,6.5,46,0.25,17.35966462,50
BRA,2006,8.24952507,2.48,..,6.2,49,0.25,15.24064364,46
BRA,2007,8.20182991,2.47,..,5.6,51,0.25,13.80171554,46
BRA,2008,8.01128483,2.44,..,5.1,52,0.25,8.58278483,46
BRA,2009,8.39480495,2.43,..,4.3,54,0.25,8.328246646,45
BRA,2010,7.94516611,2.37,..,3.7,55,0.25,9.784906371,44
BRA,2011,7.78819132,2.31,1.8491,3.2,57,0.25,7.059721565,44
BRA,2012,7.73637581,2.27,..,3,59,0.24,6.357728294,44
BRA,2013,7.9766016,2.25,1.882,2.8,60,0.24,4.827382946,44
BRA,2014,8.39644337,2.22,..,2.5,62,0.24,3.549414236,43
BRA,2015,8.90930176,2.15,..,2.5,63,0.24,3.951412528,43
BRA,2016,9.16901493,2.11,..,2.5,65,0.24,3.143942745,43
BRA,2017,9.47125053,2.09,2.1652,2.5,67,0.23,5.219259062,44
BRA,2018,9.46474838,..,..,2.5,68,0.23,5.128772113,46
BRA,2019,9.61449146,..,2.3106,2.6,69,0.23,4.155431611,46
BRA,2020,10.31291676,..,..,4.1,71,0.23,3.861308789,45
BRA,2021,..,..,..,..,73,0.24,3.72380182,48
BRA,2022,..,..,..,..,..,..,..,..
VGB,1990,..,..,..,..,..,..,..,..
VGB,1991,..,..,..,..,..,..,..,..
VGB,1992,..,..,..,..,..,..,..,..
VGB,1993,..,..,..,..,..,..,..,..
VGB,1994,..,..,..,..,..,..,..,..
VGB,1995,..,..,..,..,..,..,..,..
VGB,1996,..,..,..,..,..,..,..,..
VGB,1997,..,..,..,..,..,..,..,..
VGB,1998,..,..,..,..,..,..,..,..
VGB,1999,..,..,..,..,..,..,..,..
VGB,2000,..,..,..,..,..,..,..,5.7
VGB,2001,..,..,..,..,..,..,..,5.6
VGB,2002,..,..,..,..,..,..,..,5.4
VGB,2003,..,..,..,..,..,..,..,5.2
VGB,2004,..,..,..,..,..,..,..,10
VGB,2005,..,..,..,..,..,..,..,0
VGB,2006,..,..,..,..,..,..,..,0
VGB,2007,..,..,..,..,..,..,..,0
VGB,2008,..,..,..,..,..,..,..,1.4
VGB,2009,..,..,..,..,..,..,..,2.8
VGB,2010,..,..,..,..,..,..,..,4.2
VGB,2011,..,..,..,..,..,..,..,0
VGB,2012,..,..,..,..,..,..,..,0
VGB,2013,..,..,..,..,..,..,..,4
VGB,2014,..,..,..,..,..,..,..,0
VGB,2015,..,..,..,..,..,..,..,0
VGB,2016,..,..,..,..,..,..,..,0
VGB,2017,..,..,..,..,..,..,..,1.9
VGB,2018,..,..,..,..,..,..,..,3.8
VGB,2019,..,..,..,..,..,..,..,3.8
VGB,2020,..,..,..,..,..,..,..,3.8
VGB,2021,..,..,..,..,..,..,..,3.8
VGB,2022,..,..,..,..,..,..,..,..
BRN,1990,..,..,..,..,..,..,..,..
BRN,1991,..,..,0.746,..,..,..,..,..
BRN,1992,..,..,..,..,..,..,..,..
BRN,1993,..,..,..,..,..,..,..,..
BRN,1994,..,..,..,..,..,..,..,..
BRN,1995,..,..,..,..,..,..,..,..
BRN,1996,..,..,0.848,..,..,..,..,..
BRN,1997,..,..,..,..,..,..,..,..
BRN,1998,..,..,..,..,..,..,..,..
BRN,1999,..,..,..,..,..,..,..,..
BRN,2000,2.55124474,2.46,1.0084,..,..,..,..,106
BRN,2001,2.54995036,..,..,20,..,..,..,73
BRN,2002,2.53798175,2.7,1.1534,19.3,..,..,..,76
BRN,2003,2.60610557,..,..,18.3,..,..,..,68
BRN,2004,2.5552268,2.6,1.2883,17.7,..,..,..,59
BRN,2005,2.23678851,2.58,1.0682,17,..,..,..,51
BRN,2006,1.91712439,2.79,1.0775,16.2,..,..,..,62
BRN,2007,1.96159494,..,1.048,15.2,..,..,..,63
BRN,2008,1.87878013,2.7,1.4866,14.2,..,..,..,67
BRN,2009,2.38892293,2.6,1.1592,12.8,..,..,..,63
BRN,2010,2.27826095,2.46,1.4488,11.4,..,..,..,69
BRN,2011,1.86409724,2.46,1.5443,10,..,..,..,66
BRN,2012,1.85097206,2.44,1.4937,9.2,..,..,..,69
BRN,2013,1.898314,2.42,1.6222,8.4,..,..,..,59
BRN,2014,1.91436803,2.43,1.5105,8,..,..,..,55
BRN,2015,2.38708901,2.77,1.7812,7.4,..,..,..,58
BRN,2016,2.54828691,2.76,..,6.8,..,..,..,65
BRN,2017,2.27036428,2.85,1.609,6.2,..,..,..,64
BRN,2018,2.41289377,..,..,5.8,..,..,..,67
BRN,2019,2.19410944,..,..,5.8,..,..,..,64
BRN,2020,2.39377809,..,..,5.9,..,..,..,82
BRN,2021,..,..,..,..,..,..,..,61
BRN,2022,..,..,..,..,..,..,..,..
BGR,1990,..,9.790800095,3.2231,..,..,0.01,..,..
BGR,1991,..,9.768199921,3.0524,..,..,0.01,..,..
BGR,1992,..,10.20639992,3.1164,..,..,0.01,..,..
BGR,1993,..,10.49419975,3.3182,..,..,0.01,..,..
BGR,1994,..,10.19610023,3.315,..,..,0.01,..,..
BGR,1995,..,10.36999989,3.4691,..,..,0.01,..,..
BGR,1996,..,10.47000027,3.5687,..,..,0.02,..,..
BGR,1997,..,10.27999973,3.4895,..,..,0.02,..,..
BGR,1998,..,8.409999847,3.4993,..,..,0.02,..,..
BGR,1999,..,7.489999771,..,..,..,0.02,..,..
BGR,2000,5.82970953,7.41,3.4416,..,6,0.02,..,52
BGR,2001,6.85958815,7.2,3.4279,4,7,0.02,..,61
BGR,2002,7.0809865,6.49,3.5199,4.2,7,0.02,..,53
BGR,2003,7.19987392,6.29,3.6042,4.5,10,0.02,..,52
BGR,2004,6.89090872,6.13,3.5387,4.9,10,0.02,..,49
BGR,2005,6.89011478,6.41,3.6651,4.9,11,0.02,..,52
BGR,2006,6.52544546,6.28,3.6805,5.1,12,0.02,..,51
BGR,2007,6.16035938,6.46,3.68,4.6,13,0.02,..,47
BGR,2008,6.28771019,6.61,3.6488,4.5,14,0.03,..,49
BGR,2009,6.59577608,6.72,3.7401,4.1,17,0.03,..,44
BGR,2010,7.09571743,6.62,3.7661,4,19,0.03,..,41
BGR,2011,7.1026721,6.45,3.8467,4,22,0.03,..,37
BGR,2012,7.53875399,6.61,3.8995,3.7,25,0.03,..,35
BGR,2013,7.1426816,6.82,3.963,3.2,28,0.03,..,33
BGR,2014,7.68282461,7.13,3.975,3.3,30,0.03,..,31
BGR,2015,7.3912921,7.24,4.0332,3.4,33,0.03,..,28
BGR,2016,7.45653582,7.27,..,3.5,37,0.03,..,27
BGR,2017,7.49168301,7.45,..,3,44,0.03,..,25
BGR,2018,7.32867956,..,4.2071,2.8,51,0.03,..,23
BGR,2019,7.08924437,..,..,3,56,0.03,..,21
BGR,2020,8.52063847,..,..,3,58,0.03,..,19
BGR,2021,..,..,..,..,60,0.03,..,17
BGR,2022,..,..,..,..,..,..,..,..
BFA,1990,..,0.299299985,..,..,..,2.73,..,..
BFA,1991,..,..,..,..,..,2.4,..,..
BFA,1992,..,..,..,..,..,2.02,..,..
BFA,1993,..,..,..,..,..,1.86,..,..
BFA,1994,..,..,..,..,..,1.61,..,..
BFA,1995,..,1.299999952,3.40E-02,..,..,1.44,..,..
BFA,1996,..,1.419999957,3.50E-02,..,..,1.26,..,..
BFA,1997,..,..,3.80E-02,..,..,1.17,..,..
BFA,1998,..,..,..,..,..,1.09,..,..
BFA,1999,..,..,..,..,..,0.99,..,..
BFA,2000,2.9502635,..,..,..,0,0.89,599.3173545,70
BFA,2001,2.88835382,..,0.04,22.6,0,0.83,599.7482074,69
BFA,2002,2.97113013,..,..,20.5,0,0.76,594.7492885,67
BFA,2003,3.14307284,..,..,18.6,1,0.67,584.4635903,66
BFA,2004,4.21720934,..,5.43E-02,18.1,3,0.63,561.2775479,65
BFA,2005,3.95109582,..,..,17.5,7,0.58,530.652249,64
BFA,2006,4.51446247,0.9,..,17.1,11,0.53,513.2121265,63
BFA,2007,5.23373222,..,..,16,14,0.46,521.3520648,62
BFA,2008,4.64780712,..,3.22E-02,15.4,19,0.4,551.8239838,61
BFA,2009,5.08159161,..,4.46E-02,14.1,25,0.35,570.7756833,60
BFA,2010,5.23958349,0.4,4.57E-02,13.3,30,0.31,570.472881,58
BFA,2011,4.64868164,..,3.86E-02,12.6,35,0.28,556.6615235,57
BFA,2012,4.60267258,..,4.75E-02,12.2,38,0.25,535.2151711,55
BFA,2013,5.56331587,..,4.70E-02,11.8,42,0.23,488.7741313,54
BFA,2014,5.00027227,..,4.87E-02,11.8,47,0.2,447.6063688,54
BFA,2015,5.13192415,..,6.57E-02,12,54,0.16,419.2821142,52
BFA,2016,5.95461321,..,6.45E-02,12.3,60,0.14,374.32112,51
BFA,2017,6.05631208,..,8.47E-02,12.4,68,0.12,357.6141753,49
BFA,2018,4.95254326,..,8.53E-02,12.7,65,0.11,357.0256235,48
BFA,2019,5.38121271,..,9.40E-02,14.1,76,0.1,356.6632493,47
BFA,2020,6.71932602,..,..,18,78,0.09,377.4021349,46
BFA,2021,..,..,..,..,84,0.08,376.771823,45
BFA,2022,..,..,..,..,..,..,..,..
BDI,1990,..,..,5.80E-02,..,..,5.27,..,..
BDI,1991,..,0.663100004,5.90E-02,..,..,4.88,..,..
BDI,1992,..,..,..,..,..,4.45,..,..
BDI,1993,..,..,5.60E-02,..,..,3.89,..,..
BDI,1994,..,..,..,..,..,3.31,..,..
BDI,1995,..,..,5.50E-02,..,..,2.87,..,..
BDI,1996,..,..,..,..,..,2.5,..,..
BDI,1997,..,..,..,..,..,2.2,..,..
BDI,1998,..,..,..,..,..,1.99,..,..
BDI,1999,..,..,..,..,..,1.78,..,..
BDI,2000,6.17697191,..,5.20E-02,..,0,1.55,448.4395875,290
BDI,2001,6.40484381,..,..,..,0,1.41,435.7869004,270
BDI,2002,6.47216082,..,..,..,1,1.23,417.7722818,250
BDI,2003,6.31327677,..,..,..,1,1.09,393.4621182,230
BDI,2004,7.70102644,..,2.80E-02,..,3,0.95,344.5570365,211
BDI,2005,8.42368603,..,..,..,6,0.83,312.2309299,195
BDI,2006,9.94232273,0.7,..,..,8,0.74,282.3041737,181
BDI,2007,10.5808115,..,..,..,11,0.69,238.0347478,169
BDI,2008,9.23542786,..,..,..,15,0.61,204.7343179,160
BDI,2009,10.35023308,..,..,..,19,0.59,175.9540247,152
BDI,2010,11.27638912,..,4.82E-02,..,25,0.49,169.2424511,144
BDI,2011,10.06996346,..,3.99E-02,..,29,0.45,165.0613443,138
BDI,2012,8.52668476,..,5.39E-02,..,33,0.4,166.2929398,133
BDI,2013,8.53728485,..,5.81E-02,..,38,0.34,175.2268099,128
BDI,2014,7.21081543,0.79,6.19E-02,..,43,0.31,182.6268593,126
BDI,2015,6.29022646,..,0.05,..,50,0.27,199.9152058,122
BDI,2016,7.17137861,..,..,..,63,0.22,231.6928585,118
BDI,2017,7.28069401,..,0.1001,..,73,0.19,250.5317288,114
BDI,2018,7.39932251,..,9.70E-02,..,81,0.16,288.4995935,111
BDI,2019,6.53989458,..,..,..,89,0.14,298.8721194,107
BDI,2020,6.50141716,..,7.17E-02,..,91,0.13,303.4378167,103
BDI,2021,..,..,..,..,93,0.14,291.4447392,100
BDI,2022,..,..,..,..,..,..,..,..
CPV,1990,..,..,..,..,..,0.59,..,..
CPV,1991,..,..,..,..,..,0.62,..,..
CPV,1992,..,1.583099961,0.234,..,..,0.58,..,..
CPV,1993,..,..,..,..,..,0.53,..,..
CPV,1994,..,..,..,..,..,0.47,..,..
CPV,1995,..,..,..,..,..,0.43,..,..
CPV,1996,..,..,0.171,..,..,0.41,..,..
CPV,1997,..,..,..,..,..,0.4,..,..
CPV,1998,..,..,..,..,..,0.39,..,..
CPV,1999,..,..,..,..,..,0.39,..,..
CPV,2000,4.43401194,..,..,..,0,0.39,1.208611356,82
CPV,2001,4.75244379,..,..,14.5,0,0.39,0.883209932,83
CPV,2002,4.7555151,..,..,14.4,0,0.39,0.617685306,55
CPV,2003,4.50008631,..,..,13.1,0,0.39,0.544771396,88
CPV,2004,4.37710667,..,0.493,11.3,1,0.38,0.355700295,80
CPV,2005,4.27364111,2.1,..,11,8,0.36,0.530690288,79
CPV,2006,4.48974991,..,..,11.4,13,0.3,0.616765221,70
CPV,2007,4.18900156,..,..,12.3,19,0.27,0.137163758,72
CPV,2008,3.58312893,2.1,..,13.1,25,0.27,0.263778667,87
CPV,2009,3.88152432,..,0.5157,14.1,26,0.26,0.484839444,85
CPV,2010,4.47555733,2.1,0.5928,14.2,32,0.26,0.346825075,90
CPV,2011,4.30527449,..,0.5853,14.1,36,0.25,5.10E-02,95
CPV,2012,5.13365459,..,0.5146,14.3,45,0.24,7.20E-03,104
CPV,2013,5.28994226,..,0.6019,15.1,50,0.26,0.156713016,74
CPV,2014,5.32722235,..,..,16.2,59,0.26,0.183125674,66
CPV,2015,4.82334137,..,0.7814,16.8,64,0.26,4.88E-02,64
CPV,2016,4.84606647,..,0.7682,17,74,0.25,0.337507404,58
CPV,2017,5.2683692,..,..,16.2,80,0.26,2.879745112,58
CPV,2018,5.18630934,..,0.8312,15.4,91,0.27,1.35E-02,46
CPV,2019,5.06559896,..,..,14.5,97,0.26,0,46
CPV,2020,6.01976061,..,..,17.7,98,0.26,0,39
CPV,2021,..,..,..,..,98,0.24,0,35
CPV,2022,..,..,..,..,..,..,..,..
KHM,1990,..,2.072099924,..,..,..,0.03,..,..
KHM,1991,..,..,..,..,..,0.09,..,..
KHM,1992,..,..,0.107,..,..,0.28,..,..
KHM,1993,..,..,0.104,..,..,0.61,..,..
KHM,1994,..,..,0.105,..,..,1.02,..,..
KHM,1995,..,..,..,..,..,1.35,..,..
KHM,1996,..,..,0.1135,..,..,1.48,..,..
KHM,1997,..,..,..,..,..,1.43,..,..
KHM,1998,..,..,0.1475,..,..,1.26,..,..
KHM,1999,..,..,..,..,..,1.04,..,..
KHM,2000,6.53804731,..,0.1684,..,0,0.81,78.07278675,579
KHM,2001,7.00522089,0.6,..,23.6,0,0.6,44.54568855,566
KHM,2002,7.22556973,..,..,21.2,0,0.51,39.28693484,553
KHM,2003,6.93705606,..,..,19.4,3,0.45,51.40788691,539
KHM,2004,7.07894278,0.1,..,18.5,7,0.4,43.7905423,525
KHM,2005,6.84559298,..,..,17,11,0.35,41.4936147,510
KHM,2006,6.11889315,..,..,15.6,21,0.3,45.9509933,495
KHM,2007,4.90875959,..,..,14.8,28,0.25,19.70983908,481
KHM,2008,6.60109425,..,0.2444,14.5,36,0.22,21.79124626,466
KHM,2009,7.58330584,..,0.2378,13,42,0.19,42.58072559,452
KHM,2010,6.91169977,0.84,0.2302,11.2,48,0.16,34.78064917,438
KHM,2011,7.50353098,0.7,0.2263,9.7,53,0.13,35.70958341,425
KHM,2012,7.26115417,..,0.1651,9.5,56,0.12,24.8653457,412
KHM,2013,7.10386753,0.7,..,9.4,59,0.11,15.91364702,398
KHM,2014,6.70157766,..,0.1927,9.2,63,0.11,22.35292444,383
KHM,2015,6.19431591,0.8,..,8.9,66,0.1,20.07104757,366
KHM,2016,6.11648464,0.9,..,8.5,70,0.09,11.23457618,348
KHM,2017,5.72271872,..,..,7.7,73,0.09,18.1054485,329
KHM,2018,6.14389992,..,..,6.6,77,0.08,24.02494404,308
KHM,2019,6.89604807,..,..,6,81,7.00E-02,12.2206901,287
KHM,2020,7.50527,..,..,6.3,83,7.00E-02,3.737680234,280
KHM,2021,..,..,..,..,84,7.00E-02,1.625014033,288
KHM,2022,..,..,..,..,..,..,..,..
CMR,1990,..,2.553299904,8.20E-02,..,..,1.38,..,..
CMR,1991,..,..,..,..,..,1.78,..,..
CMR,1992,..,..,8.40E-02,..,..,2.22,..,..
CMR,1993,..,..,7.30E-02,..,..,2.71,..,..
CMR,1994,..,..,..,..,..,3.24,..,..
CMR,1995,..,..,..,..,..,3.73,..,..
CMR,1996,..,..,7.40E-02,..,..,4.13,..,..
CMR,1997,..,..,..,..,..,4.39,..,..
CMR,1998,..,..,..,..,..,4.54,..,..
CMR,1999,..,..,..,..,..,4.4,..,..
CMR,2000,4.11237431,..,..,..,0,4.22,406.4369211,309
CMR,2001,3.88486743,..,..,22.9,0,3.91,414.4869383,317
CMR,2002,4.02669907,..,..,20.7,0,3.58,410.3667499,321
CMR,2003,3.90228009,..,..,19.3,0,3.26,422.5551087,321
CMR,2004,3.72798967,..,0.181,17.6,3,2.99,430.2330576,318
CMR,2005,3.77274442,..,5.92E-02,15.9,5,2.76,422.4043616,311
CMR,2006,3.73662806,1.5,..,14.1,6,2.57,406.8696929,303
CMR,2007,3.70858574,..,7.04E-02,12.6,9,2.43,385.2291596,292
CMR,2008,3.65843678,..,..,11.2,12,2.27,350.1276024,282
CMR,2009,3.49997187,..,6.80E-02,8.8,15,2.13,307.287013,271
CMR,2010,3.57742167,1.3,8.42E-02,7.1,17,1.87,286.1517104,260
CMR,2011,3.85282946,..,8.81E-02,5.6,20,1.73,266.5740682,251
CMR,2012,3.9310236,..,..,5.2,23,1.55,257.6460522,242
CMR,2013,3.63111043,..,..,5.2,25,1.31,262.0032497,235
CMR,2014,3.78765464,..,..,5.3,28,1.24,261.2371155,220
CMR,2015,3.59505081,..,..,5.4,33,1.12,260.5539146,212
CMR,2016,3.5937767,..,..,5.9,40,1.06,258.3875086,203
CMR,2017,3.39752436,..,..,6.6,50,0.91,252.1735174,194
CMR,2018,3.61970162,..,0.1292,6.9,56,0.78,247.9970688,186
CMR,2019,3.65157914,..,..,6.7,62,0.74,242.260749,179
CMR,2020,3.76582599,..,..,6.7,70,0.64,249.184556,171
CMR,2021,..,..,..,..,78,0.56,245.0843109,164
CMR,2022,..,..,..,..,..,..,..,..
CAN,1990,..,6,2.1,..,..,..,..,..
CAN,1991,..,5.800000191,2.1,..,..,..,..,..
CAN,1992,..,5.5,2.1,..,..,..,..,..
CAN,1993,..,5.400000095,2.2,..,..,..,..,..
CAN,1994,..,..,2.1,..,..,..,..,..
CAN,1995,..,5,2.1,..,..,..,..,..
CAN,1996,..,4.599999905,2.1,..,..,..,..,..
CAN,1997,..,4.400000095,2.1,..,..,..,..,..
CAN,1998,..,4.199999809,1.8611,..,..,..,..,..
CAN,1999,..,3.900000095,2.1,..,..,..,..,..
CAN,2000,8.24814415,3.77,..,..,..,..,..,6.5
CAN,2001,8.62482357,3.69,1.8871,2.5,..,..,..,6.6
CAN,2002,8.85670471,3.64,1.8969,2.5,..,..,..,6.1
CAN,2003,9.01090145,3.5,..,2.5,..,..,..,5.9
CAN,2004,9.06628132,3.44,1.8971,2.5,..,..,..,5.6
CAN,2005,9.03540611,3.1,..,2.5,..,..,..,5.5
CAN,2006,9.34210205,3.02,1.9086,2.5,..,..,..,5.4
CAN,2007,9.44540119,2.96,..,2.5,..,..,..,5.3
CAN,2008,9.60754967,2.85,1.959,2.5,..,..,..,5.4
CAN,2009,10.71909046,2.8,..,2.5,..,..,..,5.4
CAN,2010,10.70161057,2.78,2.0384,2.5,..,..,..,4.6
CAN,2011,10.40782261,2.8,..,2.5,..,..,..,4.8
CAN,2012,10.51472855,2.79,2.3962,2.5,..,..,..,5.5
CAN,2013,10.41469765,2.72,2.4509,2.5,..,..,..,5.4
CAN,2014,10.25806713,2.67,2.4961,2.5,..,..,..,5.1
CAN,2015,10.74362469,2.62,2.5388,2.5,..,..,..,5.3
CAN,2016,11.03318405,2.6,2.3105,2.5,..,..,..,5.5
CAN,2017,10.86184978,2.53,2.6102,2.5,..,..,..,5.7
CAN,2018,10.84608173,2.55,2.4251,2.5,..,..,..,5.6
CAN,2019,10.95021915,2.52,2.4425,2.5,..,..,..,5.9
CAN,2020,12.93967533,..,..,2.5,..,..,..,5.4
CAN,2021,11.67882252,..,..,..,..,..,..,5.3
CAN,2022,..,..,..,..,..,..,..,..
CYM,1990,..,3,1.7,..,..,..,..,..
CYM,1991,..,..,..,..,..,..,..,..
CYM,1992,..,..,..,..,..,..,..,..
CYM,1993,..,..,..,..,..,..,..,..
CYM,1994,..,..,..,..,..,..,..,..
CYM,1995,..,..,1.7,..,..,..,..,..
CYM,1996,..,..,..,..,..,..,..,..
CYM,1997,..,..,1.939,..,..,..,..,..
CYM,1998,..,..,..,..,..,..,..,..
CYM,1999,..,..,..,..,..,..,..,..
CYM,2000,..,..,..,..,..,..,..,14
CYM,2001,..,..,..,..,..,..,..,2.8
CYM,2002,..,..,..,..,..,..,..,0
CYM,2003,..,..,..,..,..,..,..,0
CYM,2004,..,..,..,..,..,..,..,2.5
CYM,2005,..,..,..,..,..,..,..,1
CYM,2006,..,..,..,..,..,..,..,0
CYM,2007,..,..,..,..,..,..,..,2.3
CYM,2008,..,..,..,..,..,..,..,2.2
CYM,2009,..,..,..,..,..,..,..,4.4
CYM,2010,..,..,..,..,..,..,..,8.5
CYM,2011,..,..,..,..,..,..,..,4.1
CYM,2012,..,..,..,..,..,..,..,12
CYM,2013,..,..,..,..,..,..,..,9.9
CYM,2014,..,..,..,..,..,..,..,0
CYM,2015,..,..,..,..,..,..,..,13
CYM,2016,..,..,..,..,..,..,..,5.5
CYM,2017,..,..,..,..,..,..,..,7.2
CYM,2018,..,..,..,..,..,..,..,5.3
CYM,2019,..,..,..,..,..,..,..,7
CYM,2020,..,..,..,..,..,..,..,3.4
CYM,2021,..,..,..,..,..,..,..,3.9
CYM,2022,..,..,..,..,..,..,..,..
CAF,1990,..,0.873199999,3.80E-02,..,..,5.81,..,..
CAF,1991,..,..,..,..,..,6.46,..,..
CAF,1992,..,..,..,..,..,6.87,..,..
CAF,1993,..,..,5.50E-02,..,..,7.07,..,..
CAF,1994,..,..,..,..,..,7.13,..,..
CAF,1995,..,..,3.50E-02,..,..,6.73,..,..
CAF,1996,..,..,..,..,..,6.16,..,..
CAF,1997,..,..,..,..,..,5.74,..,..
CAF,1998,..,..,..,..,..,5.14,..,..
CAF,1999,..,..,..,..,..,4.77,..,..
CAF,2000,4.27478504,..,..,..,0,4.38,441.9642673,540
CAF,2001,3.95594192,..,..,39.2,0,3.88,433.9363399,540
CAF,2002,4.22761345,..,..,40.1,0,3.64,434.4250287,540
CAF,2003,4.39720297,..,..,40.6,0,3.29,438.8739522,540
CAF,2004,4.30442286,..,8.36E-02,40.5,0,3.09,446.471272,540
CAF,2005,4.36732149,..,..,39.6,1,3.05,444.805838,540
CAF,2006,4.44105434,1.2,..,37.7,2,2.69,440.1046606,540
CAF,2007,4.71851492,..,..,35.7,4,2.47,432.3049716,540
CAF,2008,4.08699083,..,4.05E-02,33.3,9,2.28,422.8060864,540
CAF,2009,4.81901121,..,4.73E-02,31.9,10,2.02,409.5768581,540
CAF,2010,3.56699872,..,..,30.3,12,1.9,395.6017703,540
CAF,2011,3.67561865,1,..,29.6,12,1.78,385.8120113,540
CAF,2012,3.91814446,..,..,33,15,1.59,377.7249222,540
CAF,2013,4.76660204,..,..,40.2,16,1.53,371.1902912,540
CAF,2014,4.56557369,..,..,47.9,24,1.33,362.6547908,540
CAF,2015,5.03434181,..,7.21E-02,49.9,29,1.12,346.4428574,540
CAF,2016,5.44402313,..,..,48.6,34,0.99,334.1202988,540
CAF,2017,6.66541576,..,..,46.1,41,0.95,328.6993995,540
CAF,2018,10.99695206,..,7.18E-02,46.8,45,0.84,324.6672203,540
CAF,2019,7.82838726,..,..,49.2,55,0.72,322.8727515,540
CAF,2020,9.40206814,..,..,52.2,60,0.65,335.994471,540
CAF,2021,..,..,..,..,67,0.58,334.7076611,540
CAF,2022,..,..,..,..,..,..,..,..
TCD,1990,..,..,..,..,..,1.55,..,..
TCD,1991,..,0.720099986,..,..,..,1.77,..,..
TCD,1992,..,..,..,..,..,1.96,..,..
TCD,1993,..,..,..,..,..,1.97,..,..
TCD,1994,..,..,3.30E-02,..,..,1.93,..,..
TCD,1995,..,..,..,..,..,1.84,..,..
TCD,1996,..,..,..,..,..,1.84,..,..
TCD,1997,..,..,2.60E-02,..,..,1.73,..,..
TCD,1998,..,..,2.01E-02,..,..,1.61,..,..
TCD,1999,..,..,2.88E-02,..,..,1.49,..,..
TCD,2000,5.45750713,..,2.81E-02,..,0,1.39,270.0084635,151
TCD,2001,5.2932992,..,..,38.8,0,1.27,271.3537758,152
TCD,2002,7.26787424,..,..,37.6,0,1.21,236.4294257,152
TCD,2003,5.50940943,..,..,38,2,1.11,230.9099741,152
TCD,2004,5.50012684,..,3.54E-02,37.1,0,1.04,224.366495,151
TCD,2005,4.84111166,0.4,..,37.8,2,0.96,225.6008302,151
TCD,2006,4.86643076,..,3.52E-02,38.4,5,0.91,228.451059,150
TCD,2007,4.34313393,..,..,39.2,7,0.84,228.6577831,149
TCD,2008,4.05955124,..,..,40.1,17,0.77,229.7347493,149
TCD,2009,4.44166946,..,..,35.7,24,0.67,236.3723799,148
TCD,2010,4.06023312,..,..,31.4,30,0.64,236.103729,147
TCD,2011,3.91046357,..,..,26,30,0.56,220.0520583,147
TCD,2012,3.8560791,..,4.13E-02,25.4,33,0.54,204.6310416,146
TCD,2013,4.06645298,..,4.33E-02,25.6,35,0.48,192.5009798,146
TCD,2014,4.27316904,..,4.45E-02,27,38,0.42,190.798992,145
TCD,2015,4.52395248,..,4.93E-02,28,40,0.42,191.7570118,144
TCD,2016,5.05077839,..,3.71E-02,28.5,43,0.39,194.8657015,144
TCD,2017,4.55722713,..,4.34E-02,29.1,46,0.38,198.4946118,143
TCD,2018,4.56768799,..,5.19E-02,30.3,55,0.33,208.387057,142
TCD,2019,4.47938061,..,5.39E-02,31.7,62,0.28,205.5115553,142
TCD,2020,5.40748835,..,6.11E-02,32.7,70,0.24,208.562109,141
TCD,2021,..,..,..,..,75,0.21,206.3621958,140
TCD,2022,..,..,..,..,..,..,..,..
CHI,1990,..,..,..,..,..,..,..,..
CHI,1991,..,..,..,..,..,..,..,..
CHI,1992,..,..,..,..,..,..,..,..
CHI,1993,..,..,..,..,..,..,..,..
CHI,1994,..,..,..,..,..,..,..,..
CHI,1995,..,..,..,..,..,..,..,..
CHI,1996,..,..,..,..,..,..,..,..
CHI,1997,..,..,..,..,..,..,..,..
CHI,1998,..,..,..,..,..,..,..,..
CHI,1999,..,..,..,..,..,..,..,..
CHI,2000,..,..,..,..,..,..,..,..
CHI,2001,..,..,..,..,..,..,..,..
CHI,2002,..,..,..,..,..,..,..,..
CHI,2003,..,..,..,..,..,..,..,..
CHI,2004,..,..,..,..,..,..,..,..
CHI,2005,..,..,..,..,..,..,..,..
CHI,2006,..,..,..,..,..,..,..,..
CHI,2007,..,..,..,..,..,..,..,..
CHI,2008,..,..,..,..,..,..,..,..
CHI,2009,..,..,..,..,..,..,..,..
CHI,2010,..,..,..,..,..,..,..,..
CHI,2011,..,..,..,..,..,..,..,..
CHI,2012,..,..,..,..,..,..,..,..
CHI,2013,..,..,..,..,..,..,..,..
CHI,2014,..,..,..,..,..,..,..,..
CHI,2015,..,..,..,..,..,..,..,..
CHI,2016,..,..,..,..,..,..,..,..
CHI,2017,..,..,..,..,..,..,..,..
CHI,2018,..,..,..,..,..,..,..,..
CHI,2019,..,..,..,..,..,..,..,..
CHI,2020,..,..,..,..,..,..,..,..
CHI,2021,..,..,..,..,..,..,..,..
CHI,2022,..,..,..,..,..,..,..,..
CHL,1990,..,3.158600092,1.1,..,..,7.00E-02,..,..
CHL,1991,..,..,1.066,..,..,0.08,..,..
CHL,1992,..,..,0.9949,..,..,0.1,..,..
CHL,1993,..,3.099999905,..,..,..,0.12,..,..
CHL,1994,..,..,..,..,..,0.14,..,..
CHL,1995,..,..,..,..,..,0.15,..,..
CHL,1996,..,2.670000076,..,..,..,0.16,..,..
CHL,1997,..,..,..,..,..,0.16,..,..
CHL,1998,..,..,..,..,..,0.16,..,..
CHL,1999,..,..,..,..,..,0.15,..,..
CHL,2000,7.03517675,2.72,..,..,10,0.15,..,23
CHL,2001,7.15104151,2.62,..,3.4,12,0.14,..,22
CHL,2002,7.26602364,2.54,0.8921,3.2,17,0.14,..,18
CHL,2003,7.33330393,2.51,0.9466,3.2,21,0.14,..,16
CHL,2004,6.90114975,2.41,0.9842,3.2,22,0.14,..,19
CHL,2005,6.58871555,2.31,0.9804,3.1,30,0.15,..,18
CHL,2006,6.03516722,2.33,1.0404,3.1,29,0.15,..,18
CHL,2007,6.17537546,2.29,1.0365,3.1,31,0.16,..,17
CHL,2008,6.74047947,2.28,1.0389,3.4,32,0.17,..,17
CHL,2009,7.20918465,2.27,1.0294,3.5,35,0.17,..,16
CHL,2010,6.77489376,2.04,1.4333,3.4,37,0.18,..,16
CHL,2011,6.7717886,2.22,1.5854,3.3,37,0.18,..,16
CHL,2012,7.02092028,2.17,1.7471,3.1,43,0.19,..,16
CHL,2013,7.44478321,2.17,1.8806,3.1,48,0.19,..,16
CHL,2014,7.80729866,2.12,2.0278,3,49,0.19,..,15
CHL,2015,8.30269146,2.14,2.147,3.1,52,0.19,..,17
CHL,2016,8.51866722,2.12,2.2937,3.1,56,0.19,..,16
CHL,2017,9.06854153,2.11,2.4411,2.9,62,0.2,..,17
CHL,2018,9.15850353,2.06,2.5912,2.7,65,0.2,..,18
CHL,2019,9.33272266,..,2.6614,2.6,67,0.2,..,18
CHL,2020,9.75300503,..,2.8351,2.6,68,0.2,..,14
CHL,2021,9.09627819,..,..,..,68,0.2,..,16
CHL,2022,..,..,..,..,..,..,..,..
CHN,1990,..,2.579999924,1.1015,..,..,..,..,..
CHN,1991,..,2.599999905,..,..,..,..,..,..
CHN,1992,..,2.619999886,..,..,..,..,..,..
CHN,1993,..,2.630000114,..,..,..,..,..,..
CHN,1994,..,2.630000114,..,..,..,..,..,..
CHN,1995,..,2.609999895,1.1664,..,..,..,..,..
CHN,1996,..,2.549999952,1.1725,..,..,..,..,..
CHN,1997,..,2.549999952,1.1865,..,..,..,..,..
CHN,1998,..,2.529999971,1.1839,..,..,..,..,..
CHN,1999,..,2.519999981,1.212,..,..,..,..,..
CHN,2000,4.50828123,1.68,1.2356,..,..,..,1.52E-02,107
CHN,2001,4.25330067,1.66,1.2535,10,..,..,3.99E-02,104
CHN,2002,4.38285255,1.7,1.1134,9.4,..,..,4.76E-02,100
CHN,2003,4.41762781,1.73,1.16,8.6,..,..,5.29E-02,97
CHN,2004,4.29347467,1.79,1.1895,7.9,..,..,5.01E-02,94
CHN,2005,4.17605019,1.84,1.2127,7,..,..,4.02E-02,91
CHN,2006,3.94742203,1.91,1.247,6.1,..,..,6.44E-02,88
CHN,2007,3.67491412,1.99,1.2676,5,..,..,5.30E-02,85
CHN,2008,3.900002,2.13,1.3166,4,..,..,2.99E-02,82
CHN,2009,4.34958458,2.29,1.3922,2.8,..,..,1.66E-02,81
CHN,2010,4.23068333,2.47,1.4334,2.5,..,..,8.85E-03,76
CHN,2011,4.34274387,2.69,1.4596,2.5,..,..,2.30E-03,75
CHN,2012,4.56584787,3.01,1.5367,2.5,..,..,4.27E-04,73
CHN,2013,4.71490669,3.29,1.6332,2.5,..,..,1.44E-04,70
CHN,2014,4.77790594,3.55,1.6877,2.5,..,..,9.15E-05,67
CHN,2015,4.93827963,3.79,1.7732,2.5,..,..,6.69E-05,65
CHN,2016,4.97955608,4.02,1.8647,2.5,..,..,1.71E-06,63
CHN,2017,5.06592178,4.31,1.9798,2.5,..,..,0,62
CHN,2018,5.16790485,..,2.0969,2.5,..,..,0,61
CHN,2019,5.3502779,..,2.2266,2.5,..,..,0,58
CHN,2020,5.59359694,..,..,2.5,..,..,0,57
CHN,2021,..,..,..,..,..,..,..,55
CHN,2022,..,..,..,..,..,..,..,..
COL,1990,..,1.366700053,0.7906,..,..,0.14,..,..
COL,1991,..,..,0.8463,..,..,0.18,..,..
COL,1992,..,..,0.9039,..,..,0.22,..,..
COL,1993,..,1.299999952,0.9448,..,..,0.25,..,..
COL,1994,..,..,0.9904,..,..,0.28,..,..
COL,1995,..,..,1.0363,..,..,0.29,..,..
COL,1996,..,1.460000038,1.0765,..,..,0.29,..,..
COL,1997,..,..,1.1197,..,..,0.29,..,..
COL,1998,..,..,1.1672,..,..,0.28,..,..
COL,1999,..,..,1.2052,..,..,0.28,..,..
COL,2000,5.63529348,..,1.2467,..,1,0.26,24.27135821,37
COL,2001,5.94238234,..,1.2721,8.7,0,0.23,37.75907748,36
COL,2002,5.73295689,..,1.3031,9.1,2,0.23,32.5399802,35
COL,2003,5.77505875,1.100000024,1.3338,9.8,3,0.22,27.9681721,35
COL,2004,5.79892778,1.2,1.3731,10.6,5,0.21,21.41573514,33
COL,2005,6.06709862,..,1.4146,11.2,6,0.21,17.85532988,30
COL,2006,6.33551502,1,1.4521,11.4,8,0.21,17.46851521,32
COL,2007,6.49102831,1,1.494,11,14,0.21,18.06397901,31
COL,2008,6.84192705,..,1.545,11.3,11,0.19,11.33638431,32
COL,2009,7.31134653,..,1.5999,12.1,12,0.2,11.26886813,32
COL,2010,7.07130098,1.48,1.6493,12.9,13,0.21,16.5860398,32
COL,2011,6.78076839,1.45,1.713,12.3,19,0.22,8.985202479,33
COL,2012,6.74599648,1.48,1.774,10.7,26,0.21,8.304845937,33
COL,2013,7.01724052,1.54,1.8431,8.9,30,0.2,7.06737599,32
COL,2014,7.18553209,1.59,1.918,7.5,35,0.19,5.518079588,31
COL,2015,7.52338505,1.61,1.9742,6.5,41,0.19,8.132892427,31
COL,2016,7.53117037,1.68,2.0335,6,47,0.19,10.95893269,33
COL,2017,7.67864323,1.7,2.1064,5.9,51,0.18,7.563400923,33
COL,2018,7.62541389,1.71,2.1848,6.2,50,0.18,8.600544153,33
COL,2019,8.1165638,..,2.2522,7.2,57,0.18,10.77860749,35
COL,2020,8.99294186,..,2.327,8.2,69,0.17,9.400526219,34
COL,2021,..,..,..,..,74,0.17,8.97989882,41
COL,2022,..,..,..,..,..,..,..,..
COM,1990,..,2.761600018,0.113,..,..,0.01,..,..
COM,1991,..,..,..,..,..,0.01,..,..
COM,1992,..,..,0.127,..,..,0.01,..,..
COM,1993,..,..,..,..,..,0.02,..,..
COM,1994,..,..,..,..,..,0.02,..,..
COM,1995,..,..,..,..,..,0.02,..,..
COM,1996,..,..,..,..,..,0.02,..,..
COM,1997,..,..,7.40E-02,..,..,0.02,..,..
COM,1998,..,..,..,..,..,0.02,..,..
COM,1999,..,..,..,..,..,0.02,..,..
COM,2000,7.51536942,..,..,..,0,0.02,66.33156842,39
COM,2001,6.65322924,..,..,..,0,0.02,65.03621237,38
COM,2002,6.68114853,..,..,..,0,0.02,63.78175717,37
COM,2003,6.65392351,..,..,..,0,0.02,62.5436304,37
COM,2004,6.58027744,..,0.1926,..,0,0.02,61.31077133,36
COM,2005,6.12521315,..,0.1897,..,0,0.02,60.09283209,36
COM,2006,5.77074099,2.2,..,..,0,0.02,58.88783411,36
COM,2007,5.41753864,..,..,..,0,0.02,57.69339876,35
COM,2008,5.06897497,..,..,..,0,0.02,56.5030899,34
COM,2009,4.92694378,..,0.1901,..,0,0.02,55.32200351,33
COM,2010,4.99181557,2.16,..,..,13,0.02,55.69613307,33
COM,2011,5.3021183,..,..,..,15,0.02,37.09457654,34
COM,2012,5.17354631,..,0.1699,..,18,0.01,72.8066344,34
COM,2013,5.10299349,..,..,..,20,0.01,76.00304836,34
COM,2014,5.23849726,..,..,..,22,0.01,3.082791781,35
COM,2015,4.60089922,..,..,..,29,0.01,1.780295146,35
COM,2016,4.65263557,..,..,..,31,0.01,1.531695237,35
COM,2017,5.26807451,..,..,..,35,0.01,4.240715066,35
COM,2018,4.90318584,..,0.2643,..,42,0.01,19.56169741,35
COM,2019,5.18044472,..,..,..,53,0.01,22.24944563,35
COM,2020,5.34622765,..,..,..,58,0.01,5.639037121,35
COM,2021,..,..,..,..,61,0.01,12.82458543,35
COM,2022,..,..,..,..,..,..,..,..
COD,1990,..,1.426800013,6.60E-02,..,..,1.72,..,..
COD,1991,..,..,..,..,..,1.69,..,..
COD,1992,..,..,..,..,..,1.62,..,..
COD,1993,..,..,..,..,..,1.58,..,..
COD,1994,..,..,..,..,..,1.52,..,..
COD,1995,..,..,..,..,..,1.43,..,..
COD,1996,..,..,6.90E-02,..,..,1.35,..,..
COD,1997,..,..,..,..,..,1.25,..,..
COD,1998,..,..,..,..,..,1.19,..,..
COD,1999,..,..,..,..,..,1.12,..,..
COD,2000,1.55059242,..,..,..,0,1.07,469.5237312,327
COD,2001,2.70775485,..,..,32.2,0,1.01,469.8341284,327
COD,2002,2.65477443,..,..,33.7,0,0.95,470.3380072,327
COD,2003,3.81817842,..,..,34.5,0,0.89,474.5093026,327
COD,2004,4.42028666,..,0.107,34.7,1,0.83,481.241601,327
COD,2005,4.25265837,1.1,..,34.6,1,0.78,481.6890653,327
COD,2006,4.39380932,0.8,..,34.6,3,0.74,473.9140691,327
COD,2007,4.33555269,..,..,34.5,4,0.68,464.0551288,327
COD,2008,4.98871994,..,..,34.5,4,0.62,444.963445,327
COD,2009,4.54615927,..,9.34E-02,34.5,6,0.58,413.9672429,327
COD,2010,3.86035633,..,..,34.2,8,0.53,389.9127211,327
COD,2011,3.26267266,..,..,34.5,10,0.49,365.7190425,327
COD,2012,3.30099463,..,..,35.1,12,0.46,345.523943,327
COD,2013,3.56663275,..,8.99E-02,35.1,15,0.42,326.4920892,326
COD,2014,3.97874069,..,..,35.1,19,0.37,307.5046598,325
COD,2015,3.96921396,..,..,35.5,23,0.35,295.7635393,324
COD,2016,4.36603069,..,..,36,30,0.33,297.4805387,323
COD,2017,4.15646601,..,..,36.4,41,0.31,308.2104085,322
COD,2018,3.30249262,..,0.3752,36.3,48,0.28,320.8788742,321
COD,2019,3.54229975,..,..,37.7,60,0.25,320.6746876,320
COD,2020,4.05092573,..,..,39.8,70,0.22,324.2074264,319
COD,2021,..,..,..,..,82,0.18,318.2525254,318
COD,2022,..,..,..,..,..,..,..,..
COG,1990,..,3.349999905,0.276,..,..,4.19,..,..
COG,1991,..,..,..,..,..,3.81,..,..
COG,1992,..,..,..,..,..,3.56,..,..
COG,1993,..,..,..,..,..,3.44,..,..
COG,1994,..,..,..,..,..,3.19,..,..
COG,1995,..,..,0.251,..,..,3.03,..,..
COG,1996,..,..,..,..,..,2.98,..,..
COG,1997,..,..,..,..,..,2.88,..,..
COG,1998,..,..,0.7301,..,..,2.76,..,..
COG,1999,..,..,..,..,..,2.71,..,..
COG,2000,1.50500846,..,..,..,0,2.58,353.4155704,356
COG,2001,2.18529987,..,..,27,0,2.41,350.9362494,379
COG,2002,1.70167828,..,..,26.4,0,2.36,321.6740245,398
COG,2003,1.91852403,..,..,26.4,1,2.23,319.2113186,413
COG,2004,1.92152369,..,0.2154,31.7,1,2.14,317.8120763,423
COG,2005,1.71774101,1.6,..,34,3,2.19,299.5108144,426
COG,2006,1.70861316,..,0.2088,36.6,4,2.15,278.9698119,422
COG,2007,1.90200174,..,0.1035,35.4,6,2.06,256.6869439,413
COG,2008,2.2392714,..,..,35.5,11,2.07,231.3675023,403
COG,2009,2.1422224,..,..,36,14,2.09,216.8367694,393
COG,2010,1.85172856,..,0.1156,36.5,16,2.02,214.312046,386
COG,2011,1.75237322,..,0.1645,35.9,18,1.99,215.5188586,383
COG,2012,1.90971065,..,..,32.9,18,2.04,216.5816547,382
COG,2013,1.94347155,..,..,28.2,20,2.08,219.1950151,382
COG,2014,1.97311735,..,..,25.3,19,2.06,213.1226742,381
COG,2015,2.45668483,..,..,25.2,20,2.04,210.9029604,379
COG,2016,2.79067326,..,0.1064,26.4,21,2.21,217.142899,378
COG,2017,2.51812935,..,..,28.3,21,2.4,233.1400099,376
COG,2018,1.90143239,..,0.1037,29.3,22,2.41,242.9597384,375
COG,2019,2.56553078,..,..,29.9,22,2.52,237.7399886,373
COG,2020,4.46762228,..,..,31.6,22,2.68,228.6943541,372
COG,2021,..,..,..,..,23,2.39,219.3436519,370
COG,2022,..,..,..,..,..,..,..,..
CRI,1990,..,2.5,1.26,..,..,0.09,..,..
CRI,1991,..,..,..,..,..,0.09,..,..
CRI,1992,..,..,..,..,..,0.09,..,..
CRI,1993,..,..,0.883,..,..,0.1,..,..
CRI,1994,..,1.793900013,0.845,..,..,0.1,..,..
CRI,1995,..,1.779999971,0.854,..,..,0.11,..,..
CRI,1996,..,1.75,0.864,..,..,0.11,..,..
CRI,1997,..,1.710000038,0.872,..,..,0.11,..,..
CRI,1998,..,1.679999948,0.901,..,..,0.12,..,..
CRI,1999,..,..,1.719,..,..,0.12,..,..
CRI,2000,6.56498671,1.65,1.3133,..,9,0.13,1.349161387,18
CRI,2001,6.47409916,1.61,..,4.7,11,0.13,0.960788142,20
CRI,2002,6.86908817,1.57,..,5,14,0.14,0.707593917,17
CRI,2003,6.9691925,1.54,..,5.2,16,0.14,0.489763733,16
CRI,2004,6.63006067,1.5,..,5,18,0.15,0.865984091,21
CRI,2005,6.6642971,1.35,..,4.4,20,0.15,2.344163754,16
CRI,2006,6.93530846,1.32,2.0415,3.9,22,0.16,1.894463442,14
CRI,2007,6.99642611,1.3,2.0905,3.8,23,0.16,0.786998248,16
CRI,2008,7.46854782,1.25,2.1577,3.9,25,0.16,0.613071756,14
CRI,2009,7.86019135,1.24,2.2178,4.3,26,0.17,0.164047952,12
CRI,2010,8.02937698,1.24,2.3057,4.6,39,0.18,6.80E-02,13
CRI,2011,8.12197685,1.23,2.3721,5,40,0.18,6.11E-03,14
CRI,2012,7.78642273,1.2,2.4578,5,40,0.18,3.62E-03,13
CRI,2013,7.68229294,1.18,2.5421,4.9,40,0.19,0,11
CRI,2014,7.66376162,1.17,2.6434,4.7,41,0.19,0,12
CRI,2015,7.59196186,1.16,2.7318,4.1,47,0.19,0,11
CRI,2016,7.31724358,1.15,2.8443,3.6,49,0.19,2.31E-03,9.4
CRI,2017,7.04522991,1.14,2.9533,3.2,52,0.2,6.87E-03,9.6
CRI,2018,7.28587723,1.11,2.8939,3.2,57,0.2,3.97E-02,10
CRI,2019,7.2212491,1.1,..,3.4,60,0.2,5.34E-02,10
CRI,2020,7.855371,..,3.3005,3.4,58,0.21,5.02E-02,9.7
CRI,2021,..,..,..,..,66,0.21,0.104773921,11
CRI,2022,..,..,..,..,..,..,..,..
CIV,1990,..,0.811600029,8.80E-02,..,..,6.6,..,..
CIV,1991,..,..,..,..,..,7.16,..,..
CIV,1992,..,..,..,..,..,7.45,..,..
CIV,1993,..,..,..,..,..,7.47,..,..
CIV,1994,..,..,..,..,..,7,..,..
CIV,1995,..,..,..,..,..,6.76,..,..
CIV,1996,..,..,0.09,..,..,6.15,..,..
CIV,1997,..,..,..,..,..,5.51,..,..
CIV,1998,..,..,..,..,..,5.03,..,..
CIV,1999,..,..,..,..,..,4.42,..,..
CIV,2000,6.1268425,..,..,..,0,3.99,496.9750596,367
CIV,2001,6.01772738,..,..,20.4,0,3.66,511.3646669,350
CIV,2002,5.90390921,..,..,21,0,3.2,512.7920906,330
CIV,2003,5.47976875,..,..,20.6,1,2.91,511.7035057,309
CIV,2004,5.47521019,..,0.1158,19.3,1,2.65,502.2454147,288
CIV,2005,5.0064311,..,9.25E-02,18.3,3,2.33,458.2374813,267
CIV,2006,4.76330423,0.4,..,17.6,5,2.12,438.0847926,249
CIV,2007,4.5525341,..,..,17.9,7,1.85,438.2655909,233
CIV,2008,4.56873274,..,0.1401,18.2,10,1.66,453.297467,219
CIV,2009,4.46970224,..,..,16.3,15,1.45,466.483897,207
CIV,2010,4.41580915,..,..,13.6,16,1.24,472.0299799,196
CIV,2011,4.39704227,..,0.1531,10.9,20,1.16,462.0497953,186
CIV,2012,4.42740679,..,..,10,23,1,378.4969337,178
CIV,2013,3.71776772,..,..,9.9,27,0.84,290.766081,170
CIV,2014,3.73104811,..,0.2314,9.2,31,0.73,258.9936943,165
CIV,2015,3.21990895,..,..,8.3,36,0.63,239.8055833,159
CIV,2016,3.35172248,..,..,6.9,44,0.62,242.3428432,153
CIV,2017,3.3050983,..,..,6,55,0.48,250.6873788,148
CIV,2018,3.1189115,..,0.3848,5.2,62,0.38,264.0204428,142
CIV,2019,3.28960407,..,0.1623,4.7,68,0.28,274.7505388,137
CIV,2020,3.72245775,..,..,4.4,73,0.24,275.9413676,132
CIV,2021,..,..,..,..,76,0.21,270.874111,128
CIV,2022,..,..,..,..,..,..,..,..
HRV,1990,..,7.377799988,2.969,..,..,0.01,..,..
HRV,1991,..,6.520100117,2.6746,..,..,0.01,..,..
HRV,1992,..,6.210100174,2.7167,..,..,0.01,..,..
HRV,1993,..,6.071199894,2.7459,..,..,0.01,..,..
HRV,1994,..,5.909500122,2.741,..,..,0.01,..,..
HRV,1995,..,5.75,2.7192,..,..,0.01,..,..
HRV,1996,..,6.190000057,2.7253,..,..,0.01,..,..
HRV,1997,..,6.010000229,2.7458,..,..,0.01,..,..
HRV,1998,..,6.059999943,2.5971,..,..,0.01,..,..
HRV,1999,..,5.929999828,2.5007,..,..,0.01,..,..
HRV,2000,7.64173985,6.15,2.3574,..,27,0.01,..,41
HRV,2001,7.16696358,6,2.3938,6.8,29,0.01,..,35
HRV,2002,6.1453743,5.67,2.4089,4.6,31,0.02,..,37
HRV,2003,6.302598,5.61,2.4653,3.7,32,0.02,..,36
HRV,2004,6.51233673,5.53,2.5304,3.1,33,0.02,..,30
HRV,2005,6.84697294,5.45,2.5353,2.5,35,0.02,..,27
HRV,2006,6.91900873,5.62,2.5739,2.5,37,0.02,..,27
HRV,2007,7.41713762,5.65,2.7047,2.5,39,0.02,..,25
HRV,2008,7.67231941,5.63,2.7113,2.5,42,0.02,..,26
HRV,2009,8.11311531,5.53,2.7211,2.5,44,0.02,..,22
HRV,2010,8.0207386,5.78,2.8428,2.5,48,0.02,..,18
HRV,2011,7.69077826,5.84,2.8958,2.5,51,0.02,..,16
HRV,2012,7.70057678,5.89,2.9731,2.5,54,0.02,..,14
HRV,2013,6.44103718,5.86,3.0178,2.5,57,0.02,..,14
HRV,2014,6.62079239,5.91,3.1258,2.5,61,0.02,..,13
HRV,2015,6.70067848,5.56,3.1728,2.5,67,0.02,..,13
HRV,2016,6.73855692,5.49,3.2087,2.5,71,0.02,..,12
HRV,2017,6.67034649,5.54,3.3195,2.5,74,0.02,..,10
HRV,2018,6.75780032,..,3.3863,2.5,75,0.02,..,10
HRV,2019,6.81108999,..,3.4651,2.5,78,0.02,..,8.3
HRV,2020,7.76502275,..,..,2.5,77,0.02,..,5
HRV,2021,..,..,..,..,77,0.02,..,4
HRV,2022,..,..,..,..,..,..,..,..
CUB,1990,..,5.421199799,3.651,..,..,0.08,..,..
CUB,1991,..,..,3.9944,..,..,0.09,..,..
CUB,1992,..,..,4.3646,..,..,0.09,..,..
CUB,1993,..,6,4.7311,..,..,0.09,..,..
CUB,1994,..,..,4.9882,..,..,0.1,..,..
CUB,1995,..,..,5.22,..,..,0.1,..,..
CUB,1996,..,5.130000114,5.4966,..,..,0.1,..,..
CUB,1997,..,..,5.6984,..,..,0.11,..,..
CUB,1998,..,..,5.7509,..,..,0.11,..,..
CUB,1999,..,..,5.8516,..,..,0.12,..,..
CUB,2000,6.58189821,..,5.9316,..,0,0.12,..,12
CUB,2001,6.9820981,..,5.9406,2.5,3,0.12,..,9.5
CUB,2002,7.11481619,..,5.9894,2.5,6,0.13,..,9.2
CUB,2003,7.10295439,4.900000095,6.0572,2.5,8,0.13,..,8.6
CUB,2004,6.83178711,..,6.1965,2.5,10,0.13,..,8
CUB,2005,8.75525475,4.9,6.2686,2.5,12,0.14,..,7.9
CUB,2006,8.2719059,4.9,6.3483,2.5,15,0.14,..,7.8
CUB,2007,10.9674921,4.9,6.4363,2.5,18,0.15,..,7.8
CUB,2008,11.31422806,6,6.6345,2.5,22,0.15,..,8.4
CUB,2009,12.29053974,5.9,6.6698,2.5,26,0.15,..,7.3
CUB,2010,10.6880827,5.9,6.8152,2.5,30,0.15,..,8.5
CUB,2011,11.31298637,5.08,6.9969,2.5,35,0.16,..,8.2
CUB,2012,9.29940987,5.04,7.2901,2.5,38,0.16,..,7.5
CUB,2013,10.43099499,5.05,7.4183,2.5,42,0.16,..,7.7
CUB,2014,12.1412344,5.16,7.5673,2.5,49,0.16,..,7.4
CUB,2015,12.81401348,5.24,7.769,2.5,57,0.16,..,7.1
CUB,2016,12.2177515,5.32,7.9541,2.5,61,0.17,..,6.9
CUB,2017,11.47197342,5.33,8.295,2.5,65,0.17,..,7.2
CUB,2018,11.0184288,..,8.4199,2.5,70,0.17,..,7.2
CUB,2019,11.08496857,..,..,2.5,74,0.17,..,6.5
CUB,2020,12.48644733,..,..,2.5,72,0.17,..,6.3
CUB,2021,..,..,..,..,72,0.17,..,6.8
CUB,2022,..,..,..,..,..,..,..,..
CUW,1990,..,..,..,..,..,..,..,..
CUW,1991,..,..,..,..,..,..,..,..
CUW,1992,..,..,..,..,..,..,..,..
CUW,1993,..,..,..,..,..,..,..,..
CUW,1994,..,..,..,..,..,..,..,..
CUW,1995,..,..,..,..,..,..,..,..
CUW,1996,..,..,..,..,..,..,..,..
CUW,1997,..,..,..,..,..,..,..,..
CUW,1998,..,..,..,..,..,..,..,..
CUW,1999,..,..,..,..,..,..,..,..
CUW,2000,..,..,..,..,..,..,..,..
CUW,2001,..,..,..,..,..,..,..,..
CUW,2002,..,..,..,..,..,..,..,..
CUW,2003,..,..,..,..,..,..,..,..
CUW,2004,..,..,..,..,..,..,..,..
CUW,2005,..,..,..,..,..,..,..,..
CUW,2006,..,..,..,..,..,..,..,..
CUW,2007,..,..,..,..,..,..,..,..
CUW,2008,..,..,..,..,..,..,..,..
CUW,2009,..,..,..,..,..,..,..,..
CUW,2010,..,..,..,..,..,..,..,3.6
CUW,2011,..,..,..,..,..,..,..,0.71
CUW,2012,..,..,..,..,..,..,..,0.7
CUW,2013,..,..,..,..,..,..,..,1.4
CUW,2014,..,..,..,..,..,..,..,3.4
CUW,2015,..,..,..,..,..,..,..,5.4
CUW,2016,..,..,..,..,..,..,..,2.7
CUW,2017,..,..,..,..,..,..,..,6
CUW,2018,..,..,..,..,..,..,..,6.1
CUW,2019,..,..,..,..,..,..,..,6.8
CUW,2020,..,..,..,..,..,..,..,7.6
CUW,2021,..,..,..,..,..,..,..,8.3
CUW,2022,..,..,..,..,..,..,..,..
CYP,1990,..,..,1.5627,..,..,0.04,..,..
CYP,1991,..,..,1.6154,..,..,0.03,..,..
CYP,1992,..,..,1.7087,..,..,0.03,..,..
CYP,1993,..,..,1.7599,..,..,0.03,..,..
CYP,1994,..,..,1.8253,..,..,0.03,..,..
CYP,1995,..,..,1.8787,..,..,0.03,..,..
CYP,1996,..,..,1.8834,..,..,0.03,..,..
CYP,1997,..,..,1.8907,..,..,0.03,..,..
CYP,1998,..,..,1.8939,..,..,0.02,..,..
CYP,1999,..,..,..,..,..,0.03,..,..
CYP,2000,5.30800056,4.52,1.9082,..,0,0.03,..,4
CYP,2001,5.33940458,4.4,1.915,5.1,5,0.03,..,4.8
CYP,2002,5.61565971,4.4,1.8782,5.7,10,0.03,..,2.3
CYP,2003,5.63568783,4.3,1.8619,6.1,14,0.03,..,4
CYP,2004,5.40558147,4.2,1.9121,6.9,17,0.04,..,3.4
CYP,2005,5.43580961,3.83,1.8965,7.6,20,0.04,..,3.8
CYP,2006,5.46357489,3.8,1.8374,7.5,22,0.04,..,3.9
CYP,2007,5.35744858,3.8,2.0147,6.9,23,0.05,..,4.4
CYP,2008,6.01427698,3.78,2.0507,6.4,24,0.05,..,5.1
CYP,2009,6.46531534,3.76,2.1064,4.7,25,0.05,..,5.3
CYP,2010,6.51767111,3.57,2.1562,3,29,0.06,..,6.2
CYP,2011,6.44928551,3.51,2.2484,2.5,32,0.06,..,5.1
CYP,2012,6.55474567,3.46,2.296,2.5,38,0.06,..,6.3
CYP,2013,6.94518471,3.41,2.4076,2.5,43,0.06,..,4
CYP,2014,6.95228958,3.42,2.4993,2.5,47,0.06,..,3.8
CYP,2015,6.81669092,3.42,2.6236,2.5,53,0.06,..,6.1
CYP,2016,6.68224382,3.43,1.9509,2.5,59,0.05,..,5.5
CYP,2017,6.64387274,3.4,2.8185,2.5,63,0.05,..,4.9
CYP,2018,6.84573793,..,2.9799,2.5,68,0.05,..,4.8
CYP,2019,6.94943047,..,3.1437,2.5,76,0.05,..,6.2
CYP,2020,8.0934782,..,..,2.5,81,0.04,..,3.2
CYP,2021,..,..,..,..,..,0.04,..,4.4
CYP,2022,..,..,..,..,..,..,..,..
CZE,1990,..,11.30000019,2.7112,..,..,..,..,..
CZE,1991,..,11.10000038,2.6652,..,..,..,..,..
CZE,1992,..,10.69999981,2.6702,..,..,..,..,..
CZE,1993,..,10.39999962,2.8564,..,..,..,..,..
CZE,1994,..,10.19999981,2.925,..,..,..,..,..
CZE,1995,..,..,2.9872,..,..,..,..,..
CZE,1996,..,..,2.9742,..,..,..,..,..
CZE,1997,..,..,3.1016,..,..,..,..,..
CZE,1998,..,..,3.0215,..,..,..,..,..
CZE,1999,..,..,3.0712,..,..,..,..,..
CZE,2000,5.70103025,7.8,3.3631,..,..,..,..,16
CZE,2001,5.86295414,7.77,3.4293,2.5,..,..,..,15
CZE,2002,6.17736149,7.76,3.487,2.5,..,..,..,13
CZE,2003,6.52412462,7.73,3.512,2.5,..,..,..,13
CZE,2004,6.35071039,7.65,3.5067,2.5,..,..,..,12
CZE,2005,6.34086704,7.57,3.5465,2.5,..,..,..,11
CZE,2006,6.16380167,7.45,3.5534,2.5,..,..,..,11
CZE,2007,5.98578405,7.33,3.5544,2.5,..,..,..,8.8
CZE,2008,6.33024931,7.21,3.5415,2.5,..,..,..,8.9
CZE,2009,7.24880648,7.14,3.5612,2.5,..,..,..,7
CZE,2010,6.87530422,7.3,3.5743,2.5,..,..,..,6.8
CZE,2011,6.92782736,7.06,3.6125,2.5,..,..,..,6.2
CZE,2012,6.97858715,6.93,3.6502,2.5,..,..,..,6.2
CZE,2013,7.7224946,6.7,3.6628,2.5,..,..,..,5.2
CZE,2014,7.59677219,6.68,3.9345,2.5,..,..,..,5.2
CZE,2015,7.19641495,6.67,3.9516,2.5,..,..,..,5.6
CZE,2016,7.10654974,6.66,4.0194,2.5,..,..,..,5.6
CZE,2017,7.38071537,6.63,4.0676,2.5,..,..,..,5.4
CZE,2018,7.47199488,6.62,4.024,2.5,..,..,..,4.7
CZE,2019,7.60487127,..,4.0601,2.5,..,..,..,5
CZE,2020,9.24007225,..,4.1533,2.5,..,..,..,3.9
CZE,2021,..,..,..,..,..,..,..,3.9
CZE,2022,..,..,..,..,..,..,..,..
DNK,1990,..,5.599999905,2.4952,..,..,0.06,..,..
DNK,1991,..,5.400000095,2.4309,..,..,7.00E-02,..,..
DNK,1992,..,5.099999905,2.5974,..,..,7.00E-02,..,..
DNK,1993,..,5,2.6145,..,..,7.00E-02,..,..
DNK,1994,..,5,2.6406,..,..,7.00E-02,..,..
DNK,1995,..,4.900000095,2.6827,..,..,7.00E-02,..,..
DNK,1996,..,4.699999809,2.7036,..,..,0.06,..,..
DNK,1997,..,4.599999905,2.78,..,..,0.06,..,..
DNK,1998,..,4.5,2.8571,..,..,0.05,..,..
DNK,1999,..,4.300000191,2.8829,..,..,0.05,..,..
DNK,2000,8.10438347,4.29,2.9119,..,45,0.04,..,13
DNK,2001,8.44832516,4.22,2.9333,2.5,46,0.04,..,11
DNK,2002,8.70251179,4.29,3.0383,2.5,48,0.04,..,8.6
DNK,2003,8.9036293,4.13,3.083,2.5,49,0.04,..,8.3
DNK,2004,9.00743198,3.97,3.2276,2.5,51,0.04,..,7.6
DNK,2005,9.0905695,3.86,3.3333,2.5,51,0.04,..,8.4
DNK,2006,9.16879559,3.79,3.4192,2.5,53,0.04,..,7.2
DNK,2007,9.3251543,3.69,3.4527,2.5,54,0.04,..,7.5
DNK,2008,9.51134396,3.57,3.5768,2.5,58,0.04,..,6.9
DNK,2009,10.67432022,3.49,3.6488,2.5,61,0.04,..,6.1
DNK,2010,10.60774708,3.5,3.7211,2.5,65,0.04,..,6.9
DNK,2011,10.40702915,3.13,3.7808,2.5,68,0.04,..,7.4
DNK,2012,10.5219717,..,3.8243,2.5,71,0.04,..,7
DNK,2013,10.32915878,3.07,3.8335,2.5,70,0.04,..,6.7
DNK,2014,10.30918217,2.69,3.8632,2.5,76,0.04,..,6
DNK,2015,10.34411812,2.53,3.9257,2.5,79,0.03,..,6.5
DNK,2016,10.25162029,2.6,4.0099,2.5,81,0.03,..,5.9
DNK,2017,10.09825516,2.61,4.1324,2.5,84,0.03,..,5.1
DNK,2018,10.09764194,2.43,4.2247,2.5,86,0.03,..,5.4
DNK,2019,10.12139606,2.6,..,2.5,86,0.02,..,5.2
DNK,2020,10.52817535,..,..,2.5,87,0.02,..,4.1
DNK,2021,10.84632206,..,..,..,..,0.02,..,3.8
DNK,2022,..,..,..,..,..,..,..,..
DJI,1990,..,2.539700031,0.162,..,..,0.24,..,..
DJI,1991,..,..,..,..,..,0.42,..,..
DJI,1992,..,..,..,..,..,0.74,..,..
DJI,1993,..,..,..,..,..,1.16,..,..
DJI,1994,..,..,..,..,..,1.6,..,..
DJI,1995,..,..,0.191,..,..,2.11,..,..
DJI,1996,..,..,0.14,..,..,2.75,..,..
DJI,1997,..,..,..,..,..,3.43,..,..
DJI,1998,..,..,..,..,..,4,..,..
DJI,1999,..,..,0.1329,..,..,3.84,..,..
DJI,2000,2.93908072,1.75,..,..,0,2.96,3.110707771,692
DJI,2001,2.8072207,1.75,..,42,0,2.19,3.111200146,716
DJI,2002,3.58787632,1.75,..,40.8,0,1.78,3.110937624,534
DJI,2003,3.9768579,1.61,..,38.2,..,1.16,3.110412192,532
DJI,2004,3.32442927,1.61,0.1672,34.7,1,0.85,3.110569418,476
DJI,2005,3.22467232,1.61,0.1788,31.3,2,0.67,3.110364994,496
DJI,2006,3.48426819,1.61,0.2328,27.3,4,0.62,3.11111531,474
DJI,2007,3.41498613,..,..,25.1,6,0.55,3.11022815,496
DJI,2008,3.19098687,..,..,23.4,7,0.5,3.111345385,564
DJI,2009,3.21451879,..,..,23.1,8,0.48,3.974819239,571
DJI,2010,3.06150365,1.42,..,22.4,9,0.43,1.465201465,621
DJI,2011,3.37656426,1.42,..,21.3,11,0.39,3.110178611,540
DJI,2012,3.299927,1.42,..,19.8,14,0.36,3.110476409,500
DJI,2013,2.92013574,1.42,..,17.8,16,0.29,2.310850569,447
DJI,2014,2.96522927,1.4,0.2237,15.7,19,0.25,12.7255691,337
DJI,2015,3.07556486,1.4,..,14.2,25,0.22,12.55345455,367
DJI,2016,2.72740245,1.4,..,13.6,30,0.2,18.01233575,339
DJI,2017,2.46476936,1.4,..,13.5,34,0.19,18.80678023,272
DJI,2018,2.26254511,..,..,13.1,39,0.17,31.33778079,260
DJI,2019,2.01711535,..,..,13.1,29,0.15,61.33777994,234
DJI,2020,2.00786304,..,..,13.5,33,0.14,88.47637209,220
DJI,2021,..,..,..,..,31,0.13,70.49397041,204
DJI,2022,..,..,..,..,..,..,..,..
DMA,1990,..,3,0.46,..,..,..,..,..
DMA,1991,..,..,0.528,..,..,..,..,..
DMA,1992,..,..,..,..,..,..,..,..
DMA,1993,..,2.593899965,..,..,..,..,..,..
DMA,1994,..,..,..,..,..,..,..,..
DMA,1995,..,3.6,0.47,..,..,..,..,..
DMA,1996,..,2.650000095,0.493,..,..,..,..,..
DMA,1997,..,..,0.5382,..,..,..,..,..
DMA,1998,..,..,..,..,..,..,..,..
DMA,1999,..,..,..,..,..,..,..,..
DMA,2000,5.32374382,3.8,..,..,..,..,..,4.5
DMA,2001,4.64501858,3.5,1.7791,3.7,..,..,..,5.6
DMA,2002,4.6531105,3.900000095,..,4.1,..,..,..,3.3
DMA,2003,4.84617901,3.9,..,4.7,..,..,..,8.4
DMA,2004,4.74520159,3.9,..,5,..,..,..,10
DMA,2005,4.97772503,3.9,..,5.4,..,..,..,12
DMA,2006,4.78092194,..,..,5,..,..,..,31
DMA,2007,4.79109955,4,..,4.6,..,..,..,4.9
DMA,2008,5.04968786,3.8,..,4.1,..,..,..,21
DMA,2009,4.98329306,3.8,..,4.5,..,..,..,6.5
DMA,2010,5.15711927,3.8,..,4.8,..,..,..,13
DMA,2011,5.33450365,3.8,..,5.2,..,..,..,3.2
DMA,2012,5.79509926,3.8,..,5.4,..,..,..,11
DMA,2013,5.34749842,..,..,5.5,..,..,..,4.9
DMA,2014,5.26141691,..,..,5.3,..,..,..,1.6
DMA,2015,5.15941811,..,..,5.3,..,..,..,11
DMA,2016,5.12308073,..,..,5.4,..,..,..,8.1
DMA,2017,5.27874804,..,1.1189,5.7,..,..,..,1.6
DMA,2018,6.0794425,..,1.1034,5.7,..,..,..,6.4
DMA,2019,5.13174009,..,..,6.5,..,..,..,16
DMA,2020,5.64582825,..,..,6.9,..,..,..,16
DMA,2021,..,..,..,..,..,..,..,16
DMA,2022,..,..,..,..,..,..,..,..
DOM,1990,..,1.881299972,1.49,..,..,0.77,..,..
DOM,1991,..,..,..,..,..,0.96,..,..
DOM,1992,..,..,..,..,..,1.1,..,..
DOM,1993,..,2,1.054,..,..,1.2,..,..
DOM,1994,..,..,..,..,..,1.22,..,..
DOM,1995,..,..,1.5,..,..,1.23,..,..
DOM,1996,..,1.5,..,..,..,1.21,..,..
DOM,1997,..,..,2.156,..,..,1.17,..,..
DOM,1998,..,..,..,..,..,1.11,..,..
DOM,1999,..,..,..,..,..,1.06,..,..
DOM,2000,4.88427496,..,1.8498,..,0,1.02,0.323949428,78
DOM,2001,4.88183308,..,..,20.4,0,0.94,0.275388056,69
DOM,2002,4.98649025,..,..,22.6,0,0.88,0.347815892,58
DOM,2003,4.38888264,2.099999905,..,23.6,0,0.85,0.403603982,68
DOM,2004,4.2877388,..,..,23,1,0.79,0.611507217,63
DOM,2005,4.35391188,2,..,19.2,3,0.74,0.980559759,69
DOM,2006,3.99365425,..,..,16.4,5,0.7,0.886797858,62
DOM,2007,4.08935308,1.22,..,16.2,9,0.65,0.671568201,56
DOM,2008,4.56146193,1.57,1.098,16,13,0.59,0.450868661,57
DOM,2009,4.76337624,1.44,..,15.2,16,0.55,0.397979506,56
DOM,2010,4.92355442,1.59,..,13,20,0.53,0.594649897,51
DOM,2011,5.03797865,1.74,1.5268,11.1,23,0.49,0.382755753,55
DOM,2012,5.04897833,1.74,..,9.8,26,0.46,0.22297795,54
DOM,2013,4.91598225,1.79,..,8.8,28,0.43,0.109567866,55
DOM,2014,4.79757166,1.79,..,8.2,31,0.4,9.99E-02,54
DOM,2015,4.72216797,1.58,..,7.4,34,0.38,0.135735396,55
DOM,2016,4.5766325,1.44,..,6.8,36,0.38,0.146754298,51
DOM,2017,4.49336958,1.56,..,6.2,39,0.4,7.16E-02,46
DOM,2018,4.12601566,..,1.41,6.1,43,0.4,9.01E-02,45
DOM,2019,4.23948717,..,1.4518,7,45,0.41,0.265600793,42
DOM,2020,4.94000483,..,..,6.7,49,0.41,0.168184175,41
DOM,2021,..,..,..,..,55,0.39,6.17E-02,45
DOM,2022,..,..,..,..,..,..,..,..
ECU,1990,..,1.644099951,0.9564,..,..,0.08,..,..
ECU,1991,..,..,1.1654,..,..,0.1,..,..
ECU,1992,..,..,1.1994,..,..,0.12,..,..
ECU,1993,..,1.600000024,1.1083,..,..,0.15,..,..
ECU,1994,..,..,1.2733,..,..,0.18,..,..
ECU,1995,..,..,1.2458,..,..,0.21,..,..
ECU,1996,..,1.549999952,1.3149,..,..,0.23,..,..
ECU,1997,..,..,1.3275,..,..,0.23,..,..
ECU,1998,..,..,1.313,..,..,0.24,..,..
ECU,1999,..,..,1.3724,..,..,0.23,..,..
ECU,2000,3.33109665,..,1.4459,..,2,0.23,284.0928857,68
ECU,2001,3.75336552,..,1.5439,21,2,0.22,290.9371176,58
ECU,2002,4.4733963,1.5,1.5667,22.7,2,0.21,227.7821974,55
ECU,2003,5.44066668,1.7,1.4974,22.7,2,0.2,134.3280116,64
ECU,2004,5.56659126,..,..,22.7,3,0.2,72.84519698,58
ECU,2005,5.59422064,..,..,22.4,5,0.18,42.49136466,40
ECU,2006,5.70302868,..,..,22.8,7,0.18,24.16075488,41
ECU,2007,5.33981323,1.5,..,22.1,10,0.17,19.73041045,43
ECU,2008,5.37734222,1.5,..,21.3,15,0.17,11.5780852,42
ECU,2009,5.6990099,1.6,1.5983,16,19,0.16,9.604193629,40
ECU,2010,6.11657906,1.59,2.1111,12.3,24,0.16,4.322383905,40
ECU,2011,6.47737551,1.62,1.6582,8.4,28,0.16,2.74532855,42
ECU,2012,6.76221228,1.5,..,8.8,29,0.15,1.205673759,44
ECU,2013,6.80123425,1.51,..,8.8,32,0.16,0.80320058,42
ECU,2014,6.72399378,1.55,..,8.7,35,0.16,0.52041332,40
ECU,2015,7.49149466,1.57,2.0648,9,42,0.16,1.309466297,39
ECU,2016,7.27991438,1.39,2.0368,9.7,47,0.16,2.486175736,40
ECU,2017,7.42857933,..,2.22,10.7,53,0.15,2.620501985,43
ECU,2018,7.86490965,..,..,11.6,59,0.14,3.333763583,44
ECU,2019,7.81824636,..,..,13.7,70,0.14,3.567499545,46
ECU,2020,8.47677135,..,..,15.4,74,0.12,3.77343029,44
ECU,2021,..,..,..,..,74,0.11,4.193773548,48
ECU,2022,..,..,..,..,..,..,..,..
EGY,1990,..,2.070899963,0.76,..,..,..,..,..
EGY,1991,..,2.024199963,..,..,..,..,..,..
EGY,1992,..,2.000400066,..,..,..,..,..,..
EGY,1993,..,1.929299951,..,..,..,..,..,..
EGY,1994,..,..,1.84,..,..,..,..,..
EGY,1995,..,..,..,..,..,..,..,..
EGY,1996,..,2.099999905,2.02,..,..,..,..,..
EGY,1997,..,2.099999905,1.6,..,..,..,..,..
EGY,1998,..,..,..,..,..,..,..,..
EGY,1999,..,..,..,..,..,..,..,..
EGY,2000,4.92244291,2.1,2.118,..,0,..,0,26
EGY,2001,5.40030336,2.1,..,5.2,0,..,0,25
EGY,2002,5.5107379,2.1,..,5.4,0,..,0,24
EGY,2003,5.2242527,2.17,0.5285,6,0,..,0,23
EGY,2004,4.85732365,2.17,..,6.4,0,..,0,22
EGY,2005,4.92229176,2.2,..,6.4,0,..,0,21
EGY,2006,4.84190083,2.2,..,6,5,..,0,21
EGY,2007,4.44493246,2.1,..,5.7,4,..,0,20
EGY,2008,4.46634817,2.08,..,5.6,5,..,0,19
EGY,2009,4.37870932,1.73,..,4.9,6,..,0,19
EGY,2010,4.15319157,1.73,..,4.5,8,..,0,18
EGY,2011,4.35707569,..,..,3.8,9,..,0,17
EGY,2012,4.71025944,..,..,4,10,..,0,17
EGY,2013,4.91730928,..,..,4.1,11,..,0,16
EGY,2014,5.02518892,1.56,0.7876,4.2,14,..,0,15
EGY,2015,5.33657265,1.56,0.8217,4.4,15,..,0,15
EGY,2016,5.36399794,1.43,0.8214,4.6,19,..,0,14
EGY,2017,5.63305616,1.43,0.7993,4.9,25,..,0,13
EGY,2018,4.99379301,..,0.769,4.9,31,..,0,12
EGY,2019,4.83619261,..,0.7463,5,35,..,0,12
EGY,2020,4.36497974,..,..,5.1,38,..,0,11
EGY,2021,..,..,..,..,40,..,0,10
EGY,2022,..,..,..,..,..,..,..,..
SLV,1990,..,1.471099973,0.84,..,..,0.17,..,..
SLV,1991,..,..,..,..,..,0.21,..,..
SLV,1992,..,..,..,..,..,0.26,..,..
SLV,1993,..,1.5,0.66,..,..,0.3,..,..
SLV,1994,..,..,..,..,..,0.34,..,..
SLV,1995,..,..,0.91,..,..,0.37,..,..
SLV,1996,..,1.649999976,..,..,..,0.4,..,..
SLV,1997,..,..,1.071,..,..,0.41,..,..
SLV,1998,..,..,..,..,..,0.42,..,..
SLV,1999,..,..,1.2435,..,..,0.42,..,..
SLV,2000,7.84342813,..,..,..,0,0.41,0.622534766,32
SLV,2001,7.88604879,..,..,7.2,0,0.39,0.297799492,31
SLV,2002,7.88565731,..,1.3314,7.1,1,0.37,9.59E-02,32
SLV,2003,7.77182293,..,..,7.9,3,0.35,6.95E-02,29
SLV,2004,8.1302166,..,..,8.7,7,0.32,9.14E-02,29
SLV,2005,9.20057869,0.9,1.711,9.1,13,0.3,5.47E-02,37
SLV,2006,8.69338894,0.9,..,9.4,18,0.28,4.00E-02,34
SLV,2007,8.47836304,0.7,..,9.7,23,0.27,3.26E-02,34
SLV,2008,8.49585915,0.8,1.8823,9.9,27,0.25,2.68E-02,35
SLV,2009,8.83749676,1.1,..,10.2,33,0.24,1.70E-02,34
SLV,2010,8.90416241,1,..,10.5,38,0.22,1.37E-02,34
SLV,2011,8.87645435,1.03,..,10.7,39,0.21,5.62E-03,38
SLV,2012,8.60625362,1.07,..,10.7,40,0.2,1.04E-02,41
SLV,2013,9.05235958,1.07,..,10.7,43,0.19,4.78E-03,43
SLV,2014,8.5989418,1.35,..,10.8,44,0.19,4.76E-03,44
SLV,2015,8.75833225,1.02,..,10.6,45,0.18,3.95E-03,48
SLV,2016,8.71456337,1.06,1.5662,9.9,48,0.18,9.46E-03,60
SLV,2017,8.42286873,1.2,..,9.2,48,0.18,0,72
SLV,2018,8.32511997,..,2.8699,8.4,48,0.17,0,70
SLV,2019,8.502141,..,..,8.3,54,0.17,0,58
SLV,2020,9.85177708,..,..,7.7,56,0.17,0,54
SLV,2021,..,..,..,..,59,0.17,..,49
SLV,2022,..,..,..,..,..,..,..,..
GNQ,1990,..,..,0.281,..,..,1.2,..,..
GNQ,1991,..,..,..,..,..,1.41,..,..
GNQ,1992,..,..,..,..,..,1.68,..,..
GNQ,1993,..,..,..,..,..,1.92,..,..
GNQ,1994,..,..,..,..,..,2.17,..,..
GNQ,1995,..,..,0.208,..,..,2.39,..,..
GNQ,1996,..,..,0.246,..,..,2.62,..,..
GNQ,1997,..,..,..,..,..,2.78,..,..
GNQ,1998,..,..,..,..,..,2.99,..,..
GNQ,1999,..,..,..,..,..,3.21,..,..
GNQ,2000,2.14653158,..,..,..,0,3.27,311.1651924,187
GNQ,2001,2.20352387,1.1,..,..,0,3.44,305.1858134,187
GNQ,2002,2.34721494,..,..,..,0,3.61,302.2721999,187
GNQ,2003,1.97841108,..,..,..,0,3.69,307.4203381,187
GNQ,2004,1.66347969,..,0.2134,..,1,3.86,319.4970685,187
GNQ,2005,1.4999398,2.2,..,..,2,4.01,332.655662,192
GNQ,2006,1.51855493,..,..,..,3,4.02,333.5741061,198
GNQ,2007,1.57114804,..,..,..,6,4.21,330.9563307,203
GNQ,2008,1.82898855,..,..,..,7,4.23,309.2894165,209
GNQ,2009,1.84398329,1.9,..,..,11,4.39,281.4515094,196
GNQ,2010,1.81856561,2.1,..,..,7,4.42,268.06356,217
GNQ,2011,1.55349767,..,..,..,10,4.58,267.5451778,224
GNQ,2012,1.26357567,..,..,..,15,4.63,287.3631492,236
GNQ,2013,1.87566757,..,..,..,25,4.43,307.473586,248
GNQ,2014,2.19292331,..,..,..,24,4.04,306.6331167,260
GNQ,2015,2.91533303,..,..,..,22,4.2,301.4774609,274
GNQ,2016,3.14450502,..,..,..,28,4.19,283.9862266,294
GNQ,2017,2.95976019,..,0.4017,..,37,4.03,262.1696926,286
GNQ,2018,3.10309863,..,..,..,36,3.78,240.0360564,254
GNQ,2019,3.0297935,..,..,..,37,3.72,223.756641,286
GNQ,2020,3.7683413,..,..,..,40,3.8,220.8666526,275
GNQ,2021,..,..,..,..,41,3.8,213.1754347,275
GNQ,2022,..,..,..,..,..,..,..,..
ERI,1990,..,..,..,..,..,1.22,..,..
ERI,1991,..,..,..,..,..,1.37,..,..
ERI,1992,..,..,..,..,..,1.5,..,..
ERI,1993,..,..,1.90E-02,..,..,1.55,..,..
ERI,1994,..,..,..,..,..,1.47,..,..
ERI,1995,..,..,..,..,..,1.34,..,..
ERI,1996,..,..,0.03,..,..,1.19,..,..
ERI,1997,..,..,..,..,..,1.03,..,..
ERI,1998,..,..,..,..,..,0.88,..,..
ERI,1999,..,..,..,..,..,0.78,..,..
ERI,2000,5.76670074,..,4.36E-02,..,0,0.7,17.84920263,177
ERI,2001,5.91931677,..,0.04,..,0,0.59,22.12128954,175
ERI,2002,6.6885128,..,5.32E-02,..,0,0.51,12.88478086,173
ERI,2003,7.33703375,..,0.04,..,0,0.47,18.65161171,299
ERI,2004,7.00984955,..,5.22E-02,..,0,0.43,5.462263946,257
ERI,2005,6.8641758,..,4.32E-02,..,2,0.38,9.774936329,209
ERI,2006,6.85840511,1.2,4.63E-02,..,6,0.35,5.707454586,171
ERI,2007,5.2786293,..,4.14E-02,..,12,0.3,12.83863401,200
ERI,2008,6.415205,..,4.11E-02,..,17,0.29,6.90902425,160
ERI,2009,5.38878489,..,4.10E-02,..,22,0.28,8.967900261,154
ERI,2010,4.92946053,..,4.07E-02,..,29,0.25,26.51786511,149
ERI,2011,5.2196908,0.7,4.23E-02,..,35,0.22,23.90532397,157
ERI,2012,3.78068161,..,4.71E-02,..,41,0.18,16.13572666,160
ERI,2013,5.00735378,..,5.24E-02,..,47,0.16,14.95858926,144
ERI,2014,4.05707788,..,6.16E-02,..,54,0.13,33.00480679,119
ERI,2015,4.45335579,..,6.34E-02,..,60,0.1,19.16763024,102
ERI,2016,3.518888,..,6.69E-02,..,63,0.1,25.72172893,108
ERI,2017,3.72767901,..,6.56E-02,..,65,0.1,34.12725538,99
ERI,2018,4.12820911,..,8.11E-02,..,68,0.08,28.94199585,89
ERI,2019,4.45916176,..,7.09E-02,..,68,0.08,57.27134135,86
ERI,2020,4.09359646,..,8.21E-02,..,72,7.00E-02,44.62595349,80
ERI,2021,..,..,..,..,71,0.06,25.66021934,74
ERI,2022,..,..,..,..,..,..,..,..
EST,1990,..,11.61060047,3.5127,..,..,..,..,..
EST,1991,..,11.28919983,3.5654,..,..,..,..,..
EST,1992,..,9.681699753,3.2904,..,..,..,..,..
EST,1993,..,9.622300148,3.2202,..,..,..,..,..
EST,1994,..,8.561300278,3.2119,..,..,..,..,..
EST,1995,..,8.350000381,3.1996,..,..,..,..,..
EST,1996,..,7.900000095,3.1438,..,..,..,..,..
EST,1997,..,7.710000038,3.2156,..,..,..,..,..
EST,1998,..,7.579999924,2.9565,..,..,..,..,..
EST,1999,..,7.53000021,2.9919,..,..,..,..,..
EST,2000,5.16377735,7.04,2.9376,..,..,..,..,65
EST,2001,4.78060246,6.6,2.7757,3.6,..,..,..,59
EST,2002,4.70329475,5.98,2.9573,3.5,..,..,..,52
EST,2003,4.86138248,5.73,2.9915,3.3,..,..,..,49
EST,2004,5.11891699,5.64,3.0214,2.9,..,..,..,45
EST,2005,5.0549798,5.38,3.1401,2.5,..,..,..,41
EST,2006,4.76235056,5.55,3.1762,2.5,..,..,..,36
EST,2007,4.98252153,5.48,3.2508,2.5,..,..,..,39
EST,2008,5.71727228,5.63,3.3348,2.5,..,..,..,34
EST,2009,6.54903364,5.37,3.2767,2.5,..,..,..,31
EST,2010,6.32313585,5.27,3.2422,2.5,..,..,..,25
EST,2011,5.81930256,5.36,3.2929,2.5,..,..,..,25
EST,2012,5.83366966,5.53,3.2822,2.5,..,..,..,23
EST,2013,6.01667261,5.01,3.3318,2.5,..,..,..,23
EST,2014,6.36199951,5.01,3.3564,2.5,..,..,..,21
EST,2015,6.64135027,4.96,3.4152,2.5,..,..,..,18
EST,2016,6.70240974,4.76,3.4546,2.5,..,..,..,16
EST,2017,6.59727049,4.69,3.4629,2.5,..,..,..,15
EST,2018,6.72095728,4.57,3.481,2.5,..,..,..,13
EST,2019,6.82277584,..,3.4724,2.5,..,..,..,13
EST,2020,7.75206661,..,..,2.5,..,..,..,10
EST,2021,7.46633816,..,..,..,..,..,..,9.3
EST,2022,..,..,..,..,..,..,..,..
SWZ,1990,..,..,0.108,..,..,3.06,..,..
SWZ,1991,..,..,..,..,..,5.83,..,..
SWZ,1992,..,..,..,..,..,9.88,..,..
SWZ,1993,..,..,..,..,..,14.85,..,..
SWZ,1994,..,..,..,..,..,19.56,..,..
SWZ,1995,..,..,..,..,..,22.91,..,..
SWZ,1996,..,..,0.151,..,..,24.32,..,..
SWZ,1997,..,..,..,..,..,24.4,..,..
SWZ,1998,..,..,..,..,..,23.97,..,..
SWZ,1999,..,..,..,..,..,22.58,..,..
SWZ,2000,4.60951757,..,..,..,0,21.68,2.727543686,981
SWZ,2001,5.13895369,..,0.1766,10.5,1,20.8,4.784114682,1010
SWZ,2002,5.52298307,..,..,9.7,2,20.31,2.277161094,1110
SWZ,2003,6.37864399,..,0.1564,8.3,2,20.22,1.153600955,1270
SWZ,2004,6.81432486,..,0.1666,8.4,4,19.93,1.923508694,1320
SWZ,2005,7.37623358,..,..,9.2,7,19.87,0.929603369,1420
SWZ,2006,7.82560062,2.1,..,10.2,11,18.94,0.513644724,1460
SWZ,2007,7.93004131,..,..,10.7,15,18.67,0.276750944,1430
SWZ,2008,8.85792923,..,..,10.9,19,18.5,0.19006236,1390
SWZ,2009,8.63292217,..,0.1636,15,24,17.36,0.34576342,1590
SWZ,2010,8.5912571,..,..,17.6,34,16.96,0.870194852,1590
SWZ,2011,8.46997261,2.1,0.1017,19.3,37,15.78,1.224543865,1300
SWZ,2012,7.82047606,..,..,16.2,42,15.74,1.31425046,1110
SWZ,2013,7.45703411,..,..,13.8,48,15.83,2.3249204,1030
SWZ,2014,7.25596571,..,..,12.7,57,15.74,1.233972631,855
SWZ,2015,7.05855274,..,..,12.8,66,14.3,1.001568494,648
SWZ,2016,6.82044792,..,9.61E-02,13,75,13.26,0.78147956,537
SWZ,2017,6.98103714,..,0.1849,12.4,82,11.77,1.364810834,502
SWZ,2018,7.23889112,..,0.2447,11.8,83,10.04,2.111295431,441
SWZ,2019,6.74539423,..,..,11.1,89,9.4,0.717576972,363
SWZ,2020,6.51153374,..,0.1422,11,94,8.37,0.704815432,342
SWZ,2021,..,..,..,..,91,7.65,0.916620486,348
SWZ,2022,..,..,..,..,..,..,..,..
ETH,1990,..,0.241500005,..,..,..,2.8,..,..
ETH,1991,..,..,..,..,..,3.07,..,..
ETH,1992,..,..,..,..,..,3.13,..,..
ETH,1993,..,..,..,..,..,3,..,..
ETH,1994,..,..,2.90E-02,..,..,2.76,..,..
ETH,1995,..,..,..,..,..,2.4,..,..
ETH,1996,..,..,2.50E-02,..,..,2.03,..,..
ETH,1997,..,..,2.30E-02,..,..,1.78,..,..
ETH,1998,..,..,2.10E-02,..,..,1.57,..,..
ETH,1999,..,..,0.02,..,..,1.39,..,..
ETH,2000,4.36504698,..,2.10E-02,..,0,1.2,329.4404088,421
ETH,2001,4.72316694,..,2.80E-02,47,0,1.06,296.3995533,409
ETH,2002,4.7126298,..,2.90E-02,44.2,0,0.95,260.0927304,393
ETH,2003,4.89970922,..,2.68E-02,42.6,0,0.83,261.7278759,376
ETH,2004,4.31281853,0.2,2.69E-02,39,1,0.73,247.5106971,358
ETH,2005,4.10098124,..,3.21E-02,37.1,3,0.65,168.5644427,341
ETH,2006,4.45757294,0.2,2.69E-02,35.6,7,0.58,154.0072625,325
ETH,2007,5.00128317,..,2.24E-02,35,14,0.52,131.7534057,310
ETH,2008,4.28063869,0.2,2.51E-02,33.5,20,0.44,111.6813449,296
ETH,2009,4.64983416,..,2.52E-02,28.5,28,0.4,148.7192798,282
ETH,2010,5.46637249,..,..,24.7,35,0.36,170.7679307,268
ETH,2011,4.46897745,6.3,..,20.9,42,0.32,175.4372556,253
ETH,2012,4.5395956,..,..,19.4,45,0.28,203.4093519,239
ETH,2013,4.07506514,..,..,17.7,50,0.25,231.4775642,224
ETH,2014,4.03365517,..,..,15.9,57,0.22,211.4124825,207
ETH,2015,3.82316828,0.3,..,14.8,61,0.19,179.7948789,192
ETH,2016,3.60033751,0.33,..,14.4,67,0.19,124.6156165,177
ETH,2017,3.45336914,..,..,15.7,70,0.17,89.71422708,164
ETH,2018,3.30371761,..,7.69E-02,18.2,72,0.15,36.96423483,151
ETH,2019,3.23382378,..,..,21.9,76,0.14,34.08665926,140
ETH,2020,3.48096275,..,0.1059,24.9,78,0.12,53.0524727,129
ETH,2021,..,..,..,..,78,0.12,46.26216384,119
ETH,2022,..,..,..,..,..,..,..,..
FRO,1990,..,..,..,..,..,..,..,..
FRO,1991,..,..,..,..,..,..,..,..
FRO,1992,..,..,..,..,..,..,..,..
FRO,1993,..,..,..,..,..,..,..,..
FRO,1994,..,..,..,..,..,..,..,..
FRO,1995,..,..,..,..,..,..,..,..
FRO,1996,..,..,..,..,..,..,..,..
FRO,1997,..,..,..,..,..,..,..,..
FRO,1998,..,..,..,..,..,..,..,..
FRO,1999,..,..,..,..,..,..,..,..
FRO,2000,..,..,..,..,..,..,..,..
FRO,2001,..,..,..,..,..,..,..,..
FRO,2002,..,..,..,..,..,..,..,..
FRO,2003,..,..,..,..,..,..,..,..
FRO,2004,..,..,..,..,..,..,..,..
FRO,2005,..,..,..,..,..,..,..,..
FRO,2006,..,..,..,..,..,..,..,..
FRO,2007,..,..,..,..,..,..,..,..
FRO,2008,..,..,..,..,..,..,..,..
FRO,2009,..,..,..,..,..,..,..,..
FRO,2010,..,..,..,..,..,..,..,..
FRO,2011,..,..,..,..,..,..,..,..
FRO,2012,..,..,..,..,..,..,..,..
FRO,2013,..,..,..,..,..,..,..,..
FRO,2014,..,..,..,..,..,..,..,..
FRO,2015,..,..,..,..,..,..,..,..
FRO,2016,..,..,..,..,..,..,..,..
FRO,2017,..,..,..,..,..,..,..,..
FRO,2018,..,..,..,..,..,..,..,..
FRO,2019,..,..,..,..,..,..,..,..
FRO,2020,..,..,..,..,..,..,..,..
FRO,2021,..,..,..,..,..,..,..,..
FRO,2022,..,..,..,..,..,..,..,..
FJI,1990,..,..,..,..,..,0.01,..,..
FJI,1991,..,..,..,..,..,0.01,..,..
FJI,1992,..,..,0.472,..,..,0.01,..,..
FJI,1993,..,..,..,..,..,0.01,..,..
FJI,1994,..,..,0.376,..,..,0.01,..,..
FJI,1995,..,..,..,..,..,0.02,..,..
FJI,1996,..,..,..,..,..,0.02,..,..
FJI,1997,..,..,0.476,..,..,0.02,..,..
FJI,1998,..,..,0.357,..,..,0.02,..,..
FJI,1999,..,2.6,0.3361,..,..,0.03,..,..
FJI,2000,3.42441177,..,..,..,0,0.03,..,22
FJI,2001,2.90547299,..,..,4,0,0.03,..,28
FJI,2002,2.98349524,..,..,3.8,0,0.03,..,23
FJI,2003,2.97298193,..,0.4656,3.9,0,0.04,..,28
FJI,2004,3.25768542,2.1,..,3.8,6,0.04,..,20
FJI,2005,3.25656676,2.09,..,3.7,9,0.04,..,20
FJI,2006,3.34798193,..,..,3.7,11,0.05,..,17
FJI,2007,3.41514993,..,..,3.7,13,0.05,..,14
FJI,2008,3.18467116,2.1,0.3986,3.9,15,0.06,..,16
FJI,2009,3.53587627,2.1,0.4358,4.8,17,7.00E-02,..,21
FJI,2010,3.41664124,..,..,5.6,18,0.09,..,27
FJI,2011,3.14293504,2.19,..,6.6,19,0.1,..,31
FJI,2012,3.2655499,..,..,6.5,28,0.11,..,30
FJI,2013,3.20040679,2.19,0.8156,6.7,26,0.11,..,37
FJI,2014,3.36860466,1.85,..,6.3,27,0.11,..,55
FJI,2015,3.32468939,1.87,0.86,6.5,26,0.12,..,52
FJI,2016,3.27979708,2,..,6.3,25,0.13,..,45
FJI,2017,3.18689561,..,..,6.2,28,0.14,..,51
FJI,2018,3.55373192,..,..,5.5,33,0.16,..,54
FJI,2019,3.81606841,..,..,4.9,37,0.17,..,66
FJI,2020,3.74984646,..,..,5.7,39,0.17,..,66
FJI,2021,..,..,..,..,45,0.19,..,66
FJI,2022,..,..,..,..,..,..,..,..
FIN,1990,..,12.5,2.8922,..,..,..,..,..
FIN,1991,..,11.19999981,2.982,..,..,..,..,..
FIN,1992,..,11,3.055,..,..,..,..,..
FIN,1993,..,10,3.1301,..,..,..,..,..
FIN,1994,..,10,3.2071,..,..,..,..,..
FIN,1995,..,9.300000191,2.1866,..,..,..,..,..
FIN,1996,..,9.199999809,2.255,..,..,..,..,..
FIN,1997,..,7.900000095,2.2899,..,..,..,..,..
FIN,1998,..,7.800000191,2.3156,..,..,..,..,..
FIN,1999,..,7.599999905,2.3959,..,..,..,..,..
FIN,2000,7.09253168,7.54,2.4934,..,..,..,..,12
FIN,2001,7.25090456,7.46,2.4936,2.5,..,..,..,10
FIN,2002,7.62769508,7.35,2.5206,2.5,..,..,..,9.9
FIN,2003,7.9380517,7.24,2.5569,2.5,..,..,..,8.7
FIN,2004,8.05912876,7.1,2.5835,2.5,..,..,..,7
FIN,2005,8.28795624,7.05,2.9913,2.5,..,..,..,7.4
FIN,2006,8.2841177,6.99,3.0262,2.5,..,..,..,6.1
FIN,2007,8.08359432,6.73,3.0351,2.5,..,..,..,6.5
FIN,2008,8.34310627,6.57,3.0618,2.5,..,..,..,7.2
FIN,2009,9.16122341,6.25,3.0861,2.5,..,..,..,8.7
FIN,2010,9.14202785,5.85,3.2653,2.5,..,..,..,6.6
FIN,2011,9.22303009,5.52,3.2635,2.5,..,..,..,6.7
FIN,2012,9.5857954,5.3,3.2854,2.5,..,..,..,5.5
FIN,2013,9.80534649,4.87,3.2966,2.5,..,..,..,5.6
FIN,2014,9.78115082,4.53,3.3922,2.5,..,..,..,5.3
FIN,2015,9.64523888,4.35,3.3309,2.5,..,..,..,5.6
FIN,2016,9.37796021,3.97,4.5343,2.5,..,..,..,4.7
FIN,2017,9.12670135,3.28,4.5885,2.5,..,..,..,4.9
FIN,2018,9.04490948,3.61,4.6404,2.5,..,..,..,4.8
FIN,2019,9.17165565,..,..,2.5,..,..,..,4.7
FIN,2020,9.61349583,..,..,2.5,..,..,..,3.6
FIN,2021,..,..,..,..,..,..,..,3.5
FIN,2022,..,..,..,..,..,..,..,..
FRA,1990,..,9.699999809,3.1043,..,..,0.1,..,..
FRA,1991,..,9.600000381,3.1557,..,..,0.1,..,..
FRA,1992,..,9.399999619,3.2066,..,..,0.11,..,..
FRA,1993,..,9.300000191,3.233,..,..,0.11,..,..
FRA,1994,..,9.100000381,3.266,..,..,0.11,..,..
FRA,1995,..,8.899999619,3.2852,..,..,0.11,..,..
FRA,1996,..,8.800000191,3.3038,..,..,0.11,..,..
FRA,1997,..,8.600000381,3.3215,..,..,0.11,..,..
FRA,1998,..,8.399999619,3.3337,..,..,0.1,..,..
FRA,1999,..,8.300000191,3.3345,..,..,0.1,..,..
FRA,2000,9.58447742,7.97,3.3547,..,73,0.11,..,13
FRA,2001,9.7056284,7.83,3.3871,2.5,74,0.11,..,12
FRA,2002,10.02218628,7.71,3.4105,2.5,74,0.11,..,12
FRA,2003,10.08283424,7.55,3.4238,2.5,74,0.11,..,12
FRA,2004,10.16429329,7.39,3.4395,2.5,74,0.11,..,10
FRA,2005,10.2148447,7.22,3.441,2.5,75,0.11,..,10
FRA,2006,10.38566494,7.11,3.4357,2.5,75,0.11,..,9.9
FRA,2007,10.31564426,7.06,3.4189,2.5,75,0.11,..,11
FRA,2008,10.50084686,6.9,3.4156,2.5,76,0.11,..,11
FRA,2009,11.28756237,6.66,3.3693,2.5,76,0.1,..,9.6
FRA,2010,11.22560215,6.43,3.3736,2.5,76,0.1,..,9.3
FRA,2011,11.18497562,6.36,3.1491,2.5,76,0.1,..,9.1
FRA,2012,11.29740047,6.34,3.1636,2.5,77,0.1,..,9
FRA,2013,11.40466881,6.28,3.1811,2.5,77,0.1,..,9
FRA,2014,11.53414917,6.2,3.1941,2.5,78,0.1,..,8.6
FRA,2015,11.44077206,6.13,3.2071,2.5,79,0.09,..,8.5
FRA,2016,11.48530769,6.06,3.2206,2.5,79,0.09,..,8.8
FRA,2017,11.35755825,5.98,3.2392,2.5,81,0.09,..,9.1
FRA,2018,11.21255589,5.91,3.24,2.5,82,0.09,..,9
FRA,2019,11.09835148,..,3.2735,2.5,82,0.09,..,9.1
FRA,2020,12.20504951,..,..,2.5,85,0.09,..,8.3
FRA,2021,..,..,..,..,..,0.09,..,7.7
FRA,2022,..,..,..,..,..,..,..,..
PYF,1990,..,..,..,..,..,..,..,..
PYF,1991,..,..,..,..,..,..,..,..
PYF,1992,..,..,..,..,..,..,..,..
PYF,1993,..,..,..,..,..,..,..,..
PYF,1994,..,..,..,..,..,..,..,..
PYF,1995,..,..,..,..,..,..,..,..
PYF,1996,..,..,..,..,..,..,..,..
PYF,1997,..,..,..,..,..,..,..,..
PYF,1998,..,..,..,..,..,..,..,..
PYF,1999,..,..,..,..,..,..,..,..
PYF,2000,..,..,1.697,..,..,..,..,28
PYF,2001,..,..,..,4.2,..,..,..,28
PYF,2002,..,..,..,4.1,..,..,..,29
PYF,2003,..,..,..,3.9,..,..,..,22
PYF,2004,..,..,..,3.9,..,..,..,27
PYF,2005,..,..,..,3.8,..,..,..,27
PYF,2006,..,..,..,3.8,..,..,..,29
PYF,2007,..,..,..,3.8,..,..,..,26
PYF,2008,..,..,..,3.7,..,..,..,20
PYF,2009,..,..,..,3.6,..,..,..,22
PYF,2010,..,..,..,3.5,..,..,..,17
PYF,2011,..,..,..,3.6,..,..,..,26
PYF,2012,..,..,..,3.6,..,..,..,20
PYF,2013,..,..,..,3.6,..,..,..,21
PYF,2014,..,..,..,3.5,..,..,..,22
PYF,2015,..,..,..,3.6,..,..,..,18
PYF,2016,..,..,..,3.8,..,..,..,22
PYF,2017,..,..,..,4,..,..,..,20
PYF,2018,..,..,..,4.1,..,..,..,21
PYF,2019,..,..,..,4.1,..,..,..,19
PYF,2020,..,..,..,4,..,..,..,24
PYF,2021,..,..,..,..,..,..,..,13
PYF,2022,..,..,..,..,..,..,..,..
GAB,1990,..,3.193799972,..,..,..,2.06,..,..
GAB,1991,..,..,0.1937,..,..,2.5,..,..
GAB,1992,..,..,..,..,..,3.19,..,..
GAB,1993,..,..,0.2185,..,..,3.84,..,..
GAB,1994,..,..,0.262,..,..,4.41,..,..
GAB,1995,..,..,0.2959,..,..,4.81,..,..
GAB,1996,..,..,..,..,..,5.13,..,..
GAB,1997,..,..,..,..,..,5.01,..,..
GAB,1998,..,..,..,..,..,4.98,..,..
GAB,1999,..,..,..,..,..,4.44,..,..
GAB,2000,2.90186429,..,..,..,0,3.95,330.4324259,515
GAB,2001,3.1490531,..,..,10.7,0,3.6,322.6704628,548
GAB,2002,3.32484865,..,..,12.1,1,3.33,293.2557002,574
GAB,2003,3.53252935,..,..,13.3,2,3,248.7003028,590
GAB,2004,3.33048439,..,0.2918,13.9,5,2.84,187.8273387,596
GAB,2005,2.93238807,..,..,14.3,11,2.59,147.3682983,592
GAB,2006,3.1433847,2,..,14.8,12,2.5,134.5786518,576
GAB,2007,3.1629262,..,..,15.9,14,2.26,129.2304555,572
GAB,2008,2.78979158,1.3,9.68E-02,16.8,17,2.15,153.1889813,567
GAB,2009,3.83574653,..,..,16.3,22,2.03,197.0243272,563
GAB,2010,2.47556901,6.3,..,14.7,24,1.9,233.9108354,559
GAB,2011,2.55771565,..,..,13.1,27,1.73,255.254725,554
GAB,2012,2.42097569,..,..,12.8,31,1.57,257.9978821,550
GAB,2013,2.84087205,..,..,12.9,41,1.37,249.8846089,546
GAB,2014,2.53282261,..,..,13.3,43,1.24,240.5922145,541
GAB,2015,2.65743947,..,..,13.9,44,1.09,233.6214091,537
GAB,2016,3.1076982,..,0.3561,15.1,45,1.09,228.3312386,533
GAB,2017,2.78068876,..,0.6819,16.1,46,1,228.1448359,529
GAB,2018,2.74500418,..,0.6455,17,48,0.94,227.9079677,525
GAB,2019,2.76836324,..,..,16.6,50,0.82,228.3696386,521
GAB,2020,3.42724609,..,..,17.2,51,0.71,230.2081548,517
GAB,2021,..,..,..,..,54,0.8,228.918421,513
GAB,2022,..,..,..,..,..,..,..,..
GMB,1990,..,0.610899985,..,..,..,0.26,..,..
GMB,1991,..,..,..,..,..,0.37,..,..
GMB,1992,..,..,..,..,..,0.5,..,..
GMB,1993,..,..,1.60E-02,..,..,0.67,..,..
GMB,1994,..,..,..,..,..,0.86,..,..
GMB,1995,..,..,..,..,..,1.07,..,..
GMB,1996,..,..,..,..,..,1.3,..,..
GMB,1997,..,..,3.50E-02,..,..,1.45,..,..
GMB,1998,..,..,..,..,..,1.59,..,..
GMB,1999,..,..,..,..,..,1.66,..,..
GMB,2000,6.65441465,..,..,..,0,1.68,312.4596967,187
GMB,2001,5.63960838,..,..,17.8,0,1.71,303.6339881,189
GMB,2002,6.27723551,..,..,19.6,0,1.59,294.9653237,190
GMB,2003,5.32621098,..,0.1076,20.5,0,1.55,286.3814815,191
GMB,2004,5.42000151,..,0.1109,20.7,0,1.48,277.8700243,191
GMB,2005,5.38602448,0.8,0.1075,21.7,2,1.44,269.4673711,190
GMB,2006,5.43720865,..,0.11,20.7,2,1.39,261.2391559,188
GMB,2007,4.95501947,..,9.70E-02,18.7,3,1.37,253.2485156,186
GMB,2008,4.65938807,..,0.1036,15.8,5,1.34,245.5087551,183
GMB,2009,4.46430683,1.1,..,12.8,6,1.29,238.0211265,180
GMB,2010,4.11944056,..,..,10.4,10,1.21,230.8004801,179
GMB,2011,4.36967373,1.1,..,8.7,15,1.11,237.1490112,178
GMB,2012,4.26872253,..,..,9.1,18,1.08,254.2394181,177
GMB,2013,3.91374874,..,..,9.8,18,1.05,202.096694,176
GMB,2014,3.05234575,..,..,10.5,20,1.04,138.7475394,175
GMB,2015,3.1761291,..,0.1021,11,22,0.96,199.9344912,173
GMB,2016,3.19523716,..,..,11.6,25,0.95,128.1966299,170
GMB,2017,3.35449266,..,0.1138,12.2,28,0.92,62.17794356,166
GMB,2018,3.34384227,..,0.1307,13.1,30,0.88,80.23179528,162
GMB,2019,3.158566,..,0.1073,18,33,0.85,43.83424815,158
GMB,2020,2.6129365,..,8.23E-02,21.6,32,0.82,81.93372559,153
GMB,2021,..,..,..,..,33,0.8,80.80219219,149
GMB,2022,..,..,..,..,..,..,..,..
GEO,1990,..,9.797499657,4.926,..,..,0.01,..,..
GEO,1991,..,9.798100471,4.898,..,..,0.01,..,..
GEO,1992,..,10.00870037,4.726,..,..,0.01,..,..
GEO,1993,..,9.39109993,5.003,..,..,0.01,..,..
GEO,1994,..,9.675800324,4.899,..,..,0.01,..,..
GEO,1995,..,7.659999847,4.792,..,..,0.01,..,..
GEO,1996,..,5.670000076,3.0644,..,..,0.01,..,..
GEO,1997,..,5.860000133,3.6517,..,..,0.01,..,..
GEO,1998,..,5.710000038,3.8036,..,..,0.01,..,..
GEO,1999,..,5.690000057,3.8719,..,..,0.01,..,..
GEO,2000,7.194592,4.81,3.8371,..,0,0.02,5.744296734,254
GEO,2001,7.16950893,4.45,3.7156,7.7,0,0.03,10.56847795,243
GEO,2002,7.81474257,4.2,3.8069,5.9,0,0.03,11.67171456,228
GEO,2003,8.02952862,4.19,3.8267,4.8,0,0.05,7.865000747,210
GEO,2004,8.08910847,4.12,3.8009,4.1,6,0.06,6.443040513,192
GEO,2005,8.07734203,3.92,3.8164,4.1,14,7.00E-02,3.913054455,175
GEO,2006,7.63208008,3.74,3.8683,4,19,0.08,1.499822055,161
GEO,2007,7.43517828,3.32,3.9027,4,20,0.09,0.614376408,149
GEO,2008,8.44467068,3.21,4.0001,3.6,23,0.11,0.154655119,140
GEO,2009,9.56681633,3.09,4.2219,5,26,0.12,2.59E-02,133
GEO,2010,9.07341194,2.99,4.4466,6.7,28,0.12,0,127
GEO,2011,8.0144434,2.81,4.5004,8.2,32,0.13,0,122
GEO,2012,8.04715919,2.53,4.4868,7.8,43,0.13,0,119
GEO,2013,7.88304853,2.59,4.5145,7.9,47,0.14,0,116
GEO,2014,7.9038682,2.89,4.7754,7.9,52,0.14,0,106
GEO,2015,7.42301464,..,5.0055,8.1,57,0.14,0,99
GEO,2016,7.99670744,..,5.9973,8.3,62,0.14,0,92
GEO,2017,7.05804443,..,6.1297,8.1,66,0.14,0,86
GEO,2018,7.11329699,..,7.1201,7.8,68,0.15,0,80
GEO,2019,6.65744209,..,7.0784,7.8,71,0.15,0,74
GEO,2020,7.6048708,..,5.1085,7.6,71,0.15,..,69
GEO,2021,..,..,..,..,71,0.14,..,64
GEO,2022,..,..,..,..,..,..,..,..
DEU,1990,..,10.39999962,..,..,..,..,..,..
DEU,1991,..,10.10000038,2.7732,..,..,..,..,..
DEU,1992,..,9.899999619,2.8498,..,..,..,..,..
DEU,1993,..,9.699999809,2.9418,..,..,..,..,..
DEU,1994,..,9.699999809,3.0112,..,..,..,..,..
DEU,1995,..,9.699999809,3.0745,..,..,..,..,..
DEU,1996,..,9.600000381,3.123,..,..,..,..,..
DEU,1997,..,9.399999619,3.1407,..,..,..,..,..
DEU,1998,..,9.300000191,3.1871,..,..,..,..,..
DEU,1999,..,9.199999809,3.224,..,..,..,..,..
DEU,2000,9.8881979,9.12,3.2785,..,..,..,..,12
DEU,2001,9.92069149,9.01,3.329,2.5,..,..,..,9.4
DEU,2002,10.18365669,8.87,3.36,2.5,..,..,..,9.4
DEU,2003,10.40202236,8.74,3.3896,2.5,..,..,..,9.5
DEU,2004,10.14603233,8.58,3.4104,2.5,..,..,..,8.4
DEU,2005,10.31153965,8.47,3.4314,2.5,..,..,..,7.7
DEU,2006,10.17995167,8.3,3.4748,2.5,..,..,..,7
DEU,2007,10.05132961,8.24,3.5287,2.5,..,..,..,6.3
DEU,2008,10.25128746,8.21,3.5863,2.5,..,..,..,5.6
DEU,2009,11.23791218,8.24,3.6638,2.5,..,..,..,5.6
DEU,2010,11.09592915,8.25,3.7567,2.5,..,0.03,..,5.5
DEU,2011,10.77848625,8.38,3.8491,2.5,..,0.03,..,5.5
DEU,2012,10.85349178,8.34,3.9197,2.5,..,0.03,..,5.4
DEU,2013,10.99848843,8.28,4.0087,2.5,..,0.03,..,5.6
DEU,2014,11.02219391,8.23,4.0846,2.5,..,0.03,..,5.8
DEU,2015,11.18386841,8.13,4.1342,2.5,..,0.03,..,7.6
DEU,2016,11.23263836,8.06,4.1944,2.5,..,0.03,..,7.7
DEU,2017,11.32420826,8,4.2488,2.5,..,0.03,..,7.1
DEU,2018,11.45727539,..,4.2996,2.5,..,0.03,..,7
DEU,2019,11.69622993,..,4.3716,2.5,..,0.03,..,6.1
DEU,2020,12.82248878,..,4.4348,2.5,..,0.03,..,5.3
DEU,2021,12.80539513,..,..,..,..,..,..,5
DEU,2022,..,..,..,..,..,..,..,..
GHA,1990,..,1.460000038,..,..,..,2.18,..,..
GHA,1991,..,..,..,..,..,2.36,..,..
GHA,1992,..,..,..,..,..,2.41,..,..
GHA,1993,..,..,..,..,..,2.43,..,..
GHA,1994,..,..,..,..,..,2.36,..,..
GHA,1995,..,..,..,..,..,2.34,..,..
GHA,1996,..,..,6.20E-02,..,..,2.22,..,..
GHA,1997,..,..,..,..,..,2.12,..,..
GHA,1998,..,..,..,..,..,2.01,..,..
GHA,1999,..,..,..,..,..,1.91,..,..
GHA,2000,2.790447,..,..,..,0,1.75,431.1040725,216
GHA,2001,3.17077661,..,..,14.9,0,1.66,417.3487798,214
GHA,2002,2.88721824,..,0.09,13.5,0,1.56,392.5226437,212
GHA,2003,2.82690215,..,..,12.6,0,1.48,370.1507217,209
GHA,2004,2.76365352,..,0.1523,12.2,1,1.39,346.5007831,206
GHA,2005,3.63137388,0.9,..,11.2,1,1.31,326.7381288,203
GHA,2006,3.67091465,..,..,10.6,2,1.24,317.3605519,199
GHA,2007,3.80260491,..,7.25E-02,9.4,4,1.15,318.7351951,196
GHA,2008,3.87511325,..,7.87E-02,8.2,7,1.07,335.8698694,191
GHA,2009,4.37879181,0.9,8.41E-02,6.6,10,1.06,358.6200694,187
GHA,2010,4.22405624,..,9.38E-02,6.1,13,1,374.2462088,183
GHA,2011,4.69264126,0.9,9.79E-02,6.1,19,0.93,380.5812728,178
GHA,2012,4.00803423,..,9.56E-02,6.4,23,0.88,371.4857744,173
GHA,2013,4.59225416,..,0.1026,6.6,24,0.88,346.5900611,168
GHA,2014,4.01644135,..,0.1108,7.1,27,0.84,314.491751,165
GHA,2015,4.5429678,..,0.1172,7.7,26,0.84,277.0947534,160
GHA,2016,3.39035821,..,0.127,7.7,29,0.82,235.2721282,156
GHA,2017,3.2806716,..,9.20E-02,7.1,31,0.83,198.2520369,152
GHA,2018,3.40025568,..,0.148,6.2,34,0.81,172.1546751,148
GHA,2019,3.39142489,..,0.1064,5.2,46,0.79,166.31831,144
GHA,2020,3.99029994,..,0.1701,4.1,61,0.69,165.1193894,140
GHA,2021,..,..,..,..,71,0.57,164.366544,136
GHA,2022,..,..,..,..,..,..,..,..
GIB,1990,..,..,..,..,..,..,..,..
GIB,1991,..,..,..,..,..,..,..,..
GIB,1992,..,..,..,..,..,..,..,..
GIB,1993,..,..,..,..,..,..,..,..
GIB,1994,..,..,..,..,..,..,..,..
GIB,1995,..,..,..,..,..,..,..,..
GIB,1996,..,..,..,..,..,..,..,..
GIB,1997,..,..,..,..,..,..,..,..
GIB,1998,..,..,..,..,..,..,..,..
GIB,1999,..,..,..,..,..,..,..,..
GIB,2000,..,..,..,..,..,..,..,..
GIB,2001,..,..,..,..,..,..,..,..
GIB,2002,..,..,..,..,..,..,..,..
GIB,2003,..,..,..,..,..,..,..,..
GIB,2004,..,..,..,..,..,..,..,..
GIB,2005,..,..,..,..,..,..,..,..
GIB,2006,..,..,..,..,..,..,..,..
GIB,2007,..,..,..,..,..,..,..,..
GIB,2008,..,..,..,..,..,..,..,..
GIB,2009,..,..,..,..,..,..,..,..
GIB,2010,..,..,..,..,..,..,..,..
GIB,2011,..,..,..,..,..,..,..,..
GIB,2012,..,..,..,..,..,..,..,..
GIB,2013,..,..,..,..,..,..,..,..
GIB,2014,..,..,..,..,..,..,..,..
GIB,2015,..,..,..,..,..,..,..,..
GIB,2016,..,..,..,..,..,..,..,..
GIB,2017,..,..,..,..,..,..,..,..
GIB,2018,..,..,..,..,..,..,..,..
GIB,2019,..,..,..,..,..,..,..,..
GIB,2020,..,..,..,..,..,..,..,..
GIB,2021,..,..,..,..,..,..,..,..
GIB,2022,..,..,..,..,..,..,..,..
GRC,1990,..,5.099999905,3.3577,..,..,0.04,..,..
GRC,1991,..,5,3.61,..,..,0.04,..,..
GRC,1992,..,5,3.7176,..,..,0.04,..,..
GRC,1993,..,5,3.8083,..,..,0.03,..,..
GRC,1994,..,4.900000095,3.8034,..,..,0.02,..,..
GRC,1995,..,4.900000095,3.8342,..,..,0.02,..,..
GRC,1996,..,4.900000095,3.8322,..,..,0.02,..,..
GRC,1997,..,4.900000095,3.9455,..,..,0.02,..,..
GRC,1998,..,4.800000191,4.0795,..,..,0.02,..,..
GRC,1999,..,4.699999809,4.1825,..,..,0.03,..,..
GRC,2000,7.24332571,4.77,..,..,47,0.03,..,7.3
GRC,2001,7.9878397,4.81,..,2.5,47,0.03,..,5.2
GRC,2002,8.23377991,4.75,..,2.5,47,0.04,..,5.9
GRC,2003,8.44915581,4.74,..,2.5,46,0.04,..,6.1
GRC,2004,8.0939045,4.73,..,2.5,46,0.04,..,7.6
GRC,2005,8.56466961,4.78,4.9494,2.5,46,0.05,..,7.2
GRC,2006,8.25866985,4.87,5.3284,2.5,45,0.06,..,6.4
GRC,2007,8.39808273,4.88,5.594,2.5,45,7.00E-02,..,6.4
GRC,2008,8.82774162,4.84,5.7285,2.5,45,0.08,..,6.1
GRC,2009,9.40688515,4.93,5.8695,2.5,45,0.09,..,5.6
GRC,2010,9.59662342,4.48,5.8812,2.5,44,0.1,..,4.6
GRC,2011,9.19330311,4.47,5.9234,2.5,45,0.1,..,4.7
GRC,2012,8.92415524,4.45,5.9213,2.5,46,0.09,..,5.4
GRC,2013,8.43796444,4.24,5.9342,2.5,49,0.08,..,5.2
GRC,2014,7.8914113,4.24,5.9717,2.5,52,7.00E-02,..,5.1
GRC,2015,8.22004509,4.25,5.9914,2.5,56,0.06,..,4.7
GRC,2016,8.44874573,4.2,6.2149,2.5,60,0.05,..,4.4
GRC,2017,8.13515854,4.21,6.1725,2.5,63,0.04,..,4.7
GRC,2018,8.12024307,4.2,6.2262,2.5,67,0.04,..,4.4
GRC,2019,8.20262337,..,6.3072,2.5,69,0.04,..,4.7
GRC,2020,9.50820732,..,..,2.5,70,0.05,..,4.2
GRC,2021,..,..,..,..,70,7.00E-02,..,4.1
GRC,2022,..,..,..,..,..,..,..,..
GRL,1990,..,..,..,..,..,..,..,..
GRL,1991,..,..,..,..,..,..,..,..
GRL,1992,..,..,..,..,..,..,..,..
GRL,1993,..,..,..,..,..,..,..,..
GRL,1994,..,..,..,..,..,..,..,..
GRL,1995,..,..,..,..,..,..,..,..
GRL,1996,..,..,..,..,..,..,..,..
GRL,1997,..,..,..,..,..,..,..,..
GRL,1998,..,..,..,..,..,..,..,..
GRL,1999,..,..,..,..,..,..,..,..
GRL,2000,..,..,..,..,..,..,..,135
GRL,2001,..,..,..,..,..,..,..,140
GRL,2002,..,..,..,..,..,..,..,145
GRL,2003,..,..,..,..,..,..,..,151
GRL,2004,..,..,..,..,..,..,..,156
GRL,2005,..,..,..,..,..,..,..,160
GRL,2006,..,..,..,..,..,..,..,165
GRL,2007,..,..,..,..,..,..,..,169
GRL,2008,..,..,..,..,..,..,..,172
GRL,2009,..,..,..,..,..,..,..,128
GRL,2010,..,..,..,..,..,..,..,233
GRL,2011,..,..,..,..,..,..,..,235
GRL,2012,..,..,..,..,..,..,..,172
GRL,2013,..,..,..,..,..,..,..,197
GRL,2014,..,..,..,..,..,..,..,179
GRL,2015,..,..,..,..,..,..,..,167
GRL,2016,..,..,..,..,..,..,..,119
GRL,2017,..,..,..,..,..,..,..,117
GRL,2018,..,..,..,..,..,..,..,101
GRL,2019,..,..,..,..,..,..,..,130
GRL,2020,..,..,..,..,..,..,..,152
GRL,2021,..,..,..,..,..,..,..,70
GRL,2022,..,..,..,..,..,..,..,..
GRD,1990,..,8,0.5,..,..,..,..,..
GRD,1991,..,..,..,..,..,..,..,..
GRD,1992,..,..,..,..,..,..,..,..
GRD,1993,..,8.177800179,0.578,..,..,..,..,..
GRD,1994,..,..,..,..,..,..,..,..
GRD,1995,..,5.5,0.65,..,..,..,..,..
GRD,1996,..,5.269999981,..,..,..,..,..,..
GRD,1997,..,..,0.4035,..,..,..,..,..
GRD,1998,..,..,..,..,..,..,..,..
GRD,1999,..,..,0.5762,..,..,..,..,..
GRD,2000,5.35886383,6.2,0.5642,..,..,..,..,0
GRD,2001,5.62456989,..,0.562,..,..,..,..,0.55
GRD,2002,6.17569733,6.9,0.5598,..,..,..,..,1.1
GRD,2003,5.28485727,5.699999809,0.5577,..,..,..,..,2.2
GRD,2004,5.36568451,..,..,..,..,..,..,2.2
GRD,2005,5.14460278,4.1,..,..,..,..,..,1.7
GRD,2006,5.11352158,..,0.6578,..,..,..,..,1.1
GRD,2007,5.23867893,2.6,..,..,..,..,..,3.3
GRD,2008,5.386199,2.6,..,..,..,..,..,5.5
GRD,2009,5.43471003,2.4,..,..,..,..,..,5.4
GRD,2010,5.4188118,..,..,..,..,..,..,4.3
GRD,2011,5.80423355,3.6,..,..,..,..,..,2.2
GRD,2012,5.82235765,3.58,..,..,..,..,..,1.1
GRD,2013,5.62652922,3.81,..,..,..,..,..,0.54
GRD,2014,4.77353573,3.8,..,..,..,..,..,0
GRD,2015,4.64675617,3.78,..,..,..,..,..,5.2
GRD,2016,4.43910027,3.58,..,..,..,..,..,6.3
GRD,2017,4.65701056,3.57,1.4067,..,..,..,..,3.1
GRD,2018,4.58373737,..,1.4363,..,..,..,..,2.1
GRD,2019,4.93189621,..,..,..,..,..,..,3.1
GRD,2020,5.82064009,..,..,..,..,..,..,3
GRD,2021,..,..,..,..,..,..,..,3.2
GRD,2022,..,..,..,..,..,..,..,..
GUM,1990,..,..,..,..,..,..,..,..
GUM,1991,..,..,..,..,..,..,..,..
GUM,1992,..,..,..,..,..,..,..,..
GUM,1993,..,..,..,..,..,..,..,..
GUM,1994,..,..,..,..,..,..,..,..
GUM,1995,..,..,..,..,..,..,..,..
GUM,1996,..,..,..,..,..,..,..,..
GUM,1997,..,..,..,..,..,..,..,..
GUM,1998,..,..,..,..,..,..,..,..
GUM,1999,..,..,1.084,..,..,..,..,..
GUM,2000,..,..,..,..,..,..,..,39
GUM,2001,..,..,..,..,..,..,..,45
GUM,2002,..,..,..,..,..,..,..,36
GUM,2003,..,..,..,..,..,..,..,15
GUM,2004,..,..,..,..,..,..,..,35
GUM,2005,..,..,..,..,..,..,..,44
GUM,2006,..,..,..,..,..,..,..,31
GUM,2007,..,..,..,..,..,..,..,37
GUM,2008,..,..,..,..,..,..,..,62
GUM,2009,..,..,..,..,..,..,..,71
GUM,2010,..,..,..,..,..,..,..,70
GUM,2011,..,..,..,..,..,..,..,57
GUM,2012,..,..,..,..,..,..,..,47
GUM,2013,..,..,..,..,..,..,..,33
GUM,2014,..,..,..,..,..,..,..,38
GUM,2015,..,..,..,..,..,..,..,52
GUM,2016,..,..,..,..,..,..,..,51
GUM,2017,..,..,..,..,..,..,..,57
GUM,2018,..,..,..,..,..,..,..,48
GUM,2019,..,..,..,..,..,..,..,54
GUM,2020,..,..,..,..,..,..,..,39
GUM,2021,..,..,..,..,..,..,..,39
GUM,2022,..,..,..,..,..,..,..,..
GTM,1990,..,1.100000024,0.78,..,..,0.21,..,..
GTM,1991,..,..,..,..,..,0.26,..,..
GTM,1992,..,..,..,..,..,0.33,..,..
GTM,1993,..,1.100000024,0.25,..,..,0.37,..,..
GTM,1994,..,..,..,..,..,0.41,..,..
GTM,1995,..,..,1.1,..,..,0.44,..,..
GTM,1996,..,0.980000019,..,..,..,0.46,..,..
GTM,1997,..,..,0.933,..,..,0.48,..,..
GTM,1998,..,..,..,..,..,0.46,..,..
GTM,1999,..,..,0.8751,..,..,0.46,..,..
GTM,2000,5.39686108,..,..,..,0,0.45,7.187182444,31
GTM,2001,6.07023716,..,..,22.2,0,0.4,4.707709481,25
GTM,2002,6.01301289,0.5,..,19.9,0,0.37,4.54986485,30
GTM,2003,6.15306854,..,..,18.9,8,0.33,3.878932622,26
GTM,2004,6.26182795,..,..,19.1,8,0.27,3.517009944,32
GTM,2005,6.14826393,0.7,..,18.9,9,0.23,4.715245965,36
GTM,2006,6.36362219,..,..,17.8,13,0.19,3.615697837,34
GTM,2007,6.1918335,0.7,..,18.2,20,0.16,1.740065442,29
GTM,2008,6.08129978,0.6,..,17.9,26,0.13,0.797944391,29
GTM,2009,6.33938646,0.6,0.9039,17.6,29,0.09,0.769644228,25
GTM,2010,6.1247797,0.6,..,16.4,33,0.08,0.862382106,28
GTM,2011,5.96306896,0.66,..,16.3,38,0.05,0.711551187,25
GTM,2012,6.07316971,0.61,..,16.8,43,0.04,0.548304564,28
GTM,2013,5.77188921,..,..,17.5,48,0.03,0.625446893,27
GTM,2014,5.8885684,0.62,..,17.7,50,0.03,0.485896197,25
GTM,2015,6.00602007,0.58,..,17.3,50,0.03,0.536609171,26
GTM,2016,6.07008219,..,..,16.4,52,0.04,0.476240657,24
GTM,2017,6.13563824,0.44,0.28,16.3,57,0.05,0.386077897,25
GTM,2018,6.11658907,..,0.3549,16.2,64,0.05,0.278368817,26
GTM,2019,6.18663979,..,..,16.3,68,0.05,0.188014232,26
GTM,2020,6.46871376,..,1.2407,16,69,0.06,9.47E-02,25
GTM,2021,..,..,..,..,73,7.00E-02,0.112314786,27
GTM,2022,..,..,..,..,..,..,..,..
GIN,1990,..,0.550700009,0.134,..,..,0.84,..,..
GIN,1991,..,..,..,..,..,0.97,..,..
GIN,1992,..,..,..,..,..,1.1,..,..
GIN,1993,..,..,..,..,..,1.21,..,..
GIN,1994,..,..,0.152,..,..,1.28,..,..
GIN,1995,..,..,0.13,..,..,1.35,..,..
GIN,1996,..,..,..,..,..,1.35,..,..
GIN,1997,..,..,..,..,..,1.39,..,..
GIN,1998,..,..,..,..,..,1.38,..,..
GIN,1999,..,..,..,..,..,1.4,..,..
GIN,2000,4.74825478,..,9.27E-02,..,0,1.34,433.737833,228
GIN,2001,4.89139318,..,..,..,0,1.3,431.1517897,224
GIN,2002,5.36402321,..,..,..,0,1.28,414.6739428,221
GIN,2003,4.78055525,..,..,..,1,1.22,394.1878564,218
GIN,2004,4.78467607,..,0.1106,..,1,1.16,365.7406245,214
GIN,2005,4.04512262,0.3,0.1032,..,2,1.15,343.9539157,210
GIN,2006,3.61521959,..,..,..,5,1.09,337.9324536,206
GIN,2007,3.46627593,..,..,..,6,1.03,345.4406278,200
GIN,2008,3.26562262,..,..,..,10,1.02,369.3693675,195
GIN,2009,3.58147597,..,..,..,15,0.98,399.4901671,190
GIN,2010,3.42782617,..,..,..,20,0.93,420.6426263,186
GIN,2011,3.78955102,0.3,..,..,23,0.84,433.6754273,183
GIN,2012,3.50398517,..,..,..,27,0.79,435.3253388,180
GIN,2013,3.46108699,..,..,..,27,0.71,413.2576481,177
GIN,2014,4.787992,..,0.1654,..,30,0.75,393.5770179,177
GIN,2015,5.80919266,..,8.55E-02,..,31,0.74,378.6935109,177
GIN,2016,5.39694929,..,8.32E-02,..,33,0.71,360.2307773,176
GIN,2017,3.91512918,..,..,..,36,0.7,357.5932891,176
GIN,2018,3.73843002,..,0.2245,..,41,0.64,359.0917432,176
GIN,2019,4.06729603,..,..,..,49,0.59,343.6917566,176
GIN,2020,4.0445075,..,..,..,46,0.51,334.4584497,175
GIN,2021,..,..,..,..,52,0.49,330.8984706,175
GIN,2022,..,..,..,..,..,..,..,..
GNB,1990,..,1.477900028,..,..,..,0.76,..,..
GNB,1991,..,..,..,..,..,0.98,..,..
GNB,1992,..,..,..,..,..,1.28,..,..
GNB,1993,..,..,..,..,..,1.6,..,..
GNB,1994,..,..,0.177,..,..,1.94,..,..
GNB,1995,..,..,..,..,..,2.32,..,..
GNB,1996,..,..,0.166,..,..,2.64,..,..
GNB,1997,..,..,..,..,..,2.93,..,..
GNB,1998,..,..,..,..,..,3.13,..,..
GNB,1999,..,..,..,..,..,3.29,..,..
GNB,2000,6.74484873,..,..,..,0,3.32,403.4865365,305
GNB,2001,6.70832205,..,..,..,0,3.31,326.1687,317
GNB,2002,5.82295084,..,..,..,0,3.25,251.444763,330
GNB,2003,5.88066673,..,..,..,0,3.09,183.1318744,342
GNB,2004,7.47920179,..,0.1431,..,0,3.12,123.6539622,353
GNB,2005,7.25093508,..,..,..,0,3.02,95.25821675,361
GNB,2006,7.28979349,..,..,..,1,2.88,78.61233824,361
GNB,2007,7.2952776,0.7,..,..,3,2.81,77.86997129,361
GNB,2008,7.04291964,..,5.39E-02,..,6,2.73,90.21177334,361
GNB,2009,6.94844532,1,8.36E-02,..,8,2.55,108.8707671,361
GNB,2010,6.26116657,..,..,..,11,2.41,126.8717857,361
GNB,2011,6.21634817,..,6.40E-02,..,14,2.22,131.8214786,361
GNB,2012,5.94134808,..,..,..,17,2.03,128.8901851,361
GNB,2013,7.03943443,..,..,..,18,1.82,123.0414554,361
GNB,2014,9.96897411,..,..,..,21,1.59,107.0171725,361
GNB,2015,8.13228226,..,0.2038,..,25,1.58,90.22264284,361
GNB,2016,8.32881451,..,0.1274,..,30,1.53,75.85176108,361
GNB,2017,7.00049543,..,..,..,31,1.39,65.05442525,361
GNB,2018,7.62401152,..,0.1697,..,38,1.36,65.27581164,361
GNB,2019,8.35054398,..,..,..,42,1.21,74.59487824,361
GNB,2020,8.40978622,..,0.1956,..,44,1.11,94.10872356,361
GNB,2021,..,..,..,..,45,1.12,105.0806975,361
GNB,2022,..,..,..,..,..,..,..,..
GUY,1990,..,..,0.17,..,..,0.05,..,..
GUY,1991,..,..,..,..,..,0.08,..,..
GUY,1992,..,..,..,..,..,0.12,..,..
GUY,1993,..,3.099999905,0.112,..,..,0.18,..,..
GUY,1994,..,..,..,..,..,0.27,..,..
GUY,1995,..,3.1,0.33,..,..,0.4,..,..
GUY,1996,..,3.869999886,..,..,..,0.58,..,..
GUY,1997,..,..,0.181,..,..,0.75,..,..
GUY,1998,..,..,..,..,..,0.89,..,..
GUY,1999,..,..,..,..,..,0.96,..,..
GUY,2000,3.18737936,..,0.4902,..,0,0.98,44.30268849,71
GUY,2001,3.05506778,2.9,..,6.5,0,0.98,49.97834982,71
GUY,2002,3.19353795,..,..,6.5,0,0.94,40.31970623,99
GUY,2003,3.26884198,..,..,6.8,3,0.93,50.85844415,106
GUY,2004,3.43770432,..,..,6.9,10,0.92,53.14929566,101
GUY,2005,3.79409742,2.8,..,7.1,23,0.85,71.84724677,107
GUY,2006,3.93144464,2.5,..,7.1,29,0.79,36.43222872,119
GUY,2007,4.28126192,1.9,..,7.5,33,0.74,20.74892832,99
GUY,2008,4.20242214,..,..,7.6,39,0.71,21.69992707,109
GUY,2009,4.35117149,2,0.2153,8.4,43,0.68,23.79608603,128
GUY,2010,4.21897697,..,0.6872,8.7,44,0.65,39.61723793,119
GUY,2011,4.17213488,..,..,8.6,47,0.62,52.21907206,118
GUY,2012,3.7081871,..,..,8,50,0.61,58.56719259,124
GUY,2013,3.80231309,..,..,7.4,52,0.58,76.87645501,112
GUY,2014,3.94755435,1.72,..,7,54,0.59,29.70250894,89
GUY,2015,4.02264786,..,..,6.8,55,0.59,23.87981421,93
GUY,2016,4.01842117,1.71,..,6.4,58,0.59,25.44767596,94
GUY,2017,4.3191123,..,..,6.1,60,0.61,32.97338232,84
GUY,2018,4.90492535,..,1.819,5.4,62,0.63,39.17053038,83
GUY,2019,4.93049145,..,..,5,65,0.59,32.93508757,79
GUY,2020,5.50864172,..,1.4238,4.9,62,0.63,27.79596639,78
GUY,2021,..,..,..,..,63,0.62,32.05699463,83
GUY,2022,..,..,..,..,..,..,..,..
HTI,1990,..,0.755599976,0.08,..,..,2.8,..,..
HTI,1991,..,..,..,..,..,2.71,..,..
HTI,1992,..,..,8.40E-02,..,..,2.51,..,..
HTI,1993,..,0.799099982,9.20E-02,..,..,2.28,..,..
HTI,1994,..,..,..,..,..,2.11,..,..
HTI,1995,..,..,0.16,..,..,1.96,..,..
HTI,1996,..,0.709999978,..,..,..,1.86,..,..
HTI,1997,..,..,..,..,..,1.73,..,..
HTI,1998,..,..,0.2384,..,..,1.66,..,..
HTI,1999,..,..,..,..,..,1.53,..,..
HTI,2000,3.99165702,0.7,..,..,0,1.46,9.665034719,270
HTI,2001,3.7502923,..,..,50.7,0,1.46,9.665005731,274
HTI,2002,3.43250132,..,..,52.6,1,1.37,9.665049536,277
HTI,2003,3.53695321,..,..,53,1,1.3,9.665014826,277
HTI,2004,3.42928433,..,..,53.7,1,1.22,9.665050579,276
HTI,2005,3.30554652,..,..,52.9,3,1.14,9.665076437,272
HTI,2006,3.48013902,..,..,51.9,7,1.07,9.808197846,266
HTI,2007,3.64734101,1.3,..,50.1,11,0.98,8.707870041,257
HTI,2008,3.75722051,..,..,48.6,15,0.95,10.46837669,248
HTI,2009,3.50277376,..,..,45.8,20,0.9,9.664985956,238
HTI,2010,4.54871035,..,..,44.4,22,0.9,9.665077483,229
HTI,2011,5.91197777,..,0.1378,44,26,0.83,9.162207264,220
HTI,2012,5.56462336,..,..,44.7,32,0.78,7.257642144,213
HTI,2013,4.10524035,0.71,0.23,43.7,40,0.76,6.823076049,206
HTI,2014,4.52035809,..,..,42.6,45,0.71,3.560053531,200
HTI,2015,5.07518148,..,8.52E-02,42.4,49,0.67,3.410197067,194
HTI,2016,4.80760574,..,..,43.2,59,0.64,3.790130471,188
HTI,2017,3.81993892,..,..,44.6,65,0.57,3.412631703,181
HTI,2018,4.31650324,..,0.2343,45.4,63,0.52,1.626228298,176
HTI,2019,3.91107914,..,..,46.4,74,0.5,1.77545628,170
HTI,2020,3.22171094,..,..,47.2,82,0.45,4.046438815,164
HTI,2021,..,..,..,..,85,0.38,2.204451592,159
HTI,2022,..,..,..,..,..,..,..,..
HND,1990,..,1.006700039,0.7,..,..,0.55,..,..
HND,1991,..,..,0.411,..,..,0.65,..,..
HND,1992,..,..,..,..,..,0.72,..,..
HND,1993,..,0.800000012,..,..,..,0.78,..,..
HND,1994,..,..,..,..,..,0.82,..,..
HND,1995,..,..,0.65,..,..,0.81,..,..
HND,1996,..,1.059999943,..,..,..,0.79,..,..
HND,1997,..,..,0.832,..,..,0.74,..,..
HND,1998,..,..,..,..,..,0.69,..,..
HND,1999,..,..,..,..,..,0.6,..,..
HND,2000,6.26817989,..,0.5591,..,0,0.53,8.540778661,122
HND,2001,5.92998314,..,..,21.9,0,0.43,5.716260982,93
HND,2002,6.2445755,1,..,21.2,1,0.36,3.971137188,81
HND,2003,6.89004707,..,..,21.7,6,0.29,3.174081006,71
HND,2004,6.85484362,..,..,22.2,8,0.22,3.790881728,62
HND,2005,7.50086403,..,0.3593,22.3,12,0.18,3.42497241,56
HND,2006,7.86318684,..,..,21.8,15,0.14,2.454244126,52
HND,2007,8.08494949,..,..,21,19,0.11,2.08443131,44
HND,2008,8.60362625,0.7,..,20.8,22,0.1,1.599898836,44
HND,2009,8.99592495,0.8,..,18.3,26,0.09,1.720555166,45
HND,2010,8.72536373,0.8,0.295,15.8,29,0.08,1.738504518,43
HND,2011,8.79187012,0.62,..,13.4,32,0.08,1.314808309,48
HND,2012,8.65655136,0.62,..,13.4,36,7.00E-02,1.089887327,44
HND,2013,8.47723007,0.65,..,14.2,39,7.00E-02,0.890894335,42
HND,2014,7.91455746,0.63,..,14.6,42,0.06,0.550677177,39
HND,2015,7.4837904,0.66,..,14.5,45,7.00E-02,0.569191309,40
HND,2016,7.709445,0.64,0.5982,13.8,47,0.08,0.644021476,39
HND,2017,7.00668859,0.64,0.3089,13.2,51,7.00E-02,0.196789149,37
HND,2018,7.22820663,..,..,13.1,52,7.00E-02,0.105181716,37
HND,2019,7.30497599,..,..,13.3,53,0.08,4.92E-02,31
HND,2020,9.03509808,..,0.5001,15.3,54,7.00E-02,0.119760584,30
HND,2021,9.10415936,..,..,..,56,0.08,0.245968797,33
HND,2022,..,..,..,..,..,..,..,..
HKG,1990,..,..,..,..,..,..,..,..
HKG,1991,..,..,..,..,..,..,..,..
HKG,1992,..,..,..,..,..,..,..,..
HKG,1993,..,..,1.204,..,..,..,..,..
HKG,1994,..,..,1.271,..,..,..,..,..
HKG,1995,..,..,1.319,..,..,..,..,..
HKG,1996,..,..,..,..,..,..,..,..
HKG,1997,..,..,..,..,..,..,..,..
HKG,1998,..,..,..,..,..,..,..,..
HKG,1999,..,..,..,..,..,..,..,..
HKG,2000,..,..,..,..,..,..,..,103
HKG,2001,..,..,..,2.5,..,..,..,115
HKG,2002,..,..,..,2.5,..,..,..,105
HKG,2003,..,..,..,2.5,..,..,..,99
HKG,2004,..,..,..,2.5,..,..,..,95
HKG,2005,..,..,..,2.5,..,..,..,94
HKG,2006,..,..,..,2.5,..,..,..,91
HKG,2007,..,..,..,2.5,..,..,..,88
HKG,2008,..,..,..,2.5,..,..,..,90
HKG,2009,..,..,..,2.5,..,..,..,84
HKG,2010,..,..,..,2.5,..,..,..,80
HKG,2011,..,..,..,2.5,..,..,..,76
HKG,2012,..,..,..,2.5,..,..,..,76
HKG,2013,..,..,..,2.5,..,..,..,75
HKG,2014,..,..,..,2.5,..,..,..,74
HKG,2015,..,..,..,2.5,..,..,..,70
HKG,2016,..,..,..,2.5,..,..,..,68
HKG,2017,..,..,..,2.5,..,..,..,66
HKG,2018,..,..,..,2.5,..,..,..,66
HKG,2019,..,..,..,2.5,..,..,..,62
HKG,2020,..,..,..,2.5,..,..,..,56
HKG,2021,..,..,..,..,..,..,..,57
HKG,2022,..,..,..,..,..,..,..,..
HUN,1990,..,..,2.9413,..,..,..,..,..
HUN,1991,..,..,3.0328,..,..,..,..,..
HUN,1992,..,..,3.0099,..,..,..,..,..
HUN,1993,..,..,2.9549,..,..,..,..,..
HUN,1994,..,9.300000191,2.992,..,..,..,..,..
HUN,1995,..,8.800000191,2.9977,..,..,..,..,..
HUN,1996,..,8.800000191,3.0339,..,..,..,..,..
HUN,1997,..,8,3.0702,..,..,..,..,..
HUN,1998,..,8.100000381,3.0777,..,..,..,..,..
HUN,1999,..,8.100000381,3.1002,..,..,..,..,..
HUN,2000,6.77804327,8.16,2.6799,..,..,..,..,35
HUN,2001,6.82614756,7.92,2.8889,2.5,..,..,..,33
HUN,2002,7.1210165,7.91,3.1918,2.5,..,..,..,31
HUN,2003,8.11923504,7.9,3.2431,2.5,..,..,..,31
HUN,2004,7.7565484,7.89,3.3345,2.5,..,..,..,26
HUN,2005,7.98271132,7.91,2.7816,2.5,..,..,..,21
HUN,2006,7.77566671,7.98,3.0406,2.5,..,..,..,19
HUN,2007,7.2018342,7.19,2.8121,2.5,..,..,..,18
HUN,2008,7.08621168,7.11,3.1049,2.5,..,..,..,16
HUN,2009,7.21973991,7.14,3.0399,2.5,..,..,..,15
HUN,2010,7.44544077,7.18,2.8896,2.5,..,..,..,18
HUN,2011,7.4782691,7.19,2.9811,2.5,..,..,..,15
HUN,2012,7.40815496,7,3.1062,2.5,..,..,..,13
HUN,2013,7.23183966,7.04,3.2284,2.5,..,..,..,12
HUN,2014,7.04440498,6.98,3.3443,2.5,..,..,..,9.3
HUN,2015,6.85204268,6.99,3.1178,2.5,..,..,..,10
HUN,2016,6.98634624,7,3.2313,2.5,..,..,..,8.6
HUN,2017,6.73819399,7.02,3.3447,2.5,..,..,..,7.6
HUN,2018,6.5753026,7.01,3.4075,2.5,..,..,..,7.1
HUN,2019,6.29731894,..,3.5248,2.5,..,..,..,6.2
HUN,2020,7.25031424,..,..,2.5,..,..,..,4.5
HUN,2021,..,..,..,..,..,..,..,3.7
HUN,2022,..,..,..,..,..,..,..,..
ISL,1990,..,16.70000076,2.8471,..,..,0.03,..,..
ISL,1991,..,16.29999924,2.8494,..,..,0.02,..,..
ISL,1992,..,15.89999962,2.9631,..,..,0.02,..,..
ISL,1993,..,14.80000019,2.9654,..,..,0.02,..,..
ISL,1994,..,14.69999981,3.0064,..,..,0.02,..,..
ISL,1995,..,14.60000038,3.0232,..,..,0.02,..,..
ISL,1996,..,..,3.1063,..,..,0.02,..,..
ISL,1997,..,..,3.2417,..,..,0.02,..,..
ISL,1998,..,..,3.3019,..,..,0.02,..,..
ISL,1999,..,..,3.3753,..,..,0.02,..,..
ISL,2000,8.89924335,..,3.4522,..,44,0.02,..,5.3
ISL,2001,8.75266171,..,3.4995,2.5,53,0.02,..,4.8
ISL,2002,9.40382481,7.5,3.6067,2.5,61,0.03,..,3.2
ISL,2003,9.72930241,..,3.6354,2.5,67,0.03,..,2
ISL,2004,9.32854366,..,3.6276,2.5,72,0.03,..,4.3
ISL,2005,8.94694996,..,3.6339,2.5,76,0.03,..,3.9
ISL,2006,8.55709076,5.3391,3.6537,2.5,77,0.03,..,4.9
ISL,2007,8.3535862,4.12,3.6894,2.5,79,0.04,..,4.4
ISL,2008,8.34370804,3.91,3.7182,2.5,78,0.04,..,2.2
ISL,2009,8.77518463,3.7,3.6761,2.5,79,0.05,..,3.2
ISL,2010,8.36173058,3.58,3.5654,2.5,78,0.05,..,7.9
ISL,2011,8.20293236,3.29,3.456,2.5,77,0.05,..,2.9
ISL,2012,8.18118858,3.25,3.5074,2.5,77,0.05,..,3.6
ISL,2013,8.17555237,3.22,3.5697,2.5,76,0.05,..,3.9
ISL,2014,8.22888947,3.16,3.6306,2.5,76,0.05,..,2.8
ISL,2015,8.06978989,3.12,3.7826,2.5,76,0.05,..,2.4
ISL,2016,8.09714794,3.13,3.8892,2.5,75,0.05,..,2.1
ISL,2017,8.26131916,3.06,3.9773,2.5,81,0.05,..,4.4
ISL,2018,8.37734032,2.87,4.0778,2.5,87,0.05,..,2.6
ISL,2019,8.5256052,2.83,4.1416,2.5,88,0.04,..,4.1
ISL,2020,9.55796337,..,..,2.5,91,0.04,..,3.8
ISL,2021,9.65296936,..,..,..,..,0.03,..,2.9
ISL,2022,..,..,..,..,..,..,..,..
IND,1990,..,..,..,..,..,0.21,..,..
IND,1991,..,0.787,1.2208,..,..,0.29,..,..
IND,1992,..,..,..,..,..,0.42,..,..
IND,1993,..,..,..,..,..,0.52,..,..
IND,1994,..,..,..,..,..,0.57,..,..
IND,1995,..,..,..,..,..,0.6,..,..
IND,1996,..,..,..,..,..,0.6,..,..
IND,1997,..,..,..,..,..,0.59,..,..
IND,1998,..,..,..,..,..,0.51,..,..
IND,1999,..,..,..,..,..,0.42,..,..
IND,2000,4.03493309,0.65,..,..,0,0.34,19.88879155,341
IND,2001,4.26278067,0.64,..,18.4,0,0.27,19.91108148,340
IND,2002,4.24016762,0.63,..,20.1,0,0.22,18.39010198,339
IND,2003,4.00848055,0.899999976,..,21.5,0,0.19,19.35115087,337
IND,2004,3.95739174,..,..,22.1,0,0.17,21.15391076,334
IND,2005,3.79116249,0.41,..,21.6,1,0.16,22.45151571,329
IND,2006,3.63477802,0.42,..,19.6,2,0.14,18.09306291,323
IND,2007,3.51754212,0.41,..,17.5,4,0.13,17.23867455,316
IND,2008,3.51468062,0.41,..,16.6,8,0.12,17.79331384,309
IND,2009,3.48537874,0.44,..,16.3,11,0.11,18.07237809,300
IND,2010,3.27211928,0.47,..,15.9,15,0.1,17.46127937,292
IND,2011,3.24634218,0.63,..,15.4,19,0.09,14.72049914,284
IND,2012,3.32935286,0.49,..,14.9,24,0.08,11.80359436,277
IND,2013,3.74944186,0.49,..,14.9,30,0.08,9.071224026,270
IND,2014,3.61956549,0.52,..,14.8,34,7.00E-02,9.118715679,263
IND,2015,3.59565997,0.58,..,14.5,38,0.06,9.592364997,256
IND,2016,3.50430417,0.48,..,13.9,43,0.06,9.92256493,249
IND,2017,2.93597651,0.53,..,13.2,47,0.06,7.376015925,234
IND,2018,2.8584938,..,0.6857,13.3,55,0.06,5.271732071,224
IND,2019,2.94352531,..,..,14.6,62,0.05,4.294322396,214
IND,2020,2.95919013,..,0.7352,16.3,62,0.05,3.168326517,204
IND,2021,..,..,..,..,65,0.05,3.242805002,210
IND,2022,..,..,..,..,..,..,..,..
IDN,1990,..,0.665199995,0.144,..,..,0.01,..,..
IDN,1991,..,0.668600023,0.148,..,..,0.01,..,..
IDN,1992,..,0.665000022,..,..,..,0.01,..,..
IDN,1993,..,0.657599986,5.80E-02,..,..,0.01,..,..
IDN,1994,..,0.660099983,..,..,..,0.01,..,..
IDN,1995,..,..,..,..,..,0.01,..,..
IDN,1996,..,..,..,..,..,0.02,..,..
IDN,1997,..,..,..,..,..,0.02,..,..
IDN,1998,..,0.6,..,..,..,0.03,..,..
IDN,1999,..,..,..,..,..,0.04,..,..
IDN,2000,1.85297656,..,..,..,0,0.06,5.331663095,370
IDN,2001,2.11850214,..,..,19.2,0,0.11,5.331661524,369
IDN,2002,1.98062706,0.6,..,19.1,0,0.17,5.331665406,367
IDN,2003,2.24837184,..,0.1339,18.9,0,0.19,5.331662711,366
IDN,2004,2.12002277,..,..,19.1,0,0.2,4.811860561,363
IDN,2005,2.53189397,..,..,19.2,0,0.21,5.188956584,360
IDN,2006,2.61946416,..,..,19,2,0.22,5.97919932,357
IDN,2007,2.82385564,..,..,18.5,3,0.22,5.331661959,353
IDN,2008,2.54842305,..,..,17.4,3,0.21,5.331665236,349
IDN,2009,2.62324095,0.59,0.1448,15.4,4,0.21,5.331662753,345
IDN,2010,2.7908783,0.57,0.1395,13,5,0.21,8.161176167,342
IDN,2011,2.98942471,0.62,..,10.7,6,0.2,7.331316183,338
IDN,2012,2.91427088,0.83,0.2007,9.3,7,0.2,7.181690894,335
IDN,2013,2.86934805,0.99,..,8.2,8,0.18,6.039034425,332
IDN,2014,2.96433568,0.94,..,7.9,10,0.17,4.539195603,329
IDN,2015,2.92428517,0.98,0.2738,7.2,12,0.15,4.011679745,325
IDN,2016,3.02147198,0.99,..,6.6,15,0.14,4.152561654,322
IDN,2017,2.90417194,1.04,0.3767,5.9,17,0.13,2.813762728,319
IDN,2018,2.86757827,..,0.4241,5.9,20,0.12,2.480641102,316
IDN,2019,2.90491366,..,0.4651,6.2,23,0.11,2.872363408,312
IDN,2020,3.41433048,..,0.6228,6.5,26,0.1,2.829778948,301
IDN,2021,..,..,..,..,28,0.1,2.964845881,354
IDN,2022,..,..,..,..,..,..,..,..
IRN,1990,..,1.433099985,..,..,..,0.01,..,..
IRN,1991,..,..,..,..,..,0.01,..,..
IRN,1992,..,..,..,..,..,0.01,..,..
IRN,1993,..,..,0.318,..,..,0.01,..,..
IRN,1994,..,..,..,..,..,0.01,..,..
IRN,1995,..,..,..,..,..,0.01,..,..
IRN,1996,..,1.600000024,0.85,..,..,0.02,..,..
IRN,1997,..,..,..,..,..,0.03,..,..
IRN,1998,..,..,1.049,..,..,0.04,..,..
IRN,1999,..,..,..,..,..,0.06,..,..
IRN,2000,4.72250843,1.59,..,..,0,0.08,29.46169203,23
IRN,2001,5.15979576,1.59,..,4.8,0,0.11,28.35549027,22
IRN,2002,4.65182209,1.63,..,5,0,0.13,22.63281394,21
IRN,2003,4.95589161,1.63,..,5,0,0.15,33.95996351,20
IRN,2004,5.12801409,1.63,0.8817,4.9,0,0.16,19.60094679,18
IRN,2005,5.29996157,1.72,0.8869,5.2,0,0.16,26.46797774,17
IRN,2006,5.15990877,1.72,0.5361,5.5,1,0.15,21.86128002,17
IRN,2007,4.91188192,1.72,..,5.7,1,0.14,21.27898741,16
IRN,2008,5.03990459,1.38,..,5.4,1,0.12,11.15311657,16
IRN,2009,6.11493444,1.38,..,5.5,2,0.1,5.725889984,17
IRN,2010,6.29153061,1.74,..,6.1,2,0.08,2.400050938,18
IRN,2011,6.09787989,1.74,..,6.3,3,7.00E-02,2.09375453,18
IRN,2012,6.12235117,1.5,..,6,5,0.05,0.957589913,18
IRN,2013,5.54722023,1.5,..,5.1,6,0.05,0.599202312,18
IRN,2014,6.35239553,1.5,1.5044,4.9,8,0.04,0.438506237,16
IRN,2015,7.25335979,1.5,1.1526,4.7,11,0.04,0.199979882,16
IRN,2016,7.82282066,1.7,..,4.9,15,0.03,9.52E-02,15
IRN,2017,7.7543416,1.56,1.1292,5.2,19,0.03,6.61E-02,14
IRN,2018,7.52609015,..,1.5844,5.2,23,0.03,0,14
IRN,2019,5.94786263,..,..,4.9,27,0.03,0,13
IRN,2020,5.33579969,..,..,4.1,28,0.03,0,12
IRN,2021,..,..,..,..,30,0.03,0,12
IRN,2022,..,..,..,..,..,..,..,..
IRQ,1990,..,1.65960002,0.603,..,..,..,..,..
IRQ,1991,..,..,..,..,..,..,..,..
IRQ,1992,..,..,..,..,..,..,..,..
IRQ,1993,..,..,0.603,..,..,..,..,..
IRQ,1994,..,..,..,..,..,..,..,..
IRQ,1995,..,..,..,..,..,..,..,..
IRQ,1996,..,..,..,..,..,..,..,..
IRQ,1997,..,..,..,..,..,..,..,..
IRQ,1998,..,1.450000048,0.55,..,..,..,..,..
IRQ,1999,..,..,..,..,..,..,..,..
IRQ,2000,..,1.2,..,..,..,..,0.580932121,50
IRQ,2001,..,1.3,0.543,22.1,..,..,0.382714496,50
IRQ,2002,..,1.27,..,21.4,..,..,0.278917636,49
IRQ,2003,2.99196053,1.31,..,20.2,..,..,9.86E-02,49
IRQ,2004,3.84302664,1.33,0.658,19.4,..,..,4.28E-02,49
IRQ,2005,2.89739943,1.3,0.66,17.9,..,..,1.26E-02,48
IRQ,2006,2.42247891,1.3,..,18,..,..,6.39E-03,48
IRQ,2007,3.10637712,1.33,0.528,17.8,..,..,5.37E-04,47
IRQ,2008,3.03573871,1.26,..,17,..,..,5.27E-04,47
IRQ,2009,3.76825905,1.27,..,15.8,..,..,0,46
IRQ,2010,3.23055625,1.3,0.6636,15,..,..,0,45
IRQ,2011,2.79131818,1.3,..,15.9,..,..,0,44
IRQ,2012,2.69039416,1.3,..,16.6,..,..,0,43
IRQ,2013,2.81939769,1.3,..,16.8,..,..,0,41
IRQ,2014,2.79654908,1.38,1.0364,17.3,..,..,0,39
IRQ,2015,3.14434433,1.38,..,18.4,..,..,0,37
IRQ,2016,3.28159881,1.3,0.8536,19.1,..,..,9.94E-04,35
IRQ,2017,4.19215298,1.32,0.8375,18.8,..,..,0,33
IRQ,2018,4.05837107,..,0.7079,18.1,..,..,0,31
IRQ,2019,4.25629616,..,..,17.4,..,..,0,28
IRQ,2020,5.08489752,..,0.9663,15.9,..,..,0,26
IRQ,2021,..,..,..,..,..,..,0,24
IRQ,2022,..,..,..,..,..,..,..,..
IRL,1990,..,6.099999905,1.5523,..,..,0.03,..,..
IRL,1991,..,6,1.7042,..,..,0.03,..,..
IRL,1992,..,5.699999809,2.0103,..,..,0.03,..,..
IRL,1993,..,5.5,2.0333,..,..,0.02,..,..
IRL,1994,..,5.300000191,1.9981,..,..,0.02,..,..
IRL,1995,..,5.199999809,2.1054,..,..,0.02,..,..
IRL,1996,..,5.099999905,2.1058,..,..,0.03,..,..
IRL,1997,..,4.900000095,2.1366,..,..,0.03,..,..
IRL,1998,..,4.800000191,2.197,..,..,0.03,..,..
IRL,1999,..,4.699999809,2.2696,..,..,0.04,..,..
IRL,2000,5.89902735,6.13,2.2304,..,54,0.04,..,12
IRL,2001,6.39249372,5.86,2.3856,2.5,58,0.05,..,12
IRL,2002,6.67263031,5.78,2.4166,2.5,61,0.05,..,11
IRL,2003,7.00761414,5.67,2.5803,2.5,62,0.05,..,12
IRL,2004,7.21972942,5.64,2.7454,2.5,63,0.06,..,12
IRL,2005,7.64242792,5.46,3.5427,2.5,63,0.06,..,12
IRL,2006,7.51646948,5.26,3.6638,2.5,63,0.06,..,12
IRL,2007,7.80773735,5.1,3.8986,2.5,63,0.06,..,11
IRL,2008,9.12564754,4.85,4.0144,2.5,62,7.00E-02,..,11
IRL,2009,10.52275753,2.83,4.0388,2.5,62,7.00E-02,..,11
IRL,2010,10.5258255,2.73,4.1326,2.5,61,7.00E-02,..,9.8
IRL,2011,10.6313448,2.62,4.0938,2.5,64,7.00E-02,..,9.8
IRL,2012,10.62784767,2.54,3.9423,2.5,67,7.00E-02,..,8.6
IRL,2013,10.30873108,2.56,3.9347,2.5,70,7.00E-02,..,8.9
IRL,2014,9.54538631,2.57,3.0321,2.5,72,7.00E-02,..,7.4
IRL,2015,7.31753302,2.92,3.1524,2.5,73,7.00E-02,..,7.3
IRL,2016,7.44555712,2.96,3.2323,2.5,74,7.00E-02,..,7.1
IRL,2017,7.14633131,2.97,3.2946,2.5,74,7.00E-02,..,7.3
IRL,2018,6.88002014,2.97,3.3125,2.5,76,7.00E-02,..,7
IRL,2019,6.6733737,..,3.352,2.5,78,7.00E-02,..,5.8
IRL,2020,7.10143661,..,3.4896,2.5,..,7.00E-02,..,5.3
IRL,2021,6.7280345,..,..,..,..,7.00E-02,..,4.8
IRL,2022,..,..,..,..,..,..,..,..
IMN,1990,..,1.752238331,0.577,..,..,..,..,..
IMN,1991,..,..,..,..,..,..,..,..
IMN,1992,..,..,..,..,..,..,..,..
IMN,1993,..,..,..,..,..,..,..,..
IMN,1994,..,..,..,..,..,..,..,..
IMN,1995,..,..,..,..,..,..,..,..
IMN,1996,..,..,..,..,..,..,..,..
IMN,1997,..,..,..,..,..,..,..,..
IMN,1998,..,..,..,..,..,..,..,..
IMN,1999,..,..,..,..,..,..,..,..
IMN,2000,..,..,..,..,..,..,..,..
IMN,2001,..,..,..,..,..,..,..,..
IMN,2002,..,..,..,..,..,..,..,..
IMN,2003,..,..,..,..,..,..,..,..
IMN,2004,..,..,..,..,..,..,..,..
IMN,2005,..,1.769394617,..,..,..,..,..,..
IMN,2006,..,1.584743259,..,..,..,..,..,..
IMN,2007,..,..,..,..,..,..,..,..
IMN,2008,..,..,..,..,..,..,..,..
IMN,2009,..,1.584279384,..,..,..,..,..,..
IMN,2010,..,..,1.449,..,..,..,..,..
IMN,2011,..,..,..,..,..,..,..,..
IMN,2012,..,..,..,..,..,..,..,..
IMN,2013,..,..,..,..,..,..,..,..
IMN,2014,..,..,..,..,..,..,..,..
IMN,2015,..,..,..,..,..,..,..,..
IMN,2016,..,..,..,..,..,..,..,..
IMN,2017,..,..,..,..,..,..,..,..
IMN,2018,..,..,..,..,..,..,..,..
IMN,2019,..,..,..,..,..,..,..,..
IMN,2020,..,..,..,..,..,..,..,..
IMN,2021,..,..,..,..,..,..,..,..
IMN,2022,..,..,..,..,..,..,..,..
ISR,1990,..,6.243199825,3.2309,..,..,..,..,..
ISR,1991,..,5.96999979,3.4349,..,..,..,..,..
ISR,1992,..,5.989500046,3.8123,..,..,..,..,..
ISR,1993,..,6.077899933,3.7883,..,..,..,..,..
ISR,1994,..,6.101200104,3.7862,..,..,..,..,..
ISR,1995,..,5.980000019,3.7629,..,..,..,..,..
ISR,1996,..,6.03000021,3.7364,..,..,..,..,..
ISR,1997,..,6.050000191,3.7964,..,..,..,..,..
ISR,1998,..,6.099999905,3.8719,..,..,..,..,..
ISR,1999,..,6.119999886,3.8056,..,..,..,..,..
ISR,2000,6.79617071,3.85,3.7993,..,..,..,..,10
ISR,2001,7.22309399,3.86,3.8146,2.5,..,..,..,9.4
ISR,2002,7.14622402,3.81,3.8286,2.5,..,..,..,8.4
ISR,2003,7.08494616,3.86,3.8314,2.5,..,..,..,8.4
ISR,2004,7.02140188,3.8,3.7952,2.5,..,..,..,8
ISR,2005,7.11747074,3.73,3.7366,2.5,..,..,..,6.4
ISR,2006,6.90668821,3.4,3.6805,2.5,..,..,..,5.7
ISR,2007,6.87812519,3.35,3.6176,2.5,..,..,..,6.6
ISR,2008,6.94865084,3.3,3.551,2.5,..,..,..,5.2
ISR,2009,7.04995871,3.19,3.5334,2.5,..,..,..,5.5
ISR,2010,6.99706697,3.16,3.5107,2.5,..,..,..,5.3
ISR,2011,6.9564743,3.14,3.5123,2.5,..,..,..,6.4
ISR,2012,7.08083487,3.1,3.4997,2.5,..,..,..,7.7
ISR,2013,7.04248762,3.09,3.4788,2.5,..,..,..,4.6
ISR,2014,7.12200594,3.08,3.4612,2.5,..,..,..,5.3
ISR,2015,7.10024405,3.03,3.4627,2.5,..,..,..,4
ISR,2016,7.16409779,2.99,3.4641,2.5,..,..,..,3.5
ISR,2017,7.23601007,3.02,3.4789,2.5,..,..,..,3.2
ISR,2018,7.28700161,2.98,3.5303,2.5,..,..,..,4
ISR,2019,7.47252941,..,3.5781,2.5,..,..,..,2.9
ISR,2020,8.31950188,..,3.6259,2.5,..,..,..,2.1
ISR,2021,..,..,..,..,..,..,..,2.8
ISR,2022,..,..,..,..,..,..,..,..
ITA,1990,..,7.199999809,4.6706,..,..,0.09,..,..
ITA,1991,..,6.800000191,4.8488,..,..,0.09,..,..
ITA,1992,..,6.900000095,4.9892,..,..,0.1,..,..
ITA,1993,..,6.699999809,..,..,..,0.1,..,..
ITA,1994,..,6.599999905,..,..,..,0.1,..,..
ITA,1995,..,6.300000191,3.7779,..,..,0.11,..,..
ITA,1996,..,6.5,3.8845,..,..,0.11,..,..
ITA,1997,..,5.900000095,3.9951,..,..,0.11,..,..
ITA,1998,..,5.5,4.0828,..,..,0.1,..,..
ITA,1999,..,4.900000095,4.1361,..,..,0.1,..,..
ITA,2000,7.56665516,4.71,3.4586,..,28,0.1,..,7.1
ITA,2001,7.73760843,4.61,3.5129,2.5,33,0.1,..,8.6
ITA,2002,7.86693573,4.44,3.5584,2.5,38,0.09,..,7.9
ITA,2003,7.83297729,4.18,3.6149,2.5,42,0.09,..,8.7
ITA,2004,8.16549301,4.02,3.6809,2.5,45,0.09,..,7.9
ITA,2005,8.33931828,4.04,3.7017,2.5,48,0.09,..,7.6
ITA,2006,8.43673038,3.99,3.6985,2.5,52,0.09,..,8.2
ITA,2007,8.13610077,3.91,3.7751,2.5,55,0.08,..,5.4
ITA,2008,8.53282356,3.79,3.7806,2.5,57,0.08,..,8
ITA,2009,8.95162296,3.69,3.7898,2.5,60,0.08,..,7.9
ITA,2010,8.91602039,3.64,3.816,2.5,62,0.08,..,8.7
ITA,2011,8.77413177,3.52,3.8846,2.5,65,0.08,..,6.6
ITA,2012,8.78352833,3.42,3.8514,2.5,67,7.00E-02,..,5.9
ITA,2013,8.77543831,3.31,3.9044,2.5,69,7.00E-02,..,5.8
ITA,2014,8.86791801,3.21,3.9048,2.5,70,7.00E-02,..,6.4
ITA,2015,8.85689163,3.2,3.8479,2.5,72,0.06,..,6.6
ITA,2016,8.72533035,3.17,3.9504,2.5,73,0.06,..,7.2
ITA,2017,8.67773914,3.18,3.9805,2.5,79,0.06,..,7.3
ITA,2018,8.68187714,3.14,3.9636,2.5,83,0.05,..,7.3
ITA,2019,8.6563549,..,3.9958,2.5,87,0.04,..,6.1
ITA,2020,9.63378334,..,3.9477,2.5,..,0.03,..,4.2
ITA,2021,9.45429516,..,..,..,..,0.02,..,4.9
ITA,2022,..,..,..,..,..,..,..,..
JAM,1990,..,2.200000048,0.57,..,..,2.41,..,..
JAM,1991,..,..,..,..,..,1.44,..,..
JAM,1992,..,..,..,..,..,0.99,..,..
JAM,1993,..,2.100300074,0.472,..,..,0.94,..,..
JAM,1994,..,..,..,..,..,0.94,..,..
JAM,1995,..,2.1,0.57,..,..,0.91,..,..
JAM,1996,..,2.119999886,..,..,..,0.89,..,..
JAM,1997,..,..,..,..,..,0.88,..,..
JAM,1998,..,..,..,..,..,0.9,..,..
JAM,1999,..,..,..,..,..,0.91,..,..
JAM,2000,5.64462519,..,..,..,0,0.87,..,6
JAM,2001,5.15652943,1.5,..,7.4,0,0.85,..,5.7
JAM,2002,4.74544334,1.5,..,6.9,0,0.84,..,4.9
JAM,2003,4.22014141,1.399999976,0.8315,7,0,0.83,..,5.5
JAM,2004,4.80435276,1.8,..,7.1,1,0.83,..,5.3
JAM,2005,4.54581785,1.7,..,7.4,6,0.79,..,4.1
JAM,2006,4.20788145,2,..,7.7,8,0.69,..,4.3
JAM,2007,5.32057667,1.7,..,8.3,12,0.67,..,4.7
JAM,2008,5.61143064,..,0.3965,9,15,0.63,..,4.7
JAM,2009,5.14654493,1.7,..,9.6,21,0.62,..,6.2
JAM,2010,5.2951932,1.76,..,9.7,23,0.58,..,5.8
JAM,2011,5.23845339,..,..,9.9,25,0.57,..,4.6
JAM,2012,4.88512897,1.67,0.354,9.7,28,0.56,..,4
JAM,2013,4.95443439,1.66,0.4677,9.7,32,0.54,..,4.2
JAM,2014,5.16564465,..,0.3798,9.3,34,0.5,..,3.7
JAM,2015,5.62470436,1.69,0.4147,9.7,36,0.47,..,4.5
JAM,2016,5.70102215,1.78,0.4549,9.3,39,0.46,..,4.4
JAM,2017,6.14859295,1.72,..,9,42,0.46,..,5.2
JAM,2018,5.96798849,..,0.5268,8.1,44,0.5,..,3.5
JAM,2019,6.09761,..,..,7.5,49,0.49,..,3.2
JAM,2020,6.61175442,..,..,6.9,44,0.51,..,3.1
JAM,2021,..,..,..,..,47,0.5,..,3.3
JAM,2022,..,..,..,..,..,..,..,..
JPN,1990,..,..,1.6385,..,..,..,..,..
JPN,1991,..,..,..,..,..,..,..,..
JPN,1992,..,..,1.6903,..,..,..,..,..
JPN,1993,..,15.60000038,..,..,..,..,..,..
JPN,1994,..,15.5,1.7589,..,..,..,..,..
JPN,1995,..,15.39999962,..,..,..,..,..,..
JPN,1996,..,15.19999981,1.8274,..,..,..,..,..
JPN,1997,..,15.10000038,..,..,..,..,..,..
JPN,1998,..,15,1.8784,..,..,..,..,..
JPN,1999,..,14.80000019,..,..,..,..,..,..
JPN,2000,7.03456163,14.69,1.9237,..,..,..,..,36
JPN,2001,7.23947906,14.58,..,2.5,..,..,..,32
JPN,2002,7.35235405,14.43,1.9695,2.5,..,..,..,30
JPN,2003,7.48654842,14.26,..,2.5,..,..,..,29
JPN,2004,7.53518438,14.2,2.0228,2.5,..,..,..,27
JPN,2005,7.65818596,14.08,..,2.5,..,..,..,24
JPN,2006,7.68688869,13.97,2.0746,2.5,..,..,..,23
JPN,2007,7.77935696,13.87,..,2.5,..,..,..,22
JPN,2008,8.08909321,13.71,2.1394,2.5,..,..,..,22
JPN,2009,8.9587822,13.62,..,2.6,..,..,..,21
JPN,2010,9.0630064,13.51,2.2059,2.7,..,..,..,20
JPN,2011,10.48780155,13.4,..,2.5,..,..,..,20
JPN,2012,10.67169094,13.35,2.274,2.5,..,..,..,19
JPN,2013,10.67438698,13.3,..,2.5,..,..,..,18
JPN,2014,10.7290144,13.21,2.3413,2.5,..,..,..,18
JPN,2015,10.74969959,13.17,..,2.5,..,..,..,17
JPN,2016,10.65891552,13.11,2.4115,2.5,..,..,..,16
JPN,2017,10.65627098,13.05,..,2.5,..,..,..,15
JPN,2018,10.74637508,12.98,2.4796,2.5,..,..,..,14
JPN,2019,10.75110722,..,..,2.8,..,..,..,13
JPN,2020,10.9042511,..,..,3.2,..,..,..,12
JPN,2021,..,..,..,..,..,..,..,11
JPN,2022,..,..,..,..,..,..,..,..
JOR,1990,..,1.797799945,..,..,..,..,..,..
JOR,1991,..,..,1.348,..,..,..,..,..
JOR,1992,..,..,..,..,..,..,..,..
JOR,1993,..,..,..,..,..,..,..,..
JOR,1994,..,1.630200028,1.625,..,..,..,..,..
JOR,1995,..,..,..,..,..,..,..,..
JOR,1996,..,..,..,..,..,..,..,..
JOR,1997,..,1.799999952,1.66,..,..,..,..,..
JOR,1998,..,..,..,..,..,..,..,..
JOR,1999,..,..,1.925,..,..,..,..,..
JOR,2000,9.34367943,1.7,1.8692,..,..,..,..,7.5
JOR,2001,9.58549213,1.7,2.0369,9.7,..,..,..,8.2
JOR,2002,9.36340237,1.7,2.2031,7.7,..,..,..,7.3
JOR,2003,8.84089088,1.7,2.2773,6.3,..,..,..,7.4
JOR,2004,8.74985027,1.7,2.0426,5.7,..,..,..,7.3
JOR,2005,8.59408951,1.7,2.239,5.5,..,..,..,8
JOR,2006,7.81179047,1.9,2.2911,5.7,..,..,..,7.8
JOR,2007,8.04956055,1.9,2.4426,6.1,..,..,..,6.7
JOR,2008,8.48880577,1.8,2.2231,6.5,..,..,..,6.8
JOR,2009,9.22396946,1.8,2.1287,6.4,..,..,..,6.7
JOR,2010,8.17025661,1.8,2.2326,6.2,..,..,..,5.8
JOR,2011,8.14807701,1.8,..,6.1,..,..,..,5.4
JOR,2012,7.81799555,1.8,..,6.3,..,..,..,5.1
JOR,2013,7.16592407,1.8,2.1947,6,..,..,..,5.1
JOR,2014,7.20892906,1.89,2.2038,6,..,..,..,5.4
JOR,2015,7.4609561,1.38,2.8078,6.3,..,..,..,5.7
JOR,2016,7.15642214,1.4,..,7.1,..,..,..,5.4
JOR,2017,7.98199654,1.47,2.3237,8.8,..,..,..,6.7
JOR,2018,7.84809589,..,..,11.2,..,..,..,5
JOR,2019,7.56996918,..,2.6614,14.6,..,..,..,5.5
JOR,2020,7.4691391,..,..,16.9,..,..,..,4.6
JOR,2021,..,..,..,..,..,..,..,4.2
JOR,2022,..,..,..,..,..,..,..,..
KAZ,1990,..,13.66609955,4.0453,..,..,0.01,..,..
KAZ,1991,..,13.70899963,3.9404,..,..,0.01,..,..
KAZ,1992,..,13.46189976,4.0668,..,..,0.01,..,..
KAZ,1993,..,13.16650009,3.9839,..,..,0.01,..,..
KAZ,1994,..,12.14470005,3.801,..,..,0.01,..,..
KAZ,1995,..,11.64999962,3.7959,..,..,0.01,..,..
KAZ,1996,..,10.32999992,3.7066,..,..,0.01,..,..
KAZ,1997,..,8.449999809,3.3752,..,..,0.01,..,..
KAZ,1998,..,8.18999958,3.501,..,..,0.01,..,..
KAZ,1999,..,7.25,3.366,..,..,0.02,..,..
KAZ,2000,4.16031408,7.19,3.2804,..,0,0.02,..,171
KAZ,2001,3.47096992,6.97,3.4399,6.5,0,0.03,..,185
KAZ,2002,3.61480069,7.02,3.583,6.6,0,0.04,..,193
KAZ,2003,3.72334647,7.7,3.6168,7.1,1,0.05,..,196
KAZ,2004,3.98308039,7.77,3.5907,7.5,1,0.06,..,195
KAZ,2005,3.90172577,7.76,3.6038,7.3,5,7.00E-02,..,187
KAZ,2006,3.39824915,7.78,3.6983,6.3,5,0.08,..,175
KAZ,2007,2.70314932,7.72,3.6547,5.1,6,0.09,..,164
KAZ,2008,3.04952621,7.71,3.7161,4.3,7,0.1,..,158
KAZ,2009,3.49913716,7.61,3.7808,3.7,10,0.11,..,152
KAZ,2010,2.73641348,7.29,3.9278,3.2,12,0.11,0,144
KAZ,2011,2.60236716,7.11,3.9483,2.6,15,0.12,0,135
KAZ,2012,3.03725958,7.01,3.9108,2.5,19,0.13,0,122
KAZ,2013,2.66286707,6.72,3.9508,2.5,23,0.13,0,106
KAZ,2014,2.97468472,6.06,3.98,2.5,26,0.14,0,91
KAZ,2015,3.04051137,..,3.9678,2.5,32,0.14,0,81
KAZ,2016,3.42235589,..,4.1844,2.5,36,0.15,0,73
KAZ,2017,3.05244446,..,3.9897,2.5,46,0.15,0,69
KAZ,2018,2.8178606,..,3.9781,2.5,56,0.16,0,67
KAZ,2019,2.78745699,..,3.9914,2.5,60,0.17,0,68
KAZ,2020,3.78894091,..,4.0712,2.5,63,0.17,..,66
KAZ,2021,..,..,..,..,64,0.18,..,74
KAZ,2022,..,..,..,..,..,..,..,..
KEN,1990,..,1.647199988,..,..,..,8.63,..,..
KEN,1991,..,..,..,..,..,10.1,..,..
KEN,1992,..,..,..,..,..,10.81,..,..
KEN,1993,..,..,0.138,..,..,10.69,..,..
KEN,1994,..,..,..,..,..,9.93,..,..
KEN,1995,..,..,0.132,..,..,8.78,..,..
KEN,1996,..,..,..,..,..,7.57,..,..
KEN,1997,..,..,..,..,..,6.68,..,..
KEN,1998,..,..,..,..,..,5.88,..,..
KEN,1999,..,..,..,..,..,5.3,..,..
KEN,2000,2.49379516,..,..,..,0,4.78,221.6272955,451
KEN,2001,2.6706605,..,..,32.2,0,4.36,245.5578782,499
KEN,2002,2.62076211,1.9,0.1335,33.6,0,4.06,227.0918843,534
KEN,2003,2.84449434,..,..,34.9,0,3.71,212.5559716,610
KEN,2004,3.11812639,1.4,..,32.1,2,3.45,181.2105863,634
KEN,2005,3.12553811,..,..,28.5,4,3.19,140.0272823,630
KEN,2006,3.63250399,1.4,..,26.1,9,2.92,105.6287984,646
KEN,2007,3.80025053,..,..,26.9,13,2.73,80.89422999,618
KEN,2008,4.50025654,..,0.1664,26.6,18,2.33,67.68555999,564
KEN,2009,5.26973343,..,0.1686,24.7,25,2.21,64.25526387,566
KEN,2010,5.38849831,1.4,0.1696,22.2,31,2.04,64.93956245,531
KEN,2011,5.20212841,..,0.1748,20.6,38,1.8,66.71728375,506
KEN,2012,5.0180583,..,0.1825,19.8,43,1.69,69.80637156,471
KEN,2013,4.93100405,..,0.1907,19.5,46,1.54,72.16628958,443
KEN,2014,4.91267347,..,0.1959,19.6,53,1.36,72.26956774,423
KEN,2015,4.76439571,..,..,21.5,63,1.15,70.84577549,380
KEN,2016,4.75429106,..,..,23.3,72,1.02,66.63676494,348
KEN,2017,3.98597503,..,..,25.1,78,0.92,64.46897181,319
KEN,2018,4.09903383,..,0.1565,24.7,76,0.81,61.41860006,292
KEN,2019,4.36111116,..,..,25.6,77,0.78,59.61638225,267
KEN,2020,4.29190731,..,..,26.9,78,0.75,63.52100517,250
KEN,2021,..,..,..,..,78,0.73,64.51576754,251
KEN,2022,..,..,..,..,..,..,..,..
KIR,1990,..,4.271800041,0.193,..,..,..,..,..
KIR,1991,..,..,0.176,..,..,..,..,..
KIR,1992,..,..,0.186,..,..,..,..,..
KIR,1993,..,..,0.13,..,..,..,..,..
KIR,1994,..,..,..,..,..,..,..,..
KIR,1995,..,..,..,..,..,..,..,..
KIR,1996,..,..,..,..,..,..,..,..
KIR,1997,..,..,..,..,..,..,..,..
KIR,1998,..,1.799999952,..,..,..,..,..,..
KIR,1999,..,..,..,..,..,..,..,..
KIR,2000,8.64500046,..,..,..,..,..,..,373
KIR,2001,12.3293438,..,..,4.4,..,..,..,275
KIR,2002,11.9012785,..,..,4.6,..,..,..,281
KIR,2003,10.66935253,..,..,5,..,..,..,400
KIR,2004,12.42028809,1.5,..,5.1,..,..,..,428
KIR,2005,11.50768661,1.51,..,5.3,..,..,..,450
KIR,2006,11.57650661,..,..,5.5,..,..,..,501
KIR,2007,11.35285187,..,..,6,..,..,..,433
KIR,2008,14.07539082,..,0.253,6.2,..,..,..,424
KIR,2009,13.43940926,1.5,..,5.4,..,..,..,344
KIR,2010,9.26172829,1.4,0.3984,4.4,..,..,..,347
KIR,2011,8.63310242,1.3,0.1433,3.5,..,..,..,409
KIR,2012,8.64540958,..,..,3.3,..,..,..,407
KIR,2013,9.50958157,..,0.2039,3.3,..,..,..,472
KIR,2014,10.03857899,..,..,3.2,..,..,..,473
KIR,2015,8.02337551,1.9,..,3.2,..,..,..,559
KIR,2016,8.41267395,1.86,..,3.3,..,..,..,575
KIR,2017,10.59990215,..,..,3.4,..,..,..,422
KIR,2018,11.92076588,..,..,3.9,..,..,..,349
KIR,2019,11.38678551,..,..,4,..,..,..,436
KIR,2020,11.64184189,..,..,4.2,..,..,..,416
KIR,2021,..,..,..,..,..,..,..,424
KIR,2022,..,..,..,..,..,..,..,..
PRK,1990,..,..,..,..,..,..,..,..
PRK,1991,..,..,..,..,..,..,..,..
PRK,1992,..,..,..,..,..,..,..,..
PRK,1993,..,..,..,..,..,..,..,..
PRK,1994,..,..,..,..,..,..,..,..
PRK,1995,..,..,2.97,..,..,..,..,..
PRK,1996,..,..,..,..,..,..,..,..
PRK,1997,..,..,..,..,..,..,..,..
PRK,1998,..,..,..,..,..,..,..,..
PRK,1999,..,..,..,..,..,..,..,..
PRK,2000,..,..,..,..,..,..,9.927481013,513
PRK,2001,..,..,..,35.7,..,..,12.59262301,513
PRK,2002,..,13.2,..,34.8,..,..,10.70947974,513
PRK,2003,..,..,3.1686,32.3,..,..,1.780906695,513
PRK,2004,..,..,..,32.6,..,..,1.692441639,513
PRK,2005,..,..,..,33.8,..,..,0.714911809,513
PRK,2006,..,..,..,36.1,..,..,0.730484735,513
PRK,2007,..,..,..,38.2,..,..,0.504167504,513
PRK,2008,..,..,3.288,39.7,..,..,1.738521036,513
PRK,2009,..,..,..,39.6,..,..,1.524391038,513
PRK,2010,..,14.3,..,39.1,..,..,1.402553789,513
PRK,2011,..,..,..,38.2,..,..,1.731839171,513
PRK,2012,..,13.2,3.4463,38.6,..,..,2.248364302,513
PRK,2013,..,..,..,38.6,..,..,1.475717296,513
PRK,2014,..,..,3.5055,39.6,..,..,1.07376714,513
PRK,2015,..,..,..,40.3,..,..,0.711971813,513
PRK,2016,..,..,3.7011,41.2,..,..,0.507659014,513
PRK,2017,..,..,3.6834,42.9,..,..,0.461981057,513
PRK,2018,..,..,..,42.6,..,..,0.369386878,513
PRK,2019,..,..,..,43,..,..,0.185841004,513
PRK,2020,..,..,..,41.6,..,..,0.180086029,513
PRK,2021,..,..,..,..,..,..,0.23241115,513
PRK,2022,..,..,..,..,..,..,..,..
KOR,1990,..,3.099999905,0.8337,..,..,..,..,..
KOR,1991,..,3.299999952,0.897,..,..,..,..,..
KOR,1992,..,3.5,0.9668,..,..,..,..,..
KOR,1993,..,3.700000048,1.0258,..,..,..,..,..
KOR,1994,..,4.099999905,1.0651,..,..,..,..,..
KOR,1995,..,4.400000095,1.118,..,..,..,..,..
KOR,1996,..,4.599999905,1.1666,..,..,..,..,..
KOR,1997,..,4.800000191,1.2266,..,..,..,..,..
KOR,1998,..,5.099999905,1.2588,..,..,..,..,..
KOR,1999,..,5.599999905,1.3013,..,..,..,..,..
KOR,2000,3.89759398,4.65,1.2853,..,..,..,1.277173523,50
KOR,2001,4.42762327,4.45,1.3775,2.5,..,..,0.775830277,85
KOR,2002,4.16491032,4.83,1.4776,2.6,..,..,0.543103193,79
KOR,2003,4.4238739,5.09,1.555,2.6,..,..,0.351886137,83
KOR,2004,4.38896465,5.42,1.5515,2.6,..,..,0.258612252,78
KOR,2005,4.61782169,5.9,1.6086,2.5,..,..,0.408379993,96
KOR,2006,4.94396782,6.48,1.6707,2.5,..,..,0.609789817,94
KOR,2007,5.11490774,7.24,1.7225,2.5,..,..,0.659765447,93
KOR,2008,5.39896774,7.73,1.8407,2.5,..,..,0.313763411,90
KOR,2009,5.78228998,8.19,1.9185,2.5,..,..,0.264027489,95
KOR,2010,5.91734409,8.74,1.9839,2.5,..,..,0.370802643,97
KOR,2011,6.00844383,9.53,2.0361,2.5,..,..,0.146721671,101
KOR,2012,6.13262033,10.25,2.0798,2.5,..,..,0.113401136,94
KOR,2013,6.24789429,10.92,2.1632,2.5,..,..,0.109214044,89
KOR,2014,6.47438097,11.59,2.207,2.5,..,..,0.157386291,85
KOR,2015,6.65271664,11.61,2.2494,2.5,..,..,0.175649539,79
KOR,2016,6.91432714,11.98,2.3037,2.5,..,..,0.167608747,76
KOR,2017,7.10694885,12.27,2.3608,2.5,..,..,0.120915832,69
KOR,2018,7.5438838,12.43,2.4082,2.5,..,..,0.138497914,64
KOR,2019,8.14101028,..,2.4843,2.5,..,..,0.133746357,58
KOR,2020,8.36409569,..,..,2.5,..,..,9.81E-02,48
KOR,2021,..,..,..,..,..,..,7.55E-02,44
KOR,2022,..,..,..,..,..,..,..,..
XKX,1990,..,..,..,..,..,..,..,..
XKX,1991,..,..,..,..,..,..,..,..
XKX,1992,..,..,..,..,..,..,..,..
XKX,1993,..,..,..,..,..,..,..,..
XKX,1994,..,..,..,..,..,..,..,..
XKX,1995,..,..,..,..,..,..,..,..
XKX,1996,..,..,..,..,..,..,..,..
XKX,1997,..,..,..,..,..,..,..,..
XKX,1998,..,..,..,..,..,..,..,..
XKX,1999,..,..,..,..,..,..,..,..
XKX,2000,..,..,..,..,..,..,..,..
XKX,2001,..,..,..,..,..,..,..,..
XKX,2002,..,..,..,..,..,..,..,..
XKX,2003,..,..,..,..,..,..,..,..
XKX,2004,..,..,..,..,..,..,..,..
XKX,2005,..,..,..,..,..,..,..,..
XKX,2006,..,..,..,..,..,..,..,..
XKX,2007,..,..,..,..,..,..,..,..
XKX,2008,..,..,..,..,..,..,..,..
XKX,2009,..,..,..,..,..,..,..,..
XKX,2010,..,..,..,..,..,..,..,..
XKX,2011,..,..,..,..,..,..,..,..
XKX,2012,..,..,..,..,..,..,..,..
XKX,2013,..,..,..,..,..,..,..,..
XKX,2014,..,..,..,..,..,..,..,..
XKX,2015,..,..,..,..,..,..,..,..
XKX,2016,..,..,..,..,..,..,..,..
XKX,2017,..,..,..,..,..,..,..,..
XKX,2018,..,..,..,..,..,..,..,..
XKX,2019,..,..,..,..,..,..,..,..
XKX,2020,..,..,..,..,..,..,..,..
XKX,2021,..,..,..,..,..,..,..,..
XKX,2022,..,..,..,..,..,..,..,..
KWT,1990,..,..,..,..,..,..,..,..
KWT,1991,..,..,..,..,..,..,..,..
KWT,1992,..,..,..,..,..,..,..,..
KWT,1993,..,..,..,..,..,..,..,..
KWT,1994,..,..,..,..,..,..,..,..
KWT,1995,..,..,1.783,..,..,..,..,..
KWT,1996,..,..,..,..,..,..,..,..
KWT,1997,..,2.75999999,1.89,..,..,..,..,..
KWT,1998,..,..,..,..,..,..,..,..
KWT,1999,..,..,..,..,..,..,..,..
KWT,2000,2.20343971,2.4,..,..,..,..,..,30
KWT,2001,3.18838811,2.3,..,2.6,..,..,..,29
KWT,2002,3.12468719,2.2,..,2.5,..,..,..,33
KWT,2003,2.76216865,2.2,1.9,2.5,..,..,..,31
KWT,2004,2.35702467,2.1,1.5,2.5,..,..,..,30
KWT,2005,2.01313829,1.9,1.8,2.5,..,..,..,27
KWT,2006,1.8213098,1.9,1.4543,2.5,..,..,..,31
KWT,2007,1.92673647,1.9,1.8814,2.5,..,..,..,30
KWT,2008,1.92400301,1.8,1.8806,2.5,..,..,..,38
KWT,2009,2.70638776,1.8,1.8929,2.5,..,..,..,38
KWT,2010,2.67879915,2,2.4296,2.5,..,..,..,37
KWT,2011,2.33303547,1.85,2.456,2.5,..,..,..,25
KWT,2012,2.33311439,2.2,2.4662,2.5,..,..,..,25
KWT,2013,2.48789287,2.2,2.5332,2.5,..,..,..,22
KWT,2014,2.9159987,2.04,2.6522,2.5,..,..,..,22
KWT,2015,4.21497965,2.04,2.6463,2.5,..,..,..,22
KWT,2016,4.73096323,2.04,..,2.5,..,..,..,24
KWT,2017,4.65326786,2.04,..,2.5,..,..,..,27
KWT,2018,5.18862629,..,..,2.5,..,..,..,22
KWT,2019,5.35958719,..,..,2.5,..,..,..,20
KWT,2020,6.30743313,..,2.3416,2.7,..,..,..,18
KWT,2021,..,..,..,..,..,..,..,20
KWT,2022,..,..,..,..,..,..,..,..
KGZ,1990,..,11.97729969,3.4401,..,..,0.01,..,..
KGZ,1991,..,12.05799961,3.4741,..,..,0.01,..,..
KGZ,1992,..,11.93200016,3.4118,..,..,0.01,..,..
KGZ,1993,..,10.74559975,3.1335,..,..,0.01,..,..
KGZ,1994,..,9.60529995,3.0926,..,..,0.01,..,..
KGZ,1995,..,8.640000343,3.1486,..,..,0.01,..,..
KGZ,1996,..,8.409999847,3.2322,..,..,0.01,..,..
KGZ,1997,..,8.600000381,3.0503,..,..,0.01,..,..
KGZ,1998,..,8.300000191,2.9836,..,..,0.01,..,..
KGZ,1999,..,7.46999979,2.9033,..,..,0.01,..,..
KGZ,2000,4.41414976,7.04,2.8043,..,0,0.02,1.82E-03,145
KGZ,2001,4.27703238,6.15,2.6959,15,0,0.03,3.86E-03,154
KGZ,2002,4.59219551,5.53,2.5862,12.9,0,0.04,0.695014945,152
KGZ,2003,5.82382107,5.31,2.5735,10.6,0,0.06,0.116383135,146
KGZ,2004,6.20281315,5.14,2.561,8.5,0,0.08,2.27E-02,139
KGZ,2005,7.45010662,5.12,2.5167,8.5,2,0.1,5.55E-02,143
KGZ,2006,8.3118391,5.09,2.4489,9,2,0.13,7.77E-02,139
KGZ,2007,6.93210649,5.06,2.358,9.6,3,0.17,2.32E-02,135
KGZ,2008,6.52511883,5.01,2.3528,8.8,4,0.21,4.32E-03,148
KGZ,2009,6.89873457,4.83,2.3409,8.2,5,0.21,2.37E-04,128
KGZ,2010,6.95027161,4.76,2.3394,7.3,7,0.16,7.01E-04,120
KGZ,2011,7.1072917,4.7,2.286,6.7,8,0.14,0,125
KGZ,2012,8.50966358,4.64,2.2623,6.3,10,0.14,0,127
KGZ,2013,8.18745136,4.51,2.2614,6.1,17,0.13,0,142
KGZ,2014,7.35766459,4.41,2.213,6.1,23,0.13,0,126
KGZ,2015,7.14930916,..,..,6.3,27,0.12,0,136
KGZ,2016,6.41248226,..,..,6.1,33,0.12,0,133
KGZ,2017,6.18586349,..,..,5.8,38,0.11,0,124
KGZ,2018,5.01030922,..,..,5.4,42,0.11,0,116
KGZ,2019,4.49454117,..,..,5.2,44,0.11,0,110
KGZ,2020,5.25933695,..,..,5.3,46,0.11,..,108
KGZ,2021,..,..,..,..,50,0.1,..,130
KGZ,2022,..,..,..,..,..,..,..,..
LAO,1990,..,2.5697999,0.234,..,..,0.01,..,..
LAO,1991,..,..,..,..,..,0.01,..,..
LAO,1992,..,..,..,..,..,0.01,..,..
LAO,1993,..,..,..,..,..,0.01,..,..
LAO,1994,..,..,..,..,..,0.02,..,..
LAO,1995,..,..,0.3417,..,..,0.02,..,..
LAO,1996,..,..,..,..,..,0.03,..,..
LAO,1997,..,..,..,..,..,0.05,..,..
LAO,1998,..,..,..,..,..,0.09,..,..
LAO,1999,..,..,..,..,..,0.1,..,..
LAO,2000,4.27513599,..,0.285,..,0,0.1,31.76167508,330
LAO,2001,4.29031658,..,..,31.2,0,0.14,21.61605836,317
LAO,2002,3.69751263,0.9,..,29.5,..,0.15,17.27893461,305
LAO,2003,4.47920704,..,..,26.9,1,0.15,15.44127384,293
LAO,2004,3.54057336,..,0.3532,24.1,4,0.15,13.43802642,282
LAO,2005,3.33673191,1.2,0.2806,22.4,6,0.16,11.49289419,270
LAO,2006,2.93200922,..,..,20.6,9,0.16,15.82451321,260
LAO,2007,3.15345573,..,..,20.1,11,0.17,14.53386373,249
LAO,2008,2.76727295,..,..,18.3,15,0.17,12.98135485,240
LAO,2009,3.46300411,..,0.197,16.8,18,0.17,14.64240312,230
LAO,2010,2.91155219,0.7,..,14.1,19,0.17,13.30141351,221
LAO,2011,1.94457507,..,..,12.8,21,0.17,9.095235799,213
LAO,2012,2.07637572,1.5,0.18,11.3,23,0.16,23.60317587,204
LAO,2013,2.39984965,..,0.4493,10,25,0.16,19.96430474,197
LAO,2014,2.29845548,..,0.4949,8,29,0.16,25.20800119,189
LAO,2015,2.45366454,..,..,6.7,32,0.15,17.69341958,182
LAO,2016,2.36087489,..,..,5.9,36,0.15,7.491108805,175
LAO,2017,2.52606821,..,0.3726,5.6,42,0.14,4.012033078,168
LAO,2018,2.24630332,..,..,5.3,47,0.14,4.234223366,162
LAO,2019,2.60029101,..,..,5.4,51,0.13,2.808896696,155
LAO,2020,2.6947608,..,0.3539,5.1,55,0.13,1.489795661,149
LAO,2021,..,..,..,..,..,0.11,1.657282388,143
LAO,2022,..,..,..,..,..,..,..,..
LVA,1990,..,14.07540035,3.5426,..,..,0.04,..,..
LVA,1991,..,13.6218996,3.6128,..,..,0.04,..,..
LVA,1992,..,12.9406004,3.126,..,..,0.05,..,..
LVA,1993,..,12.23149967,2.883,..,..,0.06,..,..
LVA,1994,..,12.05519962,2.8656,..,..,0.06,..,..
LVA,1995,..,11.18999958,2.8017,..,..,0.08,..,..
LVA,1996,..,10.43999958,2.8102,..,..,0.09,..,..
LVA,1997,..,9.800000191,2.8427,..,..,0.13,..,..
LVA,1998,..,9.409999847,2.7163,..,..,0.26,..,..
LVA,1999,..,9.029999733,2.6971,..,..,0.39,..,..
LVA,2000,5.43338442,8.77,2.8601,..,1,0.25,..,95
LVA,2001,5.77004433,8.28,2.6629,4.6,1,0.21,..,97
LVA,2002,5.76281166,7.87,2.7623,3.4,2,0.19,..,89
LVA,2003,5.4793458,7.95,2.8094,2.8,2,0.17,..,85
LVA,2004,6.20221329,7.91,2.8975,2.5,2,0.16,..,80
LVA,2005,5.83247328,7.9,2.9432,2.5,3,0.15,..,73
LVA,2006,5.70438385,7.85,3.0196,2.5,4,0.17,..,67
LVA,2007,5.51350451,7.83,3.1464,2.5,7,0.18,..,65
LVA,2008,5.58478308,7.77,3.2424,2.5,8,0.19,..,56
LVA,2009,6.09759474,6.74,3.1485,2.5,10,0.2,..,51
LVA,2010,6.097435,5.68,3.0757,2.5,11,0.22,..,50
LVA,2011,5.72401047,5.88,3.0837,2.5,12,0.23,..,48
LVA,2012,5.41047668,5.89,3.0913,2.5,14,0.24,..,54
LVA,2013,5.40874767,5.8,3.1408,2.5,15,0.26,..,49
LVA,2014,5.46339607,5.66,3.1724,2.5,16,0.28,..,42
LVA,2015,5.65211773,5.69,3.1656,2.5,17,0.29,..,40
LVA,2016,6.1332593,5.72,3.1885,2.5,30,0.31,..,37
LVA,2017,5.96542788,5.57,3.1905,2.5,35,0.31,..,32
LVA,2018,6.18867874,5.49,3.3015,2.5,38,0.31,..,28
LVA,2019,6.62088203,..,3.2795,2.5,42,0.31,..,24
LVA,2020,7.44663048,..,3.4047,2.5,41,0.3,..,20
LVA,2021,..,..,..,..,39,0.29,..,16
LVA,2022,..,..,..,..,..,..,..,..
LBN,1990,..,1.650599957,..,..,..,0.01,..,..
LBN,1991,..,..,1.326,..,..,0.01,..,..
LBN,1992,..,3.082700014,..,..,..,0.02,..,..
LBN,1993,..,..,1.862,..,..,0.02,..,..
LBN,1994,..,..,..,..,..,0.02,..,..
LBN,1995,..,..,..,..,..,0.02,..,..
LBN,1996,..,..,..,..,..,0.02,..,..
LBN,1997,..,2.700000048,2.1,..,..,0.02,..,..
LBN,1998,..,..,..,..,..,0.02,..,..
LBN,1999,..,..,..,..,..,0.02,..,..
LBN,2000,10.82951355,3.07,..,..,3,0.02,..,15
LBN,2001,10.56254768,3,2.8827,7.8,7,0.02,..,14
LBN,2002,9.28233719,3,..,8.6,10,0.02,..,11
LBN,2003,8.67109871,3,..,9.6,14,0.02,..,9.7
LBN,2004,7.99923086,3,..,10.7,17,0.03,..,9.9
LBN,2005,7.54867649,3.6,..,10.9,19,0.03,..,9.7
LBN,2006,8.66057873,3.6,2.4707,10.5,21,0.03,..,9.1
LBN,2007,8.55984211,3.43,2.3464,9.9,24,0.03,..,11
LBN,2008,7.81751728,3.43,..,9.4,26,0.03,..,12
LBN,2009,7.0073576,3.45,..,7.6,29,0.03,..,12
LBN,2010,7.43864489,3.45,2.3385,5.7,32,0.03,..,12
LBN,2011,8.17744446,3.45,2.6201,4.2,35,0.03,..,11
LBN,2012,7.00114107,3.45,..,4.6,36,0.04,..,14
LBN,2013,7.06355858,2.86,2.2486,5,38,0.04,..,14
LBN,2014,7.51688814,2.85,2.0735,5.5,40,0.04,..,12
LBN,2015,7.39572525,3.37,2.103,5.9,42,0.04,..,12
LBN,2016,7.8866291,2.73,2.0115,6.2,47,0.04,..,12
LBN,2017,7.76047421,2.73,2.0255,6.8,52,0.04,..,12
LBN,2018,8.02195835,..,2.1038,7.1,56,0.04,..,13
LBN,2019,7.89909458,..,2.2071,9,61,0.03,..,15
LBN,2020,7.95365763,..,..,10.9,64,0.03,..,13
LBN,2021,..,..,..,..,66,0.03,..,9.7
LBN,2022,..,..,..,..,..,..,..,..
LSO,1990,..,..,4.30E-02,..,..,4.24,..,..
LSO,1991,..,..,..,..,..,6.82,..,..
LSO,1992,..,..,..,..,..,10.62,..,..
LSO,1993,..,..,0.05,..,..,14.7,..,..
LSO,1994,..,..,..,..,..,19,..,..
LSO,1995,..,..,5.40E-02,..,..,21.7,..,..
LSO,1996,..,..,..,..,..,22.91,..,..
LSO,1997,..,..,..,..,..,22.47,..,..
LSO,1998,..,..,..,..,..,21.2,..,..
LSO,1999,..,..,..,..,..,19.69,..,..
LSO,2000,5.6117692,..,..,..,0,18.69,..,827
LSO,2001,7.27745867,..,..,20,0,17.55,..,923
LSO,2002,6.7452426,..,..,18.5,0,17.08,..,1010
LSO,2003,6.04550791,..,4.41E-02,16.8,0,16.46,..,1080
LSO,2004,6.05738831,..,..,15.3,1,16.29,..,1150
LSO,2005,5.44926691,..,..,13.7,3,16.19,..,1200
LSO,2006,6.11966372,1.3,..,12.8,7,16.06,..,1230
LSO,2007,7.28075647,..,..,12.4,15,15.31,..,1230
LSO,2008,7.70154142,..,..,12.3,20,14.53,..,1240
LSO,2009,8.99738979,..,..,11.9,28,13.42,..,1230
LSO,2010,8.35764122,..,6.92E-02,11.6,34,12.44,..,1180
LSO,2011,9.50321198,..,..,12,34,11.51,..,1120
LSO,2012,9.22287178,..,..,14.8,37,11.57,..,1040
LSO,2013,9.50640392,..,..,19.3,41,11.55,..,948
LSO,2014,9.12336254,..,..,26.1,44,10.88,..,853
LSO,2015,8.95958614,..,..,30.3,51,10,..,780
LSO,2016,8.69295883,..,..,32,60,8.78,..,721
LSO,2017,10.2024622,..,..,29.5,67,7.62,..,681
LSO,2018,11.02123833,..,0.4734,28.7,69,6.44,..,659
LSO,2019,11.40502262,..,..,31.2,75,5.72,..,654
LSO,2020,11.78428555,..,..,34.7,80,5.21,..,592
LSO,2021,..,..,..,..,81,4.76,..,614
LSO,2022,..,..,..,..,..,..,..,..
LBR,1990,..,..,..,..,..,..,..,..
LBR,1991,..,..,..,..,..,..,..,..
LBR,1992,..,..,..,..,..,..,..,..
LBR,1993,..,..,..,..,..,..,..,..
LBR,1994,..,..,..,..,..,..,..,..
LBR,1995,..,..,..,..,..,..,..,..
LBR,1996,..,..,..,..,..,..,..,..
LBR,1997,..,..,2.30E-02,..,..,..,..,..
LBR,1998,..,..,..,..,..,..,..,..
LBR,1999,..,..,..,..,..,..,..,..
LBR,2000,4.29716492,..,..,..,0,..,431.1939249,240
LBR,2001,3.51406956,..,..,36.6,0,..,440.0026428,245
LBR,2002,2.90361023,..,..,38.1,0,..,439.1169833,250
LBR,2003,3.65521455,..,..,37.6,0,..,434.035952,256
LBR,2004,9.15019226,..,3.28E-02,36.5,0,..,406.8241991,262
LBR,2005,9.71549797,..,..,35.8,0,..,388.5754541,267
LBR,2006,8.49828529,..,..,35.3,2,..,376.2780369,272
LBR,2007,10.81490326,..,..,34.4,4,..,370.922224,277
LBR,2008,9.0185957,..,1.41E-02,32.9,5,..,370.8517194,282
LBR,2009,9.42837238,0.7,2.40E-02,33.1,7,..,354.5658383,288
LBR,2010,8.978302,0.8,2.31E-02,34.5,11,..,337.0233406,293
LBR,2011,9.43191624,..,..,35.7,15,..,323.8489411,299
LBR,2012,8.77101326,..,..,36.2,14,..,306.7192398,304
LBR,2013,8.29568386,..,..,36.1,17,..,312.1405692,308
LBR,2014,9.20383739,..,..,36.8,19,..,333.3076662,308
LBR,2015,10.61632824,..,3.76E-02,36.4,20,..,345.111331,308
LBR,2016,9.85810757,..,..,36.3,22,..,376.9516438,308
LBR,2017,9.95379543,..,..,36.6,33,..,404.3254526,308
LBR,2018,9.84876537,..,5.10E-02,37.5,40,..,402.1380168,308
LBR,2019,8.4314146,..,..,39.2,45,..,392.020603,308
LBR,2020,9.49941349,..,..,38.3,54,..,376.2259257,308
LBR,2021,..,..,..,..,61,..,356.687968,308
LBR,2022,..,..,..,..,..,..,..,..
LBY,1990,..,4.172999859,1.071,..,..,0.01,..,..
LBY,1991,..,..,..,..,..,0.01,..,..
LBY,1992,..,..,..,..,..,0.01,..,..
LBY,1993,..,..,1.441,..,..,0.01,..,..
LBY,1994,..,..,..,..,..,0.01,..,..
LBY,1995,..,..,..,..,..,0.02,..,..
LBY,1996,..,..,..,..,..,0.02,..,..
LBY,1997,..,4.300000191,1.2448,..,..,0.03,..,..
LBY,1998,..,..,..,..,..,0.03,..,..
LBY,1999,..,..,..,..,..,0.04,..,..
LBY,2000,3.42542052,4.12,..,..,13,0.05,..,40
LBY,2001,4.05162811,3.85,..,..,14,0.05,..,40
LBY,2002,4.89009905,3.9,..,..,15,0.06,..,40
LBY,2003,4.10041189,3.9,..,..,12,0.06,..,40
LBY,2004,3.49171281,3.9,1.2381,..,17,7.00E-02,..,40
LBY,2005,2.59774685,3.4,..,..,19,0.08,..,40
LBY,2006,2.51467609,3.7,..,..,21,0.08,..,40
LBY,2007,2.43791366,3.7,..,..,24,0.09,..,40
LBY,2008,2.63571715,3.7,1.8425,..,28,0.09,..,40
LBY,2009,4.28816032,3.7,1.9578,..,32,0.09,..,40
LBY,2010,3.58541107,3.7,..,..,36,0.09,..,40
LBY,2011,6.05012751,3.7,..,..,37,0.09,..,40
LBY,2012,..,3.7,..,..,39,0.09,..,40
LBY,2013,..,3.7,..,..,40,0.08,..,40
LBY,2014,..,3.7,2.0583,..,44,0.08,..,40
LBY,2015,..,3.7,1.8943,..,48,0.08,..,40
LBY,2016,..,3.7,..,..,49,0.08,..,40
LBY,2017,..,3.2,2.0905,..,50,7.00E-02,..,40
LBY,2018,..,..,..,..,55,7.00E-02,..,40
LBY,2019,..,..,..,..,44,7.00E-02,..,59
LBY,2020,..,..,..,..,41,7.00E-02,..,59
LBY,2021,..,..,..,..,41,7.00E-02,..,59
LBY,2022,..,..,..,..,..,..,..,..
LIE,1990,..,..,..,..,..,..,..,..
LIE,1991,..,..,..,..,..,..,..,..
LIE,1992,..,..,..,..,..,..,..,..
LIE,1993,..,..,..,..,..,..,..,..
LIE,1994,..,..,..,..,..,..,..,..
LIE,1995,..,..,..,..,..,..,..,..
LIE,1996,..,..,..,..,..,..,..,..
LIE,1997,..,..,..,..,..,..,..,..
LIE,1998,..,..,..,..,..,..,..,..
LIE,1999,..,..,..,..,..,..,..,..
LIE,2000,..,..,..,..,..,..,..,..
LIE,2001,..,..,..,..,..,..,..,..
LIE,2002,..,..,..,..,..,..,..,..
LIE,2003,..,..,..,..,..,..,..,..
LIE,2004,..,..,..,..,..,..,..,..
LIE,2005,..,..,..,..,..,..,..,..
LIE,2006,..,..,..,..,..,..,..,..
LIE,2007,..,..,..,..,..,..,..,..
LIE,2008,..,..,..,..,..,..,..,..
LIE,2009,..,..,..,..,..,..,..,..
LIE,2010,..,..,..,..,..,..,..,..
LIE,2011,..,..,..,..,..,..,..,..
LIE,2012,..,..,..,..,..,..,..,..
LIE,2013,..,..,..,..,..,..,..,..
LIE,2014,..,..,..,..,..,..,..,..
LIE,2015,..,..,..,..,..,..,..,..
LIE,2016,..,..,..,..,..,..,..,..
LIE,2017,..,..,..,..,..,..,..,..
LIE,2018,..,..,..,..,..,..,..,..
LIE,2019,..,..,..,..,..,..,..,..
LIE,2020,..,..,..,..,..,..,..,..
LIE,2021,..,..,..,..,..,..,..,..
LIE,2022,..,..,..,..,..,..,..,..
LTU,1990,..,12.48719978,4.003,..,..,0.02,..,..
LTU,1991,..,12.46539974,3.9118,..,..,0.02,..,..
LTU,1992,..,12.04539967,3.5948,..,..,0.02,..,..
LTU,1993,..,11.91059971,3.6192,..,..,0.02,..,..
LTU,1994,..,11.28380013,3.7009,..,..,0.02,..,..
LTU,1995,..,11.09000015,3.6866,..,..,0.03,..,..
LTU,1996,..,10.88000011,3.7152,..,..,0.03,..,..
LTU,1997,..,10.18999958,3.7535,..,..,0.03,..,..
LTU,1998,..,10.02999973,3.7155,..,..,0.03,..,..
LTU,1999,..,9.850000381,3.7096,..,..,0.04,..,..
LTU,2000,6.19950438,8.83,3.6244,..,0,0.04,..,85
LTU,2001,6.01339626,8.33,3.6276,2.5,0,0.12,..,84
LTU,2002,6.14446115,8.1,3.7009,2.5,0,0.05,..,79
LTU,2003,6.18627787,7.85,3.6698,2.5,2,0.05,..,87
LTU,2004,5.51149988,7.57,3.6222,2.5,3,0.06,..,68
LTU,2005,5.64800453,7.28,3.6961,2.5,3,0.06,..,72
LTU,2006,5.84418154,7.16,3.7529,2.5,4,7.00E-02,..,82
LTU,2007,5.7643218,7.19,3.8512,2.5,5,7.00E-02,..,79
LTU,2008,6.29453707,7.18,3.8635,2.5,7,0.08,..,75
LTU,2009,7.36587334,7.18,3.849,2.5,7,0.08,..,69
LTU,2010,6.81462288,7.16,3.9138,2.5,7,0.08,..,64
LTU,2011,6.48781538,7.43,4.0238,2.5,9,0.09,..,65
LTU,2012,6.2759347,7.45,4.1384,2.5,11,0.09,..,61
LTU,2013,6.12593651,7.31,4.2042,2.5,17,0.09,..,60
LTU,2014,6.19332647,7.26,4.2507,2.5,13,0.09,..,57
LTU,2015,6.49043989,6.97,4.2993,2.5,20,0.09,..,54
LTU,2016,6.63746262,6.69,4.4338,2.5,22,0.09,..,53
LTU,2017,6.47513723,6.56,4.5291,2.5,26,0.09,..,50
LTU,2018,6.53044701,6.43,4.5982,2.5,34,0.09,..,43
LTU,2019,6.99864721,..,4.6268,2.5,37,0.08,..,41
LTU,2020,7.53844357,..,..,2.5,36,0.08,..,28
LTU,2021,7.85175848,..,..,..,..,0.08,..,26
LTU,2022,..,..,..,..,..,..,..,..
LUX,1990,..,7.599999905,2.0063,..,..,7.00E-02,..,..
LUX,1991,..,7.5,2.0186,..,..,7.00E-02,..,..
LUX,1992,..,7.300000191,2.0797,..,..,7.00E-02,..,..
LUX,1993,..,7.400000095,2.1371,..,..,0.06,..,..
LUX,1994,..,7.199999809,2.162,..,..,0.06,..,..
LUX,1995,..,7.099999905,2.2396,..,..,0.06,..,..
LUX,1996,..,7,2.314,..,..,0.06,..,..
LUX,1997,..,6.900000095,2.4,..,..,0.06,..,..
LUX,1998,..,6.800000191,2.4354,..,..,0.06,..,..
LUX,1999,..,6.300000191,2.4878,..,..,0.06,..,..
LUX,2000,5.92533875,6.199999809,2.1509,..,47,0.06,..,12
LUX,2001,6.38193941,6.099999905,2.2172,2.5,48,0.06,..,8.1
LUX,2002,6.76099968,6,2.2696,2.5,49,7.00E-02,..,8
LUX,2003,6.96221447,6,2.4011,2.5,47,7.00E-02,..,14
LUX,2004,7.2793355,6.39,2.4568,2.5,47,7.00E-02,..,7.8
LUX,2005,7.12328196,5.79,2.5994,2.5,50,0.08,..,9.2
LUX,2006,6.6364212,5.65,2.616,2.5,53,0.08,..,8
LUX,2007,6.15803099,5.67,2.7227,2.5,51,0.09,..,9.3
LUX,2008,6.23101091,5.57,2.7359,2.5,54,0.09,..,6.6
LUX,2009,6.94993162,5.47,2.717,2.5,54,0.09,..,6.2
LUX,2010,6.66263008,5.37,2.7683,2.5,55,0.1,..,6.6
LUX,2011,5.95225334,5.28,2.7614,2.5,58,0.1,..,5.5
LUX,2012,5.29404306,5.15,2.8047,2.5,61,0.1,..,9.8
LUX,2013,5.23557377,5.17,2.8327,2.5,61,0.1,..,8
LUX,2014,5.23040915,5.05,2.8891,2.5,65,0.1,..,5
LUX,2015,5.08113575,4.93,2.9222,2.5,66,0.1,..,6.1
LUX,2016,5.07103872,4.81,2.9052,2.5,68,0.1,..,5.7
LUX,2017,5.13535357,4.66,3.0073,2.5,70,0.09,..,6.2
LUX,2018,5.25880098,4.51,..,2.5,70,0.09,..,7.9
LUX,2019,5.44119692,4.26,..,2.5,72,0.08,..,8.9
LUX,2020,5.76745605,..,..,2.5,72,7.00E-02,..,5.8
LUX,2021,5.35417652,..,..,..,76,7.00E-02,..,6.1
LUX,2022,..,..,..,..,..,..,..,..
MAC,1990,..,..,..,..,..,..,..,..
MAC,1991,..,..,..,..,..,..,..,..
MAC,1992,..,..,..,..,..,..,..,..
MAC,1993,..,..,..,..,..,..,..,..
MAC,1994,..,..,..,..,..,..,..,..
MAC,1995,..,..,..,..,..,..,..,..
MAC,1996,..,..,..,..,..,..,..,..
MAC,1997,..,..,..,..,..,..,..,..
MAC,1998,..,..,..,..,..,..,..,..
MAC,1999,..,..,..,..,..,..,..,..
MAC,2000,..,..,..,..,..,..,..,120
MAC,2001,..,..,..,21.2,..,..,..,122
MAC,2002,..,..,..,20.6,..,..,..,99
MAC,2003,..,..,..,19.1,..,..,..,93
MAC,2004,..,..,..,17.3,..,..,..,81
MAC,2005,..,..,..,16,..,..,..,94
MAC,2006,..,..,..,15.2,..,..,..,95
MAC,2007,..,..,..,14.9,..,..,..,85
MAC,2008,..,..,..,14.5,..,..,..,86
MAC,2009,..,..,..,12.4,..,..,..,73
MAC,2010,..,..,..,9.7,..,..,..,81
MAC,2011,..,..,..,7.2,..,..,..,77
MAC,2012,..,..,..,6.5,..,..,..,80
MAC,2013,..,..,..,6,..,..,..,84
MAC,2014,..,..,..,5.5,..,..,..,75
MAC,2015,..,..,..,5.1,..,..,..,69
MAC,2016,..,..,..,5,..,..,..,66
MAC,2017,..,..,..,4.9,..,..,..,68
MAC,2018,..,..,..,4.7,..,..,..,58
MAC,2019,..,..,..,4.6,..,..,..,63
MAC,2020,..,..,..,4.8,..,..,..,62
MAC,2021,..,..,..,..,..,..,..,57
MAC,2022,..,..,..,..,..,..,..,..
MDG,1990,..,0.935999989,0.12,..,..,0.01,..,..
MDG,1991,..,..,..,..,..,0.01,..,..
MDG,1992,..,..,..,..,..,0.01,..,..
MDG,1993,..,..,..,..,..,0.01,..,..
MDG,1994,..,..,..,..,..,0.01,..,..
MDG,1995,..,..,0.272,..,..,0.01,..,..
MDG,1996,..,..,0.107,..,..,0.01,..,..
MDG,1997,..,..,..,..,..,0.01,..,..
MDG,1998,..,..,..,..,..,0.01,..,..
MDG,1999,..,..,..,..,..,0.02,..,..
MDG,2000,4.46962976,..,..,..,0,0.02,55.86845836,293
MDG,2001,4.75725794,..,8.70E-02,33.8,0,0.03,66.51814983,286
MDG,2002,4.97110653,0.419999987,0.1362,35.2,0,0.04,52.20302379,280
MDG,2003,4.74734545,..,0.1476,36.5,0,0.04,66.57929138,273
MDG,2004,5.25490141,..,0.1562,35,1,0.05,45.70403425,268
MDG,2005,5.20261955,0.3,0.1801,33.4,1,0.06,35.27277209,262
MDG,2006,5.07627726,..,0.1705,31,2,0.08,34.44509904,257
MDG,2007,4.49428797,..,0.1813,30.5,2,0.09,22.19367288,252
MDG,2008,4.10616779,..,0.186,30.4,2,0.1,22.88096677,248
MDG,2009,4.41676235,..,0.1813,29.7,2,0.12,41.80613505,244
MDG,2010,4.65100384,0.2,0.1953,28.2,2,0.14,41.11811982,241
MDG,2011,4.43843174,..,0.144,27.3,3,0.15,36.85037487,238
MDG,2012,3.82249689,..,0.1427,29.4,2,0.18,69.43200106,236
MDG,2013,3.73896885,..,0.1534,33,2,0.2,63.47665888,233
MDG,2014,4.42833662,..,0.1812,37.6,3,0.22,44.5276292,233
MDG,2015,4.97224426,..,..,40.2,4,0.24,94.40088155,233
MDG,2016,5.25697422,..,..,41.6,5,0.26,55.23113144,233
MDG,2017,4.84431553,..,..,42.3,6,0.28,75.3296332,233
MDG,2018,4.27076626,..,0.1991,44.3,8,0.27,71.56985593,233
MDG,2019,3.77732444,..,..,47.4,11,0.3,73.83689049,233
MDG,2020,3.87958431,..,..,48.5,11,0.31,142.0907703,233
MDG,2021,..,..,..,..,15,0.35,169.8489455,233
MDG,2022,..,..,..,..,..,..,..,..
MWI,1990,..,1.550699949,2.20E-02,..,..,11.69,..,..
MWI,1991,..,..,..,..,..,12.77,..,..
MWI,1992,..,..,..,..,..,13.33,..,..
MWI,1993,..,..,2.80E-02,..,..,13.66,..,..
MWI,1994,..,..,..,..,..,13.66,..,..
MWI,1995,..,..,..,..,..,13.3,..,..
MWI,1996,..,..,..,..,..,12.7,..,..
MWI,1997,..,..,..,..,..,11.99,..,..
MWI,1998,..,1.340000033,..,..,..,11.11,..,..
MWI,1999,..,..,..,..,..,10.27,..,..
MWI,2000,1.95751047,..,..,..,0,9.54,451.3355894,386
MWI,2001,1.69395339,..,..,23.6,0,8.8,459.9997148,395
MWI,2002,2.68173218,..,..,23.8,0,8.06,437.624581,401
MWI,2003,3.32019806,..,1.10E-02,24.6,0,7.52,401.3688822,403
MWI,2004,4.07199907,..,2.16E-02,24,1,6.97,373.3464117,402
MWI,2005,4.30046511,..,..,22.5,3,6.42,369.7754124,398
MWI,2006,4.91223288,..,..,20.8,6,5.99,353.5781713,392
MWI,2007,5.44258356,1.1,..,19.3,11,5.58,350.6052367,383
MWI,2008,6.10668802,..,1.87E-02,19,17,4.96,368.3285476,371
MWI,2009,5.87333822,..,1.88E-02,17.1,22,4.66,381.6647985,356
MWI,2010,5.14304781,..,..,15.5,27,4.4,381.5201113,338
MWI,2011,5.32226658,1.3,..,13.7,35,4,367.7532967,316
MWI,2012,6.02199793,..,..,14,43,3.69,324.3226747,291
MWI,2013,8.22379494,..,1.26E-02,14.8,49,3.32,292.4013598,261
MWI,2014,6.89776182,..,..,15.4,56,2.95,264.1870362,228
MWI,2015,6.62879086,..,..,16,61,2.59,242.4368063,197
MWI,2016,7.72703791,..,3.13E-02,16.1,69,2.29,226.9070618,176
MWI,2017,7.58438921,..,..,16.6,76,1.89,218.7594792,162
MWI,2018,6.87366676,..,0.1521,16.8,82,1.58,210.1221349,153
MWI,2019,5.13698387,..,..,17.6,84,1.34,204.9641772,146
MWI,2020,5.43400049,..,5.01E-02,17.8,87,1.24,219.4672979,138
MWI,2021,..,..,..,..,91,1.13,219.166141,132
MWI,2022,..,..,..,..,..,..,..,..
MYS,1990,..,2.130599976,0.392,..,..,0.3,..,..
MYS,1991,..,2.093899965,0.393,..,..,0.43,..,..
MYS,1992,..,2.06069994,0.411,..,..,0.45,..,..
MYS,1993,..,2.029500008,0.431,..,..,0.39,..,..
MYS,1994,..,2.021500111,0.449,..,..,0.32,..,..
MYS,1995,..,2.029999971,0.478,..,..,0.29,..,..
MYS,1996,..,2.00999999,0.496,..,..,0.27,..,..
MYS,1997,..,..,0.658,..,..,0.27,..,..
MYS,1998,..,..,..,..,..,0.26,..,..
MYS,1999,..,..,0.683,..,..,0.26,..,..
MYS,2000,2.51463366,..,0.6734,..,0,0.26,13.84279466,75
MYS,2001,2.6753974,1.8,..,2.5,2,0.27,13.57120102,72
MYS,2002,2.66876554,..,0.7205,2.8,4,0.25,11.41041134,68
MYS,2003,2.92417073,..,0.7365,2.9,6,0.24,6.404763252,73
MYS,2004,2.86016941,..,0.7243,3.1,8,0.22,6.073052286,68
MYS,2005,2.78692698,1.8,0.7826,3.2,10,0.21,5.370604499,69
MYS,2006,3.10897732,1.9,0.8372,3.4,12,0.2,4.992568674,70
MYS,2007,3.07041144,1.76,0.8884,3.6,14,0.19,3.735337325,69
MYS,2008,3.00692558,..,0.9216,3.6,15,0.18,5.486317643,72
MYS,2009,3.2610569,1.8,1.101,3.7,17,0.18,5.276037311,72
MYS,2010,3.16474271,1.8,1.1691,3.4,19,0.17,4.521597724,75
MYS,2011,3.31451917,1.79,1.2777,3.3,20,0.16,3.387115427,80
MYS,2012,3.45786357,1.9,1.332,3.3,21,0.16,3.086627872,86
MYS,2013,3.51276922,..,1.5921,3.5,24,0.15,0.852834597,91
MYS,2014,3.71036959,..,1.5256,3.6,30,0.15,0.486825489,93
MYS,2015,3.82201481,1.86,1.5358,3.8,35,0.14,0.194728961,90
MYS,2016,3.70085335,1.62,1.6323,3.5,48,0.14,0.210934328,94
MYS,2017,3.71472311,1.88,1.8592,3.2,50,0.13,6.65E-02,94
MYS,2018,3.75944281,..,1.9398,2.7,52,0.14,0,92
MYS,2019,3.83884454,..,2.1154,2.6,53,0.15,0,92
MYS,2020,4.12441826,..,2.2855,2.5,54,0.16,0,90
MYS,2021,..,..,..,..,55,0.17,0,97
MYS,2022,..,..,..,..,..,..,..,..
MDV,1990,..,0.762799978,7.00E-02,..,..,..,..,..
MDV,1991,..,..,0.1916,..,..,..,..,..
MDV,1992,..,..,..,..,..,..,..,..
MDV,1993,..,..,0.2844,..,..,..,..,..
MDV,1994,..,..,..,..,..,..,..,..
MDV,1995,..,..,..,..,..,..,..,..
MDV,1996,..,..,0.6674,..,..,..,..,..
MDV,1997,..,..,..,..,..,..,..,..
MDV,1998,..,..,..,..,..,..,..,..
MDV,1999,..,..,..,..,..,..,..,..
MDV,2000,7.73655844,1.700000048,..,..,..,..,..,59
MDV,2001,8.21364975,..,..,..,..,..,..,61
MDV,2002,8.78440189,2.26,..,..,..,..,..,53
MDV,2003,6.77857542,2.3,..,..,..,..,..,57
MDV,2004,7.48356962,..,0.9701,..,..,..,..,48
MDV,2005,8.82753372,2.6,..,..,..,..,..,48
MDV,2006,8.04819012,..,..,..,..,..,..,38
MDV,2007,8.30568123,..,1.6468,..,..,..,..,47
MDV,2008,11.47104168,..,..,..,..,..,..,44
MDV,2009,10.0928812,4.3,1.4884,..,..,..,..,35
MDV,2010,8.48758984,..,1.4356,..,..,..,..,32
MDV,2011,7.92251587,..,..,..,..,..,..,29
MDV,2012,8.67304802,..,..,..,..,..,..,35
MDV,2013,8.15509319,..,..,..,..,..,..,34
MDV,2014,7.91345072,..,1.7701,..,..,..,..,36
MDV,2015,8.72545815,..,..,..,..,..,..,42
MDV,2016,10.30544567,..,..,..,..,..,..,44
MDV,2017,9.26917839,..,1.7486,..,..,..,..,34
MDV,2018,7.43627834,..,1.7084,..,..,..,..,33
MDV,2019,7.66067553,..,2.0527,..,..,..,..,36
MDV,2020,11.34723186,..,..,..,..,..,..,37
MDV,2021,..,..,..,..,..,..,..,38
MDV,2022,..,..,..,..,..,..,..,..
MLI,1990,..,..,5.10E-02,..,..,1.36,..,..
MLI,1991,..,..,..,..,..,1.47,..,..
MLI,1992,..,..,..,..,..,1.49,..,..
MLI,1993,..,..,..,..,..,1.52,..,..
MLI,1994,..,..,4.70E-02,..,..,1.47,..,..
MLI,1995,..,..,4.30E-02,..,..,1.45,..,..
MLI,1996,..,..,6.30E-02,..,..,1.4,..,..
MLI,1997,..,..,..,..,..,1.29,..,..
MLI,1998,..,0.239999995,..,..,..,1.23,..,..
MLI,1999,..,..,..,..,..,1.14,..,..
MLI,2000,5.46633244,..,4.40E-02,..,0,1.07,406.2293997,77
MLI,2001,4.51952457,..,..,16.2,0,0.99,407.446483,76
MLI,2002,4.99775171,..,..,15.2,0,0.92,416.4582776,74
MLI,2003,5.05061436,..,..,15.1,1,0.86,423.808857,73
MLI,2004,5.21769333,..,5.83E-02,14.4,3,0.81,429.3725854,71
MLI,2005,5.19518089,0.3,6.35E-02,13.3,3,0.76,431.2402739,69
MLI,2006,5.45590782,..,6.01E-02,11.9,7,0.72,405.7103417,68
MLI,2007,5.25304699,..,6.33E-02,10.4,12,0.65,388.8055156,66
MLI,2008,5.0437417,0.6,6.62E-02,9.4,16,0.62,379.0587334,65
MLI,2009,5.22659969,..,0.1225,7.4,20,0.56,374.5623114,64
MLI,2010,4.67866755,0.1,0.1021,5.8,23,0.52,383.6034269,63
MLI,2011,4.014853,..,0.1179,4.2,27,0.46,404.7329505,62
MLI,2012,3.752177,..,0.1066,3.9,27,0.42,435.6505826,61
MLI,2013,3.96408701,..,0.1198,3.7,27,0.44,452.8159338,60
MLI,2014,4.48158312,..,0.1033,3.6,30,0.42,441.0073855,58
MLI,2015,4.11143351,..,0.1004,3.4,33,0.39,391.82931,57
MLI,2016,3.77377558,..,0.1251,3.1,36,0.37,384.2218129,56
MLI,2017,3.67425752,..,0.1214,3.1,40,0.35,386.7775536,55
MLI,2018,3.73249912,..,0.1286,3.4,44,0.32,386.7775323,53
MLI,2019,3.88156676,..,..,5.6,43,0.31,333.6954362,52
MLI,2020,4.3081193,..,..,9.8,54,0.29,357.4502332,51
MLI,2021,..,..,..,..,53,0.26,353.5604492,50
MLI,2022,..,..,..,..,..,..,..,..
MLT,1990,..,..,2.2099,..,..,..,..,..
MLT,1991,..,..,2.3973,..,..,..,..,..
MLT,1992,..,..,2.3784,..,..,..,..,..
MLT,1993,..,5.843200207,2.4542,..,..,..,..,..
MLT,1994,..,5.621099949,..,..,..,..,..,..
MLT,1995,..,5.429999828,..,..,..,..,..,..
MLT,1996,..,5.78000021,..,..,..,..,..,..
MLT,1997,..,5.639999867,2.4101,..,..,..,..,..
MLT,1998,..,5.610000133,2.5407,..,..,..,..,..
MLT,1999,..,5.570000172,..,..,..,..,..,..
MLT,2000,6.57308626,5.48,2.6016,..,..,..,..,4.6
MLT,2001,6.99985981,7.57,3.081,2.5,..,..,..,4.6
MLT,2002,7.70661688,7.48,3.2656,2.5,..,..,..,6.8
MLT,2003,7.89556122,7.43,3.128,2.5,..,..,..,2
MLT,2004,8.04820728,7.46,..,2.5,..,..,..,5.1
MLT,2005,8.66396618,7.45,..,2.5,..,..,..,6.2
MLT,2006,8.80992031,7.57,..,2.5,..,..,..,8.4
MLT,2007,8.16883373,7.85,..,2.5,..,..,..,11
MLT,2008,7.86335802,7.39,3.3553,2.5,..,..,..,13
MLT,2009,7.92382908,4.83,1.9169,2.5,..,..,..,12
MLT,2010,7.95211124,4.52,2.153,2.5,..,..,..,8
MLT,2011,8.4481411,4.38,2.2384,2.5,..,..,..,8.1
MLT,2012,8.37802982,4.71,2.3566,2.5,..,..,..,11
MLT,2013,8.49665833,4.78,2.4595,2.5,..,..,..,13
MLT,2014,9.08505249,4.59,2.6592,2.5,..,..,..,12
MLT,2015,8.89759636,4.59,2.8598,2.5,..,..,..,8.1
MLT,2016,8.96600914,4.67,..,2.5,..,..,..,12
MLT,2017,8.72770977,4.49,..,2.5,..,..,..,10
MLT,2018,8.56596088,..,..,2.5,..,..,..,13
MLT,2019,9.23917389,..,..,2.5,..,..,..,22
MLT,2020,10.83521566,..,..,2.5,..,..,..,31
MLT,2021,..,..,..,..,..,..,..,12
MLT,2022,..,..,..,..,..,..,..,..
MHL,1990,..,2.272700071,..,..,..,..,..,..
MHL,1991,..,..,..,..,..,..,..,..
MHL,1992,..,..,..,..,..,..,..,..
MHL,1993,..,..,..,..,..,..,..,..
MHL,1994,..,..,..,..,..,..,..,..
MHL,1995,..,..,..,..,..,..,..,..
MHL,1996,..,..,0.422,..,..,..,..,..
MHL,1997,..,..,..,..,..,..,..,..
MHL,1998,..,..,..,..,..,..,..,..
MHL,1999,..,2.1,..,..,..,..,..,..
MHL,2000,17.4808979,..,0.471,..,..,..,..,84
MHL,2001,14.81642723,..,..,..,..,..,..,136
MHL,2002,12.84072018,..,..,..,..,..,..,122
MHL,2003,12.76533508,..,..,..,..,..,..,140
MHL,2004,15.61940098,..,..,..,..,..,..,268
MHL,2005,20.21598053,..,..,..,..,..,..,251
MHL,2006,20.33398056,..,..,..,..,..,..,312
MHL,2007,16.26939583,..,0.5536,..,..,..,..,352
MHL,2008,15.20470905,..,..,..,..,..,..,278
MHL,2009,14.53969955,2.7,..,..,..,..,..,313
MHL,2010,13.93147564,2.7,0.5674,..,..,..,..,428
MHL,2011,13.08627224,..,0.5841,..,..,..,..,307
MHL,2012,13.03814125,..,0.4233,..,..,..,..,320
MHL,2013,13.46883583,..,..,..,..,..,..,327
MHL,2014,13.20781231,..,..,..,..,..,..,310
MHL,2015,15.33984375,..,..,..,..,..,..,300
MHL,2016,15.73866177,..,..,..,..,..,..,388
MHL,2017,14.38502884,..,..,..,..,..,..,439
MHL,2018,15.26284122,..,..,..,..,..,..,918
MHL,2019,14.82552052,..,..,..,..,..,..,483
MHL,2020,13.00799465,..,..,..,..,..,..,483
MHL,2021,..,..,..,..,..,..,..,483
MHL,2022,..,..,..,..,..,..,..,..
MRT,1990,..,0.665400028,6.30E-02,..,..,0.23,..,..
MRT,1991,..,..,..,..,..,0.27,..,..
MRT,1992,..,..,..,..,..,0.31,..,..
MRT,1993,..,..,6.30E-02,..,..,0.35,..,..
MRT,1994,..,..,..,..,..,0.39,..,..
MRT,1995,..,..,0.138,..,..,0.42,..,..
MRT,1996,..,..,..,..,..,0.44,..,..
MRT,1997,..,..,..,..,..,0.46,..,..
MRT,1998,..,..,..,..,..,0.48,..,..
MRT,1999,..,..,..,..,..,0.48,..,..
MRT,2000,3.37824655,..,..,..,0,0.48,113.0822489,250
MRT,2001,3.5718379,..,..,8.3,0,0.47,111.4119189,235
MRT,2002,4.00224972,..,..,7.9,0,0.45,109.4945145,220
MRT,2003,4.03254652,..,..,8.3,0,0.42,110.8653687,206
MRT,2004,3.70429492,..,0.1065,8.5,1,0.4,97.268863,193
MRT,2005,3.40312648,..,..,9.4,3,0.37,93.56152651,181
MRT,2006,2.70252752,0.4,..,8.8,6,0.32,83.91424331,170
MRT,2007,2.87644005,..,..,8.1,9,0.28,78.29344337,160
MRT,2008,3.01338983,..,..,7.3,12,0.24,64.6666477,151
MRT,2009,3.11034036,..,0.1311,7.8,15,0.21,32.53791591,143
MRT,2010,2.63618922,..,0.1565,8.2,17,0.19,36.07235175,135
MRT,2011,2.47383666,..,..,8.3,18,0.18,46.10627683,128
MRT,2012,2.64919329,..,..,7.9,19,0.17,24.2220195,121
MRT,2013,2.86799884,..,..,7.9,23,0.16,27.04998906,115
MRT,2014,3.46724391,..,0.1582,8,24,0.14,56.38230275,111
MRT,2015,3.67363763,..,0.171,8.3,27,0.15,73.91351724,107
MRT,2016,3.09630585,..,..,8.5,28,0.16,95.34168006,102
MRT,2017,3.31549454,..,0.1847,8.5,33,0.15,73.67160936,97
MRT,2018,3.43577695,..,0.1865,8.6,33,0.15,55.37367071,93
MRT,2019,3.34527016,..,..,9.2,35,0.23,41.98525086,89
MRT,2020,3.35572982,..,..,10.1,36,0.12,44.85191406,85
MRT,2021,..,..,..,..,38,0.13,18.42480586,81
MRT,2022,..,..,..,..,..,..,..,..
MUS,1990,..,..,0.811,..,..,0.01,..,..
MUS,1991,..,2.886600018,0.835,..,..,0.02,..,..
MUS,1992,..,3.135099888,0.847,..,..,0.03,..,..
MUS,1993,..,3.094799995,0.844,..,..,7.00E-02,..,..
MUS,1994,..,3.074599981,0.845,..,..,0.14,..,..
MUS,1995,..,..,0.85,..,..,0.25,..,..
MUS,1996,..,..,..,..,..,0.42,..,..
MUS,1997,..,..,..,..,..,0.65,..,..
MUS,1998,..,..,..,..,..,0.89,..,..
MUS,1999,..,..,..,..,..,1.1,..,..
MUS,2000,2.89581966,..,0.9113,..,0,1.21,..,17
MUS,2001,2.96084642,..,0.9272,5.7,0,1.21,..,13
MUS,2002,3.23190331,..,0.9869,5.6,1,1.2,..,14
MUS,2003,3.22486687,..,0.9702,5.4,1,1.16,..,14
MUS,2004,3.36119127,..,1.0718,5.2,1,1.11,..,14
MUS,2005,3.56529307,3,1.0982,5.1,2,1.08,..,13
MUS,2006,3.65428853,..,1.14,5,3,1.05,..,12
MUS,2007,3.57065129,..,1.1549,5.2,3,1.05,..,11
MUS,2008,3.99199653,3.3,1.17,5,4,1.05,..,11
MUS,2009,4.2265029,..,1.1857,4.7,5,1.04,..,12
MUS,2010,4.57982159,..,1.2019,4.3,6,1.01,..,12
MUS,2011,4.3078289,3.4,1.4467,4.5,11,0.97,..,11
MUS,2012,4.27675056,..,1.3738,4.9,13,0.89,..,13
MUS,2013,4.68303633,..,1.6296,5.2,15,0.81,..,13
MUS,2014,5.49399614,..,1.9318,5.3,19,0.76,..,13
MUS,2015,5.69995832,..,2.0246,5.6,20,0.7,..,13
MUS,2016,5.70678568,..,2.1943,5.8,20,0.65,..,12
MUS,2017,5.80985212,..,2.3147,6,22,0.63,..,12
MUS,2018,5.86705875,..,1.89,6,22,0.62,..,13
MUS,2019,6.200562,..,2.5912,7.2,23,0.57,..,12
MUS,2020,6.65996122,..,2.7127,7.8,25,0.53,..,12
MUS,2021,..,..,..,..,26,0.54,..,12
MUS,2022,..,..,..,..,..,..,..,..
MEX,1990,..,1,0.975,..,..,0.11,..,..
MEX,1991,..,1.100000024,1.1624,..,..,0.12,..,..
MEX,1992,..,1.200000048,1.3176,..,..,0.12,..,..
MEX,1993,..,1.200000048,1.465,..,..,0.13,..,..
MEX,1994,..,1.200000048,1.5646,..,..,0.13,..,..
MEX,1995,..,1.200000048,1.6536,..,..,0.14,..,..
MEX,1996,..,1.200000048,1.6518,..,..,0.14,..,..
MEX,1997,..,1.100000024,1.6906,..,..,0.14,..,..
MEX,1998,..,1.100000024,1.7066,..,..,0.15,..,..
MEX,1999,..,1.100000024,1.7114,..,..,0.15,..,..
MEX,2000,4.44912481,1.05,1.6265,..,8,0.15,3.561589963,23
MEX,2001,4.8203578,1.08,1.5161,3.3,10,0.15,2.370966012,24
MEX,2002,5.0716424,1.09,1.5267,3.7,12,0.15,2.16131122,22
MEX,2003,5.81486416,1.06,1.5788,4.3,16,0.15,1.758690528,23
MEX,2004,5.9539032,1.07,1.6531,4.6,17,0.15,1.545616797,18
MEX,2005,5.83612156,1.05,1.7651,4.4,18,0.15,1.327292297,22
MEX,2006,5.65525484,1.02,1.881,4.1,21,0.16,1.109444444,21
MEX,2007,5.76644516,1.06,1.9215,4.1,24,0.15,1.028299804,21
MEX,2008,5.69886971,1.03,1.9494,4.5,26,0.16,1.013627855,21
MEX,2009,6.12978458,1.02,1.979,4.7,27,0.16,1.148137812,21
MEX,2010,5.73688889,1.05,1.9986,4.8,28,0.16,0.513898308,22
MEX,2011,5.51883602,1.04,2.1004,4.7,30,0.16,0.464464729,21
MEX,2012,5.66522121,1.03,2.1118,4.6,33,0.16,0.339442345,22
MEX,2013,5.80923605,1.03,2.1555,4.2,34,0.16,0.199070041,22
MEX,2014,5.55340958,1.03,2.2263,4.4,35,0.16,0.260563134,22
MEX,2015,5.72277403,1,2.3246,5,41,0.16,0.202969798,22
MEX,2016,5.55345869,1,2.3244,5.8,44,0.15,0.213880329,22
MEX,2017,5.45759058,0.99,2.3827,6.1,45,0.15,0.282621251,23
MEX,2018,5.38345814,0.98,2.4248,6,51,0.15,0.305428526,23
MEX,2019,5.44627905,..,2.4253,6,52,0.14,0.233048547,23
MEX,2020,6.2421484,..,..,6.1,57,0.14,0.133275231,23
MEX,2021,..,..,..,..,61,0.13,9.01E-02,25
MEX,2022,..,..,..,..,..,..,..,..
FSM,1990,..,..,..,..,..,..,..,..
FSM,1991,..,..,..,..,..,..,..,..
FSM,1992,..,..,..,..,..,..,..,..
FSM,1993,..,..,0.451,..,..,..,..,..
FSM,1994,..,..,..,..,..,..,..,..
FSM,1995,..,..,..,..,..,..,..,..
FSM,1996,..,..,..,..,..,..,..,..
FSM,1997,..,..,..,..,..,..,..,..
FSM,1998,..,..,..,..,..,..,..,..
FSM,1999,..,..,0.573,..,..,..,..,..
FSM,2000,7.76511145,2.8,0.5959,..,..,..,..,102
FSM,2001,8.45260048,..,..,..,..,..,..,116
FSM,2002,7.89720392,..,..,..,..,..,..,142
FSM,2003,9.57150459,..,0.5613,..,..,..,..,119
FSM,2004,12.02715683,..,..,..,..,..,..,132
FSM,2005,17.73306656,3.3,0.5844,..,..,..,..,110
FSM,2006,10.74129105,3.31,..,..,..,..,..,118
FSM,2007,11.0585041,..,..,..,..,..,..,160
FSM,2008,11.99137974,..,0.6184,..,..,..,..,189
FSM,2009,12.55259323,3.2,0.1942,..,..,..,..,172
FSM,2010,13.10624504,..,..,..,..,..,..,191
FSM,2011,13.09527397,..,..,..,..,..,..,171
FSM,2012,12.27709675,..,..,..,..,..,..,166
FSM,2013,12.10208416,..,..,..,..,..,..,175
FSM,2014,11.72290421,..,..,..,..,..,..,216
FSM,2015,12.46286297,..,..,..,..,..,..,119
FSM,2016,13.13244915,..,..,..,..,..,..,169
FSM,2017,12.19635487,..,..,..,..,..,..,157
FSM,2018,11.65710258,..,..,..,..,..,..,109
FSM,2019,11.2604599,..,..,..,..,..,..,102
FSM,2020,11.5599966,..,0.9391,..,..,..,..,103
FSM,2021,..,..,..,..,..,..,..,80
FSM,2022,..,..,..,..,..,..,..,..
MDA,1990,..,13.14780045,3.547,..,..,0.01,..,..
MDA,1991,..,13.11620045,3.4724,..,..,0.01,..,..
MDA,1992,..,12.79030037,3.4891,..,..,0.01,..,..
MDA,1993,..,12.48270035,3.5366,..,..,0.02,..,..
MDA,1994,..,12.2215004,3.5556,..,..,0.02,..,..
MDA,1995,..,12.21000004,3.5115,..,..,0.04,..,..
MDA,1996,..,12.13000011,3.5693,..,..,0.16,..,..
MDA,1997,..,11.61999989,3.602,..,..,0.78,..,..
MDA,1998,..,11.22999954,3.6662,..,..,0.36,..,..
MDA,1999,..,8.18999958,..,..,..,0.22,..,..
MDA,2000,5.92687273,7.08,2.4553,..,0,0.23,..,80
MDA,2001,6.23449755,6.9,2.2925,..,0,0.25,..,99
MDA,2002,7.40437651,6.75,2.3103,..,0,0.28,..,104
MDA,2003,7.02227592,6.67,2.2824,..,0,0.32,..,119
MDA,2004,8.97114944,6.41,2.1814,..,1,0.35,..,133
MDA,2005,9.55814838,6.39,2.3783,..,2,0.39,..,142
MDA,2006,10.54445267,6.27,2.3768,..,3,0.42,..,138
MDA,2007,11.02066803,6.12,2.3871,..,4,0.44,..,135
MDA,2008,10.94920063,6.11,2.3545,..,6,0.43,..,125
MDA,2009,13.6766243,6.15,2.3912,..,8,0.43,..,125
MDA,2010,10.13112831,6.18,2.3808,..,10,0.42,..,116
MDA,2011,9.09670353,6.19,2.4142,..,12,0.41,..,119
MDA,2012,9.13962078,6.23,2.4135,..,15,0.39,..,124
MDA,2013,8.68300343,5.83,2.5028,..,18,0.37,..,127
MDA,2014,8.63275623,5.66,2.4746,..,22,0.36,..,115
MDA,2015,8.55763531,..,2.4836,..,27,0.36,..,102
MDA,2016,7.53552246,..,..,..,31,0.33,..,101
MDA,2017,7.01328468,..,3.2066,..,35,0.32,..,95
MDA,2018,6.58753395,..,..,..,40,0.31,..,86
MDA,2019,6.36946964,..,2.5586,..,44,0.3,..,80
MDA,2020,6.77933121,..,3.1026,..,45,0.29,..,78
MDA,2021,..,..,..,..,48,0.3,..,84
MDA,2022,..,..,..,..,..,..,..,..
MCO,1990,..,..,..,..,..,..,..,..
MCO,1991,..,..,..,..,..,..,..,..
MCO,1992,..,21.67860031,2.8094,..,..,..,..,..
MCO,1993,..,..,..,..,..,..,..,..
MCO,1994,..,..,..,..,..,..,..,..
MCO,1995,..,19.56999969,..,..,..,..,..,..
MCO,1996,..,..,..,..,..,..,..,..
MCO,1997,..,..,..,..,..,..,..,..
MCO,1998,..,..,..,..,..,..,..,..
MCO,1999,..,..,..,..,..,..,..,..
MCO,2000,1.73622334,..,..,..,..,..,..,0
MCO,2001,1.76396823,..,..,..,..,..,..,0
MCO,2002,1.79035473,..,..,..,..,..,..,0
MCO,2003,2.08464146,..,..,..,..,..,..,0.61
MCO,2004,2.1265049,..,..,..,..,..,..,0.72
MCO,2005,2.11639643,..,..,..,..,..,..,0.83
MCO,2006,2.01949477,..,..,..,..,..,..,0.93
MCO,2007,1.78815079,..,..,..,..,..,..,1
MCO,2008,1.92418182,..,..,..,..,..,..,1.1
MCO,2009,2.27634382,..,..,..,..,..,..,1.2
MCO,2010,2.33074474,..,..,..,..,..,..,3.5
MCO,2011,2.17874694,16.46,6.4167,..,..,..,..,1.3
MCO,2012,2.23475266,13.8,6.4384,..,..,..,..,1.3
MCO,2013,2.14983058,..,7.7778,..,..,..,..,1.3
MCO,2014,2.08692694,..,7.5067,..,..,..,..,0
MCO,2015,2.02846789,..,..,..,..,..,..,0
MCO,2016,1.62753141,..,..,..,..,..,..,6.2
MCO,2017,1.64274836,..,..,..,..,..,..,0
MCO,2018,1.59626138,..,..,..,..,..,..,3.1
MCO,2019,1.53244889,..,..,..,..,..,..,0
MCO,2020,1.67133093,..,..,..,..,..,..,0
MCO,2021,..,..,..,..,..,..,..,0
MCO,2022,..,..,..,..,..,..,..,..
MNG,1990,..,..,2.538,..,..,0.01,..,..
MNG,1991,..,11.48649979,2.695,..,..,0.01,..,..
MNG,1992,..,..,2.618,..,..,0.01,..,..
MNG,1993,..,..,..,..,..,0.01,..,..
MNG,1994,..,..,..,..,..,0.01,..,..
MNG,1995,..,..,..,..,..,0.01,..,..
MNG,1996,..,..,..,..,..,0.01,..,..
MNG,1997,..,..,..,..,..,0.01,..,..
MNG,1998,..,..,2.433,..,..,0.01,..,..
MNG,1999,..,..,2.54,..,..,0.01,..,..
MNG,2000,5.69538355,..,..,..,0,0.01,..,428
MNG,2001,5.05435562,..,..,31.1,0,0.01,..,428
MNG,2002,5.18856382,7.5,2.7553,30.6,0,0.01,..,428
MNG,2003,4.10218763,..,..,30.8,1,0.02,..,428
MNG,2004,4.15718555,6,..,30.7,1,0.02,..,428
MNG,2005,3.7552557,..,..,29.6,0,0.02,..,428
MNG,2006,3.74971509,6.4,..,27.4,1,0.02,..,428
MNG,2007,4.07522774,6.11,..,25.2,1,0.02,..,428
MNG,2008,4.55693007,..,2.8816,22.3,2,0.02,..,428
MNG,2009,4.45980072,5.9,2.6704,19.6,3,0.02,..,428
MNG,2010,3.73945689,6,2.7564,16.5,7,0.02,..,428
MNG,2011,3.58612084,6.75,2.8671,14.1,9,0.02,..,428
MNG,2012,3.85800076,7,3.0435,12.5,12,0.02,..,428
MNG,2013,4.08932018,..,3.0922,11.4,20,0.02,..,428
MNG,2014,4.20989752,..,3.1632,10.1,25,0.02,..,428
MNG,2015,4.23154545,7,3.2194,8.4,28,0.01,..,428
MNG,2016,4.26370525,7,2.8592,7.4,29,0.01,..,428
MNG,2017,3.94357896,8,..,6.3,32,0.01,..,428
MNG,2018,3.79951382,..,3.8518,5.5,34,0.01,..,428
MNG,2019,4.16080856,..,..,4,34,0.01,..,428
MNG,2020,4.94451141,..,..,3.6,37,0.01,..,428
MNG,2021,..,..,..,..,38,0.01,..,428
MNG,2022,..,..,..,..,..,..,..,..
MNE,1990,..,..,..,..,..,0.01,..,..
MNE,1991,..,..,..,..,..,0.01,..,..
MNE,1992,..,..,..,..,..,0.01,..,..
MNE,1993,..,..,..,..,..,0.01,..,..
MNE,1994,..,..,..,..,..,0.01,..,..
MNE,1995,..,..,..,..,..,0.01,..,..
MNE,1996,..,..,..,..,..,0.01,..,..
MNE,1997,..,..,..,..,..,0.01,..,..
MNE,1998,..,..,..,..,..,0.01,..,..
MNE,1999,..,..,1.8578,..,..,0.01,..,..
MNE,2000,..,4.22,1.884,..,8,0.01,..,..
MNE,2001,..,4.25,1.9129,9.6,10,0.02,..,..
MNE,2002,..,4.2,1.9009,9.2,10,0.02,..,..
MNE,2003,..,4.22,1.8547,8.4,12,0.02,..,..
MNE,2004,..,4.21,1.9363,7.7,13,0.02,..,..
MNE,2005,..,4.18,1.9517,5.5,17,0.03,..,29
MNE,2006,..,4.21,1.9922,3.1,18,0.03,..,31
MNE,2007,..,4.05,1.99,2.5,19,0.03,..,27
MNE,2008,..,3.93,2.1117,2.5,19,0.03,..,24
MNE,2009,..,3.94,2.1031,2.5,20,0.03,..,21
MNE,2010,..,3.98,2.0439,2.5,24,0.03,..,20
MNE,2011,7.96692181,3.98,2.0134,2.5,24,0.03,..,20
MNE,2012,8.29550457,3.97,2.0387,2.5,26,0.03,..,18
MNE,2013,8.47144604,3.89,2.1523,2.5,29,0.03,..,22
MNE,2014,8.00086784,3.93,2.1861,2.5,33,0.03,..,21
MNE,2015,9.02188778,3.93,2.3764,2.5,35,0.03,..,15
MNE,2016,8.63302994,3.93,2.5761,2.5,42,0.03,..,16
MNE,2017,7.98255396,3.86,2.6434,2.5,48,0.03,..,14
MNE,2018,8.34355545,..,2.7557,2.5,53,0.03,..,15
MNE,2019,8.32983208,..,2.7197,2.5,56,0.03,..,15
MNE,2020,11.42177582,..,2.74,2.5,58,0.03,..,15
MNE,2021,..,..,..,..,58,0.03,..,16
MNE,2022,..,..,..,..,..,..,..,..
MAR,1990,..,1.289999962,..,..,..,0.02,..,..
MAR,1991,..,..,..,..,..,0.03,..,..
MAR,1992,..,..,..,..,..,0.03,..,..
MAR,1993,..,..,0.214,..,..,0.04,..,..
MAR,1994,..,1.112300038,0.363,..,..,0.04,..,..
MAR,1995,..,..,..,..,..,0.04,..,..
MAR,1996,..,..,..,..,..,0.05,..,..
MAR,1997,..,0.980000019,0.46,..,..,0.05,..,..
MAR,1998,..,..,..,..,..,0.05,..,..
MAR,1999,..,..,..,..,..,0.05,..,..
MAR,2000,3.99666667,1.1,..,..,0,0.06,1.05E-04,115
MAR,2001,4.12973785,0.87,0.483,6.3,0,0.06,0,112
MAR,2002,4.39506149,1.09,..,5.9,0,0.06,6.48E-04,116
MAR,2003,4.41583776,0.78,..,5.6,4,0.06,1.35E-04,103
MAR,2004,4.58004332,0.87,0.531,5.5,6,0.06,3.33E-05,99
MAR,2005,4.73306799,0.87,..,5.5,8,0.05,0,99
MAR,2006,4.94123983,0.87,..,5.6,9,0.05,0,97
MAR,2007,5.20283985,0.87,0.5862,5.5,10,0.05,0,94
MAR,2008,5.2356267,1.1,..,5.6,13,0.05,0,98
MAR,2009,5.70664072,1.13,0.6477,5.4,15,0.05,0,99
MAR,2010,5.86408854,1.13,..,5.1,17,0.05,0,101
MAR,2011,5.81169367,0.85,..,4.6,21,0.05,0,100
MAR,2012,5.83982801,0.85,..,4.4,27,0.04,0,99
MAR,2013,5.68746853,0.85,0.632,4.2,32,0.04,0,99
MAR,2014,5.86155415,1.1,0.9135,4.1,36,0.04,0,101
MAR,2015,5.57022429,1.1,..,3.8,44,0.03,0,102
MAR,2016,5.49920416,1.1,..,3.8,51,0.03,0,103
MAR,2017,5.39212465,1,0.7308,3.7,55,0.03,0,100
MAR,2018,5.33229017,..,..,3.8,63,0.03,0,99
MAR,2019,5.36818361,..,..,4.4,68,0.03,0,97
MAR,2020,5.99316072,..,..,5.6,74,0.02,0,96
MAR,2021,..,..,..,..,80,0.02,0,94
MAR,2022,..,..,..,..,..,..,..,..
MOZ,1990,..,0.8671,1.20E-02,..,..,..,..,..
MOZ,1991,..,..,..,..,..,..,..,..
MOZ,1992,..,..,..,..,..,..,..,..
MOZ,1993,..,..,..,..,..,..,..,..
MOZ,1994,..,..,..,..,..,..,..,..
MOZ,1995,..,..,..,..,..,..,..,..
MOZ,1996,..,..,..,..,..,..,..,..
MOZ,1997,..,..,..,..,..,..,..,..
MOZ,1998,..,..,..,..,..,..,..,..
MOZ,1999,..,..,..,..,..,..,..,..
MOZ,2000,2.21938276,..,2.40E-02,..,..,..,473.696435,336
MOZ,2001,2.90733671,..,..,36.5,..,..,493.8217027,338
MOZ,2002,3.31128621,..,..,35.2,..,..,496.5720682,339
MOZ,2003,3.39533854,..,..,34.1,..,..,483.5980073,339
MOZ,2004,3.67226458,..,2.58E-02,34.1,..,..,455.3398192,341
MOZ,2005,4.37538815,..,..,33.3,..,..,421.4295659,342
MOZ,2006,4.08873844,0.8,2.60E-02,32.4,..,..,401.4830838,345
MOZ,2007,3.93067098,0.8,..,29.9,..,..,387.9960219,348
MOZ,2008,4.2388401,..,..,28.6,..,..,382.0180584,351
MOZ,2009,5.2039299,..,4.55E-02,25.8,..,..,377.4817196,354
MOZ,2010,5.43892908,..,4.87E-02,24.1,..,..,375.3209928,357
MOZ,2011,5.00311899,0.7,5.24E-02,21.8,..,..,369.6863944,359
MOZ,2012,5.24640608,..,5.46E-02,21,..,..,368.8756993,361
MOZ,2013,6.12556028,..,5.68E-02,22.4,..,..,367.9743235,361
MOZ,2014,6.33231783,..,..,25.7,..,..,357.7730674,361
MOZ,2015,6.71663332,..,..,29.7,..,..,350.3098694,361
MOZ,2016,7.28134489,..,..,31.5,..,..,343.0580306,361
MOZ,2017,7.83680201,..,7.61E-02,31.4,..,..,329.8267309,361
MOZ,2018,8.0889616,..,8.38E-02,31,..,..,319.6880438,361
MOZ,2019,7.95271826,..,8.46E-02,31.8,..,..,311.0862008,361
MOZ,2020,7.61939621,..,8.50E-02,32.7,..,..,320.4309801,361
MOZ,2021,..,..,..,..,..,..,320.6003964,361
MOZ,2022,..,..,..,..,..,..,..,..
MMR,1990,..,0.635800004,7.80E-02,..,..,0.14,..,..
MMR,1991,..,..,..,..,..,0.37,..,..
MMR,1992,..,..,..,..,..,0.49,..,..
MMR,1993,..,..,..,..,..,0.37,..,..
MMR,1994,..,..,..,..,..,0.32,..,..
MMR,1995,..,..,0.293,..,..,0.32,..,..
MMR,1996,..,..,..,..,..,0.34,..,..
MMR,1997,..,..,..,..,..,0.38,..,..
MMR,1998,..,..,..,..,..,0.43,..,..
MMR,1999,..,..,0.297,..,..,0.49,..,..
MMR,2000,1.99549711,0.7,0.302,..,0,0.54,50.01028649,555
MMR,2001,2.14881992,..,..,37.6,0,0.54,50.01029317,555
MMR,2002,2.57854366,0.63,..,34.8,0,0.53,50.01029493,554
MMR,2003,2.38126588,..,..,32.4,0,0.5,50.01027628,552
MMR,2004,2.31822181,..,0.3663,30.2,0,0.49,50.01029817,549
MMR,2005,2.33031869,..,0.3797,27.8,1,0.47,50.01029585,545
MMR,2006,2.25168681,0.6,0.4158,24.5,3,0.44,35.56502935,540
MMR,2007,2.02357221,..,0.4393,20.5,5,0.42,44.57277342,535
MMR,2008,2.10873103,..,0.4748,17.1,6,0.39,54.26404112,530
MMR,2009,2.15950108,..,0.4883,12.9,9,0.36,51.15570791,525
MMR,2010,1.95585966,..,0.5224,10.2,12,0.34,51.27176924,500
MMR,2011,1.92666924,..,0.5506,7.8,16,0.32,44.76216686,476
MMR,2012,2.41021132,0.9,0.5802,7.1,21,0.32,58.69525025,453
MMR,2013,3.20071578,..,..,6.1,26,0.31,20.29658374,431
MMR,2014,4.39346027,..,..,5.1,33,0.29,12.62299944,411
MMR,2015,5.47780561,..,..,4.2,41,0.28,8.865285722,391
MMR,2016,5.11349964,1.04,0.6195,3.5,48,0.26,5.246252042,372
MMR,2017,5.08065701,1.04,0.8638,3,55,0.25,3.880180614,355
MMR,2018,4.89992189,..,0.677,2.6,63,0.23,3.4671676,338
MMR,2019,4.67856407,..,0.7369,2.5,69,0.21,2.481146301,322
MMR,2020,4.62411975,..,..,3.1,74,0.2,2.583435494,311
MMR,2021,..,..,..,..,70,0.2,9.146195497,360
MMR,2022,..,..,..,..,..,..,..,..
NAM,1990,..,..,..,..,..,4.08,..,..
NAM,1991,..,..,0.231,..,..,5.63,..,..
NAM,1992,..,..,0.232,..,..,7.61,..,..
NAM,1993,..,..,..,..,..,9.87,..,..
NAM,1994,..,..,..,..,..,12.04,..,..
NAM,1995,..,..,..,..,..,13.82,..,..
NAM,1996,..,..,..,..,..,14.66,..,..
NAM,1997,..,..,0.295,..,..,14.68,..,..
NAM,1998,..,..,..,..,..,13.91,..,..
NAM,1999,..,..,..,..,..,12.89,..,..
NAM,2000,9.63792515,..,..,..,0,11.85,53.60876433,985
NAM,2001,9.53211975,..,..,13.5,0,11.07,69.83418605,1100
NAM,2002,9.73386574,..,..,14.5,0,10.31,46.96080629,1190
NAM,2003,9.87848473,..,..,15.7,0,9.74,44.43924103,1240
NAM,2004,10.18727589,..,0.3135,16.6,3,9.29,68.52851398,1260
NAM,2005,10.19230461,..,..,18.2,8,8.45,41.91398849,1250
NAM,2006,10.13995457,3.3,..,20.1,16,7.81,43.23611296,1210
NAM,2007,10.71633053,..,0.3857,23.5,26,7.04,12.94170627,1140
NAM,2008,9.91801167,..,..,27.6,33,6.4,7.474198134,1060
NAM,2009,9.04967022,2.7,..,29.5,36,6.12,3.696821635,974
NAM,2010,9.72781372,..,..,28.8,42,5.85,1.554345686,892
NAM,2011,9.83193302,..,..,25.5,50,5.62,1.826835816,815
NAM,2012,9.26659298,..,..,23.5,55,5.38,3.176533295,754
NAM,2013,9.06448746,..,..,22.2,58,4.91,4.48272374,710
NAM,2014,8.4089098,..,..,21.5,57,4.5,14.48003855,674
NAM,2015,9.98109627,..,..,21,64,4.58,8.307320067,639
NAM,2016,9.3223238,..,..,20.2,64,4.34,17.38027069,604
NAM,2017,8.72573948,..,0.5914,19.9,72,4.22,47.50251485,565
NAM,2018,8.31648731,..,0.5902,20,76,3.82,26.29839728,524
NAM,2019,8.45436001,..,..,18.9,83,3.41,2.937658308,486
NAM,2020,8.8962574,..,..,18,85,2.95,10.25347202,451
NAM,2021,..,..,..,..,91,2.91,10.61690269,457
NAM,2022,..,..,..,..,..,..,..,..
NRU,1990,..,..,..,..,..,..,..,..
NRU,1991,..,..,..,..,..,..,..,..
NRU,1992,..,..,..,..,..,..,..,..
NRU,1993,..,..,..,..,..,..,..,..
NRU,1994,..,..,..,..,..,..,..,..
NRU,1995,..,..,1.5094,..,..,..,..,..
NRU,1996,..,..,..,..,..,..,..,..
NRU,1997,..,..,..,..,..,..,..,..
NRU,1998,..,..,..,..,..,..,..,..
NRU,1999,..,..,..,..,..,..,..,..
NRU,2000,18.12374878,..,..,..,..,..,..,44
NRU,2001,15.50226593,..,..,..,..,..,..,33
NRU,2002,13.19443035,..,..,..,..,..,..,56
NRU,2003,9.53113365,..,..,..,..,..,..,33
NRU,2004,6.57316685,3.5,1.0101,..,..,..,..,72
NRU,2005,10.30554104,..,..,..,..,..,..,123
NRU,2006,12.41761684,..,..,..,..,..,..,134
NRU,2007,24.23068047,3.5,..,..,..,..,..,34
NRU,2008,23.0041008,..,1.0101,..,..,..,..,56
NRU,2009,12.31575871,..,1.0101,..,..,..,..,45
NRU,2010,12.6964016,5,1.1,..,..,..,..,34
NRU,2011,9.81177711,..,1.3861,..,..,..,..,56
NRU,2012,9.21772289,..,..,..,..,..,..,68
NRU,2013,9.4396801,..,..,..,..,..,..,76
NRU,2014,7.94534922,..,..,..,..,..,..,84
NRU,2015,13.73628426,..,1.3462,..,..,..,..,103
NRU,2016,10.74993038,..,..,..,..,..,..,101
NRU,2017,11.4886446,..,..,..,..,..,..,89
NRU,2018,11.72690773,..,..,..,..,..,..,48
NRU,2019,12.18192387,..,..,..,..,..,..,161
NRU,2020,11.96898365,..,..,..,..,..,..,121
NRU,2021,..,..,..,..,..,..,..,193
NRU,2022,..,..,..,..,..,..,..,..
NPL,1990,..,0.243599996,5.10E-02,..,..,..,..,..
NPL,1991,..,0.237200007,6.20E-02,..,..,..,..,..
NPL,1992,..,0.242599994,7.60E-02,..,..,..,..,..
NPL,1993,..,0.238700002,7.40E-02,..,..,..,..,..
NPL,1994,..,0.232299998,..,..,..,..,..,..
NPL,1995,..,0.170000002,0.04,..,..,..,..,..
NPL,1996,..,0.159999996,0.04,..,..,..,..,..
NPL,1997,..,0.170000002,0.04,..,..,..,..,..
NPL,1998,..,..,0.04,..,..,..,..,..
NPL,1999,..,0.200000003,..,..,..,..,..,..
NPL,2000,3.12598515,..,..,..,0,..,6.730974645,417
NPL,2001,3.80386233,0.2,5.20E-02,23.5,0,..,7.699625965,405
NPL,2002,3.92991233,0.15,..,21.7,0,..,11.58875104,393
NPL,2003,3.84753442,..,..,19.8,0,..,9.772463212,382
NPL,2004,4.03734398,..,0.2118,17.6,0,..,4.606653304,371
NPL,2005,3.94221044,..,..,16.8,1,..,4.722124036,360
NPL,2006,3.5361805,5,..,15.9,2,..,4.620334799,350
NPL,2007,3.66484332,..,..,14.9,4,..,5.434950815,339
NPL,2008,3.80911326,..,..,13,8,..,3.973126833,329
NPL,2009,3.89315772,..,..,11.2,12,..,3.268547859,320
NPL,2010,4.3516593,..,..,9.9,16,..,3.829812546,311
NPL,2011,4.44234705,..,..,8.6,22,..,2.338882789,302
NPL,2012,4.49078751,0.3,0.5159,7.7,27,..,1.722053158,293
NPL,2013,4.63012981,..,0.564,6.8,31,..,1.278761117,284
NPL,2014,5.07549381,..,..,6.1,37,..,0.616179736,276
NPL,2015,5.46615553,..,..,5.3,43,..,0.545246474,268
NPL,2016,5.42378998,..,..,4.5,46,..,0.41458811,260
NPL,2017,4.72174025,..,0.9101,4.2,54,..,0.328807283,253
NPL,2018,4.52845383,..,0.7486,4.3,59,..,0.330637318,245
NPL,2019,4.44525433,..,0.8091,4.8,64,..,5.54E-02,238
NPL,2020,5.17351818,..,0.8516,5.5,67,..,2.86E-02,230
NPL,2021,..,..,..,..,72,..,1.22E-02,229
NPL,2022,..,..,..,..,..,..,..,..
NLD,1990,..,5.800000191,2.5032,..,..,0.04,..,..
NLD,1991,..,5.699999809,2.5934,..,..,0.05,..,..
NLD,1992,..,5.699999809,..,..,..,0.06,..,..
NLD,1993,..,5.599999905,..,..,..,0.06,..,..
NLD,1994,..,5.400000095,..,..,..,0.06,..,..
NLD,1995,..,5.300000191,..,..,..,0.06,..,..
NLD,1996,..,5.199999809,..,..,..,0.06,..,..
NLD,1997,..,5.199999809,..,..,..,0.06,..,..
NLD,1998,..,5.099999905,..,..,..,0.06,..,..
NLD,1999,..,5,2.3768,..,..,0.06,..,..
NLD,2000,7.7069602,4.92,2.4427,..,49,0.06,..,9
NLD,2001,8.05945873,4.75,2.5193,2.5,51,0.06,..,10
NLD,2002,8.64913177,4.69,2.5815,2.5,53,0.06,..,9.7
NLD,2003,9.05657101,4.58,2.62,2.5,54,0.06,..,9.3
NLD,2004,9.1107645,4.56,2.6469,2.5,55,0.06,..,9.3
NLD,2005,9.09666824,4.5,2.6997,2.5,55,0.06,..,8
NLD,2006,9.08055115,4.34,2.7791,2.5,56,0.06,..,7.1
NLD,2007,9.05292606,4.31,2.7724,2.5,57,7.00E-02,..,6.5
NLD,2008,9.27660465,4.27,2.849,2.5,60,0.06,..,6.7
NLD,2009,9.9929266,4.2,2.9057,2.5,63,0.06,..,7.8
NLD,2010,10.15508747,4.05,2.9516,2.5,66,0.06,..,7.1
NLD,2011,10.23357868,3.84,3.1243,2.5,68,0.06,..,6.7
NLD,2012,10.53898716,3.75,3.2463,2.5,71,0.05,..,6.3
NLD,2013,10.58363628,3.61,3.3058,2.5,74,0.05,..,5.7
NLD,2014,10.56703758,..,3.4194,2.5,77,0.04,..,5.5
NLD,2015,10.32393837,3.49,3.4917,2.5,79,0.04,..,5.7
NLD,2016,10.2942524,3.41,3.547,2.5,80,0.04,..,5.9
NLD,2017,10.1082983,3.28,3.6266,2.5,82,0.03,..,5.2
NLD,2018,10.01993561,3.17,3.7092,2.5,84,0.02,..,5.3
NLD,2019,10.14039612,..,3.7689,2.5,86,0.02,..,4.9
NLD,2020,11.1359272,..,4.0794,2.5,88,0.01,..,4.1
NLD,2021,11.21132469,..,..,..,..,0.01,..,4.4
NLD,2022,..,..,..,..,..,..,..,..
NCL,1990,..,..,..,..,..,..,..,..
NCL,1991,..,..,..,..,..,..,..,..
NCL,1992,..,..,..,..,..,..,..,..
NCL,1993,..,..,..,..,..,..,..,..
NCL,1994,..,..,..,..,..,..,..,..
NCL,1995,..,..,..,..,..,..,..,..
NCL,1996,..,..,..,..,..,..,..,..
NCL,1997,..,..,..,..,..,..,..,..
NCL,1998,..,..,..,..,..,..,..,..
NCL,1999,..,..,1.982,..,..,..,..,..
NCL,2000,..,..,..,..,..,..,..,49
NCL,2001,..,..,..,8.4,..,..,..,31
NCL,2002,..,..,..,8.7,..,..,..,32
NCL,2003,..,..,..,9.1,..,..,..,19
NCL,2004,..,..,..,9.5,..,..,..,29
NCL,2005,..,..,..,9.6,..,..,..,22
NCL,2006,..,..,..,9.5,..,..,..,23
NCL,2007,..,..,..,9.4,..,..,..,22
NCL,2008,..,..,..,9.1,..,..,..,23
NCL,2009,..,..,..,8.2,..,..,..,24
NCL,2010,..,..,..,7.3,..,..,..,22
NCL,2011,..,..,..,6.6,..,..,..,22
NCL,2012,..,..,..,6.6,..,..,..,16
NCL,2013,..,..,..,6.4,..,..,..,18
NCL,2014,..,..,..,6.2,..,..,..,12
NCL,2015,..,..,..,6.2,..,..,..,23
NCL,2016,..,..,..,6.5,..,..,..,15
NCL,2017,..,..,..,6.7,..,..,..,14
NCL,2018,..,..,..,6.8,..,..,..,15
NCL,2019,..,..,..,6.8,..,..,..,9.3
NCL,2020,..,..,..,6.8,..,..,..,17
NCL,2021,..,..,..,..,..,..,..,10
NCL,2022,..,..,..,..,..,..,..,..
NZL,1990,..,8.5,1.8654,..,..,0.03,..,..
NZL,1991,..,7.400000095,1.9079,..,..,0.03,..,..
NZL,1992,..,7.099999905,1.9188,..,..,0.03,..,..
NZL,1993,..,6.5,1.9279,..,..,0.02,..,..
NZL,1994,..,6.699999809,1.9816,..,..,0.02,..,..
NZL,1995,..,6.199999809,2.049,..,..,0.02,..,..
NZL,1996,..,6.099999905,2.0536,..,..,0.02,..,..
NZL,1997,..,6.099999905,2.1917,..,..,0.02,..,..
NZL,1998,..,6.199999809,2.2439,..,..,0.02,..,..
NZL,1999,..,..,2.2566,..,..,0.02,..,..
NZL,2000,7.4700222,..,2.2324,..,35,0.02,..,10
NZL,2001,7.5789361,..,2.1728,2.5,39,0.02,..,11
NZL,2002,7.90045929,6.2,2.1177,2.5,42,0.03,..,9.6
NZL,2003,7.72169256,..,2.1775,2.5,46,0.03,..,12
NZL,2004,7.90090561,..,2.1922,2.5,49,0.03,..,10
NZL,2005,8.27334881,..,2.1052,2.5,51,0.03,..,9.2
NZL,2006,8.63841629,..,2.2707,2.5,50,0.03,..,9.5
NZL,2007,8.32904434,..,2.2927,2.5,52,0.04,..,7.5
NZL,2008,9.12382889,..,2.4531,2.5,52,0.04,..,7.9
NZL,2009,9.62076378,2.41,2.5689,2.5,55,0.04,..,8
NZL,2010,9.59277534,2.75,2.6114,2.5,58,0.04,..,8
NZL,2011,9.51987362,2.82,2.6329,2.5,61,0.04,..,8
NZL,2012,9.65163612,2.83,2.6783,2.5,62,0.03,..,7.6
NZL,2013,9.36019325,2.78,2.7817,2.5,63,0.03,..,7
NZL,2014,9.40168381,2.76,2.8604,2.5,66,0.03,..,7.6
NZL,2015,9.28344345,2.72,3.0302,2.5,69,0.03,..,7.3
NZL,2016,9.24379444,2.74,3.1524,2.5,73,0.03,..,7.3
NZL,2017,8.96694851,2.73,3.3296,2.5,77,0.03,..,7.3
NZL,2018,9.0351162,2.62,3.4205,2.5,79,0.03,..,7.2
NZL,2019,9.48335075,2.57,3.5149,2.5,79,0.03,..,7.2
NZL,2020,10.02858734,..,3.6183,2.5,81,0.02,..,7.2
NZL,2021,..,..,..,..,81,0.02,..,6.8
NZL,2022,..,..,..,..,..,..,..,..
NIC,1990,..,1.82130003,0.657,..,..,0.01,..,..
NIC,1991,..,..,..,..,..,0.02,..,..
NIC,1992,..,..,..,..,..,0.02,..,..
NIC,1993,..,1.799999952,..,..,..,0.03,..,..
NIC,1994,..,..,..,..,..,0.05,..,..
NIC,1995,..,..,0.82,..,..,7.00E-02,..,..
NIC,1996,..,1.480000019,..,..,..,0.09,..,..
NIC,1997,..,..,0.856,..,..,0.12,..,..
NIC,1998,..,..,..,..,..,0.14,..,..
NIC,1999,..,..,..,..,..,0.16,..,..
NIC,2000,5.23883677,..,..,..,0,0.16,13.39408287,59
NIC,2001,5.48459768,..,..,27.5,0,0.14,5.856683965,59
NIC,2002,5.73315859,..,..,25.2,0,0.14,4.245158907,50
NIC,2003,6.08317614,0.899999976,0.3864,25,0,0.13,3.66126164,54
NIC,2004,6.05740356,0.9,..,24,1,0.13,3.715304332,52
NIC,2005,6.22468948,0.9,0.4996,23.3,3,0.13,3.533019791,44
NIC,2006,6.35756445,1,0.4924,22.2,5,0.13,1.633549621,45
NIC,2007,6.95643044,0.9,0.5265,21.6,8,0.13,0.701488324,51
NIC,2008,7.16700697,0.9,0.6486,21.2,11,0.12,0.388689733,52
NIC,2009,7.68584394,..,0.7032,20.8,15,0.12,0.306485057,50
NIC,2010,7.71019173,0.8,0.7278,20,18,0.12,0.342719384,53
NIC,2011,7.44982004,1.14,0.8137,19.2,22,0.12,0.451439595,57
NIC,2012,7.48836899,0.96,0.8605,19,26,0.11,0.594143884,58
NIC,2013,7.63869238,0.95,0.8981,19.3,28,0.11,0.550707796,57
NIC,2014,7.97716141,0.93,0.8946,19.7,32,0.11,0.533562207,54
NIC,2015,7.96303272,0.93,0.9312,19,36,0.11,1.049707239,50
NIC,2016,8.04877567,0.93,0.9537,18,39,0.1,2.848075281,46
NIC,2017,8.32754421,0.93,0.9895,17.2,43,0.1,4.901808289,44
NIC,2018,8.4993515,..,1.6645,17.4,49,0.1,7.02668278,41
NIC,2019,8.55957031,..,..,17.5,53,0.09,5.747039503,43
NIC,2020,8.62854576,..,..,18.6,53,0.09,11.01036709,42
NIC,2021,..,..,..,..,53,0.08,9.850982858,45
NIC,2022,..,..,..,..,..,..,..,..
NER,1990,..,..,1.80E-02,..,..,0.28,..,..
NER,1991,..,..,..,..,..,0.36,..,..
NER,1992,..,..,2.70E-02,..,..,0.42,..,..
NER,1993,..,..,..,..,..,0.49,..,..
NER,1994,..,0.194600001,2.30E-02,..,..,0.53,..,..
NER,1995,..,0.119999997,..,..,..,0.56,..,..
NER,1996,..,0.119999997,2.40E-02,..,..,0.57,..,..
NER,1997,..,0.180000007,3.50E-02,..,..,0.57,..,..
NER,1998,..,0.119999997,3.30E-02,..,..,0.55,..,..
NER,1999,..,..,..,..,..,0.52,..,..
NER,2000,4.65891504,..,..,..,0,0.49,355.7450894,191
NER,2001,4.72659349,..,..,..,0,0.44,347.4846298,179
NER,2002,4.82717037,..,3.30E-02,..,0,0.38,325.0394151,168
NER,2003,4.74740648,..,..,..,0,0.33,296.5153297,159
NER,2004,4.97818327,..,2.26E-02,..,0,0.29,300.4924483,151
NER,2005,5.87749624,0.3,..,..,2,0.24,308.2736825,143
NER,2006,5.99335575,..,..,..,4,0.22,305.3253537,136
NER,2007,5.43105888,..,..,..,6,0.18,313.3780238,129
NER,2008,5.24640608,..,1.89E-02,..,7,0.14,349.6388103,123
NER,2009,5.33850145,..,2.77E-02,..,17,0.12,375.2282638,118
NER,2010,4.96100473,0.35,..,..,20,0.08,407.6208123,113
NER,2011,4.87323856,..,..,..,27,0.08,421.3992249,109
NER,2012,4.30732679,..,5.35E-02,..,33,7.00E-02,425.1654524,105
NER,2013,4.46636009,..,5.11E-02,..,36,7.00E-02,413.7461133,102
NER,2014,4.45377159,..,2.72E-02,..,35,0.06,406.8125803,98
NER,2015,5.34745932,0.31,3.17E-02,..,40,0.06,401.1096613,95
NER,2016,4.53239059,..,3.28E-02,..,49,0.05,384.9376993,93
NER,2017,5.57411098,0.39,2.18E-02,..,60,0.06,362.6540752,90
NER,2018,5.28844786,..,1.62E-02,..,65,0.05,343.7268044,87
NER,2019,5.66862822,..,3.81E-02,..,67,0.05,325.5293005,84
NER,2020,6.20069504,..,3.45E-02,..,71,0.05,322.4089368,82
NER,2021,..,..,..,..,81,0.04,323.3856928,79
NER,2022,..,..,..,..,..,..,..,..
NGA,1990,..,1.668200016,..,..,..,1.53,..,..
NGA,1991,..,..,..,..,..,1.66,..,..
NGA,1992,..,..,0.185,..,..,1.78,..,..
NGA,1993,..,..,0.192,..,..,1.86,..,..
NGA,1994,..,..,..,..,..,1.81,..,..
NGA,1995,..,..,..,..,..,1.8,..,..
NGA,1996,..,..,..,..,..,1.78,..,..
NGA,1997,..,..,..,..,..,1.67,..,..
NGA,1998,..,..,..,..,..,1.53,..,..
NGA,1999,..,..,..,..,..,1.49,..,..
NGA,2000,3.1973834,1.2,0.269,..,0,1.39,413.3349609,219
NGA,2001,3.18946862,..,..,8.9,0,1.29,406.0929423,219
NGA,2002,2.49063969,..,..,8.9,0,1.21,393.2033721,219
NGA,2003,5.05360985,..,0.2648,8.6,1,1.15,393.8067966,219
NGA,2004,4.63368416,0.5,..,7.9,3,1.1,402.3838499,219
NGA,2005,4.46591949,..,0.2824,7.1,4,1.05,408.6527281,219
NGA,2006,4.25775146,..,0.3481,6.7,7,0.95,411.6848944,219
NGA,2007,3.90997243,..,0.3784,6.6,8,0.88,414.0445045,219
NGA,2008,3.69581532,..,0.3762,6.8,14,0.85,415.7664628,219
NGA,2009,3.5801971,..,0.3782,7.5,18,0.79,403.5413794,219
NGA,2010,3.29653287,..,..,8.2,20,0.75,376.2036941,219
NGA,2011,3.32077932,..,..,8.8,23,0.73,351.6450649,219
NGA,2012,3.35984254,..,..,9.1,30,0.7,327.6079868,219
NGA,2013,3.4206934,..,0.3828,9.1,36,0.62,308.6047955,219
NGA,2014,3.34840417,..,..,9.2,40,0.58,298.1589574,219
NGA,2015,3.58194995,..,..,9.2,44,0.58,294.1106555,219
NGA,2016,3.64773679,..,0.4494,9.4,49,0.56,295.0561319,219
NGA,2017,3.74762511,..,..,10,52,0.55,299.0736848,219
NGA,2018,3.09069347,..,0.3806,10.4,54,0.55,300.6853412,219
NGA,2019,2.98547053,..,..,12,60,0.53,301.9081437,219
NGA,2020,3.38063431,..,..,12.7,77,0.47,312.6509355,219
NGA,2021,..,..,..,..,90,0.34,306.4624837,219
NGA,2022,..,..,..,..,..,..,..,..
MKD,1990,..,5.947700024,2.2022,..,..,..,..,..
MKD,1991,..,5.78730011,2.251,..,..,..,..,..
MKD,1992,..,5.696400166,2.295,..,..,..,..,..
MKD,1993,..,5.600599766,2.1991,..,..,..,..,..
MKD,1994,..,5.550000191,2.1941,..,..,..,..,..
MKD,1995,..,5.409999847,2.2705,..,..,..,..,..
MKD,1996,..,5.199999809,2.2318,..,..,..,..,..
MKD,1997,..,5.159999847,2.2459,..,..,..,..,..
MKD,1998,..,5.150000095,2.2404,..,..,..,..,..
MKD,1999,..,5.099999905,2.1779,..,..,..,..,..
MKD,2000,8.86991501,5.06,2.1894,..,..,..,..,39
MKD,2001,8.3815918,4.94,2.1828,7.5,..,..,..,40
MKD,2002,8.97826958,4.84,2.2319,7.5,..,..,..,42
MKD,2003,9.00857735,4.81,2.1662,5.8,..,..,..,42
MKD,2004,8.46505451,4.77,2.1828,5.5,..,..,..,39
MKD,2005,7.67907524,4.7,2.1317,5,..,..,..,36
MKD,2006,7.38314581,4.63,2.5142,4.4,..,..,..,34
MKD,2007,6.57065344,4.56,2.446,3.6,..,..,..,32
MKD,2008,6.55317593,4.55,2.5947,2.9,..,..,..,27
MKD,2009,6.52846384,4.48,2.5926,3.1,..,..,..,27
MKD,2010,6.71369696,4.59,2.6759,3.4,..,..,..,23
MKD,2011,6.51887369,4.51,2.7257,3.6,..,..,..,20
MKD,2012,6.61468363,4.4,2.7744,3.7,..,..,..,21
MKD,2013,6.71928358,4.45,2.7956,3.6,..,..,..,19
MKD,2014,6.28993368,4.4,..,3.5,..,..,..,17
MKD,2015,6.34227896,4.39,2.8736,3.3,..,..,..,17
MKD,2016,6.37943363,4.37,..,3,..,..,..,16
MKD,2017,6.43909454,4.28,..,2.8,..,..,..,13
MKD,2018,6.45699358,..,..,2.5,..,..,..,13
MKD,2019,7.06654119,..,..,3.1,..,..,..,12
MKD,2020,7.8894825,..,..,3.3,..,..,..,12
MKD,2021,..,..,..,..,..,..,..,11
MKD,2022,..,..,..,..,..,..,..,..
MNP,1990,..,..,..,..,..,..,..,..
MNP,1991,..,..,..,..,..,..,..,..
MNP,1992,..,..,..,..,..,..,..,..
MNP,1993,..,..,..,..,..,..,..,..
MNP,1994,..,..,..,..,..,..,..,..
MNP,1995,..,..,..,..,..,..,..,..
MNP,1996,..,..,..,..,..,..,..,..
MNP,1997,..,..,..,..,..,..,..,..
MNP,1998,..,..,..,..,..,..,..,..
MNP,1999,..,..,0.445,..,..,..,..,..
MNP,2000,..,..,..,..,..,..,..,107
MNP,2001,..,..,..,..,..,..,..,84
MNP,2002,..,..,..,..,..,..,..,79
MNP,2003,..,..,..,..,..,..,..,69
MNP,2004,..,..,..,..,..,..,..,85
MNP,2005,..,..,..,..,..,..,..,95
MNP,2006,..,..,..,..,..,..,..,89
MNP,2007,..,..,..,..,..,..,..,80
MNP,2008,..,..,..,..,..,..,..,54
MNP,2009,..,..,..,..,..,..,..,77
MNP,2010,..,..,..,..,..,..,..,68
MNP,2011,..,..,..,..,..,..,..,72
MNP,2012,..,..,..,..,..,..,..,70
MNP,2013,..,..,..,..,..,..,..,73
MNP,2014,..,..,..,..,..,..,..,58
MNP,2015,..,..,..,..,..,..,..,63
MNP,2016,..,..,..,..,..,..,..,63
MNP,2017,..,..,..,..,..,..,..,93
MNP,2018,..,..,..,..,..,..,..,107
MNP,2019,..,..,..,..,..,..,..,118
MNP,2020,..,..,..,..,..,..,..,95
MNP,2021,..,..,..,..,..,..,..,81
MNP,2022,..,..,..,..,..,..,..,..
NOR,1990,..,4.599999905,..,..,..,0.03,..,..
NOR,1991,..,4.400000095,2.5973,..,..,0.03,..,..
NOR,1992,..,4.300000191,2.6517,..,..,0.04,..,..
NOR,1993,..,4.199999809,2.6992,..,..,0.04,..,..
NOR,1994,..,4.099999905,2.7815,..,..,0.04,..,..
NOR,1995,..,4,2.9473,..,..,0.04,..,..
NOR,1996,..,4,3.039,..,..,0.03,..,..
NOR,1997,..,4,3.0647,..,..,0.03,..,..
NOR,1998,..,4,3.1544,..,..,0.03,..,..
NOR,1999,..,3.900000095,3.2778,..,..,0.03,..,..
NOR,2000,7.71215487,3.8,3.3738,..,38,0.03,..,5.7
NOR,2001,8.02202415,3.82,3.5325,2.5,48,0.03,..,7
NOR,2002,9.00061893,4.99,3.2123,2.5,58,0.03,..,6.2
NOR,2003,9.21471977,4.99,3.2266,2.5,68,0.02,..,8.4
NOR,2004,8.82115746,5.25,3.3959,2.5,76,0.02,..,7.1
NOR,2005,8.32839584,5.16,3.556,2.5,83,0.03,..,6.9
NOR,2006,7.91272163,5.03,3.7216,2.5,90,0.03,..,6.8
NOR,2007,8.05085373,4.86,3.8357,2.5,95,0.03,..,6.9
NOR,2008,7.96075296,4.64,3.9526,2.5,96,0.03,..,7.2
NOR,2009,9.07431412,4.52,4.0495,2.5,95,0.03,..,7.8
NOR,2010,8.90553188,4.3,4.1167,2.5,94,0.04,..,6.9
NOR,2011,8.78868103,4.19,4.1921,2.5,93,0.04,..,7.4
NOR,2012,8.77787971,3.97,4.236,2.5,92,0.04,..,7.9
NOR,2013,8.92953396,3.86,4.3063,2.5,91,0.04,..,8.2
NOR,2014,9.34493446,3.84,4.4249,2.5,90,0.04,..,6.8
NOR,2015,10.13146877,3.76,4.4432,2.5,90,0.04,..,6.3
NOR,2016,10.59129524,3.68,4.5679,2.5,89,0.03,..,6.1
NOR,2017,10.31589031,3.6,4.7176,2.5,89,0.03,..,5.2
NOR,2018,10.02394581,3.53,4.834,2.5,89,0.03,..,4.1
NOR,2019,10.5360651,..,4.94,2.5,90,0.02,..,3.3
NOR,2020,11.41755009,..,5.047,2.5,92,0.02,..,3.1
NOR,2021,10.08628464,..,..,..,93,0.01,..,2.9
NOR,2022,..,..,..,..,..,..,..,..
OMN,1990,..,2.108799934,0.7952,..,..,7.00E-02,..,..
OMN,1991,..,..,..,..,..,0.09,..,..
OMN,1992,..,..,..,..,..,0.12,..,..
OMN,1993,..,..,..,..,..,0.14,..,..
OMN,1994,..,..,..,..,..,0.13,..,..
OMN,1995,..,..,1.1237,..,..,0.1,..,..
OMN,1996,..,..,..,..,..,0.08,..,..
OMN,1997,..,..,0.8539,..,..,0.06,..,..
OMN,1998,..,2.200000048,0.9321,..,..,0.06,..,..
OMN,1999,..,..,0.9641,..,..,0.06,..,..
OMN,2000,3.06354737,2.18,1.4365,..,12,0.05,2.56E-03,16
OMN,2001,3.08315206,2.1,1.4802,12.3,13,0.05,8.42E-04,14
OMN,2002,3.18044019,2.04,1.5144,11.3,13,0.05,2.50E-03,14
OMN,2003,3.17294717,2.04,1.5615,11,14,0.05,2.47E-03,12
OMN,2004,2.97564673,2.2,1.5829,10.1,15,0.05,0,14
OMN,2005,2.5871408,2.1,1.6653,9.6,15,0.05,0,12
OMN,2006,2.31092215,2.1,1.7743,9.6,16,0.05,0,15
OMN,2007,2.42576504,2.02,1.8471,9.7,19,0.05,1.54E-03,14
OMN,2008,2.01222706,2.02,1.888,9.7,24,0.05,0,15
OMN,2009,2.8300879,1.9,1.9341,8.6,29,0.05,0,14
OMN,2010,2.82071519,1.77,1.9274,7.7,34,0.05,0,12
OMN,2011,2.54776597,1.77,1.9464,6.8,40,0.05,0,12
OMN,2012,2.59780169,1.65,2.0169,6.6,43,0.05,0,12
OMN,2013,2.85995984,1.71,2.0381,6.6,47,0.05,0,9.9
OMN,2014,3.58716846,1.58,2.1481,7.1,48,0.05,0,10
OMN,2015,4.65752935,1.56,2.0889,8.1,47,0.05,0,9
OMN,2016,4.79076433,1.49,1.9249,8.4,52,0.05,0,9
OMN,2017,4.52847433,1.47,1.9572,8.4,56,0.05,0,6.8
OMN,2018,3.68675041,..,2.0031,7.9,60,0.05,0,6.1
OMN,2019,4.39142513,..,1.9301,8.8,65,0.05,0,9.2
OMN,2020,5.32572365,..,1.7738,9.8,60,0.05,0,7.9
OMN,2021,..,..,..,..,65,0.05,0,5.9
OMN,2022,..,..,..,..,..,..,..,..
PAK,1990,..,0.639999986,0.462,..,..,..,..,..
PAK,1991,..,0.652199984,0.48,..,..,..,..,..
PAK,1992,..,0.644699991,0.5271,..,..,..,..,..
PAK,1993,..,0.651499987,0.5381,..,..,..,..,..
PAK,1994,..,..,0.55,..,..,..,..,..
PAK,1995,..,..,0.563,..,..,..,..,..
PAK,1996,..,..,0.5829,..,..,..,..,..
PAK,1997,..,..,0.5987,..,..,..,..,..
PAK,1998,..,..,0.6132,..,..,..,..,..
PAK,1999,..,..,0.6284,..,..,..,..,..
PAK,2000,2.74935055,0.67,0.6451,..,0,..,6.087882831,275
PAK,2001,2.58692551,0.66,0.6593,21.1,1,..,6.629934707,275
PAK,2002,2.70006347,0.69,..,21.8,3,..,6.02051804,275
PAK,2003,2.3364768,0.68,..,21,5,..,5.636618119,276
PAK,2004,2.25784397,0.68,0.7423,19,5,..,4.074594975,276
PAK,2005,2.58859682,0.7,0.7882,17.6,1,..,4.930204936,276
PAK,2006,2.86177489,..,..,16.4,1,..,4.861718407,276
PAK,2007,2.81689181,1,0.7619,15.8,2,..,4.670894546,276
PAK,2008,2.71266907,0.6,0.7806,15.8,2,..,4.178529883,276
PAK,2009,2.474589,0.6,0.7951,15.6,2,..,5.43405889,276
PAK,2010,2.39686546,0.6,0.8076,15.4,3,..,7.562393668,276
PAK,2011,2.14016924,0.6,0.8311,15.1,3,..,9.761609491,276
PAK,2012,2.20038641,0.6,0.859,14.7,4,..,8.313149658,276
PAK,2013,2.40178362,0.6,0.8771,14.2,3,..,6.841100685,275
PAK,2014,2.45603824,0.6,0.8972,13.4,4,..,4.858004689,270
PAK,2015,2.45764362,0.6,0.9262,12.8,5,..,4.823095206,270
PAK,2016,2.57026353,0.63,0.962,12.4,6,..,4.84586875,268
PAK,2017,2.78630086,0.63,1.0005,12.1,8,..,3.854478878,267
PAK,2018,2.82844954,..,0.9801,12.3,10,..,3.266032423,265
PAK,2019,2.84736937,..,1.1179,14.1,13,..,2.917158281,263
PAK,2020,2.95390352,..,..,16.9,12,..,2.430070287,255
PAK,2021,..,..,..,..,14,..,2.222566749,264
PAK,2022,..,..,..,..,..,..,..,..
PLW,1990,..,..,..,..,..,..,..,..
PLW,1991,..,..,..,..,..,..,..,..
PLW,1992,..,..,..,..,..,..,..,..
PLW,1993,..,..,..,..,..,..,..,..
PLW,1994,..,..,..,..,..,..,..,..
PLW,1995,..,..,..,..,..,..,..,..
PLW,1996,..,..,..,..,..,..,..,..
PLW,1997,..,..,..,..,..,..,..,..
PLW,1998,..,4.4,1.413,..,..,..,..,..
PLW,1999,..,..,..,..,..,..,..,..
PLW,2000,8.69525814,..,..,..,..,..,..,64
PLW,2001,7.99779701,..,..,..,..,..,..,64
PLW,2002,8.06898689,..,..,..,..,..,..,64
PLW,2003,9.08002663,..,..,..,..,..,..,52
PLW,2004,10.03987122,..,..,..,..,..,..,29
PLW,2005,9.44485378,..,..,..,..,..,..,58
PLW,2006,9.66567612,5.9,1.3333,..,..,..,..,70
PLW,2007,9.95896339,5,..,..,..,..,..,65
PLW,2008,9.64360332,..,..,..,..,..,..,91
PLW,2009,10.41931343,4.9,1.5847,..,..,..,..,116
PLW,2010,11.67239475,4.8,1.6111,..,..,..,..,118
PLW,2011,10.81779194,..,..,..,..,..,..,76
PLW,2012,11.63778973,..,..,..,..,..,..,26
PLW,2013,12.17709541,..,..,..,..,..,..,52
PLW,2014,12.27246571,..,1.4205,..,..,..,..,90
PLW,2015,11.07734013,..,..,..,..,..,..,90
PLW,2016,12.0831728,..,..,..,..,..,..,148
PLW,2017,12.17100716,..,..,..,..,..,..,129
PLW,2018,11.21721172,..,..,..,..,..,..,109
PLW,2019,15.71146011,..,..,..,..,..,..,39
PLW,2020,18.39064217,..,1.768,..,..,..,..,64
PLW,2021,..,..,..,..,..,..,..,51
PLW,2022,..,..,..,..,..,..,..,..
PAN,1990,..,2.5,1.113,..,..,..,..,..
PAN,1991,..,..,1.122,..,..,..,..,..
PAN,1992,..,..,1.1441,..,..,..,..,..
PAN,1993,..,2.700000048,1.1777,..,..,..,..,..
PAN,1994,..,..,1.1255,..,..,..,..,..
PAN,1995,..,..,1.1666,..,..,..,..,..
PAN,1996,..,2.210000038,1.2055,..,..,..,..,..
PAN,1997,..,..,1.2033,..,..,..,..,..
PAN,1998,..,..,1.1932,..,..,..,..,..
PAN,1999,..,..,1.2325,..,..,..,..,..
PAN,2000,7.23963356,..,..,..,..,..,0.375693363,49
PAN,2001,7.17009974,..,1.2439,24.5,..,..,0.329919772,70
PAN,2002,7.31349277,2.5,1.3346,20.5,..,..,0.782621627,63
PAN,2003,6.95631361,..,1.3403,21,..,..,1.539644631,64
PAN,2004,7.34004402,2.4,1.3216,21.3,..,..,1.709864243,66
PAN,2005,6.43272924,2.2,1.3477,21.6,..,..,1.207243461,62
PAN,2006,6.7842741,2.3,1.3489,18.5,..,..,0.537304786,61
PAN,2007,7.62018394,2.3,1.3032,16.2,..,..,0.40634415,58
PAN,2008,7.05229712,2.3,1.3808,14.1,..,..,0.231558564,58
PAN,2009,7.24006367,2.3,1.3092,12.4,..,..,0.237845279,54
PAN,2010,7.4865942,2.3,1.4058,10.9,..,..,0.125513643,53
PAN,2011,7.08092785,2.27,1.4976,9.1,..,..,0.104244517,55
PAN,2012,6.74132681,2.33,1.5979,8.4,..,..,0.244455297,51
PAN,2013,6.75967455,2.3,1.5821,8.2,..,..,0.200157584,47
PAN,2014,7.16729832,2.24,..,8.3,..,..,0.267135549,47
PAN,2015,7.18962574,2.29,1.5759,8.1,..,..,0.150200511,52
PAN,2016,7.35213518,2.25,1.5699,7.8,..,..,0.207691624,56
PAN,2017,7.42582321,..,1.5859,6.7,..,..,0.202137254,57
PAN,2018,7.87820292,..,1.6055,6,..,..,0.195801461,52
PAN,2019,8.32831192,..,1.6324,5.4,..,..,0.451561759,37
PAN,2020,9.66291618,..,..,5.8,..,..,0.493196939,33
PAN,2021,..,..,..,..,..,..,1.089191091,42
PAN,2022,..,..,..,..,..,..,..,..
PNG,1990,..,4.024199963,7.30E-02,..,..,0.02,..,..
PNG,1991,..,..,..,..,..,0.02,..,..
PNG,1992,..,..,..,..,..,0.04,..,..
PNG,1993,..,..,..,..,..,0.06,..,..
PNG,1994,..,..,..,..,..,0.09,..,..
PNG,1995,..,..,..,..,..,0.13,..,..
PNG,1996,..,..,..,..,..,0.19,..,..
PNG,1997,..,..,..,..,..,0.27,..,..
PNG,1998,..,..,7.30E-02,..,..,0.36,..,..
PNG,1999,..,..,..,..,..,0.45,..,..
PNG,2000,2.0184176,..,4.70E-02,..,0,0.54,265.4629916,432
PNG,2001,2.3006382,..,..,26.3,0,0.61,253.3222403,432
PNG,2002,2.77562952,..,..,27,0,0.64,209.728276,432
PNG,2003,2.4531486,..,..,27.7,0,0.64,218.8818548,432
PNG,2004,2.59372902,..,..,28.6,0,0.61,271.4400033,432
PNG,2005,2.44874048,..,..,27.4,1,0.56,217.5006286,432
PNG,2006,2.42600322,..,..,27.3,5,0.5,220.8755322,432
PNG,2007,2.42102122,..,..,26.6,13,0.44,180.7902135,432
PNG,2008,2.13526058,..,4.77E-02,27,17,0.39,165.3569605,432
PNG,2009,2.32937527,..,..,26.6,20,0.36,212.451742,432
PNG,2010,2.10756016,..,5.14E-02,26.2,23,0.37,142.3243722,432
PNG,2011,2.29397798,..,..,25,27,0.37,115.1653394,432
PNG,2012,2.66693544,..,..,24,33,0.38,155.6894031,432
PNG,2013,2.99727893,..,..,23.3,39,0.39,172.239176,432
PNG,2014,3.27119064,..,..,23.1,46,0.4,190.6710571,432
PNG,2015,1.81881714,..,..,23,50,0.41,101.9015514,432
PNG,2016,2.33063054,..,..,23.2,53,0.42,135.851561,432
PNG,2017,2.22970986,..,..,23.1,55,0.42,134.9698885,432
PNG,2018,2.29408503,..,6.99E-02,22.6,58,0.43,139.5370699,432
PNG,2019,2.32528329,..,6.61E-02,21.9,60,0.41,117.883956,432
PNG,2020,2.52693653,..,..,21.6,64,0.42,150.787106,418
PNG,2021,..,..,..,..,65,0.43,124.3398998,424
PNG,2022,..,..,..,..,..,..,..,..
PRY,1990,..,0.932200015,0.65,..,..,7.00E-02,..,..
PRY,1991,..,..,0.813,..,..,0.1,..,..
PRY,1992,..,..,..,..,..,0.12,..,..
PRY,1993,..,1.299999952,..,..,..,0.14,..,..
PRY,1994,..,0.600899994,0.28,..,..,0.15,..,..
PRY,1995,..,..,0.73,..,..,0.16,..,..
PRY,1996,..,1.340000033,..,..,..,0.16,..,..
PRY,1997,..,..,1.098,..,..,0.18,..,..
PRY,1998,..,..,..,..,..,0.18,..,..
PRY,1999,..,..,..,..,..,0.19,..,..
PRY,2000,6.01865244,..,1.17,..,0,0.18,37.15229024,42
PRY,2001,5.60815811,..,..,10.5,0,0.18,14.4231538,44
PRY,2002,4.75770569,1.200000048,1.1488,9.3,0,0.18,14.58116586,44
PRY,2003,4.90703917,..,..,8.8,0,0.17,7.202270687,47
PRY,2004,4.93224335,..,..,9.1,0,0.18,3.548954546,47
PRY,2005,4.82934713,1.2,..,9.5,6,0.17,1.891797309,43
PRY,2006,5.01927567,1.3,..,9.7,8,0.16,4.115474183,48
PRY,2007,5.02042723,1.3,..,9.4,11,0.16,6.64364332,43
PRY,2008,5.03776026,1.3,..,9.6,16,0.15,1.628736622,42
PRY,2009,5.52496862,1.3,..,8.8,21,0.15,0.389688833,44
PRY,2010,5.46593952,1.3,..,7.7,27,0.15,9.63E-02,42
PRY,2011,5.82225847,1.36,..,7.2,27,0.15,4.75E-03,43
PRY,2012,6.53144598,..,1.2774,7.2,30,0.14,0,43
PRY,2013,6.0642848,..,..,7.4,34,0.14,0,40
PRY,2014,6.62719059,0.83,..,7.1,38,0.14,0,39
PRY,2015,6.69165802,0.78,..,7.4,41,0.14,0,40
PRY,2016,6.67556572,0.83,..,7.7,47,0.14,0,41
PRY,2017,6.60902548,..,..,7.8,55,0.13,0,43
PRY,2018,6.74497652,..,1.3544,7.8,58,0.13,0,43
PRY,2019,7.16429377,..,..,8.2,62,0.12,0,46
PRY,2020,7.57704258,..,1.0515,8.7,62,0.12,0,45
PRY,2021,..,..,..,..,66,0.13,0,48
PRY,2022,..,..,..,..,..,..,..,..
PER,1990,..,1.413200021,1.064,..,..,0.28,..,..
PER,1991,..,..,..,..,..,0.25,..,..
PER,1992,..,1.5,1.03,..,..,0.23,..,..
PER,1993,..,1.299999952,..,..,..,0.2,..,..
PER,1994,..,1.35710001,..,..,..,0.19,..,..
PER,1995,..,..,0.98,..,..,0.19,..,..
PER,1996,..,1.470000029,..,..,..,0.19,..,..
PER,1997,..,..,0.932,..,..,0.19,..,..
PER,1998,..,..,..,..,..,0.19,..,..
PER,1999,..,..,1.1427,..,..,0.19,..,..
PER,2000,4.41482639,..,..,..,0,0.19,9.870761655,183
PER,2001,4.72161007,..,..,21.5,0,0.19,9.902289033,173
PER,2002,4.93902254,..,..,22.9,2,0.2,12.01203551,166
PER,2003,4.58695936,1.399999976,..,23.1,4,0.19,10.30624619,146
PER,2004,4.42970943,0.9,..,21.7,2,0.19,10.53222768,151
PER,2005,4.66595268,..,..,18.8,7,0.2,9.78135018,151
PER,2006,4.4095645,..,..,15.7,10,0.19,7.181694153,153
PER,2007,4.42612123,1.2,1.6648,13.7,16,0.18,5.575759755,143
PER,2008,4.51516962,1.5,..,11.6,18,0.17,4.826622365,141
PER,2009,4.97465611,1.6,0.9472,9.7,26,0.16,4.56699675,138
PER,2010,4.71905422,1.5,..,8.7,34,0.15,3.296717846,134
PER,2011,4.54211617,1.53,..,7.7,36,0.13,2.671003982,133
PER,2012,4.74102163,1.52,1.1411,6.7,45,0.13,3.460753987,126
PER,2013,4.76056957,1.51,..,5.7,44,0.12,5.311813604,125
PER,2014,4.97922754,1.56,..,5.4,50,0.12,7.040536938,125
PER,2015,4.98142099,1.55,..,5.9,53,0.13,7.203878568,122
PER,2016,4.99025059,1.59,1.3048,6.9,59,0.15,5.956634562,120
PER,2017,4.91623974,1.59,..,7.6,62,0.15,5.860777533,119
PER,2018,5.19228029,..,1.3694,7.6,69,0.15,4.621525485,119
PER,2019,5.21140051,..,..,8.1,76,0.16,3.547003124,119
PER,2020,6.30416107,..,..,8.3,76,0.17,2.273947836,117
PER,2021,..,..,..,..,80,0.17,1.755765405,130
PER,2022,..,..,..,..,..,..,..,..
PHL,1990,..,1.391899943,0.119,..,..,0.01,..,..
PHL,1991,..,1.274500012,..,..,..,0.01,..,..
PHL,1992,..,1.370100021,0.108,..,..,0.01,..,..
PHL,1993,..,1.071099997,..,..,..,0.01,..,..
PHL,1994,..,..,..,..,..,0.01,..,..
PHL,1995,..,..,..,..,..,0.01,..,..
PHL,1996,..,..,1.23,..,..,0.01,..,..
PHL,1997,..,..,1.24,..,..,0.01,..,..
PHL,1998,..,..,..,..,..,0.01,..,..
PHL,1999,..,..,..,..,..,0.01,..,..
PHL,2000,3.05512357,..,1.2185,..,0,0.01,1.766465425,590
PHL,2001,2.84775972,1,1.2201,18.7,0,0.01,1.214197795,579
PHL,2002,2.63767385,0.5,1.1107,18.4,0,0.01,1.495261809,569
PHL,2003,3.07663488,..,1.2256,17,0,0.01,2.086292407,559
PHL,2004,3.0468533,..,1.108,15.9,..,0.01,1.856620991,549
PHL,2005,3.74253035,..,1.2289,14.4,1,0.01,1.660093968,539
PHL,2006,3.77762938,1.07,1.2361,13.2,4,0.02,2.017567389,530
PHL,2007,3.75318074,1.05,1.2441,12.1,5,0.02,2.167793496,520
PHL,2008,3.86315918,1.04,1.2558,11.3,7,0.03,1.408106099,524
PHL,2009,4.16451931,1.06,1.2632,11.5,7,0.04,1.089777074,528
PHL,2010,4.13107872,1.06,1.2717,12.2,8,0.05,0.973665631,531
PHL,2011,4.02518559,1.07,..,12.4,12,0.05,0.42750962,535
PHL,2012,4.17709208,1.05,..,12.1,14,0.06,0.336739258,539
PHL,2013,4.27408695,0.99,..,11.6,15,7.00E-02,0.302556978,543
PHL,2014,3.70313668,0.99,..,11.1,19,0.09,0.243322995,546
PHL,2015,3.8982749,..,..,10.2,24,0.1,0.466353523,550
PHL,2016,3.95484328,..,..,8.8,29,0.11,0.284179068,554
PHL,2017,3.96042776,..,0.6004,7.5,34,0.12,0.26757086,554
PHL,2018,3.9538188,..,..,6.2,39,0.13,0.172877947,554
PHL,2019,4.16646004,..,..,5.5,41,0.15,0.211161663,554
PHL,2020,5.11274004,..,0.7727,5.2,39,0.16,0.231697967,533
PHL,2021,5.6067462,..,..,..,41,0.19,0.160414641,650
PHL,2022,..,..,..,..,..,..,..,..
POL,1990,..,5.699999809,2.1507,..,..,..,..,..
POL,1991,..,5.699999809,2.1775,..,..,..,..,..
POL,1992,..,5.599999905,2.1919,..,..,..,..,..
POL,1993,..,5.599999905,2.2288,..,..,..,..,..
POL,1994,..,5.599999905,2.2848,..,..,..,..,..
POL,1995,..,5.5,2.3251,..,..,..,..,..
POL,1996,..,5.5,2.3586,..,..,..,..,..
POL,1997,..,5.400000095,2.364,..,..,..,..,..
POL,1998,..,5.300000191,2.336,..,..,..,..,..
POL,1999,..,5.099999905,2.2693,..,..,..,..,..
POL,2000,5.28789568,4.900000095,2.2053,..,..,..,..,33
POL,2001,5.66721439,..,2.2504,2.5,..,..,..,30
POL,2002,6.06724358,5.599999905,2.2882,2.5,..,..,..,30
POL,2003,5.95371294,6.68,2.4188,2.5,..,..,..,30
POL,2004,5.86845207,6.67,2.2771,2.5,..,..,..,26
POL,2005,5.80689144,6.52,2.1267,2.5,..,..,..,24
POL,2006,5.80280542,6.47,2.1671,2.5,..,..,..,24
POL,2007,5.87339211,6.42,2.1776,2.5,..,..,..,24
POL,2008,6.37592173,6.62,2.1482,2.5,..,..,..,22
POL,2009,6.587708,6.65,2.1593,2.5,..,..,..,23
POL,2010,6.4122324,6.61,2.1707,2.5,..,..,..,21
POL,2011,6.2400856,6.63,2.1997,2.5,..,..,..,24
POL,2012,6.22393656,6.63,2.2242,2.5,..,..,..,21
POL,2013,6.41485739,6.61,2.234,2.5,..,..,..,21
POL,2014,6.38664055,6.63,2.302,2.5,..,..,..,19
POL,2015,6.39477158,6.63,2.3252,2.5,..,..,..,19
POL,2016,6.53473854,6.64,2.4146,2.5,..,..,..,18
POL,2017,6.5601325,6.62,2.3788,2.5,..,..,..,17
POL,2018,6.32764196,6.54,..,2.5,..,..,..,16
POL,2019,6.44682503,..,..,2.5,..,..,..,15
POL,2020,6.49310207,..,..,2.5,..,..,..,9.4
POL,2021,6.59315157,..,..,..,..,..,..,10
POL,2022,..,..,..,..,..,..,..,..
PRT,1990,..,4.099999905,2.8312,..,..,0.3,..,..
PRT,1991,..,4.099999905,2.8582,..,..,0.32,..,..
PRT,1992,..,4,2.8669,..,..,0.32,..,..
PRT,1993,..,3.900000095,2.87,..,..,0.31,..,..
PRT,1994,..,3.900000095,2.8823,..,..,0.29,..,..
PRT,1995,..,3.900000095,2.9118,..,..,0.28,..,..
PRT,1996,..,4,2.9878,..,..,0.27,..,..
PRT,1997,..,3.900000095,3.0301,..,..,0.25,..,..
PRT,1998,..,3.900000095,3.0889,..,..,0.24,..,..
PRT,1999,..,3.799999952,3.1149,..,..,0.23,..,..
PRT,2000,8.60104179,3.71,3.2026,..,18,0.22,..,47
PRT,2001,8.62751579,3.65,3.2618,2.5,22,0.22,..,48
PRT,2002,8.78642941,3.57,3.2996,2.5,26,0.21,..,48
PRT,2003,9.12415695,3.58,3.3497,2.5,30,0.2,..,44
PRT,2004,9.5325079,3.59,3.4206,2.5,34,0.19,..,40
PRT,2005,9.65306759,3.56,3.4999,2.5,37,0.19,..,36
PRT,2006,9.35422611,3.48,3.5654,2.5,40,0.18,..,35
PRT,2007,9.25186634,3.44,3.6483,2.5,43,0.18,..,32
PRT,2008,9.58307838,3.39,3.7405,2.5,46,0.17,..,31
PRT,2009,10.13070393,3.37,3.8479,2.5,49,0.16,..,29
PRT,2010,10.03250504,3.37,3.9756,2.5,54,0.16,..,28
PRT,2011,9.73071671,3.37,4.1178,2.5,58,0.15,..,27
PRT,2012,9.65393257,3.41,4.2361,2.5,63,0.14,..,27
PRT,2013,9.40486622,3.39,4.3932,2.5,67,0.14,..,26
PRT,2014,9.3428812,3.32,4.5567,2.5,71,0.13,..,24
PRT,2015,9.31645775,3.37,4.7487,2.5,74,0.12,..,23
PRT,2016,9.39439487,3.39,4.9397,2.5,77,0.11,..,20
PRT,2017,9.30583763,3.39,5.124,2.5,87,0.1,..,20
PRT,2018,9.4126482,3.45,5.3117,2.5,..,0.1,..,21
PRT,2019,9.51379871,..,5.4837,2.5,..,0.09,..,19
PRT,2020,10.54930592,..,..,2.5,..,0.08,..,16
PRT,2021,11.21076488,..,..,..,..,7.00E-02,..,16
PRT,2022,..,..,..,..,..,..,..,..
PRI,1990,..,..,..,..,..,..,..,..
PRI,1991,..,..,..,..,..,..,..,..
PRI,1992,..,..,..,..,..,..,..,..
PRI,1993,..,..,..,..,..,..,..,..
PRI,1994,..,..,..,..,..,..,..,..
PRI,1995,..,..,1.75,..,..,..,..,..
PRI,1996,..,3.319999933,..,..,..,..,..,..
PRI,1997,..,..,..,..,..,..,..,..
PRI,1998,..,..,..,..,..,..,..,..
PRI,1999,..,..,..,..,..,..,..,..
PRI,2000,..,..,..,..,..,..,..,5.2
PRI,2001,..,..,..,..,..,..,..,3.6
PRI,2002,..,..,..,..,..,..,..,3.9
PRI,2003,..,..,..,..,..,..,..,3.5
PRI,2004,..,..,..,..,..,..,..,3.7
PRI,2005,..,..,..,..,..,..,..,3.4
PRI,2006,..,..,..,..,..,..,..,3.4
PRI,2007,..,..,..,..,..,..,..,3
PRI,2008,..,..,..,..,..,..,..,2.9
PRI,2009,..,..,..,..,..,..,..,1.9
PRI,2010,..,..,..,..,..,..,..,2.5
PRI,2011,..,..,..,..,..,..,..,1.6
PRI,2012,..,..,..,..,..,..,..,2.2
PRI,2013,..,..,..,..,..,..,..,1.6
PRI,2014,..,..,..,..,..,..,..,1.4
PRI,2015,..,..,..,..,..,..,..,1.7
PRI,2016,..,..,..,..,..,..,..,2.2
PRI,2017,..,..,..,..,..,..,..,1.3
PRI,2018,..,..,..,..,..,..,..,0.87
PRI,2019,..,..,..,..,..,..,..,1.3
PRI,2020,..,..,..,..,..,..,..,0.95
PRI,2021,..,..,..,..,..,..,..,0.6
PRI,2022,..,..,..,..,..,..,..,..
QAT,1990,..,..,1.5,..,..,0.03,..,..
QAT,1991,..,..,..,..,..,0.03,..,..
QAT,1992,..,..,..,..,..,0.03,..,..
QAT,1993,..,..,..,..,..,0.03,..,..
QAT,1994,..,..,..,..,..,0.03,..,..
QAT,1995,..,..,..,..,..,0.03,..,..
QAT,1996,..,..,1.26,..,..,0.03,..,..
QAT,1997,..,1.649999976,1.26,..,..,0.04,..,..
QAT,1998,..,..,..,..,..,0.04,..,..
QAT,1999,..,..,..,..,..,0.04,..,..
QAT,2000,1.97258496,2.36,..,..,0,0.04,..,50
QAT,2001,2.3197093,2.42,2.217,..,0,0.04,..,48
QAT,2002,2.46044064,2.36,..,..,0,0.04,..,45
QAT,2003,3.50257182,2.36,..,..,0,0.04,..,42
QAT,2004,3.18311739,2.36,..,..,0,0.04,..,40
QAT,2005,2.56300044,2.43,2.4844,..,0,0.05,..,44
QAT,2006,2.288064,2.52,2.2617,..,0,0.05,..,38
QAT,2007,2.07008052,2.52,..,..,..,0.05,..,37
QAT,2008,1.63775349,2.52,3.2087,..,..,0.05,..,45
QAT,2009,2.38356304,1.4,3.0975,..,9,0.05,..,44
QAT,2010,1.87017763,1.23,3.7273,..,17,0.05,..,39
QAT,2011,1.599962,1.2,..,..,24,0.06,..,35
QAT,2012,1.74822152,1.2,..,..,29,0.06,..,44
QAT,2013,2.07620168,1.4,..,..,33,0.06,..,34
QAT,2014,2.42293572,1.2,1.7351,..,37,0.06,..,24
QAT,2015,3.6881299,1.2,..,..,41,0.06,..,25
QAT,2016,3.68284607,1.2,2.6944,..,43,7.00E-02,..,22
QAT,2017,3.43562698,1.25,..,..,45,7.00E-02,..,25
QAT,2018,3.25339484,..,2.4852,..,47,7.00E-02,..,31
QAT,2019,3.51384258,..,..,..,48,7.00E-02,..,35
QAT,2020,4.18303919,..,..,..,49,7.00E-02,..,36
QAT,2021,..,..,..,..,58,7.00E-02,..,42
QAT,2022,..,..,..,..,..,..,..,..
ROU,1990,..,8.919899941,1.802,..,..,0.08,..,..
ROU,1991,..,8.922100067,1.816,..,..,0.09,..,..
ROU,1992,..,7.862100124,1.866,..,..,0.08,..,..
ROU,1993,..,7.869900227,1.77,..,..,0.08,..,..
ROU,1994,..,7.694499969,1.7353,..,..,7.00E-02,..,..
ROU,1995,..,7.639999867,..,..,..,0.04,..,..
ROU,1996,..,7.559999943,..,..,..,0.04,..,..
ROU,1997,..,7.380000114,..,..,..,0.04,..,..
ROU,1998,..,7.309999943,1.8388,..,..,0.04,..,..
ROU,1999,..,7.309999943,..,..,..,0.04,..,..
ROU,2000,4.20876169,7.7,1.9531,..,37,0.05,..,144
ROU,2001,4.37598133,7.74,1.9816,2.5,41,0.05,..,151
ROU,2002,4.57694626,7.67,2.096,2.5,45,0.05,..,158
ROU,2003,5.37136793,6.75,..,2.5,45,0.05,..,159
ROU,2004,5.47733593,6.74,2.2314,2.5,45,0.05,..,154
ROU,2005,5.52778196,6.78,2.2126,2.5,45,0.04,..,142
ROU,2006,5.07106066,6.74,2.2104,2.5,45,0.04,..,134
ROU,2007,5.02223349,6.54,2.2915,2.5,44,0.04,..,125
ROU,2008,5.02274227,6.57,2.4133,2.5,44,0.04,..,121
ROU,2009,5.2784133,6.62,2.4414,2.5,45,0.04,..,116
ROU,2010,5.76614285,6.28,2.4804,2.5,46,0.04,..,105
ROU,2011,4.70199966,6.31,2.5153,2.5,46,0.04,..,97
ROU,2012,4.73353195,6.6,2.5887,2.5,47,0.04,..,92
ROU,2013,5.19664145,6.67,2.624,2.5,51,0.04,..,89
ROU,2014,5.02168465,6.71,..,2.5,55,0.04,..,85
ROU,2015,4.94721603,6.79,..,2.5,59,0.04,..,82
ROU,2016,5.00346947,6.84,2.2565,2.5,60,0.04,..,74
ROU,2017,5.15083218,6.89,2.9807,2.5,62,0.04,..,72
ROU,2018,5.56050777,..,..,2.5,63,0.04,..,68
ROU,2019,5.74023104,..,..,2.5,66,0.04,..,65
ROU,2020,6.27236223,..,..,2.5,65,0.04,..,43
ROU,2021,..,..,..,..,66,0.04,..,45
ROU,2022,..,..,..,..,..,..,..,..
RUS,1990,..,13.05529976,4.5231,..,..,..,..,..
RUS,1991,..,12.70199966,4.2717,..,..,..,..,..
RUS,1992,..,12.23429966,4.2983,..,..,..,..,..
RUS,1993,..,12.19589996,4.3242,..,..,..,..,..
RUS,1994,..,11.96119976,4.2926,..,..,..,..,..
RUS,1995,..,11.86999989,4.4101,..,..,..,..,..
RUS,1996,..,11.63000011,4.521,..,..,..,..,..
RUS,1997,..,11.34000015,4.5583,..,..,..,..,..
RUS,1998,..,11.10999966,4.6132,..,..,..,..,..
RUS,1999,..,10.85000038,4.6455,..,..,..,..,..
RUS,2000,5.01989794,11.4,4.646,..,..,..,..,95
RUS,2001,5.24284792,11.33,4.6479,4,..,..,..,92
RUS,2002,5.52166557,11.15,4.6992,3.3,..,..,..,90
RUS,2003,5.16368914,11.04,4.7438,2.8,..,..,..,88
RUS,2004,4.7603755,11.13,4.7765,2.5,..,..,..,87
RUS,2005,4.77177477,11.01,4.8047,2.5,..,..,..,88
RUS,2006,4.76654387,10.9,4.8967,2.5,..,..,..,88
RUS,2007,4.74792528,10.71,4.937,2.5,..,..,..,90
RUS,2008,4.90364122,9.85,4.9131,2.5,..,..,..,90
RUS,2009,5.64392471,9.68,4.9628,2.5,..,..,..,89
RUS,2010,4.97111797,9.41,4.9889,2.5,..,..,..,85
RUS,2011,4.79491472,9.42,4.2296,2.5,..,..,..,81
RUS,2012,4.93637609,9.3,4.0116,2.5,..,..,..,77
RUS,2013,5.08104897,9.07,3.995,2.5,..,..,..,73
RUS,2014,5.18209648,8.81,4.1272,2.5,..,..,..,70
RUS,2015,5.29604387,8.35,3.9332,2.5,..,..,..,67
RUS,2016,5.28970242,8.16,3.9777,2.5,..,..,..,63
RUS,2017,5.35889816,8.05,4.0762,2.5,..,..,..,59
RUS,2018,5.35520792,7.12,4.1165,2.5,..,..,..,54
RUS,2019,5.64849091,..,4.1834,2.5,..,..,..,50
RUS,2020,7.59624338,..,3.8187,2.5,..,..,..,48
RUS,2021,..,..,..,..,..,..,..,47
RUS,2022,..,..,..,..,..,..,..,..
RWA,1990,..,1.65199995,..,..,..,3.96,..,..
RWA,1991,..,..,..,..,..,4.15,..,..
RWA,1992,..,..,..,..,..,3.93,..,..
RWA,1993,..,..,0.04,..,..,4.02,..,..
RWA,1994,..,..,..,..,..,4.17,..,..
RWA,1995,..,..,..,..,..,4.24,..,..
RWA,1996,..,..,..,..,..,4.19,..,..
RWA,1997,..,..,..,..,..,4.06,..,..
RWA,1998,..,..,..,..,..,3.8,..,..
RWA,1999,..,..,..,..,..,3.47,..,..
RWA,2000,3.57583427,..,..,..,0,3.17,189.4102446,96
RWA,2001,3.31599975,..,..,38.5,0,2.9,179.8247337,83
RWA,2002,3.13122177,..,1.90E-02,35.2,0,2.69,164.3280836,89
RWA,2003,6.93491793,..,..,34.6,0,2.5,143.7621557,100
RWA,2004,7.50929976,1.7,4.90E-02,35.9,3,2.27,125.3046428,93
RWA,2005,7.72549963,..,2.40E-02,35.3,9,2.07,153.5063263,102
RWA,2006,7.60959911,1.6,..,33.7,16,1.86,150.6393806,112
RWA,2007,7.86212587,1.6,..,32.3,21,1.44,88.26464051,106
RWA,2008,7.5670433,..,5.20E-02,29.5,29,1.22,69.88972394,101
RWA,2009,7.80694866,..,5.50E-02,29.9,36,1.09,153.9924831,95
RWA,2010,8.08923531,..,5.50E-02,31.4,41,1.04,104.739718,83
RWA,2011,7.93879843,..,1.29E-02,34.3,46,0.86,36.93046339,80
RWA,2012,8.10667801,..,..,34.5,53,0.84,59.62786755,72
RWA,2013,6.77649164,..,0.1021,34.8,59,0.75,109.4121886,66
RWA,2014,6.98968554,..,9.09E-02,35.1,65,0.66,202.2369626,65
RWA,2015,6.65446424,..,0.1129,35.3,71,0.59,307.9597721,61
RWA,2016,6.96060848,..,0.1226,34.9,79,0.57,409.6787677,62
RWA,2017,6.38999748,..,0.1376,34.7,82,0.48,709.7933263,58
RWA,2018,6.69975424,..,0.134,34.7,85,0.43,493.4747644,59
RWA,2019,6.33025074,..,0.1182,35.2,88,0.37,411.3341241,57
RWA,2020,7.3156209,..,..,35.8,90,0.34,227.1386563,57
RWA,2021,..,..,..,..,93,0.34,126.3190572,56
RWA,2022,..,..,..,..,..,..,..,..
WSM,1990,..,..,..,..,..,..,..,..
WSM,1991,..,..,..,..,..,..,..,..
WSM,1992,..,..,0.365,..,..,..,..,..
WSM,1993,..,..,..,..,..,..,..,..
WSM,1994,..,..,..,..,..,..,..,..
WSM,1995,..,..,..,..,..,..,..,..
WSM,1996,..,..,0.344,..,..,..,..,..
WSM,1997,..,..,..,..,..,..,..,..
WSM,1998,..,..,0.33,..,..,..,..,..
WSM,1999,..,..,0.6912,..,..,..,..,..
WSM,2000,4.39660597,3.299999952,..,..,..,..,..,27
WSM,2001,3.93347716,..,..,3.5,..,..,..,14
WSM,2002,4.64051485,1.5,..,3.5,..,..,..,19
WSM,2003,4.28586912,2.04,0.2817,3.4,..,..,..,17
WSM,2004,4.64893866,..,..,3.3,..,..,..,21
WSM,2005,4.76252794,1,0.2782,3.4,..,..,..,15
WSM,2006,5.01838207,..,..,3.8,..,..,..,15
WSM,2007,4.87175274,1,..,3.9,..,..,..,13
WSM,2008,4.6574831,..,0.4637,4,..,..,..,7.2
WSM,2009,5.25886679,..,..,3.9,..,..,..,9.5
WSM,2010,5.28433228,..,0.3443,4.2,..,..,..,8.3
WSM,2011,5.43251324,..,..,4.1,..,..,..,12
WSM,2012,5.07101011,..,..,4,..,..,..,13
WSM,2013,6.44109249,..,0.4824,3.7,..,..,..,13
WSM,2014,6.59894657,..,..,4.1,..,..,..,13
WSM,2015,5.78755188,..,..,4.4,..,..,..,11
WSM,2016,5.10326052,..,0.3445,4.7,..,..,..,7.3
WSM,2017,5.46427584,..,..,4.6,..,..,..,17
WSM,2018,5.09365797,..,..,4.5,..,..,..,6
WSM,2019,6.01635885,..,..,4.4,..,..,..,9.8
WSM,2020,5.32613707,..,0.5998,4.4,..,..,..,7
WSM,2021,..,..,..,..,..,..,..,6.8
WSM,2022,..,..,..,..,..,..,..,..
SMR,1990,..,7.159999847,..,..,..,..,..,..
SMR,1991,..,..,..,..,..,..,..,..
SMR,1992,..,..,..,..,..,..,..,..
SMR,1993,..,..,..,..,..,..,..,..
SMR,1994,..,..,..,..,..,..,..,..
SMR,1995,..,..,..,..,..,..,..,..
SMR,1996,..,..,..,..,..,..,..,..
SMR,1997,..,..,..,..,..,..,..,..
SMR,1998,..,..,..,..,..,..,..,..
SMR,1999,..,..,..,..,..,..,..,..
SMR,2000,5.83692789,..,..,..,..,..,..,4.3
SMR,2001,5.69305277,..,..,..,..,..,..,0
SMR,2002,5.44233704,..,..,..,..,..,..,4.1
SMR,2003,4.81547499,..,..,..,..,..,..,4
SMR,2004,4.91077471,..,..,..,..,..,..,0
SMR,2005,4.93253946,..,..,..,..,..,..,0
SMR,2006,4.95809364,..,..,..,..,..,..,0
SMR,2007,5.1441412,..,..,..,..,..,..,0
SMR,2008,5.45987749,..,..,..,..,..,..,0
SMR,2009,6.24213982,..,..,..,..,..,..,0
SMR,2010,6.26656914,..,..,..,..,..,..,0
SMR,2011,8.24971485,3.85,4.8896,..,..,..,..,0
SMR,2012,9.1801672,3.8,5.109,..,..,..,..,0
SMR,2013,8.42561722,..,5.0307,..,..,..,..,0
SMR,2014,8.48387432,..,6.1094,..,..,..,..,0
SMR,2015,8.6108551,..,..,..,..,..,..,0
SMR,2016,8.62851906,..,..,..,..,..,..,0
SMR,2017,8.47825909,..,..,..,..,..,..,0
SMR,2018,8.48912334,..,..,..,..,..,..,0
SMR,2019,8.3529911,..,..,..,..,..,..,0
SMR,2020,8.69089031,..,..,..,..,..,..,0
SMR,2021,..,..,..,..,..,..,..,0
SMR,2022,..,..,..,..,..,..,..,..
STP,1990,..,..,0.53,..,..,2.4,..,..
STP,1991,..,4.737299919,..,..,..,2.7,..,..
STP,1992,..,..,0.328,..,..,2.88,..,..
STP,1993,..,..,..,..,..,2.89,..,..
STP,1994,..,..,..,..,..,2.7,..,..
STP,1995,..,..,..,..,..,2.45,..,..
STP,1996,..,..,0.467,..,..,2.15,..,..
STP,1997,..,..,..,..,..,1.86,..,..
STP,1998,..,..,..,..,..,1.64,..,..
STP,1999,..,..,..,..,..,1.54,..,..
STP,2000,10.51090622,..,..,..,0,1.31,222.490502,119
STP,2001,10.83180332,..,..,14.7,0,1.23,287.7517811,117
STP,2002,10.66279125,..,..,12.8,0,1.08,337.5978537,112
STP,2003,12.6178236,3.2,..,11.2,0,0.89,277.4157464,125
STP,2004,11.8697958,..,0.527,9.8,0,0.75,294.7804968,138
STP,2005,11.51630402,..,..,9,2,0.62,112.1907472,151
STP,2006,8.27670765,3.2,..,9,3,0.53,31.05144064,166
STP,2007,8.1677618,..,..,9.8,5,0.46,14.25417292,98
STP,2008,7.11202812,..,..,11.1,8,0.39,35.96469047,70
STP,2009,7.19514179,..,..,12.1,12,0.36,34.7053804,78
STP,2010,6.84464884,..,..,13,16,0.31,17.27261747,117
STP,2011,6.75577354,2.9,..,13.5,20,0.27,45.37636258,129
STP,2012,6.47629499,..,..,13.3,26,0.22,66.0790632,107
STP,2013,7.93743753,..,..,12.9,30,0.16,47.70408295,134
STP,2014,6.73101807,..,..,13,39,0.18,8.881147562,141
STP,2015,5.34009647,..,0.3159,12.9,51,0.15,10.22254927,156
STP,2016,6.43088865,..,..,12.9,61,0.14,10.93670589,162
STP,2017,6.46091604,..,..,12.5,75,0.11,10.76256033,117
STP,2018,5.84369898,..,..,12.8,86,0.11,13.89677493,124
STP,2019,5.22996283,..,0.4884,13,90,0.06,12.73072102,114
STP,2020,4.90671349,..,..,13.5,95,0.06,8.840976761,115
STP,2021,..,..,..,..,98,0.05,12.18697755,114
STP,2022,..,..,..,..,..,..,..,..
SAU,1990,..,2.496400118,1.433,..,..,..,..,..
SAU,1991,..,..,..,..,..,..,..,..
SAU,1992,..,..,..,..,..,..,..,..
SAU,1993,..,..,1.335,..,..,..,..,..
SAU,1994,..,..,..,..,..,..,..,..
SAU,1995,..,..,..,..,..,..,..,..
SAU,1996,..,..,..,..,..,..,..,..
SAU,1997,..,2.299999952,1.66,..,..,..,..,..
SAU,1998,..,..,..,..,..,..,..,..
SAU,1999,..,..,..,..,..,..,..,..
SAU,2000,4.21160603,2.3,0.7235,..,..,..,3.828148128,18
SAU,2001,4.46172953,..,0.6822,4.9,..,..,1.737407329,17
SAU,2002,4.24938202,2.24,..,5,..,..,1.441213974,17
SAU,2003,3.97910237,2.24,..,5.1,..,..,0.929573485,16
SAU,2004,3.58400226,2.24,..,5,..,..,0.649944317,16
SAU,2005,3.41867018,2.25,..,4.8,..,..,0.54182794,17
SAU,2006,3.6192224,2.3,..,4.5,..,..,0.628497493,17
SAU,2007,3.56229854,2.2,..,4.8,..,..,0.220813283,17
SAU,2008,2.97100854,2.21,2.0626,5.5,..,..,2.78E-02,17
SAU,2009,4.29042482,2.17,2.076,5.6,..,..,2.54E-02,16
SAU,2010,3.64785957,2.2,2.4074,5.9,..,..,1.23E-02,17
SAU,2011,3.7117846,2.14,2.4607,5.4,..,..,2.86E-02,15
SAU,2012,4.01962805,2.09,2.453,5.4,..,..,3.32E-02,14
SAU,2013,4.46568966,2.2,..,4.6,..,..,1.35E-02,13
SAU,2014,5.22794724,2.65,2.5654,4.3,..,..,1.17E-02,12
SAU,2015,5.99833775,2.2,..,3.7,..,..,3.16E-02,12
SAU,2016,6.42797995,2.23,2.3776,3.7,..,..,0.101607149,10
SAU,2017,6.26256561,2.24,2.5366,3.7,..,..,6.46E-02,9.6
SAU,2018,5.53687382,..,2.6117,3.8,..,..,2.17E-02,9.7
SAU,2019,..,..,2.7528,3.9,..,..,1.32E-02,9.4
SAU,2020,..,..,2.7384,3.7,..,..,2.88E-02,7.8
SAU,2021,..,..,..,..,..,..,0,8.2
SAU,2022,..,..,..,..,..,..,..,..
SEN,1990,..,0.729600012,5.50E-02,..,..,0.23,..,..
SEN,1991,..,..,..,..,..,0.28,..,..
SEN,1992,..,..,6.80E-02,..,..,0.33,..,..
SEN,1993,..,..,..,..,..,0.39,..,..
SEN,1994,..,0.247500002,9.60E-02,..,..,0.46,..,..
SEN,1995,..,..,7.50E-02,..,..,0.51,..,..
SEN,1996,..,0.449999988,9.30E-02,..,..,0.57,..,..
SEN,1997,..,..,9.30E-02,..,..,0.62,..,..
SEN,1998,..,0.400000006,9.50E-02,..,..,0.66,..,..
SEN,1999,..,..,..,..,..,0.68,..,..
SEN,2000,3.55015397,..,..,..,0,0.68,275.8087225,155
SEN,2001,3.68148756,..,..,24.1,0,0.67,248.5518504,153
SEN,2002,3.95294404,..,..,22.9,0,0.64,220.8636719,150
SEN,2003,4.29703569,..,..,21.4,0,0.59,197.7165374,147
SEN,2004,4.56856203,..,5.49E-02,19.6,0,0.55,130.2434102,144
SEN,2005,3.67466521,..,..,18.1,0,0.49,124.1454277,141
SEN,2006,3.76337624,..,..,16.5,0,0.42,122.1890893,139
SEN,2007,3.41496587,0.1,..,13.6,16,0.36,100.3249864,138
SEN,2008,3.50687575,0.3,6.17E-02,11.9,19,0.26,52.95795166,136
SEN,2009,3.841573,..,..,11,22,0.22,33.26871957,134
SEN,2010,4.02764368,..,..,11.3,25,0.19,60.90396094,132
SEN,2011,4.21416712,..,..,11.5,27,0.16,48.62098746,130
SEN,2012,4.26688004,..,..,11.9,26,0.14,53.35768672,129
SEN,2013,4.38573599,..,0.3179,12,31,0.12,58.35836478,127
SEN,2014,4.38962269,..,..,11.8,38,0.1,38.13673972,125
SEN,2015,4.37789631,..,0.2074,10.7,44,0.1,70.41768281,123
SEN,2016,4.25606871,..,7.70E-02,9.5,51,0.1,46.37736355,122
SEN,2017,4.16359377,..,6.91E-02,8.5,57,0.1,53.15358245,120
SEN,2018,4.43182087,..,..,7.8,66,0.1,67.26581837,118
SEN,2019,4.49531031,..,8.81E-02,7.4,73,0.09,42.0117618,117
SEN,2020,5.15119171,..,..,7.5,76,0.09,50.83042713,115
SEN,2021,..,..,..,..,79,0.1,59.00216393,113
SEN,2022,..,..,..,..,..,..,..,..
SRB,1990,..,..,..,..,..,0.02,..,..
SRB,1991,..,..,..,..,..,0.02,..,..
SRB,1992,..,..,..,..,..,0.01,..,..
SRB,1993,..,..,..,..,..,0.01,..,..
SRB,1994,..,..,..,..,..,0.01,..,..
SRB,1995,..,..,..,..,..,0.01,..,..
SRB,1996,..,..,..,..,..,0.01,..,..
SRB,1997,..,..,..,..,..,0.01,..,..
SRB,1998,..,..,..,..,..,0.01,..,..
SRB,1999,..,..,..,..,..,0.01,..,..
SRB,2000,6.503829,..,..,..,0,0.01,..,..
SRB,2001,6.86536217,..,..,3.1,0,0.01,..,..
SRB,2002,8.06561947,..,..,3,0,0.01,..,..
SRB,2003,8.13506126,..,2.2114,2.7,39,0.01,..,..
SRB,2004,8.24590302,..,2.2693,2.5,48,0.01,..,..
SRB,2005,8.28380585,5.9,2.2609,2.5,56,0.01,..,40
SRB,2006,8.49390411,5.54,2.2858,2.5,54,0.01,..,40
SRB,2007,9.37648869,5.35,2.3447,2.5,53,0.02,..,37
SRB,2008,9.48246479,5.34,2.4215,2.5,53,0.02,..,35
SRB,2009,9.34623528,5.35,2.4467,2.5,52,0.02,..,32
SRB,2010,9.52730083,5.4,2.482,2.5,53,0.02,..,30
SRB,2011,9.11380386,5.43,2.5003,2.6,53,0.02,..,28
SRB,2012,9.32820415,5.44,2.4961,2.6,52,0.02,..,24
SRB,2013,9.31232452,5.5,2.4945,3.2,52,0.02,..,27
SRB,2014,9.2459898,5.52,2.4611,3.7,53,0.02,..,23
SRB,2015,8.81319809,5.58,2.4603,4.1,54,0.02,..,21
SRB,2016,8.45890999,5.59,..,4.2,57,0.02,..,19
SRB,2017,8.22039318,5.61,..,4,60,0.02,..,19
SRB,2018,8.53168106,..,..,3.8,64,0.02,..,17
SRB,2019,8.66556168,..,..,3.7,64,0.02,..,14
SRB,2020,8.73161697,..,..,3.3,63,0.02,..,14
SRB,2021,..,..,..,..,64,0.02,..,15
SRB,2022,..,..,..,..,..,..,..,..
SYC,1990,..,..,..,..,..,..,..,..
SYC,1991,..,..,..,..,..,..,..,..
SYC,1992,..,..,..,..,..,..,..,..
SYC,1993,..,..,1.027,..,..,..,..,..
SYC,1994,..,..,..,..,..,..,..,..
SYC,1995,..,..,..,..,..,..,..,..
SYC,1996,..,..,1.324,..,..,..,..,..
SYC,1997,..,..,..,..,..,..,..,..
SYC,1998,..,..,..,..,..,..,..,..
SYC,1999,..,..,..,..,..,..,..,..
SYC,2000,4.61071777,..,..,..,..,..,..,29
SYC,2001,5.39628124,..,..,..,..,..,..,27
SYC,2002,4.56042624,..,..,..,..,..,..,40
SYC,2003,5.35933495,..,..,..,..,..,..,14
SYC,2004,5.1972785,..,1.3844,..,..,..,..,24
SYC,2005,4.97854805,..,1.1725,..,..,..,..,19
SYC,2006,4.67937088,5.7,0.838,..,..,..,..,23
SYC,2007,4.09072113,..,1.01,..,..,..,..,22
SYC,2008,3.98245716,..,0.7735,..,..,..,..,7.7
SYC,2009,3.88551354,3.9,1.1344,..,..,..,..,19
SYC,2010,4.82908678,..,1.0953,..,..,..,..,21
SYC,2011,4.80053091,3.6,1.1643,..,..,..,..,26
SYC,2012,5.73247623,..,1.0043,..,..,..,..,24
SYC,2013,4.50912523,..,..,..,..,..,..,29
SYC,2014,4.58643389,..,..,..,..,..,..,15
SYC,2015,4.46488523,..,..,..,..,..,..,9.3
SYC,2016,4.96118879,..,2.1212,..,..,..,..,14
SYC,2017,4.76658726,..,..,..,..,..,..,18
SYC,2018,4.98726749,..,2.4717,..,..,..,..,17
SYC,2019,4.87495708,..,2.2518,..,..,..,..,15
SYC,2020,6.38917351,..,..,..,..,..,..,9.8
SYC,2021,..,..,..,..,..,..,..,12
SYC,2022,..,..,..,..,..,..,..,..
SLE,1990,..,..,..,..,..,1.05,..,..
SLE,1991,..,..,..,..,..,1.22,..,..
SLE,1992,..,..,..,..,..,1.34,..,..
SLE,1993,..,..,..,..,..,1.42,..,..
SLE,1994,..,..,..,..,..,1.5,..,..
SLE,1995,..,..,..,..,..,1.58,..,..
SLE,1996,..,..,7.30E-02,..,..,1.62,..,..
SLE,1997,..,..,..,..,..,1.61,..,..
SLE,1998,..,..,..,..,..,1.66,..,..
SLE,1999,..,..,..,..,..,1.61,..,..
SLE,2000,11.51732349,..,..,..,0,1.59,454.0876039,305
SLE,2001,10.9725275,..,..,50.7,0,1.57,453.2490196,309
SLE,2002,11.42101955,..,..,49.8,0,1.53,441.5165581,311
SLE,2003,10.82904911,..,..,49.4,0,1.49,419.8985331,313
SLE,2004,10.96054268,..,3.09E-02,48.8,0,1.41,409.7808028,314
SLE,2005,11.03773403,..,..,46.7,0,1.4,399.4558476,316
SLE,2006,10.39399529,0.4,..,43.7,1,1.36,391.9350391,317
SLE,2007,10.03516102,..,..,41.7,2,1.32,403.5348079,318
SLE,2008,9.87387657,..,1.55E-02,40.3,3,1.21,435.8873788,318
SLE,2009,11.0984726,..,..,34.9,6,1.17,460.295803,318
SLE,2010,10.94337559,..,2.12E-02,29.1,9,1.11,462.6280431,317
SLE,2011,13.2813406,..,2.51E-02,24.4,11,1.02,455.1445507,316
SLE,2012,10.59042263,..,..,24.3,11,0.94,439.8827031,314
SLE,2013,11.56771851,..,..,25.4,13,0.95,419.4175359,313
SLE,2014,19.72741699,..,..,25,15,0.92,401.6451916,310
SLE,2015,20.41341209,..,..,25.8,19,0.85,390.6509471,307
SLE,2016,16.52595901,..,..,25.9,24,0.8,388.9551427,304
SLE,2017,9.3997612,..,..,27.2,31,0.72,375.637979,301
SLE,2018,8.28987503,..,7.40E-02,27.7,38,0.65,369.0711476,298
SLE,2019,8.84668446,..,..,27.9,44,0.6,355.1194334,295
SLE,2020,8.75637054,..,..,27.4,50,0.55,339.547873,292
SLE,2021,..,..,..,..,61,0.5,329.8316601,289
SLE,2022,..,..,..,..,..,..,..,..
SGP,1990,..,3.607800007,1.266,..,..,0.04,..,..
SGP,1991,..,3.547199964,1.32,..,..,0.05,..,..
SGP,1992,..,3.451400042,1.348,..,..,7.00E-02,..,..
SGP,1993,..,3.642699957,1.385,..,..,0.08,..,..
SGP,1994,..,3.56520009,1.411,..,..,0.09,..,..
SGP,1995,..,..,..,..,..,0.1,..,..
SGP,1996,..,..,..,..,..,0.11,..,..
SGP,1997,..,..,..,..,..,0.12,..,..
SGP,1998,..,..,1.627,..,..,0.13,..,..
SGP,1999,..,..,1.3465,..,..,0.14,..,..
SGP,2000,3.343364,..,1.3842,..,3,0.14,..,49
SGP,2001,3.16302657,2.900000095,1.4525,..,3,0.15,..,43
SGP,2002,3.358464,..,1.4689,..,4,0.15,..,42
SGP,2003,3.60699272,2.8,1.5238,..,4,0.15,..,43
SGP,2004,3.15019798,..,1.5542,..,5,0.14,..,38
SGP,2005,3.03367925,3.2,1.5819,..,7,0.14,..,36
SGP,2006,2.9347465,3.2,1.5744,..,11,0.14,..,34
SGP,2007,2.83749056,3.22,1.6127,..,16,0.13,..,34
SGP,2008,3.19488454,3.1,1.6418,..,22,0.12,..,37
SGP,2009,3.39853096,..,1.6758,..,30,0.12,..,35
SGP,2010,3.20265388,..,1.7598,..,34,0.11,..,35
SGP,2011,3.15792179,2,1.8326,..,40,0.1,..,36
SGP,2012,3.32783675,..,1.9043,..,45,0.1,..,49
SGP,2013,3.68562651,2.19,2.0084,..,51,0.09,..,45
SGP,2014,3.87155652,2.24,2.1234,..,57,0.08,..,45
SGP,2015,4.18069839,2.4,2.228,..,62,7.00E-02,..,44
SGP,2016,4.39097595,2.48,2.2936,..,65,0.06,..,49
SGP,2017,4.36602068,2.49,2.3451,..,70,0.05,..,46
SGP,2018,4.07418776,..,2.391,..,72,0.04,..,46
SGP,2019,4.41523695,..,2.4601,..,76,0.03,..,41
SGP,2020,6.05388212,..,..,..,79,0.02,..,46
SGP,2021,..,..,..,..,..,0.01,..,48
SGP,2022,..,..,..,..,..,..,..,..
SXM,1990,..,..,..,..,..,..,..,..
SXM,1991,..,..,..,..,..,..,..,..
SXM,1992,..,..,..,..,..,..,..,..
SXM,1993,..,..,..,..,..,..,..,..
SXM,1994,..,..,..,..,..,..,..,..
SXM,1995,..,..,..,..,..,..,..,..
SXM,1996,..,..,..,..,..,..,..,..
SXM,1997,..,..,..,..,..,..,..,..
SXM,1998,..,..,..,..,..,..,..,..
SXM,1999,..,..,..,..,..,..,..,..
SXM,2000,..,..,..,..,..,..,..,..
SXM,2001,..,..,..,..,..,..,..,..
SXM,2002,..,..,..,..,..,..,..,..
SXM,2003,..,..,..,..,..,..,..,..
SXM,2004,..,..,..,..,..,..,..,..
SXM,2005,..,..,..,..,..,..,..,..
SXM,2006,..,..,..,..,..,..,..,..
SXM,2007,..,..,..,..,..,..,..,..
SXM,2008,..,..,..,..,..,..,..,..
SXM,2009,..,..,..,..,..,..,..,..
SXM,2010,..,..,..,..,..,..,..,10
SXM,2011,..,..,..,..,..,..,..,6.9
SXM,2012,..,..,..,..,..,..,..,3.3
SXM,2013,..,..,..,..,..,..,..,6.1
SXM,2014,..,..,..,..,..,..,..,0
SXM,2015,..,..,..,..,..,..,..,5.7
SXM,2016,..,..,..,..,..,..,..,0
SXM,2017,..,..,..,..,..,..,..,14
SXM,2018,..,..,..,..,..,..,..,19
SXM,2019,..,..,..,..,..,..,..,13
SXM,2020,..,..,..,..,..,..,..,2.6
SXM,2021,..,..,..,..,..,..,..,2.6
SXM,2022,..,..,..,..,..,..,..,..
SVK,1990,..,7.448200226,..,..,..,0.01,..,..
SVK,1991,..,7.577899933,..,..,..,0.01,..,..
SVK,1992,..,7.560900211,..,..,..,0.01,..,..
SVK,1993,..,7.874000073,..,..,..,0.01,..,..
SVK,1994,..,7.099299908,..,..,..,0.01,..,..
SVK,1995,..,..,..,..,..,0.01,..,..
SVK,1996,..,8.300000191,..,..,..,0.01,..,..
SVK,1997,..,8.100000381,..,..,..,0.01,..,..
SVK,1998,..,8,..,..,..,0.01,..,..
SVK,1999,..,8,3.3192,..,..,0.01,..,..
SVK,2000,5.30256939,7.86,3.2264,..,7,0.01,..,22
SVK,2001,5.3315053,7.67,3.2111,6.1,8,0.01,..,21
SVK,2002,5.50947618,7.57,3.1879,6.2,8,0.01,..,21
SVK,2003,5.44849873,7.25,3.1344,6,9,0.01,..,21
SVK,2004,6.37190437,6.91,3.137,5.8,28,0.01,..,14
SVK,2005,6.58870029,6.79,3.0224,5.5,25,0.01,..,15
SVK,2006,6.85076714,6.73,3.1563,5.6,34,0.01,..,14
SVK,2007,7.17735338,6.78,3.3747,5.4,32,0.01,..,13
SVK,2008,6.9563446,6.59,3.3561,4.9,29,0.01,..,12
SVK,2009,7.94779444,6.54,3.2953,4.7,33,0.01,..,9.7
SVK,2010,7.69692326,6.46,3.351,5,35,0.01,..,8.7
SVK,2011,7.33012152,6.05,3.2999,5.8,36,0.01,..,8
SVK,2012,7.56544065,5.91,3.3598,5.6,41,0.01,..,6.8
SVK,2013,7.52300453,5.8,3.3855,5.4,46,0.01,..,8.5
SVK,2014,6.90780544,5.79,3.4214,5.8,51,0.01,..,6.8
SVK,2015,6.78228903,5.75,3.4438,5.8,57,0.02,..,6.5
SVK,2016,7.11356306,5.78,3.4664,5.6,59,0.02,..,5.9
SVK,2017,6.77511358,5.82,3.4156,4.4,74,0.02,..,4.8
SVK,2018,6.69954538,5.7,3.517,3.9,68,0.02,..,5.8
SVK,2019,6.94772625,..,3.565,3.7,..,0.02,..,4.5
SVK,2020,7.23213387,..,..,3.8,..,0.02,..,3.2
SVK,2021,..,..,..,..,..,0.02,..,2.8
SVK,2022,..,..,..,..,..,..,..,..
SVN,1990,..,6.040800095,2.0484,..,..,0.01,..,..
SVN,1991,..,6.011300087,2.0694,..,..,0.01,..,..
SVN,1992,..,5.936999798,2.0789,..,..,0.01,..,..
SVN,1993,..,5.800700188,2.0189,..,..,0.01,..,..
SVN,1994,..,5.776899815,2.1831,..,..,0.01,..,..
SVN,1995,..,5.75,2.1174,..,..,0.01,..,..
SVN,1996,..,5.659999847,2.1377,..,..,0.01,..,..
SVN,1997,..,5.670000076,2.2319,..,..,0.01,..,..
SVN,1998,..,5.619999886,2.1812,..,..,0.01,..,..
SVN,1999,..,5.550000191,2.1212,..,..,0.01,..,..
SVN,2000,7.80406952,5.4,2.1527,..,26,0.02,..,21
SVN,2001,7.87602425,5.16,2.1761,2.5,26,0.02,..,21
SVN,2002,8.02119827,5.09,2.2342,2.5,25,0.02,..,20
SVN,2003,8.09883499,4.96,2.2561,2.5,24,0.03,..,16
SVN,2004,7.93957281,4.8,2.3058,2.5,24,0.03,..,14
SVN,2005,7.99595737,4.83,2.3519,2.5,24,0.03,..,15
SVN,2006,7.82322693,4.77,2.3672,2.5,32,0.03,..,12
SVN,2007,7.51139164,4.66,2.3925,2.5,31,0.03,..,12
SVN,2008,7.85466576,4.74,2.3994,2.5,28,0.03,..,12
SVN,2009,8.54080105,4.6,2.4167,2.5,29,0.03,..,10
SVN,2010,8.56503296,4.57,2.4367,2.5,39,0.02,..,9.4
SVN,2011,8.53639603,4.62,2.4965,2.5,41,0.02,..,10
SVN,2012,8.71509933,4.54,2.5406,2.5,42,0.02,..,7.4
SVN,2013,8.74028301,4.55,2.6252,2.5,48,0.02,..,7.7
SVN,2014,8.50197601,4.54,2.7628,2.5,54,0.01,..,7.9
SVN,2015,8.49823952,4.51,2.8148,2.5,59,0.01,..,7.1
SVN,2016,8.4630394,4.49,3.0007,2.5,67,0.01,..,6.5
SVN,2017,8.18480968,4.5,3.0861,2.5,74,0.01,..,6.1
SVN,2018,8.27911568,4.43,3.1721,2.5,78,0.01,..,5.4
SVN,2019,8.52314281,..,3.277,2.5,79,0.01,..,5.3
SVN,2020,9.45357895,..,..,2.5,86,0.01,..,4.1
SVN,2021,9.15498257,..,..,..,88,0.01,..,4.3
SVN,2022,..,..,..,..,..,..,..,..
SLB,1990,..,0.828100026,..,..,..,..,..,..
SLB,1991,..,..,..,..,..,..,..,..
SLB,1992,..,2.748100042,0.157,..,..,..,..,..
SLB,1993,..,..,..,..,..,..,..,..
SLB,1994,..,..,..,..,..,..,..,..
SLB,1995,..,..,0.14,..,..,..,..,..
SLB,1996,..,..,..,..,..,..,..,..
SLB,1997,..,..,..,..,..,..,..,..
SLB,1998,..,..,..,..,..,..,..,..
SLB,1999,..,..,0.1345,..,..,..,..,..
SLB,2000,4.82626629,..,..,..,..,..,598.0623852,88
SLB,2001,6.60538721,..,..,13.3,..,..,655.8139962,83
SLB,2002,10.10495281,..,..,13.1,..,..,627.6924249,71
SLB,2003,7.075634,2.2,0.1342,12.6,..,..,523.8270445,79
SLB,2004,7.72383881,..,..,12.7,..,..,723.2859526,90
SLB,2005,9.01593494,1.4,0.1894,12.5,..,..,598.7824001,103
SLB,2006,8.00584698,..,..,12.8,..,..,577.0540128,94
SLB,2007,7.18298769,..,..,12.6,..,..,311.2484287,98
SLB,2008,5.50597048,..,0.1768,13.2,..,..,182.2860387,94
SLB,2009,6.60598898,..,..,13,..,..,144.1095083,87
SLB,2010,4.66139841,..,..,13.7,..,..,170.8910447,78
SLB,2011,5.02313328,1.66,0.2013,14.7,..,..,114.3340819,90
SLB,2012,4.85143232,1.4,0.1546,16.5,..,..,92.90587722,79
SLB,2013,4.58325481,..,0.1873,18,..,..,93.12260533,77
SLB,2014,4.88791895,..,..,18.7,..,..,58.84839559,72
SLB,2015,4.44879532,..,..,18.5,..,..,65.63698925,85
SLB,2016,4.40535259,..,0.1937,18.1,..,..,135.375189,80
SLB,2017,4.110919,..,..,17.7,..,..,162.5666788,72
SLB,2018,3.87172961,..,..,17.6,..,..,132.8111593,73
SLB,2019,4.46258593,..,..,17.8,..,..,208.3747978,66
SLB,2020,4.43218184,..,..,18.1,..,..,164.7982767,58
SLB,2021,..,..,..,..,..,..,216.1002437,65
SLB,2022,..,..,..,..,..,..,..,..
SOM,1990,..,0.753499985,..,..,..,..,..,..
SOM,1991,..,..,..,..,..,..,..,..
SOM,1992,..,..,..,..,..,..,..,..
SOM,1993,..,..,4.20E-02,..,..,..,..,..
SOM,1994,..,..,..,..,..,..,..,..
SOM,1995,..,..,..,..,..,..,..,..
SOM,1996,..,..,..,..,..,..,..,..
SOM,1997,..,0.400000006,0.04,..,..,..,..,..
SOM,1998,..,..,..,..,..,..,..,..
SOM,1999,..,..,..,..,..,..,..,..
SOM,2000,..,0.42,..,..,0,..,134.9903944,285
SOM,2001,..,0.42,..,70.6,0,..,141.4876856,285
SOM,2002,..,0.42,..,70.5,0,..,131.3573977,285
SOM,2003,..,0.42,..,70.6,0,..,129.9946169,285
SOM,2004,..,0.42,..,70.7,0,..,123.0593493,285
SOM,2005,..,..,..,70.8,0,..,133.0675594,285
SOM,2006,..,..,2.79E-02,70.9,1,..,118.1983488,285
SOM,2007,..,..,..,70.9,1,..,101.4758647,285
SOM,2008,..,..,..,70.8,3,..,62.90250566,286
SOM,2009,..,..,..,70.9,4,..,38.74855638,286
SOM,2010,..,..,..,70.4,7,..,41.60036599,286
SOM,2011,..,..,..,68.7,9,..,34.32173156,286
SOM,2012,..,..,..,65.9,12,..,34.84410296,286
SOM,2013,..,0.87,..,62.4,16,..,41.58417613,285
SOM,2014,..,0.87,2.30E-02,60.4,18,..,50.2523248,274
SOM,2015,..,0.87,..,59.9,23,..,58.97773495,274
SOM,2016,..,0.87,..,59.7,28,..,58.59462429,270
SOM,2017,..,0.87,..,58.9,33,..,55.19724175,266
SOM,2018,..,..,..,56.6,37,..,59.28819849,262
SOM,2019,..,..,..,54.8,42,..,59.88342625,258
SOM,2020,..,..,..,53.1,46,..,56.04862449,254
SOM,2021,..,..,..,..,50,..,66.32601998,250
SOM,2022,..,..,..,..,..,..,..,..
ZAF,1990,..,..,..,..,..,2.23,..,..
ZAF,1991,..,..,..,..,..,3.3,..,..
ZAF,1992,..,..,0.624,..,..,4.56,..,..
ZAF,1993,..,..,..,..,..,5.99,..,..
ZAF,1994,..,..,..,..,..,7.49,..,..
ZAF,1995,..,..,..,..,..,8.92,..,..
ZAF,1996,..,..,0.593,..,..,10.17,..,..
ZAF,1997,..,..,..,..,..,11.18,..,..
ZAF,1998,..,..,..,..,..,11.79,..,..
ZAF,1999,..,..,..,..,..,12.17,..,..
ZAF,2000,7.3366189,..,..,..,0,12.36,3.889069037,762
ZAF,2001,7.12327909,..,..,3.9,0,12.31,5.612145406,867
ZAF,2002,6.67774487,3.1,..,3.7,1,12.12,3.283362193,971
ZAF,2003,7.04098177,..,..,3.6,1,11.87,2.797893898,1070
ZAF,2004,6.938416,2.87,0.7365,3.4,2,11.64,2.759490214,1150
ZAF,2005,6.86216164,2.8,..,3.4,4,11.43,1.582099649,1210
ZAF,2006,6.87650871,..,..,3.5,6,11.13,2.444447812,1250
ZAF,2007,6.90510845,2.41,..,3.6,10,10.86,1.265498962,1270
ZAF,2008,7.14832258,2.39,..,3.6,14,10.58,1.541753212,1270
ZAF,2009,7.64941454,..,..,3.6,19,10.13,1.186614705,1260
ZAF,2010,7.79358244,2.3,..,3.7,26,9.52,1.556437666,1230
ZAF,2011,7.94434404,..,..,3.8,34,9.01,1.881269149,1200
ZAF,2012,8.00428867,..,..,3.9,41,8.52,1.245836158,1160
ZAF,2013,8.10322285,..,..,4.3,46,7.97,1.604681773,1110
ZAF,2014,7.87136555,..,..,4.8,51,7.47,2.138698381,1070
ZAF,2015,8.05304241,..,..,5.2,56,6.91,0.887492953,988
ZAF,2016,8.07959366,..,0.7675,5.4,61,6.51,0.766186827,805
ZAF,2017,7.97711229,..,0.7833,5.5,67,5.91,4.127913957,738
ZAF,2018,8.06289959,..,0.7527,5.7,70,5.25,1.667607552,677
ZAF,2019,8.24258327,..,0.7923,6.3,73,4.8,0.829961239,615
ZAF,2020,8.58329773,..,..,6.9,74,4.42,0.758988822,562
ZAF,2021,..,..,..,..,74,4.19,0.498044779,513
ZAF,2022,..,..,..,..,..,..,..,..
SSD,1990,..,..,..,..,..,0.92,..,..
SSD,1991,..,..,..,..,..,1.03,..,..
SSD,1992,..,..,..,..,..,1.18,..,..
SSD,1993,..,..,..,..,..,1.32,..,..
SSD,1994,..,..,..,..,..,1.39,..,..
SSD,1995,..,..,..,..,..,1.49,..,..
SSD,1996,..,..,..,..,..,1.51,..,..
SSD,1997,..,..,..,..,..,1.6,..,..
SSD,1998,..,..,..,..,..,1.63,..,..
SSD,1999,..,..,..,..,..,1.56,..,..
SSD,2000,..,..,..,..,0,1.59,367.1643173,..
SSD,2001,..,..,..,..,0,1.54,357.1813975,..
SSD,2002,..,..,..,..,0,1.51,336.6075454,..
SSD,2003,..,..,..,..,0,1.46,318.7883209,..
SSD,2004,..,..,..,..,0,1.45,306.6630308,..
SSD,2005,..,..,..,..,0,1.42,305.7484205,..
SSD,2006,..,..,..,..,0,1.42,305.2316644,..
SSD,2007,..,..,..,..,0,1.38,299.4699791,..
SSD,2008,..,..,..,..,0,1.33,293.152562,..
SSD,2009,..,..,..,..,1,1.33,286.0803097,..
SSD,2010,..,..,..,..,2,1.28,285.6964368,..
SSD,2011,..,..,..,..,3,1.28,290.8579709,227
SSD,2012,..,..,..,..,3,1.29,287.8003071,227
SSD,2013,..,..,..,..,5,1.25,285.738332,227
SSD,2014,..,..,..,..,8,1.25,276.3054101,227
SSD,2015,..,..,..,..,13,1.17,271.0006489,227
SSD,2016,..,..,..,..,13,1.22,266.5478577,227
SSD,2017,8.23701382,..,..,..,16,1.16,277.7836843,227
SSD,2018,6.27566719,..,3.74E-02,..,20,1.2,278.7906512,227
SSD,2019,4.65760946,..,..,..,22,1.25,281.2588986,227
SSD,2020,5.25355768,..,..,..,25,1.26,286.886613,227
SSD,2021,..,..,..,..,27,1.27,274.7960612,227
SSD,2022,..,..,..,..,..,..,..,..
ESP,1990,..,4.599999905,..,..,..,0.35,..,..
ESP,1991,..,4.599999905,3.901,..,..,0.34,..,..
ESP,1992,..,4.5,3.9608,..,..,0.32,..,..
ESP,1993,..,4.400000095,4.0292,..,..,0.29,..,..
ESP,1994,..,4.400000095,4.087,..,..,0.25,..,..
ESP,1995,..,4.300000191,4.088,..,..,0.22,..,..
ESP,1996,..,4.300000191,2.7462,..,..,0.19,..,..
ESP,1997,..,4.199999809,2.8691,..,..,0.16,..,..
ESP,1998,..,4.199999809,2.9244,..,..,0.14,..,..
ESP,1999,..,4.099999905,3.0454,..,..,0.12,..,..
ESP,2000,6.7992177,3.65,3.1158,..,26,0.11,..,23
ESP,2001,6.76895761,3.58,3.1002,2.5,31,0.1,..,19
ESP,2002,6.80052757,3.53,3.0932,2.5,35,0.09,..,20
ESP,2003,7.563272,3.44,3.1928,2.5,39,0.09,..,27
ESP,2004,7.65842772,3.4,3.4135,2.5,43,0.09,..,16
ESP,2005,7.73191881,3.34,3.5159,2.5,47,0.09,..,19
ESP,2006,7.8290596,3.29,3.598,2.5,51,0.09,..,20
ESP,2007,7.9186573,3.25,3.5447,2.5,55,0.09,..,19
ESP,2008,8.38226032,3.2,3.536,2.5,59,0.09,..,19
ESP,2009,9.10764217,3.16,3.5807,2.5,62,0.09,..,18
ESP,2010,9.11891174,3.11,3.7296,2.5,67,0.09,..,17
ESP,2011,9.16797066,3.05,3.8074,2.5,68,0.09,..,16
ESP,2012,9.15419865,2.99,3.7999,2.5,71,0.09,..,14
ESP,2013,9.06693172,2.96,3.7857,2.5,72,0.09,..,13
ESP,2014,9.08897781,2.97,3.7767,2.5,73,0.09,..,12
ESP,2015,9.12642574,2.98,3.8267,2.5,76,0.09,..,10
ESP,2016,8.95201397,2.97,3.8112,2.5,82,0.09,..,12
ESP,2017,8.94976807,2.97,3.8723,2.5,83,0.09,..,11
ESP,2018,9.00140381,2.97,4.0299,2.5,84,0.09,..,11
ESP,2019,9.13947964,..,4.4411,2.5,85,0.09,..,9.9
ESP,2020,10.71374989,..,..,2.5,86,0.09,..,7.2
ESP,2021,..,..,..,..,..,0.08,..,8.2
ESP,2022,..,..,..,..,..,..,..,..
LKA,1990,..,2.743499994,..,..,..,0.01,..,..
LKA,1991,..,..,0.1391,..,..,0.01,..,..
LKA,1992,..,..,0.1654,..,..,0.01,..,..
LKA,1993,..,..,0.2071,..,..,0.01,..,..
LKA,1994,..,..,0.1849,..,..,0.01,..,..
LKA,1995,..,..,0.2218,..,..,0.01,..,..
LKA,1996,..,..,0.2786,..,..,0.01,..,..
LKA,1997,..,..,0.3047,..,..,0.02,..,..
LKA,1998,..,..,0.3462,..,..,0.02,..,..
LKA,1999,..,2.200000048,0.3747,..,..,0.02,..,..
LKA,2000,4.24654055,2.9,0.4241,..,0,0.02,48.6362947,66
LKA,2001,4.19324636,3,0.4433,16.7,0,0.02,15.28656976,66
LKA,2002,4.17312098,3.1,..,16.1,0,0.02,9.421307703,66
LKA,2003,3.76927352,..,..,15.7,0,0.02,2.367260539,66
LKA,2004,4.17515469,3.1,0.5405,15,0,0.02,0.829838679,66
LKA,2005,4.00972605,..,0.5218,14,2,0.02,0.36243182,66
LKA,2006,3.97986293,..,0.5219,13.2,2,0.02,0.129314249,66
LKA,2007,3.95131898,..,0.5555,11.8,3,0.02,4.29E-02,66
LKA,2008,3.98465228,..,0.6244,10.8,4,0.02,0.139100302,66
LKA,2009,4.19339228,..,0.6826,9.8,5,0.02,0.112715664,66
LKA,2010,3.86745572,3.51,0.7239,9.6,7,0.01,0.143885891,66
LKA,2011,3.71693707,..,0.7391,8.9,8,0.01,2.58E-02,66
LKA,2012,3.40384603,3.6,0.7645,8.1,10,0.01,4.76E-03,66
LKA,2013,3.82699037,..,0.7983,7,14,0.01,0,66
LKA,2014,3.60648036,..,0.8364,6,17,0.01,0,65
LKA,2015,3.88992047,..,0.8624,5.2,22,0.01,0,65
LKA,2016,3.86424899,..,0.8925,4.7,29,0.01,0,65
LKA,2017,3.59565163,4.15,0.9277,4.3,35,0.01,0,64
LKA,2018,3.91227913,..,1.0041,4.1,43,0.01,0,64
LKA,2019,3.66153812,..,1.1539,3.7,51,0.01,0,64
LKA,2020,4.06584978,..,1.2291,3.4,60,0.01,0,63
LKA,2021,..,..,..,..,66,0.01,0,63
LKA,2022,..,..,..,..,..,..,..,..
KNA,1990,..,9.199999809,0.6948,..,..,..,..,..
KNA,1991,..,..,0.6931,..,..,..,..,..
KNA,1992,..,..,0.7617,..,..,..,..,..
KNA,1993,..,..,0.7786,..,..,..,..,..
KNA,1994,..,..,0.9375,..,..,..,..,..
KNA,1995,..,6.4,1.0926,..,..,..,..,..
KNA,1996,..,6.360000133,1.1294,..,..,..,..,..
KNA,1997,..,..,1.1189,..,..,..,..,..
KNA,1998,..,..,1.0648,..,..,..,..,..
KNA,1999,..,..,1.055,..,..,..,..,..
KNA,2000,4.79933786,..,..,..,..,..,..,0
KNA,2001,4.39693737,4.3,1.0987,..,..,..,..,5
KNA,2002,4.45210552,5.5,..,..,..,..,..,7.5
KNA,2003,4.75159693,5.5,..,..,..,..,..,2.5
KNA,2004,4.49067402,6,..,..,..,..,..,4.9
KNA,2005,4.72803831,5.7,..,..,..,..,..,0
KNA,2006,4.98203421,..,..,..,..,..,..,2.5
KNA,2007,4.79733467,..,..,..,..,..,..,9.8
KNA,2008,5.30566025,5.5,..,..,..,..,..,12
KNA,2009,5.28673744,6,..,..,..,..,..,9.7
KNA,2010,5.2136941,4.8,..,..,..,..,..,4.9
KNA,2011,5.1628871,4.8,..,..,..,..,..,2.4
KNA,2012,5.00998354,2.3,..,..,..,..,..,4.8
KNA,2013,5.04429483,..,..,..,..,..,..,0
KNA,2014,4.74668789,..,..,..,..,..,..,17
KNA,2015,5.11798382,..,2.6758,..,..,..,..,4.8
KNA,2016,5.42126036,..,..,..,..,..,..,0
KNA,2017,5.26021719,..,..,..,..,..,..,2.4
KNA,2018,4.88528252,..,2.7672,..,..,..,..,0
KNA,2019,4.93305063,..,..,..,..,..,..,4.8
KNA,2020,5.36557055,..,..,..,..,..,..,4.8
KNA,2021,..,..,..,..,..,..,..,0
KNA,2022,..,..,..,..,..,..,..,..
LCA,1990,..,4,0.35,..,..,..,..,..
LCA,1991,..,..,0.393,..,..,..,..,..
LCA,1992,..,..,..,..,..,..,..,..
LCA,1993,..,4.351799965,0.544,..,..,..,..,..
LCA,1994,..,..,..,..,..,..,..,..
LCA,1995,..,3.3,0.56,..,..,..,..,..
LCA,1996,..,3.380000114,..,..,..,..,..,..
LCA,1997,..,..,0.473,..,..,..,..,..
LCA,1998,..,..,..,..,..,..,..,..
LCA,1999,..,..,..,..,..,..,..,..
LCA,2000,4.86163425,2.3,..,..,..,..,..,6.6
LCA,2001,5.11714458,..,0.819,..,..,..,..,11
LCA,2002,5.38443518,3.200000048,0.4391,..,..,..,..,12
LCA,2003,5.23676491,2.9,0.4673,..,..,..,..,11
LCA,2004,4.76429749,..,0.4203,..,..,..,..,11
LCA,2005,4.8572278,3,0.508,..,..,..,..,9.9
LCA,2006,5.12402296,2.9,..,..,..,..,..,10
LCA,2007,5.52015686,2.8,0.185,..,..,..,..,13
LCA,2008,5.05127954,..,0.1588,..,..,..,..,14
LCA,2009,5.23717833,1.5,0.1045,..,..,..,..,6.7
LCA,2010,5.03797817,..,1.6485,..,..,..,..,5.9
LCA,2011,5.13907623,1.46,1.8063,..,..,..,..,4.6
LCA,2012,5.0001564,..,2.1392,..,..,..,..,7.2
LCA,2013,5.14058971,1.2,2.4394,..,..,..,..,5.8
LCA,2014,4.75331974,..,1.8564,..,..,..,..,3.9
LCA,2015,4.57613707,1.41,..,..,..,..,..,9
LCA,2016,4.91194296,..,..,..,..,..,..,1.9
LCA,2017,4.66334057,1.3,0.6409,..,..,..,..,7
LCA,2018,4.41884804,..,..,..,..,..,..,3.2
LCA,2019,4.33346367,..,..,..,..,..,..,3.8
LCA,2020,6.7380271,..,..,..,..,..,..,2.2
LCA,2021,..,..,..,..,..,..,..,1.5
LCA,2022,..,..,..,..,..,..,..,..
MAF,1990,..,..,..,..,..,..,..,..
MAF,1991,..,..,..,..,..,..,..,..
MAF,1992,..,..,..,..,..,..,..,..
MAF,1993,..,..,..,..,..,..,..,..
MAF,1994,..,..,..,..,..,..,..,..
MAF,1995,..,..,..,..,..,..,..,..
MAF,1996,..,..,..,..,..,..,..,..
MAF,1997,..,..,..,..,..,..,..,..
MAF,1998,..,..,..,..,..,..,..,..
MAF,1999,..,..,..,..,..,..,..,..
MAF,2000,..,..,..,..,..,..,..,..
MAF,2001,..,..,..,..,..,..,..,..
MAF,2002,..,..,..,..,..,..,..,..
MAF,2003,..,..,..,..,..,..,..,..
MAF,2004,..,..,..,..,..,..,..,..
MAF,2005,..,..,..,..,..,..,..,..
MAF,2006,..,..,..,..,..,..,..,..
MAF,2007,..,..,..,..,..,..,..,..
MAF,2008,..,..,..,..,..,..,..,..
MAF,2009,..,..,..,..,..,..,..,..
MAF,2010,..,..,..,..,..,..,..,..
MAF,2011,..,..,..,..,..,..,..,..
MAF,2012,..,..,..,..,..,..,..,..
MAF,2013,..,..,..,..,..,..,..,..
MAF,2014,..,..,..,..,..,..,..,..
MAF,2015,..,..,..,..,..,..,..,..
MAF,2016,..,..,..,..,..,..,..,..
MAF,2017,..,..,..,..,..,..,..,..
MAF,2018,..,..,..,..,..,..,..,..
MAF,2019,..,..,..,..,..,..,..,..
MAF,2020,..,..,..,..,..,..,..,..
MAF,2021,..,..,..,..,..,..,..,..
MAF,2022,..,..,..,..,..,..,..,..
VCT,1990,..,4.699999809,0.46,..,..,..,..,..
VCT,1991,..,..,0.135,..,..,..,..,..
VCT,1992,..,..,..,..,..,..,..,..
VCT,1993,..,5.015299797,..,..,..,..,..,..
VCT,1994,..,..,..,..,..,..,..,..
VCT,1995,..,..,0.46,..,..,..,..,..
VCT,1996,..,1.850000024,..,..,..,..,..,..
VCT,1997,..,..,0.9361,..,..,..,..,..
VCT,1998,..,..,..,..,..,..,..,..
VCT,1999,..,..,..,..,..,..,..,..
VCT,2000,3.97939277,..,0.8256,..,..,..,..,17
VCT,2001,4.00093412,4.7,0.5746,13.4,..,..,..,11
VCT,2002,4.07769632,4.5,..,11.9,..,..,..,11
VCT,2003,3.95764542,4.5,..,9.5,..,..,..,15
VCT,2004,3.8658421,4.5,0.9309,8.7,..,..,..,8.5
VCT,2005,3.83165979,4.5,..,7.9,..,..,..,7.4
VCT,2006,3.65356708,..,..,7.2,..,..,..,14
VCT,2007,3.81816602,3,..,6.8,..,..,..,13
VCT,2008,3.88194203,..,..,6.4,..,..,..,13
VCT,2009,4.09299564,..,..,6,..,..,..,9.6
VCT,2010,4.30325222,2.6,0.6648,5.8,..,..,..,16
VCT,2011,4.23108053,2.52,..,5.6,..,..,..,18
VCT,2012,4.45042276,2.41,0.941,5.5,..,..,..,32
VCT,2013,4.24191046,2.41,..,5.4,..,..,..,3.2
VCT,2014,4.17631912,2.4,..,5.6,..,..,..,5.3
VCT,2015,4.11412001,..,..,5.9,..,..,..,7.4
VCT,2016,4.13464594,..,..,5.8,..,..,..,6.3
VCT,2017,4.19770384,..,..,5.7,..,..,..,2.1
VCT,2018,4.13830519,..,..,5.5,..,..,..,6.3
VCT,2019,4.32406807,..,..,6.6,..,..,..,4.2
VCT,2020,4.81775093,..,..,7.6,..,..,..,6.7
VCT,2021,..,..,..,..,..,..,..,8.7
VCT,2022,..,..,..,..,..,..,..,..
SDN,1990,..,1.088000059,..,..,..,0.1,..,..
SDN,1991,..,..,..,..,..,0.11,..,..
SDN,1992,..,..,..,..,..,0.13,..,..
SDN,1993,..,..,..,..,..,0.14,..,..
SDN,1994,..,..,0.105,..,..,0.15,..,..
SDN,1995,..,..,..,..,..,0.16,..,..
SDN,1996,..,..,0.09,..,..,0.16,..,..
SDN,1997,..,..,..,..,..,0.16,..,..
SDN,1998,..,..,..,..,..,0.16,..,..
SDN,1999,..,..,..,..,..,0.16,..,..
SDN,2000,3.60664487,0.81,0.158,..,0,0.15,92.77144775,148
SDN,2001,3.36456871,0.74,..,21.5,0,0.15,86.35269925,139
SDN,2002,3.30010891,0.73,..,20.3,0,0.14,66.65404159,139
SDN,2003,3.89187932,0.73,..,20,0,0.14,61.08877858,138
SDN,2004,4.15593481,0.71,0.2499,19.7,0,0.13,55.37404959,142
SDN,2005,4.09418154,0.72,..,18.9,0,0.13,54.65161747,143
SDN,2006,4.88544321,0.73,0.35,17.6,0,0.12,52.67851909,146
SDN,2007,5.66269159,0.73,0.3503,16.7,0,0.12,46.51381978,144
SDN,2008,5.42313576,0.73,0.3271,16.3,3,0.11,38.63531131,116
SDN,2009,6.39496326,0.73,..,16.5,5,0.1,34.62975633,121
SDN,2010,5.05810165,0.72,..,16.5,6,0.09,32.72938507,119
SDN,2011,5.61579561,0.84,..,15.5,6,0.09,32.5628764,105
SDN,2012,5.68827009,0.82,..,13.5,7,0.09,33.06528916,103
SDN,2013,6.96487474,0.82,..,11.7,9,0.09,34.93929203,100
SDN,2014,5.67619705,..,..,11.1,10,0.08,38.5727577,94
SDN,2015,7.26768589,0.67,0.4073,11.2,12,0.08,42.21243079,88
SDN,2016,5.48368692,..,..,11.8,15,0.08,53.2598186,82
SDN,2017,5.9231244,0.74,0.2618,11.8,20,7.00E-02,53.77650478,77
SDN,2018,4.46358299,..,..,11.8,23,7.00E-02,59.18902968,71
SDN,2019,4.63369366,..,..,11.7,26,7.00E-02,65.59086073,67
SDN,2020,3.01747656,..,..,12.8,29,7.00E-02,73.39837798,62
SDN,2021,..,..,..,..,27,7.00E-02,72.84447501,58
SDN,2022,..,..,..,..,..,..,..,..
SUR,1990,..,5.699999809,0.75,..,..,0.29,..,..
SUR,1991,..,..,..,..,..,0.36,..,..
SUR,1992,..,..,..,..,..,0.43,..,..
SUR,1993,..,..,0.762,..,..,0.51,..,..
SUR,1994,..,..,..,..,..,0.59,..,..
SUR,1995,..,3.1,0.75,..,..,0.67,..,..
SUR,1996,..,3.74000001,0.252,..,..,0.75,..,..
SUR,1997,..,..,..,..,..,0.83,..,..
SUR,1998,..,..,..,..,..,0.92,..,..
SUR,1999,..,..,..,..,..,0.97,..,..
SUR,2000,5.87092161,3.9,0.4056,..,0,1.01,160.5840448,24
SUR,2001,3.82474971,3.599999905,..,11.8,0,0.99,222.300939,20
SUR,2002,5.32991552,..,..,11.5,1,0.98,175.3472934,25
SUR,2003,4.88878393,..,..,10.9,4,0.96,147.5916568,27
SUR,2004,5.4608078,3.1,0.8102,10.3,6,0.91,111.0978504,25
SUR,2005,5.2439642,..,..,9.7,9,0.85,119.7586727,29
SUR,2006,5.85598755,3.3,..,8.8,12,0.81,42.65777801,32
SUR,2007,5.22148609,3.1,..,8.8,15,0.75,14.15802095,31
SUR,2008,4.74699593,..,..,8.3,19,0.71,26.45126931,26
SUR,2009,4.97810316,2.6,0.7054,7.7,21,0.66,31.33306585,43
SUR,2010,4.6978569,3.1,..,7.3,23,0.66,21.95744892,46
SUR,2011,4.40932178,..,..,7.4,26,0.6,9.748500938,29
SUR,2012,4.28435707,..,..,7.4,33,0.58,6.902659161,30
SUR,2013,4.48738098,..,..,7.1,38,0.54,6.302975004,32
SUR,2014,4.52127838,..,..,7.3,41,0.51,4.765753132,33
SUR,2015,5.80808163,3.05,1.0463,7.8,43,0.47,0.952974811,32
SUR,2016,5.99283743,..,1.1312,8.3,47,0.49,0.908244061,25
SUR,2017,5.32285929,3,1.1849,8.3,48,0.49,1.578668387,28
SUR,2018,6.68795872,..,0.8194,8,50,0.52,0.342110365,38
SUR,2019,8.43241405,..,..,8,..,0.54,1.172967608,29
SUR,2020,6.77187824,..,..,8.2,..,0.57,1.739848098,29
SUR,2021,..,..,..,..,..,0.71,0.242994577,29
SUR,2022,..,..,..,..,..,..,..,..
SWE,1990,..,12.39999962,3.2458,..,..,..,..,..
SWE,1991,..,11.89999962,3.3574,..,..,..,..,..
SWE,1992,..,7.599999905,3.4608,..,..,..,..,..
SWE,1993,..,7,3.5538,..,..,..,..,..
SWE,1994,..,6.5,3.6485,..,..,..,..,..
SWE,1995,..,4.900000095,2.8139,..,..,..,..,..
SWE,1996,..,4.400000095,2.8326,..,..,..,..,..
SWE,1997,..,5.2,2.8476,..,..,..,..,..
SWE,1998,..,3.799999952,2.9136,..,..,..,..,..
SWE,1999,..,3.700000048,2.9613,..,..,..,..,..
SWE,2000,7.32689953,3.58,3.0232,..,..,..,..,5.4
SWE,2001,7.90032959,3.27,3.122,2.5,..,..,..,5.1
SWE,2002,8.21006203,3.13,3.2149,2.5,..,..,..,4.8
SWE,2003,8.31724644,3.05,3.2865,2.5,..,..,..,5.1
SWE,2004,8.1296196,3.01,3.3746,2.5,..,..,..,5.5
SWE,2005,8.1508379,2.93,3.4518,2.5,..,..,..,6.8
SWE,2006,8.05226612,2.89,3.5377,2.5,..,..,..,6.2
SWE,2007,7.99607754,2.86,3.6209,2.5,..,..,..,5.8
SWE,2008,8.20824242,2.81,3.6757,2.5,..,..,..,6.4
SWE,2009,8.77037907,2.76,3.7446,2.5,..,..,..,7.1
SWE,2010,8.31963825,2.73,3.8033,2.5,..,..,..,7.5
SWE,2011,10.41646671,2.7,3.8821,2.5,..,..,..,6.5
SWE,2012,10.7351532,2.66,3.9586,2.5,..,..,..,7.1
SWE,2013,10.90491486,2.59,4.0365,2.5,..,..,..,7.3
SWE,2014,10.9479475,2.54,4.1115,2.5,..,..,..,7.5
SWE,2015,10.80418396,2.44,4.1899,2.5,..,..,..,9.1
SWE,2016,10.85240364,2.34,4.2707,2.5,..,..,..,8.1
SWE,2017,10.78509998,2.21,4.3338,2.5,..,..,..,5.6
SWE,2018,10.94106293,2.14,4.4055,2.5,..,..,..,5.4
SWE,2019,10.83224297,..,..,2.5,..,..,..,5.4
SWE,2020,11.37992764,..,..,2.5,..,..,..,3.5
SWE,2021,11.27992725,..,..,..,..,..,..,3.8
SWE,2022,..,..,..,..,..,..,..,..
CHE,1990,..,..,3.0107,..,..,0.18,..,..
CHE,1991,..,19.89999962,3.0651,..,..,0.15,..,..
CHE,1992,..,..,3.0482,..,..,0.12,..,..
CHE,1993,..,..,3.0919,..,..,0.1,..,..
CHE,1994,..,..,3.1402,..,..,0.08,..,..
CHE,1995,..,..,3.1842,..,..,7.00E-02,..,..
CHE,1996,..,..,3.2279,..,..,7.00E-02,..,..
CHE,1997,..,..,3.2742,..,..,7.00E-02,..,..
CHE,1998,..,..,3.3389,..,..,0.08,..,..
CHE,1999,..,..,3.3768,..,..,0.08,..,..
CHE,2000,9.11401939,6.29,3.5298,..,30,0.09,..,9.2
CHE,2001,9.43919373,6.04,3.5373,2.5,35,0.1,..,8.7
CHE,2002,9.85215092,5.95,3.59,2.5,39,0.1,..,9.4
CHE,2003,10.10937691,5.82,3.6905,2.5,43,0.1,..,9
CHE,2004,10.1849556,5.67,3.7264,2.5,46,0.09,..,8.6
CHE,2005,10.004179,5.54,3.7623,2.5,50,0.08,..,8
CHE,2006,9.53341675,5.39,3.8003,2.5,53,0.08,..,7.3
CHE,2007,9.36357594,5.36,3.7918,2.5,56,7.00E-02,..,6.4
CHE,2008,9.48092842,5.21,3.8298,2.5,58,7.00E-02,..,7
CHE,2009,10.06906986,5.1,3.8476,2.5,61,0.06,..,7.5
CHE,2010,9.94159698,5.19,3.8166,2.5,64,0.06,..,7.5
CHE,2011,10.0191288,5.05,3.8355,2.5,66,0.06,..,7.6
CHE,2012,10.24875641,4.97,3.9102,2.5,69,0.06,..,6
CHE,2013,10.46214485,4.85,4.0303,2.5,70,0.05,..,6.6
CHE,2014,10.6164217,4.73,4.1171,2.5,72,0.05,..,5.9
CHE,2015,11.00794983,4.73,4.1898,2.5,74,0.05,..,7.4
CHE,2016,11.30005455,4.69,4.2473,2.5,79,0.04,..,7.9
CHE,2017,11.48099899,4.65,4.2957,2.5,85,0.03,..,7.2
CHE,2018,11.38538456,4.63,4.3328,2.5,87,0.03,..,6.4
CHE,2019,11.28695965,..,4.3416,2.5,88,..,..,5.4
CHE,2020,11.79635048,..,4.3804,2.5,91,..,..,4.7
CHE,2021,..,..,..,..,90,..,..,4.7
CHE,2022,..,..,..,..,..,..,..,..
SYR,1990,..,1.086500049,0.835,..,..,..,..,..
SYR,1991,..,..,..,..,..,..,..,..
SYR,1992,..,..,..,..,..,..,..,..
SYR,1993,..,..,..,..,..,..,..,..
SYR,1994,..,..,..,..,..,..,..,..
SYR,1995,..,..,..,..,..,..,..,..
SYR,1996,..,1.5,..,..,..,..,..,..
SYR,1997,..,..,1.2967,..,..,..,..,..
SYR,1998,..,1.5,1.339,..,..,..,..,..
SYR,1999,..,1.399999976,1.3359,..,..,..,..,..
SYR,2000,4.55400705,1.4,1.3654,..,0,..,3.68E-04,39
SYR,2001,4.6971879,1.4,..,..,0,..,3.77E-03,37
SYR,2002,4.94717073,1.38,1.4676,..,0,..,8.74E-04,35
SYR,2003,5.11781693,1.49,1.4053,..,1,..,1.14E-04,35
SYR,2004,4.47935343,1.49,1.4522,..,4,..,5.53E-05,32
SYR,2005,4.10970592,1.28,1.5384,..,4,..,0,29
SYR,2006,3.77771473,1.47,..,..,4,..,0,26
SYR,2007,3.72242856,1.47,1.4882,..,5,..,0,27
SYR,2008,3.39762759,1.54,1.4858,..,6,..,0,23
SYR,2009,3.5464704,1.51,1.4113,..,8,..,0,24
SYR,2010,3.2764473,1.54,1.4602,..,10,..,0,21
SYR,2011,2.52865291,1.55,..,..,14,..,0,21
SYR,2012,3.04719615,1.53,..,..,16,..,0,18
SYR,2013,..,1.52,..,..,17,..,0,17
SYR,2014,..,1.5,1.5513,..,18,..,0,23
SYR,2015,..,1.47,..,..,18,..,0,20
SYR,2016,..,1.46,1.2874,..,20,..,0,22
SYR,2017,..,1.4,..,..,25,..,0,20
SYR,2018,..,..,..,..,32,..,0,19
SYR,2019,..,..,..,..,38,..,0,19
SYR,2020,..,..,..,..,39,..,0,18
SYR,2021,..,..,..,..,38,..,0,18
SYR,2022,..,..,..,..,..,..,..,..
TJK,1990,..,10.66180038,2.5599,..,..,0.01,..,..
TJK,1991,..,10.96290016,2.6219,..,..,0.01,..,..
TJK,1992,..,11.24230003,2.3755,..,..,0.01,..,..
TJK,1993,..,10.68120003,2.169,..,..,0.01,..,..
TJK,1994,..,8.941300392,2.2253,..,..,0.01,..,..
TJK,1995,..,8.199999809,2.0996,..,..,0.01,..,..
TJK,1996,..,7.46999979,2.0446,..,..,0.01,..,..
TJK,1997,..,7.21999979,1.9832,..,..,0.01,..,..
TJK,1998,..,6.909999847,2.0823,..,..,0.01,..,..
TJK,1999,..,6.800000191,2.1186,..,..,0.01,..,..
TJK,2000,4.26492405,6.54,2.1717,..,0,0.01,9.09897522,219
TJK,2001,4.57802534,6.4,2.1241,..,0,0.01,5.319680716,222
TJK,2002,4.43647242,6.27,2.041,..,0,0.01,2.819291644,220
TJK,2003,4.70218658,6.12,1.9396,..,0,0.02,2.435596685,215
TJK,2004,4.79911184,6.04,1.9512,..,0,0.03,1.579502043,207
TJK,2005,5.21024704,5.87,1.9548,..,0,0.05,0.997695233,196
TJK,2006,5.03254795,6.12,1.9166,..,3,7.00E-02,0.570173559,183
TJK,2007,5.54050112,5.44,1.8962,..,4,0.1,0.264481728,169
TJK,2008,5.91206694,5.3,1.9292,..,5,0.13,0.129985591,155
TJK,2009,5.85579777,5.19,1.6439,..,7,0.17,6.57E-02,141
TJK,2010,5.73543453,5.08,1.6975,..,8,0.23,4.40E-02,128
TJK,2011,5.85971785,4.95,1.7209,..,10,0.17,3.00E-02,117
TJK,2012,5.98185873,4.83,1.7269,..,12,0.14,1.05E-02,108
TJK,2013,6.53226423,4.76,1.7095,..,16,0.12,1.47E-03,100
TJK,2014,6.6654973,4.67,1.7229,..,23,0.11,7.19E-04,91
TJK,2015,6.90735912,..,..,..,32,0.11,0,86
TJK,2016,6.96349716,..,..,..,39,0.11,0,85
TJK,2017,6.85399008,..,..,..,46,0.11,0,85
TJK,2018,7.01381588,..,..,..,53,0.1,0,84
TJK,2019,6.9476676,..,..,..,59,0.1,0,83
TJK,2020,8.17697811,..,..,..,63,0.1,..,80
TJK,2021,..,..,..,..,65,0.1,..,88
TJK,2022,..,..,..,..,..,..,..,..
TZA,1990,..,1.024600029,..,..,..,6.55,..,..
TZA,1991,..,..,..,..,..,6.8,..,..
TZA,1992,..,0.890299976,..,..,..,6.91,..,..
TZA,1993,..,..,..,..,..,6.78,..,..
TZA,1994,..,..,4.20E-02,..,..,6.55,..,..
TZA,1995,..,..,4.10E-02,..,..,6.17,..,..
TZA,1996,..,..,..,..,..,5.8,..,..
TZA,1997,..,..,..,..,..,5.34,..,..
TZA,1998,..,..,..,..,..,5.07,..,..
TZA,1999,..,..,..,..,..,4.73,..,..
TZA,2000,3.41529942,..,..,..,0,4.43,350.3095605,503
TZA,2001,4.23551702,..,..,33.1,0,4.25,340.6641037,506
TZA,2002,4.68907642,..,2.33E-02,34,0,4.03,315.7473667,509
TZA,2003,5.34231472,..,..,32.5,0,3.79,296.9985472,510
TZA,2004,5.7373414,..,..,31.6,1,3.61,275.6466744,510
TZA,2005,6.32282543,..,..,28.4,1,3.41,252.2630102,510
TZA,2006,7.598279,1.1,..,25.9,4,3.27,227.6264524,504
TZA,2007,6.88427973,..,..,25.7,10,2.99,198.9171382,492
TZA,2008,5.55704737,..,..,25.9,11,2.76,173.0302552,474
TZA,2009,5.06306362,..,..,26.7,14,2.59,154.6277928,452
TZA,2010,5.22392178,0.7,..,25.6,17,2.48,140.7761177,426
TZA,2011,5.0559845,..,..,24.2,19,2.4,129.0967526,401
TZA,2012,5.01779366,..,3.15E-02,23.2,30,2.32,122.2520482,378
TZA,2013,4.64643383,..,..,22.7,35,2.19,130.7637258,336
TZA,2014,4.01492071,..,6.03E-02,22.5,42,2.12,143.0153709,327
TZA,2015,3.64969945,..,..,22.5,48,2.01,140.5132507,306
TZA,2016,3.96350336,..,..,22.7,53,1.94,131.452599,287
TZA,2017,4.08257437,..,..,23,59,1.73,124.4667392,269
TZA,2018,4.16191673,..,5.12E-02,23.3,66,1.56,117.9634296,253
TZA,2019,3.87440205,..,..,23.4,75,1.38,117.5912747,237
TZA,2020,3.74659801,..,..,22.6,83,1.11,123.2446181,222
TZA,2021,..,..,..,..,86,0.96,125.7732393,208
TZA,2022,..,..,..,..,..,..,..,..
THA,1990,..,1.63259995,0.225,..,..,2.3,..,..
THA,1991,..,1.661299944,0.2237,..,..,2.57,..,..
THA,1992,..,1.706699967,..,..,..,2.46,..,..
THA,1993,..,..,0.2337,..,..,1.95,..,..
THA,1994,..,..,..,..,..,1.6,..,..
THA,1995,..,1.99000001,0.2385,..,..,1.32,..,..
THA,1996,..,..,..,..,..,1.11,..,..
THA,1997,..,..,0.2723,..,..,0.94,..,..
THA,1998,..,..,0.2915,..,..,0.83,..,..
THA,1999,..,2.200000048,0.2912,..,..,0.74,..,..
THA,2000,3.10125351,2.2,..,..,0,0.66,6.564519059,241
THA,2001,3.02623773,..,0.2982,17.3,1,0.6,5.259722825,245
THA,2002,3.334723,2.2,0.2964,16.4,2,0.53,3.655982058,244
THA,2003,3.24312782,..,..,15,4,0.47,3.038949893,240
THA,2004,3.13893151,..,0.2911,13.7,8,0.42,2.15355744,232
THA,2005,3.15972233,2.1,..,11.9,15,0.37,2.384417748,224
THA,2006,3.09970832,..,0.2875,10.6,19,0.33,2.407191156,215
THA,2007,3.19277525,..,0.2959,10.2,24,0.3,2.616346099,205
THA,2008,3.45933938,..,0.3164,10.6,28,0.27,2.236109844,196
THA,2009,3.61939645,..,0.3387,10.3,32,0.25,2.289498729,188
THA,2010,3.39009809,2.1,0.3906,9.9,37,0.23,2.507138746,181
THA,2011,3.56825495,..,..,9,41,0.22,1.909432891,176
THA,2012,3.5229404,..,..,8.8,45,0.2,3.57343265,172
THA,2013,3.45313334,..,..,8.2,50,0.19,3.150894459,170
THA,2014,3.68448091,..,..,7.8,54,0.17,3.10474979,167
THA,2015,3.8522861,..,0.4651,7.3,61,0.16,1.069415285,163
THA,2016,3.93900609,..,0.445,7.5,67,0.14,0.576711039,160
THA,2017,3.85276842,..,0.8075,7.7,71,0.13,0.326528683,156
THA,2018,3.87040329,..,0.805,7.8,75,0.12,0.3299941,153
THA,2019,3.8583262,..,0.9188,8,79,0.11,0.269300351,150
THA,2020,4.35930967,..,0.9499,8.8,83,0.1,0.220301636,144
THA,2021,..,..,..,..,86,0.09,0.163317577,143
THA,2022,..,..,..,..,..,..,..,..
TLS,1990,..,..,..,..,..,0.02,..,..
TLS,1991,..,..,..,..,..,0.02,..,..
TLS,1992,..,..,..,..,..,0.02,..,..
TLS,1993,..,..,..,..,..,0.02,..,..
TLS,1994,..,..,..,..,..,0.02,..,..
TLS,1995,..,..,..,..,..,0.03,..,..
TLS,1996,..,..,..,..,..,0.03,..,..
TLS,1997,..,..,..,..,..,0.03,..,..
TLS,1998,..,..,..,..,..,0.03,..,..
TLS,1999,..,..,..,..,..,0.03,..,..
TLS,2000,..,..,..,..,0,0.03,155.1207171,..
TLS,2001,..,..,..,41.5,0,0.04,155.1207025,..
TLS,2002,..,..,..,36.5,0,0.04,121.9802133,498
TLS,2003,2.84187031,..,..,33.1,0,0.05,77.47229485,498
TLS,2004,4.26103544,..,8.20E-02,32.5,0,0.05,263.0573299,498
TLS,2005,5.28044748,..,..,32.2,0,0.05,168.6484257,498
TLS,2006,6.00192022,..,..,31.9,1,0.06,175.6314972,498
TLS,2007,5.64793253,..,3.40E-02,31.7,1,0.06,119.6315083,498
TLS,2008,6.96563959,..,3.70E-02,32.4,7,7.00E-02,136.761459,498
TLS,2009,7.30931807,5.9,4.40E-02,31.8,7,7.00E-02,99.91318665,498
TLS,2010,6.47058821,5.9,7.90E-02,31.2,10,0.08,93.20026452,498
TLS,2011,6.86541462,..,7.80E-02,29.3,9,0.08,29.45076445,498
TLS,2012,6.99473858,..,..,28.3,13,0.09,6.787882186,498
TLS,2013,8.5323782,..,0.6174,26.7,19,0.09,1.297996344,498
TLS,2014,7.60483742,..,0.6821,25.3,22,0.1,0.424465358,498
TLS,2015,7.67216587,..,0.6946,24.5,22,0.1,9.70E-02,498
TLS,2016,6.89625168,..,..,24.2,26,0.1,9.72E-02,498
TLS,2017,6.6738925,..,0.7504,24.6,27,0.1,1.88E-02,498
TLS,2018,6.28910303,..,0.7224,25.1,33,0.11,0,498
TLS,2019,5.95605564,..,0.7687,25,42,0.1,0,498
TLS,2020,9.85141468,..,0.7562,26.2,47,0.09,3.27E-03,473
TLS,2021,..,..,..,..,55,0.1,0,486
TLS,2022,..,..,..,..,..,..,..,..
TGO,1990,..,1.511100054,..,..,..,1.26,..,..
TGO,1991,..,..,8.80E-02,..,..,1.63,..,..
TGO,1992,..,..,..,..,..,2.07,..,..
TGO,1993,..,..,..,..,..,2.55,..,..
TGO,1994,..,..,5.60E-02,..,..,2.97,..,..
TGO,1995,..,..,7.60E-02,..,..,3.37,..,..
TGO,1996,..,..,..,..,..,3.67,..,..
TGO,1997,..,..,..,..,..,3.7,..,..
TGO,1998,..,..,..,..,..,3.6,..,..
TGO,1999,..,..,..,..,..,3.37,..,..
TGO,2000,2.79418182,..,..,..,0,2.97,443.6698226,52
TGO,2001,2.88543367,..,5.70E-02,31.3,0,2.66,444.9398359,53
TGO,2002,2.90227056,..,..,31.1,0,2.34,451.1625212,56
TGO,2003,2.93837667,..,..,29.8,1,2.13,464.5841239,60
TGO,2004,3.0855279,..,4.46E-02,28.7,2,1.93,477.5604478,66
TGO,2005,3.3024261,0.9,..,27.7,4,1.78,471.6045267,71
TGO,2006,3.44603634,..,..,27.2,6,1.66,452.9477856,74
TGO,2007,3.8666532,..,4.90E-02,26.2,6,1.56,424.4050098,77
TGO,2008,3.84063601,..,5.74E-02,25.5,9,1.45,370.7877339,78
TGO,2009,4.07616663,..,..,23,14,1.28,320.430455,77
TGO,2010,4.45493317,..,5.06E-02,20.8,21,1.19,302.0335963,76
TGO,2011,4.55412722,0.7,..,19.4,24,0.97,301.4999099,73
TGO,2012,4.80787134,..,..,19.4,27,0.87,331.4719196,69
TGO,2013,4.94373512,..,..,19.4,31,0.79,367.2372506,64
TGO,2014,5.07998943,..,..,20.2,34,0.72,368.8307818,58
TGO,2015,4.95647097,..,4.93E-02,20.5,40,0.72,357.2042286,52
TGO,2016,6.59755707,..,4.62E-02,21.2,47,0.65,324.8183024,46
TGO,2017,6.40987968,..,7.57E-02,21,55,0.6,277.5130384,41
TGO,2018,6.00396872,..,7.74E-02,20.7,60,0.52,250.3386801,38
TGO,2019,5.64253759,..,7.76E-02,20.1,70,0.46,238.5800768,37
TGO,2020,5.96301126,..,8.27E-02,18.8,75,0.42,242.7526893,35
TGO,2021,..,..,..,..,76,0.38,237.5229169,33
TGO,2022,..,..,..,..,..,..,..,..
TON,1990,..,..,..,..,..,..,..,..
TON,1991,..,..,0.508,..,..,..,..,..
TON,1992,..,..,..,..,..,..,..,..
TON,1993,..,..,..,..,..,..,..,..
TON,1994,..,..,..,..,..,..,..,..
TON,1995,..,..,..,..,..,..,..,..
TON,1996,..,..,..,..,..,..,..,..
TON,1997,..,..,0.44,..,..,..,..,..
TON,1998,..,..,..,..,..,..,..,..
TON,1999,..,..,..,..,..,..,..,..
TON,2000,2.90389204,..,0.499,..,..,..,..,27
TON,2001,3.42501593,3.200000048,0.3553,..,..,..,..,13
TON,2002,3.58957744,..,0.303,..,..,..,..,32
TON,2003,3.43583083,..,..,..,..,..,..,18
TON,2004,4.50741625,2.4,..,..,..,..,..,13
TON,2005,4.38560247,..,..,..,..,..,..,20
TON,2006,5.47225046,..,..,..,..,..,..,19
TON,2007,4.73330021,..,..,..,..,..,..,25
TON,2008,6.05759716,2.4,0.5513,..,..,..,..,14
TON,2009,3.92779636,..,0.5967,..,..,..,..,8.6
TON,2010,4.81632328,2.6,0.5577,..,..,..,..,12
TON,2011,3.82126665,..,..,..,..,..,..,9.6
TON,2012,4.79517698,..,..,..,..,..,..,12
TON,2013,3.9839797,..,0.5403,..,..,..,..,11
TON,2014,5.00648069,..,..,..,..,..,..,14
TON,2015,4.47327423,..,..,..,..,..,..,15
TON,2016,4.81820822,..,..,..,..,..,..,8.7
TON,2017,4.85577822,..,..,..,..,..,..,12
TON,2018,4.80628061,..,..,..,..,..,..,9.8
TON,2019,4.74669981,..,..,..,..,..,..,11
TON,2020,5.31753922,..,0.9461,..,..,..,..,8.7
TON,2021,..,..,..,..,..,..,..,7.6
TON,2022,..,..,..,..,..,..,..,..
TTO,1990,..,4,0.72,..,..,..,..,..
TTO,1991,..,..,0.732,..,..,..,..,..
TTO,1992,..,..,..,..,..,..,..,..
TTO,1993,..,3.242599964,0.658,..,..,..,..,..
TTO,1994,..,..,0.788,..,..,..,..,..
TTO,1995,..,3.8,0.9432,..,..,..,..,..
TTO,1996,..,5.110000133,0.761,..,..,..,..,..
TTO,1997,..,..,0.7533,..,..,..,..,..
TTO,1998,..,..,0.9392,..,..,..,..,..
TTO,1999,..,..,0.9265,..,..,..,..,..
TTO,2000,4.23492479,3.3,1.0062,..,0,..,..,17
TTO,2001,4.0346489,3.400000095,0.9704,10,1,..,..,18
TTO,2002,4.72302485,..,0.8252,10.5,3,..,..,11
TTO,2003,4.18767118,3.3,0.8087,11.1,6,..,..,12
TTO,2004,4.30805206,..,..,11.5,10,..,..,15
TTO,2005,4.43451166,2.6,..,11.1,13,..,..,14
TTO,2006,4.15431976,2.7,1.2222,10.5,16,..,..,19
TTO,2007,4.1536026,2.7,1.1792,9.9,20,..,..,18
TTO,2008,3.6575706,2.5,..,9.6,23,..,..,23
TTO,2009,5.48676443,2.6,1.5081,9.1,29,..,..,22
TTO,2010,5.08042908,2.14,1.8086,8.2,37,..,..,18
TTO,2011,4.72197914,..,1.8193,7.2,41,..,..,18
TTO,2012,4.87369823,2.72,..,6.7,46,..,..,22
TTO,2013,5.02500725,2.7,..,6.6,51,..,..,20
TTO,2014,5.19675922,2.99,..,6.6,54,..,..,20
TTO,2015,6.02267027,3.01,2.6498,6.8,58,..,..,15
TTO,2016,6.83660126,3.03,..,6.8,58,..,..,17
TTO,2017,6.75476503,3.02,3.3646,6.9,59,..,..,16
TTO,2018,6.66994572,..,..,7,65,..,..,19
TTO,2019,6.82082558,..,4.476,7.3,70,..,..,16
TTO,2020,7.31458092,..,..,7.5,65,..,..,17
TTO,2021,..,..,..,..,65,..,..,13
TTO,2022,..,..,..,..,..,..,..,..
TUN,1990,..,1.916700006,0.5367,..,..,0.01,..,..
TUN,1991,..,2.012300015,0.5339,..,..,0.01,..,..
TUN,1992,..,2.857300043,0.592,..,..,0.01,..,..
TUN,1993,..,..,0.5977,..,..,0.01,..,..
TUN,1994,..,1.761500001,0.5959,..,..,0.01,..,..
TUN,1995,..,..,0.6537,..,..,0.01,..,..
TUN,1996,..,2,0.6665,..,..,0.01,..,..
TUN,1997,..,1.700000048,0.688,..,..,0.01,..,..
TUN,1998,..,..,0.717,..,..,0.01,..,..
TUN,1999,..,..,0.7436,..,..,0.01,..,..
TUN,2000,4.81271935,1.73,0.7668,..,0,0.01,..,26
TUN,2001,4.86132765,1.73,0.793,4.4,9,0.01,..,25
TUN,2002,5.12036419,1.71,0.8068,4.4,10,0.01,..,24
TUN,2003,5.20888519,1.71,0.8234,4.5,11,0.02,..,25
TUN,2004,5.19890785,2.05,1.33,4.4,11,0.02,..,25
TUN,2005,5.14555788,1.76,0.9322,4.3,12,0.03,..,26
TUN,2006,5.13109922,1.98,..,4.3,11,0.03,..,26
TUN,2007,5.17542839,1.76,1.0242,4,11,0.04,..,28
TUN,2008,5.1644063,2,1.1074,3.8,12,0.04,..,27
TUN,2009,5.40595293,2.09,..,3.6,13,0.04,..,26
TUN,2010,5.60950756,2.09,1.222,3.4,14,0.04,..,28
TUN,2011,6.12299299,2.09,..,3.2,15,0.04,..,35
TUN,2012,6.28984737,2.12,..,3,13,0.04,..,37
TUN,2013,6.51394987,2.12,..,2.8,14,0.04,..,35
TUN,2014,6.45006084,2.18,1.2769,2.7,16,0.04,..,35
TUN,2015,6.24453449,2.18,1.3108,2.5,17,0.04,..,38
TUN,2016,6.25855684,2.18,1.2834,2.5,19,0.04,..,38
TUN,2017,6.1865468,2.18,1.3025,2.5,20,0.04,..,34
TUN,2018,5.93711042,..,..,2.5,22,0.04,..,35
TUN,2019,5.47337294,..,..,2.6,26,0.04,..,35
TUN,2020,6.34364796,..,..,3.1,28,0.04,..,36
TUN,2021,..,..,..,..,29,0.04,..,36
TUN,2022,..,..,..,..,..,..,..,..
TUR,1990,..,2.400000095,0.9391,..,..,..,..,..
TUR,1991,..,2.400000095,0.9935,..,..,..,..,..
TUR,1992,..,2.400000095,1.0222,..,..,..,..,..
TUR,1993,..,2.5,1.0776,..,..,..,..,..
TUR,1994,..,2.5,1.1436,..,..,..,..,..
TUR,1995,..,2.5,1.1597,..,..,..,..,..
TUR,1996,..,2.5,1.1631,..,..,..,..,..
TUR,1997,..,2.5,1.1851,..,..,..,..,..
TUR,1998,..,2.5,1.2243,..,..,..,..,..
TUR,1999,..,2.599999905,1.2789,..,..,..,..,..
TUR,2000,4.59957218,2.1,1.3479,..,..,..,2.743210362,33
TUR,2001,4.88784933,2.16,1.399,2.5,..,..,2.556221143,31
TUR,2002,5.06227875,2.49,1.4114,2.5,..,..,2.383626278,32
TUR,2003,5.01427698,2.48,1.4294,2.5,..,..,2.121767652,31
TUR,2004,4.9096446,2.47,1.4492,2.5,..,..,1.203351135,30
TUR,2005,4.89389706,2.5,1.4852,2.5,..,..,0.466657083,33
TUR,2006,5.14591694,2.52,1.5195,2.5,..,..,0.175947142,33
TUR,2007,5.23760796,2.54,1.5579,2.5,..,..,6.83E-02,31
TUR,2008,5.21761751,2.58,1.6068,2.5,..,..,3.58E-02,29
TUR,2009,5.49438715,2.62,1.6635,2.5,..,..,8.09E-03,27
TUR,2010,5.02053452,2.74,1.7068,2.5,..,..,0,25
TUR,2011,4.6530509,2.62,1.716,2.5,..,..,0,24
TUR,2012,4.44444656,2.66,1.7384,2.5,..,..,0,22
TUR,2013,4.37099934,2.65,1.7619,2.5,..,..,0,20
TUR,2014,4.32517862,2.68,1.756,2.5,..,..,0,20
TUR,2015,4.11690426,2.68,1.7988,2.5,..,..,0,18
TUR,2016,4.28469229,2.75,1.8142,2.5,..,..,0,18
TUR,2017,4.17974997,2.81,1.8492,2.5,..,..,0,17
TUR,2018,4.12363815,2.85,1.8597,2.5,..,..,..,16
TUR,2019,4.35956669,..,1.9275,2.5,..,..,0,16
TUR,2020,4.61794329,..,..,2.5,..,..,..,16
TUR,2021,..,..,..,..,..,..,..,18
TUR,2022,..,..,..,..,..,..,..,..
TKM,1990,..,11.48499966,3.614,..,..,..,..,..
TKM,1991,..,11.55500031,3.673,..,..,..,..,..
TKM,1992,..,11.41530037,3.589,..,..,..,..,..
TKM,1993,..,11.67889977,3.57,..,..,..,..,..
TKM,1994,..,11.47070026,3.535,..,..,..,..,..
TKM,1995,..,10.26000023,3.17,..,..,..,..,..
TKM,1996,..,8.010000229,3.222,..,..,..,..,..
TKM,1997,..,7.110000133,3.171,..,..,..,..,..
TKM,1998,..,..,..,..,..,..,..,..
TKM,1999,..,..,..,..,..,..,..,..
TKM,2000,4.07783461,5.36,2.7475,..,..,..,8.08E-02,112
TKM,2001,4.82198191,5.13,2.7681,6.8,..,..,2.66E-02,108
TKM,2002,4.15504408,5.02,..,6.2,..,..,5.89E-02,100
TKM,2003,5.0367589,5.08,2.6651,5.2,..,..,2.26E-02,116
TKM,2004,6.25892353,4.9,2.613,4.5,..,..,9.58E-03,90
TKM,2005,5.65422964,4.4,2.5038,4.2,..,..,3.15E-03,84
TKM,2006,4.97834015,4.34,2.3923,4,..,..,3.11E-03,84
TKM,2007,3.12948632,4.07,2.3414,3.9,..,..,0,88
TKM,2008,3.49424887,4.04,2.3026,4,..,..,0,95
TKM,2009,2.84764099,4.02,2.2911,4.2,..,..,0,79
TKM,2010,3.24345636,4.1,2.2743,4.3,..,..,0,79
TKM,2011,3.24805617,4.07,2.2841,4.3,..,..,0,66
TKM,2012,3.36840105,3.98,2.2375,4.3,..,..,0,70
TKM,2013,3.93541193,3.93,2.2125,3.9,..,..,0,71
TKM,2014,4.30969286,4.03,2.2247,3.6,..,..,0,58
TKM,2015,5.11721087,..,..,3.4,..,..,0,49
TKM,2016,5.74498892,..,..,3.4,..,..,0,46
TKM,2017,5.93897438,..,..,3.5,..,..,0,43
TKM,2018,5.69395018,..,..,3.5,..,..,0,46
TKM,2019,5.68183947,..,..,3.5,..,..,0,45
TKM,2020,5.68487024,..,..,3.5,..,..,..,46
TKM,2021,..,..,..,..,..,..,..,47
TKM,2022,..,..,..,..,..,..,..,..
TCA,1990,..,..,..,..,..,..,..,..
TCA,1991,..,..,..,..,..,..,..,..
TCA,1992,..,..,..,..,..,..,..,..
TCA,1993,..,..,..,..,..,..,..,..
TCA,1994,..,..,..,..,..,..,..,..
TCA,1995,..,..,..,..,..,..,..,..
TCA,1996,..,..,..,..,..,..,..,..
TCA,1997,..,..,..,..,..,..,..,..
TCA,1998,..,..,..,..,..,..,..,..
TCA,1999,..,..,..,..,..,..,..,..
TCA,2000,..,..,..,..,..,..,..,18
TCA,2001,..,..,..,..,..,..,..,18
TCA,2002,..,..,..,..,..,..,..,17
TCA,2003,..,..,..,..,..,..,..,32
TCA,2004,..,..,..,..,..,..,..,30
TCA,2005,..,..,..,..,..,..,..,31
TCA,2006,..,..,..,..,..,..,..,32
TCA,2007,..,..,..,..,..,..,..,30
TCA,2008,..,..,..,..,..,..,..,28
TCA,2009,..,..,..,..,..,..,..,27
TCA,2010,..,..,..,..,..,..,..,23
TCA,2011,..,..,..,..,..,..,..,34
TCA,2012,..,..,..,..,..,..,..,29
TCA,2013,..,..,..,..,..,..,..,6.8
TCA,2014,..,..,..,..,..,..,..,3.3
TCA,2015,..,..,..,..,..,..,..,6.3
TCA,2016,..,..,..,..,..,..,..,6
TCA,2017,..,..,..,..,..,..,..,12
TCA,2018,..,..,..,..,..,..,..,5.5
TCA,2019,..,..,..,..,..,..,..,11
TCA,2020,..,..,..,..,..,..,..,5
TCA,2021,..,..,..,..,..,..,..,0
TCA,2022,..,..,..,..,..,..,..,..
TUV,1990,..,..,..,..,..,..,..,..
TUV,1991,..,..,..,..,..,..,..,..
TUV,1992,..,..,..,..,..,..,..,..
TUV,1993,..,..,..,..,..,..,..,..
TUV,1994,..,..,..,..,..,..,..,..
TUV,1995,..,..,..,..,..,..,..,..
TUV,1996,..,..,..,..,..,..,..,..
TUV,1997,..,..,..,..,..,..,..,..
TUV,1998,..,..,..,..,..,..,..,..
TUV,1999,..,..,..,..,..,..,..,..
TUV,2000,22.37474632,..,..,..,..,..,..,196
TUV,2001,18.47802734,5.6,..,..,..,..,..,194
TUV,2002,12.42768574,..,0.625,..,..,..,..,156
TUV,2003,14.38950729,..,1.0309,..,..,..,..,367
TUV,2004,9.88583279,..,..,..,..,..,..,186
TUV,2005,10.56283283,..,..,..,..,..,..,138
TUV,2006,12.27132893,..,..,..,..,..,..,102
TUV,2007,10.51983929,..,..,..,..,..,..,203
TUV,2008,10.1193676,..,0.9709,..,..,..,..,190
TUV,2009,12.26670933,..,1.1538,..,..,..,..,199
TUV,2010,15.65082836,..,..,..,..,..,..,153
TUV,2011,14.10340405,..,..,..,..,..,..,130
TUV,2012,13.5962553,..,..,..,..,..,..,203
TUV,2013,14.3384304,..,..,..,..,..,..,191
TUV,2014,14.6935215,..,0.9091,..,..,..,..,157
TUV,2015,13.52732944,..,..,..,..,..,..,207
TUV,2016,13.55537319,..,..,..,..,..,..,205
TUV,2017,15.80937386,..,..,..,..,..,..,233
TUV,2018,18.20367622,..,..,..,..,..,..,270
TUV,2019,20.88978577,..,..,..,..,..,..,296
TUV,2020,21.53916931,..,1.1864,..,..,..,..,296
TUV,2021,..,..,..,..,..,..,..,296
TUV,2022,..,..,..,..,..,..,..,..
UGA,1990,..,..,..,..,..,7.23,..,..
UGA,1991,..,0.916199982,..,..,..,6.73,..,..
UGA,1992,..,..,..,..,..,6.23,..,..
UGA,1993,..,..,0.04,..,..,6.06,..,..
UGA,1994,..,..,..,..,..,5.79,..,..
UGA,1995,..,..,..,..,..,5.63,..,..
UGA,1996,..,..,..,..,..,5.37,..,..
UGA,1997,..,..,..,..,..,5.16,..,..
UGA,1998,..,..,..,..,..,4.95,..,..
UGA,1999,..,..,..,..,..,4.77,..,..
UGA,2000,5.08340597,..,..,..,0,4.6,487.2255193,276
UGA,2001,5.05275154,..,..,..,1,4.48,507.9743822,266
UGA,2002,4.77209187,..,4.70E-02,..,1,4.31,500.1525593,256
UGA,2003,4.29918194,..,..,..,2,4.15,484.1246799,248
UGA,2004,4.7002449,0.7,8.24E-02,..,5,3.98,449.8246916,240
UGA,2005,5.80518579,1,0.1214,..,9,3.78,433.6452879,233
UGA,2006,6.46332979,1.1,..,..,9,3.67,421.3103804,227
UGA,2007,6.1131134,..,..,..,11,3.56,415.4135466,222
UGA,2008,5.45476198,..,..,..,15,3.44,417.9607051,217
UGA,2009,5.78845549,0.4,..,..,18,3.29,423.0513319,213
UGA,2010,6.80890226,0.5,..,..,22,3.12,409.4366551,210
UGA,2011,6.6959095,..,..,..,25,2.89,394.67972,207
UGA,2012,6.10853958,..,9.75E-02,..,34,2.62,376.5559686,205
UGA,2013,5.78252411,..,..,..,44,2.45,332.3444139,203
UGA,2014,5.33653069,..,..,..,54,2.26,294.2823828,202
UGA,2015,5.07657671,..,9.54E-02,..,58,2.08,253.5147797,202
UGA,2016,4.96112299,..,..,..,65,1.99,283.1371325,201
UGA,2017,3.99827504,..,0.168,..,73,1.81,294.9032599,201
UGA,2018,4.01846313,..,0.4022,..,77,1.55,262.6915805,200
UGA,2019,3.79804969,..,..,..,80,1.41,262.6915582,200
UGA,2020,3.96206594,..,0.1537,..,81,1.31,283.8175292,199
UGA,2021,..,..,..,..,82,1.3,284.0201845,199
UGA,2022,..,..,..,..,..,..,..,..
UKR,1990,..,13.01309967,4.29,..,..,0.03,..,..
UKR,1991,..,12.9691,4.345,..,..,0.05,..,..
UKR,1992,..,12.72900009,4.297,..,..,0.09,..,..
UKR,1993,..,12.47070026,4.342,..,..,0.16,..,..
UKR,1994,..,12.30220032,4.314,..,..,0.25,..,..
UKR,1995,..,11.89000034,4.407,..,..,0.38,..,..
UKR,1996,..,10.84000015,2.992,..,..,0.52,..,..
UKR,1997,..,9.369999886,2.97,..,..,0.6,..,..
UKR,1998,..,9.039999962,2.99,..,..,0.66,..,..
UKR,1999,..,8.949999809,2.986,..,..,0.68,..,..
UKR,2000,5.30685186,8.82,3.0295,..,0,0.67,..,114
UKR,2001,5.72534418,8.79,3.0279,3,0,0.61,..,119
UKR,2002,5.99220037,8.89,3.0188,2.5,0,0.55,..,123
UKR,2003,6.54574108,8.81,3.0096,2.5,0,0.49,..,126
UKR,2004,6.16856956,8.73,3.0161,2.5,1,0.44,..,127
UKR,2005,6.3461585,8.68,3.0181,2.5,1,0.4,..,127
UKR,2006,6.41695213,8.73,3.0838,2.5,2,0.35,..,125
UKR,2007,6.01705122,8.72,3.0885,2.5,3,0.33,..,123
UKR,2008,5.49728012,8.75,3.1177,2.5,4,0.31,..,119
UKR,2009,6.60771894,9.4,3.4904,2.5,7,0.3,..,115
UKR,2010,6.81229019,9.38,3.483,2.5,10,0.28,..,110
UKR,2011,6.81617165,9.05,3.4842,2.5,12,0.26,..,105
UKR,2012,7.11666059,8.91,3.491,2.5,18,0.26,..,101
UKR,2013,6.94156218,8.8,3.4965,2.5,24,0.24,..,96
UKR,2014,7.18960428,7.46,2.9923,2.5,29,0.24,..,94
UKR,2015,7.77607775,..,..,2.5,29,0.23,..,91
UKR,2016,7.54541159,..,..,2.5,39,0.22,..,87
UKR,2017,7.43283224,..,..,2.5,45,0.21,..,84
UKR,2018,7.52051353,..,..,2.5,52,0.19,..,80
UKR,2019,7.09389353,..,..,2.6,57,0.18,..,77
UKR,2020,7.61658287,..,..,2.8,60,0.16,..,74
UKR,2021,..,..,..,..,62,0.15,..,71
UKR,2022,..,..,..,..,..,..,..,..
ARE,1990,..,2.640000105,..,..,..,..,..,..
ARE,1991,..,..,..,..,..,..,..,..
ARE,1992,..,3.060499907,..,..,..,..,..,..
ARE,1993,..,..,..,..,..,..,..,..
ARE,1994,..,..,..,..,..,..,..,..
ARE,1995,..,..,..,..,..,..,..,..
ARE,1996,..,2.640000105,..,..,..,..,..,..
ARE,1997,..,..,..,..,..,..,..,..
ARE,1998,..,..,..,..,..,..,..,..
ARE,1999,..,..,..,..,..,..,..,..
ARE,2000,2.37413526,2.38,1.8015,..,..,..,..,4
ARE,2001,2.48437047,2.28,1.9829,2.8,..,..,..,2.5
ARE,2002,2.71770859,2.19,2.0027,3.8,..,..,..,2.8
ARE,2003,2.64634395,2.19,2.0763,5.1,..,..,..,3.5
ARE,2004,2.46204329,2.19,1.9176,6.9,..,..,..,2.6
ARE,2005,2.32019687,2.19,1.5193,8,..,..,..,2.8
ARE,2006,2.3254137,1.88,1.3298,8.3,..,..,..,2.1
ARE,2007,2.56569624,1.88,1.4053,8.1,..,..,..,1.9
ARE,2008,2.92847514,1.86,1.6405,7.4,..,..,..,1.5
ARE,2009,4.04999304,1.93,1.5177,8,..,..,..,1.7
ARE,2010,3.87873054,1.93,1.4195,8.4,..,..,..,1.8
ARE,2011,3.67006993,1.07,1.4369,8.8,..,..,..,1.4
ARE,2012,3.4251945,1.07,1.4767,7.9,..,..,0,1
ARE,2013,3.59299517,1.15,1.7413,7.1,..,..,0,1.1
ARE,2014,3.63020706,..,1.9953,6.6,..,..,0,0.78
ARE,2015,3.58359146,1.1,2.2111,6.5,..,..,0,0.79
ARE,2016,3.4660213,1.36,2.371,6.3,..,..,0,0.82
ARE,2017,4.05960608,1.38,2.4356,6.4,..,..,0,0.84
ARE,2018,4.14547014,..,2.5278,6.2,..,..,0,1
ARE,2019,4.29904938,..,2.6011,6,..,..,0,1
ARE,2020,5.67226824,..,..,5.6,..,..,0,0.77
ARE,2021,..,..,..,..,..,..,0,0.82
ARE,2022,..,..,..,..,..,..,..,..
GBR,1990,..,5.900000095,1.6204,..,..,..,..,..
GBR,1991,..,5.599999905,1.6349,..,..,..,..,..
GBR,1992,..,5.400000095,1.648,..,..,..,..,..
GBR,1993,..,5.099999905,1.6849,..,..,..,..,..
GBR,1994,..,4.800000191,1.6984,..,..,..,..,..
GBR,1995,..,4.800000191,1.7573,..,..,..,..,..
GBR,1996,..,4.599999905,1.797,..,..,..,..,..
GBR,1997,..,4.599999905,1.8528,..,..,..,..,..
GBR,1998,..,4.400000095,1.8963,..,..,..,..,..
GBR,1999,..,4.199999809,1.9106,..,..,..,..,..
GBR,2000,7.19114876,4.08,1.9913,..,..,..,..,12
GBR,2001,7.39209652,4.04,2.0416,2.5,..,..,..,11
GBR,2002,7.70158529,3.98,2.1146,2.5,..,..,..,13
GBR,2003,8.07401752,3.95,2.204,2.5,..,..,..,13
GBR,2004,8.32724667,3.86,2.3357,2.5,..,..,..,13
GBR,2005,8.3883543,3.72,2.412,2.5,..,..,..,15
GBR,2006,8.62720299,3.54,2.459,2.5,..,..,..,15
GBR,2007,8.60300064,3.39,2.4844,2.5,..,..,..,15
GBR,2008,9.02258778,3.33,2.5543,2.5,..,..,..,15
GBR,2009,10.03383827,3.26,2.6279,2.5,..,..,..,15
GBR,2010,9.95166206,2.93,2.6265,2.5,..,..,..,14
GBR,2011,9.91592121,2.88,2.6603,2.5,..,..,..,15
GBR,2012,9.93235588,2.81,2.6667,2.5,..,..,..,15
GBR,2013,9.84154701,2.76,2.6774,2.5,..,..,..,13
GBR,2014,9.82684326,2.73,2.7149,2.5,..,..,..,12
GBR,2015,9.75462151,2.61,2.7465,2.5,..,..,..,10
GBR,2016,9.69526958,2.57,2.7563,2.5,..,..,..,9.9
GBR,2017,9.58797741,2.54,2.7828,2.5,..,..,..,8.9
GBR,2018,9.65815544,2.5,2.8044,2.5,..,..,..,8.1
GBR,2019,9.87480068,2.46,2.9093,2.5,..,..,..,8.1
GBR,2020,11.97759342,..,3.0037,2.5,..,..,..,7
GBR,2021,11.93908691,..,..,..,..,..,..,6.3
GBR,2022,..,..,..,..,..,..,..,..
USA,1990,..,4.900000095,1.8,..,..,..,..,..
USA,1991,..,4.800000191,1.9,..,..,..,..,..
USA,1992,..,4.599999905,1.9,..,..,..,..,..
USA,1993,..,4.5,1.9,..,..,..,..,..
USA,1994,..,4.300000191,..,..,..,..,..,..
USA,1995,..,4.099999905,2.4385,..,..,..,..,..
USA,1996,..,3.900000095,..,..,..,..,..,..
USA,1997,..,3.799999952,..,..,..,..,..,..
USA,1998,..,3.700000048,..,..,..,..,..,..
USA,1999,..,3.599999905,..,..,..,..,..,..
USA,2000,12.48710918,3.49,2.5942,..,..,..,..,6.6
USA,2001,13.16466713,3.47,..,2.5,..,..,..,6.4
USA,2002,13.99167347,3.39,..,2.5,..,..,..,6
USA,2003,14.50113487,3.33,..,2.5,..,..,..,5.9
USA,2004,14.54663658,3.26,2.7147,2.5,..,..,..,5.7
USA,2005,14.57448006,3.2,..,2.5,..,..,..,5.5
USA,2006,14.70358467,3.18,..,2.5,..,..,..,5.3
USA,2007,14.91463089,3.14,..,2.5,..,..,..,5.1
USA,2008,15.20489883,3.13,..,2.5,..,..,..,4.9
USA,2009,16.19877434,3.08,..,2.5,..,..,..,4.3
USA,2010,16.19557953,3.05,..,2.5,..,0.13,..,4.1
USA,2011,16.13764381,2.97,..,2.5,..,0.13,..,3.9
USA,2012,16.11693954,2.93,..,2.5,..,0.13,..,3.6
USA,2013,15.98693848,2.89,..,2.5,..,0.12,..,3.3
USA,2014,16.19240761,2.83,..,2.5,..,0.12,..,3.2
USA,2015,16.48109245,2.8,..,2.5,..,0.12,..,3.2
USA,2016,16.79314804,2.77,..,2.5,..,0.12,..,3.1
USA,2017,16.76793671,2.87,..,2.5,..,0.12,..,3
USA,2018,16.64094353,..,2.61,2.5,..,0.11,..,3
USA,2019,16.67647362,..,..,2.5,..,0.11,..,2.9
USA,2020,18.81582642,..,..,2.5,..,..,..,2.3
USA,2021,..,..,..,..,..,..,..,2.6
USA,2022,..,..,..,..,..,..,..,..
URY,1990,..,4.522600174,3.68,..,..,0.09,..,..
URY,1991,..,..,..,..,..,0.12,..,..
URY,1992,..,..,3.226,..,..,0.17,..,..
URY,1993,..,4.5,..,..,..,0.19,..,..
URY,1994,..,..,..,..,..,0.19,..,..
URY,1995,..,..,3.56,..,..,0.2,..,..
URY,1996,..,4.389999867,3.703,..,..,0.21,..,..
URY,1997,..,..,..,..,..,0.22,..,..
URY,1998,..,..,..,..,..,0.21,..,..
URY,1999,..,..,3.745,..,..,0.16,..,..
URY,2000,9.21095848,..,..,..,13,0.18,..,23
URY,2001,9.79864407,..,..,3.6,15,0.17,..,24
URY,2002,9.68134308,..,3.7234,3.5,17,0.18,..,19
URY,2003,9.61753464,1.899999976,..,3.7,19,0.17,..,22
URY,2004,8.30145359,..,..,3.8,20,0.18,..,25
URY,2005,7.75686073,2.4,..,3.9,22,0.19,..,22
URY,2006,7.74287462,2.9,..,3.7,25,0.2,..,19
URY,2007,7.49349833,2.9,..,3.1,26,0.2,..,21
URY,2008,8.12533188,..,3.951,2.5,26,0.22,..,24
URY,2009,7.9498806,..,..,2.5,26,0.23,..,24
URY,2010,7.91117048,1.2,..,2.5,35,0.24,..,24
URY,2011,7.94897985,2.98,..,2.5,36,0.23,..,28
URY,2012,8.06757545,2.5,..,2.5,35,0.24,..,28
URY,2013,8.11897373,2.49,..,2.5,53,0.26,..,30
URY,2014,8.07319641,2.42,..,2.5,54,0.24,..,29
URY,2015,8.29225731,2.43,..,2.5,55,0.24,..,30
URY,2016,8.67535782,2.48,3.9558,2.5,55,0.24,..,30
URY,2017,8.82179642,2.43,4.9398,2.5,58,0.24,..,31
URY,2018,9.01452351,..,..,2.5,64,0.25,..,34
URY,2019,9.39027691,..,..,2.5,65,0.24,..,35
URY,2020,9.15207481,..,..,2.5,64,0.26,..,32
URY,2021,..,..,..,..,..,0.27,..,32
URY,2022,..,..,..,..,..,..,..,..
UZB,1990,..,12.48279953,3.3911,..,..,0.01,..,..
UZB,1991,..,10.94729996,3.3804,..,..,0.01,..,..
UZB,1992,..,10.75409985,3.3741,..,..,0.01,..,..
UZB,1993,..,9.394200325,3.3447,..,..,0.01,..,..
UZB,1994,..,8.663299561,3.3144,..,..,0.01,..,..
UZB,1995,..,8.300000191,3.2558,..,..,0.01,..,..
UZB,1996,..,7.929999828,3.1575,..,..,0.01,..,..
UZB,1997,..,6.480000019,3.1047,..,..,0.01,..,..
UZB,1998,..,5.550000191,3.0747,..,..,0.01,..,..
UZB,1999,..,5.389999867,..,..,..,0.01,..,..
UZB,2000,5.11650658,5.33,2.9628,..,0,0.02,5.055165496,99
UZB,2001,5.23737431,5.34,2.909,17.9,0,0.02,3.049746515,107
UZB,2002,5.14164925,5.54,2.8456,19.2,0,0.04,2.892998163,113
UZB,2003,5.1882515,5.48,2.7816,18.7,0,0.05,2.856591392,117
UZB,2004,4.84063768,5.26,2.721,16.8,0,0.1,2.515819166,119
UZB,2005,4.781991,5.19,2.6701,14.7,0,0.12,3.83848267,120
UZB,2006,4.75141335,5.12,2.6515,12.6,3,0.13,2.71113422,116
UZB,2007,4.54267979,4.83,2.6329,11.5,6,0.14,1.098538943,110
UZB,2008,4.70447445,4.67,2.6048,11.2,8,0.14,0.252470605,105
UZB,2009,4.79649639,4.58,2.5706,8.4,10,0.14,0,101
UZB,2010,5.29938841,4.44,2.5432,5.4,12,0.14,0.104843783,97
UZB,2011,5.26245499,4.32,2.5036,2.5,15,0.14,0,93
UZB,2012,5.54822111,4.19,2.4451,2.5,5,0.14,0,89
UZB,2013,5.71896601,3.99,2.4044,2.5,12,0.14,0,86
UZB,2014,4.43092394,3.98,2.3742,2.5,18,0.14,0,82
UZB,2015,4.73596573,..,..,2.5,33,0.14,0,79
UZB,2016,4.71504498,..,..,2.5,39,0.14,0,76
UZB,2017,4.83789968,..,..,2.5,47,0.14,0,73
UZB,2018,5.07702637,..,..,2.5,54,0.13,0,70
UZB,2019,5.43133879,..,..,2.5,51,0.11,0,67
UZB,2020,6.74741459,..,..,2.5,56,0.11,0,65
UZB,2021,..,..,..,..,51,0.11,..,62
UZB,2022,..,..,..,..,..,..,..,..
VUT,1990,..,..,..,..,..,..,..,..
VUT,1991,..,..,9.90E-02,..,..,..,..,..
VUT,1992,..,..,..,..,..,..,..,..
VUT,1993,..,..,..,..,..,..,..,..
VUT,1994,..,..,..,..,..,..,..,..
VUT,1995,..,..,..,..,..,..,..,..
VUT,1996,..,..,..,..,..,..,..,..
VUT,1997,..,..,0.1144,..,..,..,..,..
VUT,1998,..,..,..,..,..,..,..,..
VUT,1999,..,..,..,..,..,..,..,..
VUT,2000,3.30683255,..,..,..,..,..,120.6149713,110
VUT,2001,3.38728333,3.099999905,..,7.5,..,..,94.91762843,123
VUT,2002,3.90437746,..,..,7.4,..,..,181.3481756,69
VUT,2003,3.50691938,3.7,..,7.2,..,..,205.9606867,69
VUT,2004,3.53991532,..,0.147,7,..,..,143.8645715,86
VUT,2005,3.30528617,4.1,..,6.9,..,..,117.7400382,83
VUT,2006,3.32189322,..,..,6.4,..,..,102.9189451,80
VUT,2007,3.1078558,..,0.1185,6.1,..,..,119.6084872,77
VUT,2008,3.13810205,1.7,0.1157,5.9,..,..,114.4294556,74
VUT,2009,3.25197887,..,..,6.1,..,..,62.10965042,72
VUT,2010,3.52656102,..,..,6.3,..,..,85.44201945,69
VUT,2011,3.59819388,..,..,6.9,..,..,46.28443178,67
VUT,2012,3.9356277,..,0.1844,7.4,..,..,32.62174861,65
VUT,2013,4.39234495,..,..,8.1,..,..,20.20991599,62
VUT,2014,3.64668846,..,..,8.8,..,..,8.991319875,63
VUT,2015,4.32168293,..,..,10.3,..,..,2.919280273,63
VUT,2016,2.93130064,..,0.1653,11.2,..,..,14.73423299,56
VUT,2017,2.76285458,..,..,12.3,..,..,7.807358763,51
VUT,2018,3.31753612,..,..,12.6,..,..,3.925354358,46
VUT,2019,3.31453276,..,..,12.4,..,..,3.439508022,41
VUT,2020,3.96995449,..,..,11.9,..,..,2.919614354,37
VUT,2021,..,..,..,..,..,..,1.804867502,34
VUT,2022,..,..,..,..,..,..,..,..
VEN,1990,..,2.677900076,1.564,..,..,..,..,..
VEN,1991,..,2.677599907,..,..,..,..,..,..
VEN,1992,..,2.572999954,..,..,..,..,..,..
VEN,1993,..,2.599999905,..,..,..,..,..,..
VEN,1994,..,..,..,..,..,..,..,..
VEN,1995,..,..,1.94,..,..,..,..,..
VEN,1996,..,1.470000029,..,..,..,..,..,..
VEN,1997,..,..,..,..,..,..,..,..
VEN,1998,..,..,..,..,..,..,..,..
VEN,1999,..,..,..,..,..,..,..,..
VEN,2000,7.33427238,..,..,..,2,..,2.907924961,33
VEN,2001,7.85063791,0.800000012,1.9475,14.9,5,..,1.91590069,32
VEN,2002,7.71829367,..,..,15.1,7,..,2.765709965,31
VEN,2003,7.50703812,0.9,..,14.6,9,..,2.909778858,33
VEN,2004,6.78156996,..,..,10,10,..,4.19294246,33
VEN,2005,6.05508995,..,..,8.4,12,..,3.973109535,32
VEN,2006,8.0986166,..,..,7,20,..,3.220269441,31
VEN,2007,7.78344536,1.3,..,4.8,22,..,3.548325499,30
VEN,2008,6.40868616,..,..,2.8,27,..,2.683627509,29
VEN,2009,7.54578352,1.1,..,2.5,32,..,2.960121424,29
VEN,2010,6.83106947,..,..,2.5,38,..,4.033080664,28
VEN,2011,7.1770978,0.93,..,2.5,40,..,3.681929162,27
VEN,2012,6.44814777,..,..,2.5,42,..,4.197428296,28
VEN,2013,5.5941329,..,..,2.5,42,..,6.177286563,28
VEN,2014,5.77645445,0.78,..,4.5,43,..,7.026668006,27
VEN,2015,4.34628868,0.73,..,11.3,58,..,10.45938324,30
VEN,2016,3.91797328,0.86,..,16.4,54,..,18.33985525,34
VEN,2017,4.51975679,0.87,1.73,22.2,42,..,31.5813355,45
VEN,2018,2.41691327,..,..,22.7,29,..,31.8659924,48
VEN,2019,2.18563724,..,..,24.9,47,..,32.26743741,45
VEN,2020,3.81606245,..,..,22.9,58,..,15.67886673,44
VEN,2021,..,..,..,..,58,..,14.51659277,47
VEN,2022,..,..,..,..,..,..,..,..
VNM,1990,..,3.832900047,0.404,..,..,0.01,..,..
VNM,1991,..,..,0.407,..,..,0.03,..,..
VNM,1992,..,..,0.437,..,..,0.06,..,..
VNM,1993,..,..,..,..,..,0.11,..,..
VNM,1994,..,..,..,..,..,0.17,..,..
VNM,1995,..,..,..,..,..,0.21,..,..
VNM,1996,..,..,..,..,..,0.23,..,..
VNM,1997,..,1.669999957,0.569,..,..,0.23,..,..
VNM,1998,..,..,0.48,..,..,0.24,..,..
VNM,1999,..,..,0.515,..,..,0.24,..,..
VNM,2000,3.81915736,2.34,..,..,0,0.25,3.459356095,296
VNM,2001,4.51130629,2.400000095,0.5242,19.7,0,0.25,3.147395839,290
VNM,2002,3.59967446,1.4,0.5514,18,0,0.26,2.211770027,284
VNM,2003,3.66619396,..,..,16.3,0,0.26,1.608612324,278
VNM,2004,3.79920292,2.8,..,15.7,0,0.25,0.932355767,272
VNM,2005,4.01387405,2.34,0.6139,15.5,2,0.24,0.662654034,266
VNM,2006,4.24659491,2.66,0.6239,15.3,5,0.22,0.705008972,260
VNM,2007,4.30235767,..,0.6415,14.1,9,0.21,0.448575484,253
VNM,2008,4.05425692,2.9,0.6648,12.9,14,0.19,0.283922015,246
VNM,2009,4.16906166,3.1,0.6982,11.7,19,0.18,0.358551773,239
VNM,2010,4.69927311,2.91,0.71,10.9,24,0.17,0.356390268,231
VNM,2011,4.6128521,..,..,9.8,29,0.16,0.310325253,225
VNM,2012,5.00178242,2.5,0.8209,9.2,34,0.14,0.362202043,218
VNM,2013,5.07556248,3.18,..,8.7,38,0.13,0.312056905,212
VNM,2014,4.6127553,2.6,0.783,8.6,41,0.12,0.283464071,205
VNM,2015,4.56543732,..,0.7963,8.1,48,0.12,0.166063114,199
VNM,2016,4.51853609,..,0.8281,7.8,53,0.1,7.32E-02,193
VNM,2017,4.71283484,..,..,7.2,59,0.09,7.91E-02,188
VNM,2018,5.04966736,..,..,6.8,62,0.08,5.40E-02,182
VNM,2019,5.03395176,..,..,6.2,66,7.00E-02,5.46E-02,176
VNM,2020,4.68066788,..,..,5.7,70,0.06,2.33E-02,171
VNM,2021,..,..,..,..,72,0.06,6.31E-03,173
VNM,2022,..,..,..,..,..,..,..,..
VIR,1990,..,4.800000191,1.65,..,..,..,..,..
VIR,1991,..,..,..,..,..,..,..,..
VIR,1992,..,..,..,..,..,..,..,..
VIR,1993,..,..,..,..,..,..,..,..
VIR,1994,..,..,..,..,..,..,..,..
VIR,1995,..,..,1.645,..,..,..,..,..
VIR,1996,..,18.68000031,..,..,..,..,..,..
VIR,1997,..,..,..,..,..,..,..,..
VIR,1998,..,..,..,..,..,..,..,..
VIR,1999,..,..,..,..,..,..,..,..
VIR,2000,..,..,..,..,..,..,..,..
VIR,2001,..,..,..,..,..,..,..,..
VIR,2002,..,..,..,..,..,..,..,..
VIR,2003,..,..,..,..,..,..,..,..
VIR,2004,..,..,..,..,..,..,..,..
VIR,2005,..,..,..,..,..,..,..,..
VIR,2006,..,..,..,..,..,..,..,..
VIR,2007,..,..,..,..,..,..,..,..
VIR,2008,..,..,..,..,..,..,..,..
VIR,2009,..,..,..,..,..,..,..,..
VIR,2010,..,..,..,..,..,..,..,..
VIR,2011,..,..,..,..,..,..,..,..
VIR,2012,..,..,..,..,..,..,..,..
VIR,2013,..,..,..,..,..,..,..,..
VIR,2014,..,..,..,..,..,..,..,..
VIR,2015,..,..,..,..,..,..,..,..
VIR,2016,..,..,..,..,..,..,..,..
VIR,2017,..,..,..,..,..,..,..,..
VIR,2018,..,..,..,..,..,..,..,..
VIR,2019,..,..,..,..,..,..,..,..
VIR,2020,..,..,..,..,..,..,..,..
VIR,2021,..,..,..,..,..,..,..,..
VIR,2022,..,..,..,..,..,..,..,..
PSE,1990,..,..,..,..,..,..,..,..
PSE,1991,..,..,..,..,..,..,..,..
PSE,1992,..,..,..,..,..,..,..,..
PSE,1993,..,..,..,..,..,..,..,..
PSE,1994,..,..,..,..,..,..,..,..
PSE,1995,..,..,..,..,..,..,..,..
PSE,1996,..,1.200000048,..,..,..,..,..,..
PSE,1997,..,..,..,..,..,..,..,..
PSE,1998,..,..,0.5,..,..,..,..,..
PSE,1999,..,..,..,..,..,..,..,..
PSE,2000,..,..,..,..,..,..,..,3.3
PSE,2001,..,..,0.837,..,..,..,..,2.6
PSE,2002,..,..,..,..,..,..,..,2
PSE,2003,..,..,..,..,..,..,..,1.3
PSE,2004,..,..,..,..,..,..,..,0.83
PSE,2005,..,..,..,..,..,..,..,0.99
PSE,2006,..,..,..,..,..,..,..,1.4
PSE,2007,..,..,..,..,..,..,..,1.1
PSE,2008,..,..,..,..,..,..,..,1.3
PSE,2009,..,..,..,..,..,..,..,1.1
PSE,2010,..,..,..,..,..,..,..,0.97
PSE,2011,..,..,..,..,..,..,..,0.98
PSE,2012,..,..,..,..,..,..,..,0.96
PSE,2013,..,..,..,..,..,..,..,1.1
PSE,2014,..,..,..,..,..,..,..,1.2
PSE,2015,..,..,..,..,..,..,..,1.1
PSE,2016,..,..,..,..,..,..,..,0.98
PSE,2017,..,..,..,..,..,..,..,0.77
PSE,2018,..,..,..,..,..,..,..,0.78
PSE,2019,..,..,..,..,..,..,..,0.53
PSE,2020,..,..,..,..,..,..,..,0.65
PSE,2021,..,..,..,..,..,..,..,0.61
PSE,2022,..,..,..,..,..,..,..,..
YEM,1990,..,0.836199999,7.00E-03,..,..,0.01,..,..
YEM,1991,..,..,..,..,..,0.01,..,..
YEM,1992,..,..,..,..,..,0.01,..,..
YEM,1993,..,..,..,..,..,0.01,..,..
YEM,1994,..,..,..,..,..,0.01,..,..
YEM,1995,..,..,0.247,..,..,0.02,..,..
YEM,1996,..,0.689999998,0.23,..,..,0.02,..,..
YEM,1997,..,..,0.2387,..,..,0.02,..,..
YEM,1998,..,0.600000024,..,..,..,0.02,..,..
YEM,1999,..,..,..,..,..,0.02,..,..
YEM,2000,4.66606569,0.59,..,..,0,0.02,88.38001065,116
YEM,2001,4.94514799,0.59,..,26.7,0,0.02,95.84944882,110
YEM,2002,4.83237982,0.59,..,27.6,0,0.02,103.1411099,102
YEM,2003,5.75758314,0.59,..,28,0,0.02,91.30814145,95
YEM,2004,5.5144043,0.59,0.3449,28.3,0,0.02,71.53151499,87
YEM,2005,5.20585251,0.61,..,27.8,0,0.02,72.95249487,80
YEM,2006,5.52930164,0.7,..,26.6,0,0.02,84.86340772,73
YEM,2007,5.82077599,0.7,..,26.1,2,0.02,58.39546518,66
YEM,2008,5.76191616,0.7,0.3156,26,5,0.03,35.89632779,60
YEM,2009,5.98619986,0.7,0.3165,24.2,6,0.03,45.31331744,55
YEM,2010,5.15932894,0.72,..,27.1,11,0.03,70.95329782,52
YEM,2011,4.7695322,0.7,..,29.1,12,0.03,48.26719133,50
YEM,2012,5.19593525,0.72,..,33.3,13,0.03,50.92417257,48
YEM,2013,4.96083164,0.67,..,34.3,15,0.03,40.26136502,48
YEM,2014,4.8418045,0.71,0.5251,38.1,19,0.03,32.82224275,48
YEM,2015,4.25285673,0.71,..,43.4,20,0.03,27.94728321,48
YEM,2016,..,0.71,..,46.1,24,0.03,35.03593975,48
YEM,2017,..,0.71,..,46.6,25,0.03,38.58613276,48
YEM,2018,..,..,..,44.7,27,0.03,43.87787414,48
YEM,2019,..,..,..,42.8,29,0.03,40.88410796,48
YEM,2020,..,..,..,41.4,30,0.04,38.44558779,48
YEM,2021,..,..,..,..,31,0.04,46.0859008,48
YEM,2022,..,..,..,..,..,..,..,..
ZMB,1990,..,..,9.20E-02,..,..,12.48,..,..
ZMB,1991,..,..,..,..,..,13,..,..
ZMB,1992,..,..,..,..,..,13.07,..,..
ZMB,1993,..,..,..,..,..,12.8,..,..
ZMB,1994,..,..,..,..,..,12.31,..,..
ZMB,1995,..,..,6.90E-02,..,..,12,..,..
ZMB,1996,..,..,..,..,..,11.48,..,..
ZMB,1997,..,..,..,..,..,11.06,..,..
ZMB,1998,..,..,..,..,..,10.49,..,..
ZMB,1999,..,..,..,..,..,10.21,..,..
ZMB,2000,7.15237093,..,..,..,0,9.75,397.1114663,759
ZMB,2001,6.55248451,..,..,..,0,9.38,404.1539826,728
ZMB,2002,6.79403543,..,..,..,0,9.05,371.4538781,695
ZMB,2003,7.18999434,..,..,..,2,8.7,348.5236401,662
ZMB,2004,7.04994965,2,0.1298,..,3,8.23,301.7934676,631
ZMB,2005,6.86332178,..,5.45E-02,..,6,7.69,258.4483754,602
ZMB,2006,5.87367344,..,5.33E-02,..,9,7.23,222.4931199,577
ZMB,2007,4.35264969,..,..,..,17,6.89,193.4367851,554
ZMB,2008,4.01207542,1.9,6.19E-02,..,23,6.29,172.5598825,534
ZMB,2009,4.42680454,..,6.06E-02,..,29,5.93,165.2190343,514
ZMB,2010,3.71929598,2,6.14E-02,..,34,5.74,168.4754784,495
ZMB,2011,3.46053243,..,..,..,40,5.5,180.5119502,475
ZMB,2012,3.93052912,..,..,..,44,5.26,200.3485896,456
ZMB,2013,4.69090986,..,..,..,50,5,227.6134654,437
ZMB,2014,3.82924223,..,..,..,56,4.77,232.3185773,406
ZMB,2015,4.43510246,..,..,..,63,4.48,219.3227439,391
ZMB,2016,4.47761726,..,9.25E-02,..,65,4.06,205.9687417,376
ZMB,2017,4.40054274,..,..,..,68,3.86,185.2472183,361
ZMB,2018,5.05676603,..,0.1168,..,75,3.69,178.8396812,346
ZMB,2019,5.31950092,..,..,..,83,3.05,174.3986938,333
ZMB,2020,5.61788416,..,..,..,90,2.5,186.8986196,319
ZMB,2021,..,..,..,..,90,2.17,187.7212356,307
ZMB,2022,..,..,..,..,..,..,..,..
ZWE,1990,..,0.510500014,0.1265,..,..,24.4,..,..
ZWE,1991,..,..,..,..,..,25.77,..,..
ZWE,1992,..,..,..,..,..,25.6,..,..
ZWE,1993,..,..,..,..,..,24.28,..,..
ZWE,1994,..,..,..,..,..,22.3,..,..
ZWE,1995,..,..,0.1428,..,..,20.27,..,..
ZWE,1996,..,..,..,..,..,18.37,..,..
ZWE,1997,..,..,..,..,..,16.71,..,..
ZWE,1998,..,..,..,..,..,15.2,..,..
ZWE,1999,..,..,..,..,..,13.95,..,..
ZWE,2000,..,..,0.1262,..,0,12.86,105.9243522,605
ZWE,2001,..,..,..,..,0,11.96,105.9244431,617
ZWE,2002,..,..,..,..,0,11.04,105.924405,617
ZWE,2003,..,..,..,..,0,10.27,105.9243548,617
ZWE,2004,..,..,0.1735,..,1,9.75,105.9243473,607
ZWE,2005,..,..,0.1255,..,2,9.2,105.9244138,588
ZWE,2006,..,3,..,..,5,8.78,105.9243864,561
ZWE,2007,..,..,5.44E-02,..,8,8.29,172.3827007,527
ZWE,2008,..,..,5.96E-02,..,12,7.81,69.70758965,487
ZWE,2009,..,..,0.121,..,18,7.31,76.51477942,450
ZWE,2010,10.47583866,..,0.1272,..,29,6.73,108.5790824,416
ZWE,2011,8.08288383,1.7,8.17E-02,..,39,6.05,70.39487937,384
ZWE,2012,6.91794872,..,8.07E-02,..,45,5.13,56.72875318,355
ZWE,2013,7.10940313,..,8.34E-02,..,52,4.77,80.91621576,304
ZWE,2014,8.13227272,..,0.124,..,58,4.29,100.1851079,278
ZWE,2015,7.44982719,..,0.1815,..,64,3.86,95.74044595,242
ZWE,2016,7.46644735,..,0.1788,..,70,3.33,66.83620304,233
ZWE,2017,6.363585,..,0.1859,..,79,2.85,115.1819371,221
ZWE,2018,4.67041826,..,0.2096,..,82,2.27,53.55142073,210
ZWE,2019,3.65976548,..,..,..,87,1.88,64.73937839,199
ZWE,2020,3.42558146,..,0.199,..,91,1.7,93.43766508,181
ZWE,2021,..,..,..,..,91,1.51,27.19948304,190
ZWE,2022,..,..,..,..,..,..,..,..