iso3,year,gdp
USA,1990,39303.48901
USA,1991,38739.79832
USA,1992,39552.02188
USA,1993,40108.00804
USA,1994,41215.34293
USA,1995,41820.68019
USA,1996,42896.41648
USA,1997,44267.90588
USA,1998,45715.69265
USA,1999,47360.53642
USA,2000,48746.04096
USA,2001,48726.58167
USA,2002,49095.3318
USA,2003,50036.23423
USA,2004,51485.20741
USA,2005,52789.73142
USA,2006,53738.09173
USA,2007,54299.61724
USA,2008,53854.16061
USA,2009,51996.1835
USA,2010,52963.46417
USA,2011,53394.86184
USA,2012,54213.45955
USA,2013,54830.78407
USA,2014,55675.38685
USA,2015,56762.72945
USA,2016,57292.53878
USA,2017,58207.57831
USA,2018,59607.39366
USA,2019,60698.0113
USA,2020,58451.60672
USA,2021,61829.84563
USA,2022,62866.71439
AFG,1990,..
AFG,1991,..
AFG,1992,..
AFG,1993,..
AFG,1994,..
AFG,1995,..
AFG,1996,..
AFG,1997,..
AFG,1998,..
AFG,1999,..
AFG,2000,..
AFG,2001,..
AFG,2002,359.7661164
AFG,2003,363.1012531
AFG,2004,354.0336902
AFG,2005,379.9555903
AFG,2006,384.0780637
AFG,2007,429.4122672
AFG,2008,437.4197517
AFG,2009,512.408957
AFG,2010,569.282354
AFG,2011,551.0006237
AFG,2012,596.44244
AFG,2013,608.3863319
AFG,2014,602.5166003
AFG,2015,592.4761648
AFG,2016,590.4273674
AFG,2017,588.9300803
AFG,2018,578.9855448
AFG,2019,584.3865153
AFG,2020,553.036131
AFG,2021,426.2294013
AFG,2022,..
ALB,1990,1606.296472
ALB,1991,1163.491601
ALB,1992,1086.438774
ALB,1993,1197.580911
ALB,1994,1305.001064
ALB,1995,1488.020885
ALB,1996,1633.552004
ALB,1997,1464.297966
ALB,1998,1603.647655
ALB,1999,1821.873136
ALB,2000,1960.882465
ALB,2001,2143.526845
ALB,2002,2247.498086
ALB,2003,2380.644627
ALB,2004,2522.449381
ALB,2005,2675.508644
ALB,2006,2851.367767
ALB,2007,3044.896625
ALB,2008,3298.478917
ALB,2009,3432.170881
ALB,2010,3577.114334
ALB,2011,3678.047711
ALB,2012,3736.340089
ALB,2013,3780.699203
ALB,2014,3855.760754
ALB,2015,3952.803584
ALB,2016,4090.372739
ALB,2017,4249.820061
ALB,2018,4431.555607
ALB,2019,4543.387723
ALB,2020,4418.660885
ALB,2021,4857.111955
ALB,2022,5158.509128
DZA,1990,3153.47582
DZA,1991,3042.215899
DZA,1992,3025.839538
DZA,1993,2896.668401
DZA,1994,2810.726735
DZA,1995,2862.107859
DZA,1996,2927.377427
DZA,1997,2910.239233
DZA,1998,3012.805434
DZA,1999,3066.03769
DZA,2000,3138.230009
DZA,2001,3188.206215
DZA,2002,3321.63775
DZA,2003,3512.899037
DZA,2004,3612.752968
DZA,2005,3774.071242
DZA,2006,3783.312951
DZA,2007,3848.778238
DZA,2008,3874.368056
DZA,2009,3866.295746
DZA,2010,3931.720046
DZA,2011,3969.660263
DZA,2012,4025.64147
DZA,2013,4057.764794
DZA,2014,4129.422535
DZA,2015,4197.419971
DZA,2016,4246.24216
DZA,2017,4218.082305
DZA,2018,4188.220371
DZA,2019,4153.003441
DZA,2020,3873.508733
DZA,2021,3939.360851
DZA,2022,3995.881885
ASM,1990,..
ASM,1991,..
ASM,1992,..
ASM,1993,..
ASM,1994,..
ASM,1995,..
ASM,1996,..
ASM,1997,..
ASM,1998,..
ASM,1999,..
ASM,2000,..
ASM,2001,..
ASM,2002,12804.43584
ASM,2003,12980.7223
ASM,2004,13105.16908
ASM,2005,13136.48008
ASM,2006,12690.52911
ASM,2007,13029.61628
ASM,2008,12795.02456
ASM,2009,12378.17019
ASM,2010,12532.31112
ASM,2011,12656.68814
ASM,2012,12247.63529
ASM,2013,12098.27515
ASM,2014,12494.98021
ASM,2015,13101.54182
ASM,2016,13116.43098
ASM,2017,12442.85767
ASM,2018,13049.33015
ASM,2019,13288.35656
ASM,2020,14303.62703
ASM,2021,14396.36856
ASM,2022,..
AND,1990,30578.06
AND,1991,30301.62992
AND,1992,29596.02217
AND,1993,28363.33894
AND,1994,28144.3744
AND,1995,28051.39002
AND,1996,28797.8532
AND,1997,31149.35565
AND,1998,31895.98079
AND,1999,32966.23685
AND,2000,33901.17697
AND,2001,35722.52889
AND,2002,35749.92891
AND,2003,37250.29519
AND,2004,38696.49461
AND,2005,39307.14086
AND,2006,40994.44761
AND,2007,42724.5672
AND,2008,41470.43793
AND,2009,40442.78511
AND,2010,40937.27407
AND,2011,41486.19948
AND,2012,39174.89729
AND,2013,37597.70533
AND,2014,38402.64926
AND,2015,38885.53032
AND,2016,39886.64009
AND,2017,39321.61431
AND,2018,39320.09245
AND,2019,39413.79088
AND,2020,34394.41404
AND,2021,36616.10076
AND,2022,39447.51972
AGO,1990,2254.754897
AGO,1991,2202.61365
AGO,1992,2007.719927
AGO,1993,1478.70332
AGO,1994,1451.338125
AGO,1995,1615.026169
AGO,1996,1773.709884
AGO,1997,1840.321903
AGO,1998,1864.502373
AGO,1999,1844.687842
AGO,2000,1840.353828
AGO,2001,1855.780177
AGO,2002,2040.194755
AGO,2003,2030.686208
AGO,2004,2175.414769
AGO,2005,2414.918484
AGO,2006,2598.795671
AGO,2007,2856.988846
AGO,2008,3061.636272
AGO,2009,2975.993427
AGO,2010,2992.992925
AGO,2011,2982.665231
AGO,2012,3118.020183
AGO,2013,3152.515808
AGO,2014,3185.009706
AGO,2015,3100.830685
AGO,2016,2914.412131
AGO,2017,2808.598715
AGO,2018,2677.249833
AGO,2019,2569.701651
AGO,2020,2346.846019
AGO,2021,2300.974614
AGO,2022,2298.748312
ATG,1990,11727.10929
ATG,1991,11924.73887
ATG,1992,11871.65842
ATG,1993,12275.39592
ATG,1994,12853.28379
ATG,1995,12054.6163
ATG,1996,12592.99959
ATG,1997,13017.21157
ATG,1998,13378.71536
ATG,1999,13639.99593
ATG,2000,14247.97301
ATG,2001,13392.98172
ATG,2002,13358.81437
ATG,2003,14010.84906
ATG,2004,14656.29262
ATG,2005,15423.80002
ATG,2006,17163.39783
ATG,2007,18505.79067
ATG,2008,18228.64913
ATG,2009,15804.44514
ATG,2010,14367.9515
ATG,2011,13918.59653
ATG,2012,14232.96959
ATG,2013,14015.87931
ATG,2014,14427.40691
ATG,2015,14861.88271
ATG,2016,15570.90406
ATG,2017,15962.72887
ATG,2018,16957.63268
ATG,2019,17599.96872
ATG,2020,14433.8798
ATG,2021,15288.43788
ATG,2022,16485.44164
ARG,1990,8144.494294
ARG,1991,8762.661384
ARG,1992,9327.859451
ARG,1993,9957.256522
ARG,1994,10397.37929
ARG,1995,9969.331576
ARG,1996,10388.53871
ARG,1997,11097.38206
ARG,1998,11391.94516
ARG,1999,10880.20621
ARG,2000,10672.72204
ARG,2001,10090.65344
ARG,2002,8895.319642
ARG,2003,9581.969792
ARG,2004,10341.64341
ARG,2005,11141.31067
ARG,2006,11913.95853
ARG,2007,12857.09258
ARG,2008,13246.63489
ARG,2009,12336.86194
ARG,2010,13551.33919
ARG,2011,14200.26989
ARG,2012,13895.63371
ARG,2013,14071.50868
ARG,2014,13567.94842
ARG,2015,13789.06042
ARG,2016,13360.21183
ARG,2017,13595.03736
ARG,2018,13105.39716
ARG,2019,12716.2242
ARG,2020,11341.26837
ARG,2021,12402.49079
ARG,2022,12932.46953
ARM,1990,1641.983147
ARM,1991,1425.386743
ARM,1992,839.5720306
ARM,1993,791.6469969
ARM,1994,855.0810417
ARM,1995,928.0924974
ARM,1996,989.6423441
ARM,1997,1031.09826
ARM,1998,1116.907193
ARM,1999,1166.187963
ARM,2000,1249.61213
ARM,2001,1385.044795
ARM,2002,1582.057623
ARM,2003,1815.788226
ARM,2004,2018.460143
ARM,2005,2312.982863
ARM,2006,2636.256651
ARM,2007,3019.465563
ARM,2008,3250.498614
ARM,2009,2810.192843
ARM,2010,2889.566231
ARM,2011,3043.262789
ARM,2012,3278.670451
ARM,2013,3402.083858
ARM,2014,3538.529395
ARM,2015,3666.141825
ARM,2016,3689.830085
ARM,2017,3985.916702
ARM,2018,4215.899398
ARM,2019,4561.967803
ARM,2020,4256.131232
ARM,2021,4522.319045
ARM,2022,5111.370028
ABW,1990,24007.49571
ABW,1991,25097.27211
ABW,1992,25692.23846
ABW,1993,26743.7228
ABW,1994,28027.51564
ABW,1995,27868.54308
ABW,1996,27358.54212
ABW,1997,28413.14401
ABW,1998,28121.31558
ABW,1999,27646.19565
ABW,2000,29005.93337
ABW,2001,29693.13991
ABW,2002,29059.48651
ABW,2003,29093.57824
ABW,2004,30931.9365
ABW,2005,30505.33919
ABW,2006,30490.36584
ABW,2007,31051.00157
ABW,2008,31230.19304
ABW,2009,27243.3332
ABW,2010,26200.7273
ABW,2011,26829.63448
ABW,2012,26337.58506
ABW,2013,27821.7916
ABW,2014,27624.3773
ABW,2015,28421.38649
ABW,2016,28852.23707
ABW,2017,30270.9416
ABW,2018,31705.27882
ABW,2019,31762.73396
ABW,2020,25823.63494
ABW,2021,30271.83363
ABW,2022,..
AUS,1990,36964.67245
AUS,1991,36356.69487
AUS,1992,36106.01327
AUS,1993,37234.68231
AUS,1994,38345.87612
AUS,1995,39395.21074
AUS,1996,40420.97941
AUS,1997,41550.5511
AUS,1998,43036.32342
AUS,1999,44677.89465
AUS,2000,45892.61037
AUS,2001,46232.03825
AUS,2002,47534.54521
AUS,2003,48453.0138
AUS,2004,49959.07241
AUS,2005,50911.13414
AUS,2006,51605.3146
AUS,2007,52586.40939
AUS,2008,53382.31006
AUS,2009,53271.59019
AUS,2010,53606.58144
AUS,2011,54131.10471
AUS,2012,55269.91928
AUS,2013,55727.73415
AUS,2014,56318.63598
AUS,2015,56708.9612
AUS,2016,57354.54981
AUS,2017,57701.52385
AUS,2018,58479.50355
AUS,2019,58868.48063
AUS,2020,58115.93067
AUS,2021,59339.68435
AUS,2022,60797.95865
AUT,1990,31340.68129
AUT,1991,32097.24109
AUT,1992,32410.53977
AUT,1993,32313.71187
AUT,1994,32962.81742
AUT,1995,33790.48499
AUT,1996,34537.73957
AUT,1997,35220.88774
AUT,1998,36442.28823
AUT,1999,37664.94328
AUT,2000,38842.89052
AUT,2001,39184.8086
AUT,2002,39636.48261
AUT,2003,39815.22195
AUT,2004,40651.22662
AUT,2005,41281.27076
AUT,2006,42496.35105
AUT,2007,43937.71289
AUT,2008,44440.05589
AUT,2009,42655.19213
AUT,2010,43334.50896
AUT,2011,44451.00019
AUT,2012,44549.8817
AUT,2013,44299.37818
AUT,2014,44245.16874
AUT,2015,44195.81759
AUT,2016,44590.25163
AUT,2017,45281.7234
AUT,2018,46154.6251
AUT,2019,46647.08096
AUT,2020,43455.70007
AUT,2021,45238.39071
AUT,2022,47043.34323
AZE,1990,2820.840603
AZE,1991,2764.074483
AZE,1992,2107.297157
AZE,1993,1596.132948
AZE,1994,1264.527413
AZE,1995,1102.498085
AZE,1996,1105.587438
AZE,1997,1158.481863
AZE,1998,1262.292111
AZE,1999,1343.856177
AZE,2000,1480.808953
AZE,2001,1614.849144
AZE,2002,1754.135552
AZE,2003,1918.611377
AZE,2004,2077.885638
AZE,2005,2631.851919
AZE,2006,3501.165445
AZE,2007,4327.114371
AZE,2008,4693.077911
AZE,2009,5023.96818
AZE,2010,5215.205078
AZE,2011,5152.839415
AZE,2012,5194.921837
AZE,2013,5426.096903
AZE,2014,5506.182671
AZE,2015,5500.50462
AZE,2016,5270.739099
AZE,2017,5229.710816
AZE,2018,5262.369637
AZE,2019,5348.454136
AZE,2020,5083.561155
AZE,2021,5345.440811
AZE,2022,5571.732827
BHS,1990,31352.38208
BHS,1991,29455.93727
BHS,1992,27734.81195
BHS,1993,27222.4845
BHS,1994,27522.58686
BHS,1995,28194.80706
BHS,1996,28867.26266
BHS,1997,30331.08684
BHS,1998,28485.06685
BHS,1999,31473.16779
BHS,2000,32300.81203
BHS,2001,32684.95522
BHS,2002,33129.16447
BHS,2003,32276.53619
BHS,2004,32124.97811
BHS,2005,32765.41644
BHS,2006,33127.17526
BHS,2007,33136.44745
BHS,2008,31908.9393
BHS,2009,30139.34127
BHS,2010,30175.44476
BHS,2011,29984.75473
BHS,2012,30577.75063
BHS,2013,29425.80002
BHS,2014,29701.29036
BHS,2015,29724.95334
BHS,2016,29459.05221
BHS,2017,29940.41847
BHS,2018,30181.18406
BHS,2019,29760.3414
BHS,2020,22657.03516
BHS,2021,26412.01211
BHS,2022,30054.03896
BHR,1990,17405.8852
BHR,1991,18709.79574
BHR,1992,19275.4815
BHR,1993,21024.96862
BHR,1994,20283.08741
BHR,1995,20403.37053
BHR,1996,20576.51539
BHR,1997,20566.55701
BHR,1998,20915.83341
BHR,1999,21195.90078
BHR,2000,21713.53805
BHR,2001,21681.0283
BHR,2002,21866.04923
BHR,2003,22348.90481
BHR,2004,22325.70308
BHR,2005,22027.33131
BHR,2006,21783.85153
BHR,2007,22013.75842
BHR,2008,21918.00506
BHR,2009,21157.79342
BHR,2010,21452.92152
BHR,2011,21906.74643
BHR,2012,22484.85482
BHR,2013,23012.70834
BHR,2014,23107.95659
BHR,2015,22795.44886
BHR,2016,22810.77492
BHR,2017,23019.25574
BHR,2018,23023.11978
BHR,2019,23414.21907
BHR,2020,22579.36201
BHR,2021,23407.19585
BHR,2022,24395.47247
BGD,1990,493.0950748
BGD,1991,500.493822
BGD,1992,518.1098459
BGD,1993,532.2527222
BGD,1994,542.4544489
BGD,1995,559.689233
BGD,1996,574.8358219
BGD,1997,590.0027912
BGD,1998,609.0135653
BGD,1999,625.3638567
BGD,2000,646.0377662
BGD,2001,666.0677582
BGD,2002,678.8675118
BGD,2003,698.7320886
BGD,2004,723.2278415
BGD,2005,758.8899765
BGD,2006,799.7814782
BGD,2007,847.2819519
BGD,2008,890.296171
BGD,2009,927.0180908
BGD,2010,967.5610849
BGD,2011,1017.627735
BGD,2012,1070.595168
BGD,2013,1120.685339
BGD,2014,1173.893005
BGD,2015,1236.004398
BGD,2016,1307.732333
BGD,2017,1376.60347
BGD,2018,1460.304234
BGD,2019,1557.964334
BGD,2020,1593.347407
BGD,2021,1684.433487
BGD,2022,1784.738887
BRB,1990,15169.48506
BRB,1991,14547.87951
BRB,1992,13677.03101
BRB,1993,13744.14187
BRB,1994,13982.09535
BRB,1995,14231.55666
BRB,1996,14769.88011
BRB,1997,15444.65716
BRB,1998,15995.10554
BRB,1999,16016.55742
BRB,2000,16698.06105
BRB,2001,16258.84218
BRB,2002,16320.56803
BRB,2003,16610.53694
BRB,2004,16781.89833
BRB,2005,17382.7728
BRB,2006,18380.66991
BRB,2007,18692.12112
BRB,2008,18729.59024
BRB,2009,17714.67524
BRB,2010,17237.77116
BRB,2011,17071.05344
BRB,2012,16953.43554
BRB,2013,16667.73838
BRB,2014,16615.50544
BRB,2015,16990.21947
BRB,2016,17385.20075
BRB,2017,17430.87321
BRB,2018,17220.931
BRB,2019,17168.14569
BRB,2020,14855.68986
BRB,2021,14800.83815
BRB,2022,16255.62675
BLR,1990,2890.540142
BLR,1991,2854.536528
BLR,1992,2574.838083
BLR,1993,2373.903642
BLR,1994,2098.635862
BLR,1995,1886.487852
BLR,1996,1945.849702
BLR,1997,2176.704381
BLR,1998,2370.199568
BLR,1999,2461.840458
BLR,2000,2616.927456
BLR,2001,2754.679695
BLR,2002,2912.139456
BLR,2003,3139.138336
BLR,2004,3522.50932
BLR,2005,3880.035815
BLR,2006,4294.252406
BLR,2007,4685.006185
BLR,2008,5180.740978
BLR,2009,5203.883649
BLR,2010,5621.968247
BLR,2011,5938.253501
BLR,2012,6047.904556
BLR,2013,6110.938443
BLR,2014,6212.93643
BLR,2015,5967.069185
BLR,2016,5811.251148
BLR,2017,5964.914987
BLR,2018,6165.958532
BLR,2019,6267.765795
BLR,2020,6252.009473
BLR,2021,6457.751946
BLR,2022,6217.147292
BEL,1990,29441.66215
BEL,1991,29870.14777
BEL,1992,30204.56375
BEL,1993,29797.40632
BEL,1994,30664.30785
BEL,1995,31329.89207
BEL,1996,31681.93636
BEL,1997,32804.36054
BEL,1998,33376.57484
BEL,1999,34479.90645
BEL,2000,35674.79125
BEL,2001,35943.23796
BEL,2002,36393.24177
BEL,2003,36617.38038
BEL,2004,37761.28132
BEL,2005,38426.05191
BEL,2006,39147.76356
BEL,2007,40290.22776
BEL,2008,40151.84987
BEL,2009,39025.22079
BEL,2010,39777.92528
BEL,2011,39929.09514
BEL,2012,39975.57364
BEL,2013,39970.3175
BEL,2014,40421.42079
BEL,2015,41008.29672
BEL,2016,41318.01964
BEL,2017,41825.76283
BEL,2018,42382.31828
BEL,2019,43107.21482
BEL,2020,40620.10422
BEL,2021,42971.05804
BEL,2022,44075.86144
BLZ,1990,4185.207492
BLZ,1991,4567.64728
BLZ,1992,5014.297695
BLZ,1993,5220.64559
BLZ,1994,5119.192762
BLZ,1995,5021.867308
BLZ,1996,4921.528771
BLZ,1997,4927.029981
BLZ,1998,4943.16082
BLZ,1999,5204.56481
BLZ,2000,5693.741485
BLZ,2001,5795.345531
BLZ,2002,5903.978933
BLZ,2003,6259.038916
BLZ,2004,6353.227391
BLZ,2005,6301.915865
BLZ,2006,6400.181438
BLZ,2007,6421.955138
BLZ,2008,6148.522801
BLZ,2009,5955.111038
BLZ,2010,5881.382237
BLZ,2011,5742.670206
BLZ,2012,5831.158848
BLZ,2013,5960.360401
BLZ,2014,6069.46148
BLZ,2015,6142.478833
BLZ,2016,6024.835945
BLZ,2017,5806.065449
BLZ,2018,5756.852249
BLZ,2019,5907.348872
BLZ,2020,5040.122521
BLZ,2021,5733.102574
BLZ,2022,6345.322831
BEN,1990,771.075864
BEN,1991,779.423309
BEN,1992,778.2552682
BEN,1993,787.8191187
BEN,1994,774.2629219
BEN,1995,804.350333
BEN,1996,817.8497352
BEN,1997,839.9516967
BEN,1998,847.0744875
BEN,1999,865.4525625
BEN,2000,888.7301846
BEN,2001,908.347703
BEN,2002,922.4176387
BEN,2003,925.8492611
BEN,2004,938.0381781
BEN,2005,924.2695241
BEN,2006,931.7691409
BEN,2007,959.5549935
BEN,2008,977.3031632
BEN,2009,970.9659689
BEN,2010,962.8161095
BEN,2011,962.7445897
BEN,2012,980.0746132
BEN,2013,1020.528234
BEN,2014,1054.108767
BEN,2015,1041.652523
BEN,2016,1045.150937
BEN,2017,1072.361966
BEN,2018,1111.22724
BEN,2019,1153.72621
BEN,2020,1164.708967
BEN,2021,1214.07759
BEN,2022,1255.607293
BMU,1990,86436.23431
BMU,1991,83812.1328
BMU,1992,84371.03566
BMU,1993,86444.67822
BMU,1994,86361.95281
BMU,1995,89518.27764
BMU,1996,91261.15148
BMU,1997,94878.49225
BMU,1998,97857.32328
BMU,1999,100602.9275
BMU,2000,109001.586
BMU,2001,115619.4747
BMU,2002,113172.1206
BMU,2003,116268.8169
BMU,2004,118193.1487
BMU,2005,119396.4494
BMU,2006,125294.9594
BMU,2007,128757.8807
BMU,2008,125610.0334
BMU,2009,117886.738
BMU,2010,115839.796
BMU,2011,112471.3475
BMU,2012,106119.795
BMU,2013,105492.4807
BMU,2014,101374.4698
BMU,2015,102005.6256
BMU,2016,102407.3944
BMU,2017,107237.0318
BMU,2018,106697.7375
BMU,2019,107036.2393
BMU,2020,99745.24161
BMU,2021,102959.2549
BMU,2022,106359.9705
BTN,1990,747.2360372
BTN,1991,732.039194
BTN,1992,796.2476557
BTN,1993,851.2080482
BTN,1994,892.632406
BTN,1995,944.4075487
BTN,1996,978.494963
BTN,1997,1013.409303
BTN,1998,1053.541952
BTN,1999,1110.067296
BTN,2000,1115.625326
BTN,2001,1176.653259
BTN,2002,1272.631794
BTN,2003,1338.508636
BTN,2004,1385.39642
BTN,2005,1456.479778
BTN,2006,1535.427863
BTN,2007,1795.071775
BTN,2008,1859.070433
BTN,2009,1961.938745
BTN,2010,2171.909785
BTN,2011,2319.590919
BTN,2012,2411.896385
BTN,2013,2436.859762
BTN,2014,2551.483055
BTN,2015,2695.636904
BTN,2016,2889.493866
BTN,2017,2998.473185
BTN,2018,3065.853525
BTN,2019,3219.641439
BTN,2020,2878.435707
BTN,2021,2976.90442
BTN,2022,..
BOL,1990,1687.442724
BOL,1991,1739.85461
BOL,1992,1732.739116
BOL,1993,1770.776899
BOL,1994,1817.473402
BOL,1995,1866.652933
BOL,1996,1912.002259
BOL,1997,1970.168081
BOL,1998,2031.972206
BOL,1999,2003.861308
BOL,2000,2017.394609
BOL,2001,2015.377479
BOL,2002,2029.617944
BOL,2003,2048.559818
BOL,2004,2097.258353
BOL,2005,2152.36197
BOL,2006,2216.544709
BOL,2007,2277.503826
BOL,2008,2376.078089
BOL,2009,2414.129945
BOL,2010,2471.473633
BOL,2011,2556.830269
BOL,2012,2643.690816
BOL,2013,2777.720532
BOL,2014,2882.806896
BOL,2015,2975.648811
BOL,2016,3054.892548
BOL,2017,3135.031646
BOL,2018,3219.200892
BOL,2019,3242.948845
BOL,2020,2920.197447
BOL,2021,3061.738613
BOL,2022,3118.396396
BIH,1990,..
BIH,1991,..
BIH,1992,..
BIH,1993,..
BIH,1994,647.4812958
BIH,1995,784.6188578
BIH,1996,1422.946827
BIH,1997,1846.152893
BIH,1998,2099.243839
BIH,1999,2279.744158
BIH,2000,2554.564639
BIH,2001,2606.75091
BIH,2002,2735.535837
BIH,2003,2851.274124
BIH,2004,3061.55204
BIH,2005,3218.594848
BIH,2006,3423.12467
BIH,2007,3669.017529
BIH,2008,3932.01611
BIH,2009,3878.441244
BIH,2010,3980.443104
BIH,2011,4091.582704
BIH,2012,4133.903552
BIH,2013,4297.494357
BIH,2014,4403.674797
BIH,2015,4654.609552
BIH,2016,4865.352265
BIH,2017,5082.998271
BIH,2018,5339.478137
BIH,2019,5558.082553
BIH,2020,5459.220722
BIH,2021,5947.820509
BIH,2022,6251.103315
BWA,1990,3931.63479
BWA,1991,4105.198984
BWA,1992,4105.665951
BWA,1993,4065.388883
BWA,1994,4097.207061
BWA,1995,4271.367203
BWA,1996,4410.28189
BWA,1997,4667.772606
BWA,1998,4585.562822
BWA,1999,4922.254415
BWA,2000,4917.112732
BWA,2001,4831.666479
BWA,2002,5030.143115
BWA,2003,5171.415723
BWA,2004,5219.287812
BWA,2005,5359.889071
BWA,2006,5700.081493
BWA,2007,5912.926401
BWA,2008,5982.516746
BWA,2009,5031.861471
BWA,2010,5428.164396
BWA,2011,5684.219914
BWA,2012,5566.546664
BWA,2013,6067.851147
BWA,2014,6291.249285
BWA,2015,5869.737772
BWA,2016,6166.090252
BWA,2017,6287.60286
BWA,2018,6418.577655
BWA,2019,6485.46044
BWA,2020,5810.757427
BWA,2021,6394.984433
BWA,2022,6657.073086
BRA,1990,6086.076853
BRA,1991,6043.431939
BRA,1992,5911.686343
BRA,1993,6103.376513
BRA,1994,6358.678056
BRA,1995,6524.518103
BRA,1996,6567.351705
BRA,1997,6689.198607
BRA,1998,6613.98242
BRA,1999,6551.225917
BRA,2000,6745.856994
BRA,2001,6749.880827
BRA,2002,6868.695117
BRA,2003,6865.172461
BRA,2004,7178.346659
BRA,2005,7325.902707
BRA,2006,7534.541633
BRA,2007,7909.824337
BRA,2008,8231.099426
BRA,2009,8142.760111
BRA,2010,8673.897385
BRA,2011,8935.276286
BRA,2012,9025.312958
BRA,2013,9216.131219
BRA,2014,9183.45867
BRA,2015,8783.214413
BRA,2016,8426.842251
BRA,2017,8470.939629
BRA,2018,8553.864918
BRA,2019,8592.210218
BRA,2020,8255.567064
BRA,2021,8621.73059
BRA,2022,8831.126713
VGB,1990,..
VGB,1991,..
VGB,1992,..
VGB,1993,..
VGB,1994,..
VGB,1995,..
VGB,1996,..
VGB,1997,..
VGB,1998,..
VGB,1999,..
VGB,2000,..
VGB,2001,..
VGB,2002,..
VGB,2003,..
VGB,2004,..
VGB,2005,..
VGB,2006,..
VGB,2007,..
VGB,2008,..
VGB,2009,..
VGB,2010,..
VGB,2011,..
VGB,2012,..
VGB,2013,..
VGB,2014,..
VGB,2015,..
VGB,2016,..
VGB,2017,..
VGB,2018,..
VGB,2019,..
VGB,2020,..
VGB,2021,..
VGB,2022,..
BRN,1990,34722.59562
BRN,1991,34762.23868
BRN,1992,35424.55099
BRN,1993,34621.77224
BRN,1994,34827.33797
BRN,1995,35515.84727
BRN,1996,35690.98862
BRN,1997,34377.86146
BRN,1998,33445.12461
BRN,1999,33739.49755
BRN,2000,33985.81932
BRN,2001,34219.31446
BRN,2002,34857.39714
BRN,2003,35202.79307
BRN,2004,34750.57756
BRN,2005,34290.11465
BRN,2006,35213.22241
BRN,2007,34714.54414
BRN,2008,33526.00643
BRN,2009,32449.83399
BRN,2010,32810.50735
BRN,2011,33577.06422
BRN,2012,33456.26907
BRN,2013,32341.89266
BRN,2014,31155.74763
BRN,2015,30681.43744
BRN,2016,29601.09985
BRN,2017,29695.88418
BRN,2018,29437.86851
BRN,2019,30313.41729
BRN,2020,30401.84726
BRN,2021,29673.16927
BRN,2022,28954.0674
BGR,1990,4431.028876
BGR,1991,4097.19211
BGR,1992,3840.246382
BGR,1993,3813.702078
BGR,1994,3896.244277
BGR,1995,4025.373122
BGR,1996,4256.806672
BGR,1997,3678.267357
BGR,1998,3843.201809
BGR,1999,3540.316265
BGR,2000,3721.05138
BGR,2001,3941.008666
BGR,2002,4263.982819
BGR,2003,4522.979796
BGR,2004,4853.944569
BGR,2005,5235.73159
BGR,2006,5634.529392
BGR,2007,6050.245919
BGR,2008,6465.503985
BGR,2009,6294.385308
BGR,2010,6433.644244
BGR,2011,6611.08491
BGR,2012,6699.687801
BGR,2013,6699.525442
BGR,2014,6802.858113
BGR,2015,7081.102336
BGR,2016,7347.710693
BGR,2017,7606.022279
BGR,2018,7866.825981
BGR,2019,8242.313996
BGR,2020,7963.690754
BGR,2021,8641.818899
BGR,2022,9502.411281
BFA,1990,333.1715949
BFA,1991,354.3218884
BFA,1992,346.507269
BFA,1993,349.7019761
BFA,1994,345.4817026
BFA,1995,355.9879411
BFA,1996,385.2291999
BFA,1997,399.1849998
BFA,1998,416.7416997
BFA,1999,434.6583922
BFA,2000,429.8473722
BFA,2001,444.5497549
BFA,2002,449.8539312
BFA,2003,470.1295826
BFA,2004,476.0099809
BFA,2005,501.2072502
BFA,2006,516.1767677
BFA,2007,521.3452592
BFA,2008,535.5836447
BFA,2009,535.5168345
BFA,2010,563.9267767
BFA,2011,583.6794771
BFA,2012,602.7867589
BFA,2013,618.8045833
BFA,2014,626.6262508
BFA,2015,632.1266858
BFA,2016,650.4172609
BFA,2017,671.2517963
BFA,2018,696.0445709
BFA,2019,716.0121974
BFA,2020,710.4713551
BFA,2021,739.6727249
BFA,2022,731.6429326
BDI,1990,435.0709429
BDI,1991,447.7448572
BDI,1992,440.5918567
BDI,1993,427.0689979
BDI,1994,408.4193161
BDI,1995,354.1161808
BDI,1996,325.9119163
BDI,1997,321.0896906
BDI,1998,330.1289306
BDI,1999,319.1358007
BDI,2000,310.0067109
BDI,2001,308.645199
BDI,2002,313.4864058
BDI,2003,300.0861529
BDI,2004,303.11967
BDI,2005,294.7387733
BDI,2006,299.7691208
BDI,2007,298.9366604
BDI,2008,300.8413492
BDI,2009,296.8470948
BDI,2010,297.791727
BDI,2011,299.0171756
BDI,2012,301.4813192
BDI,2013,305.2908352
BDI,2014,307.7655312
BDI,2015,289.3596271
BDI,2016,282.9759665
BDI,2017,277.959803
BDI,2018,274.1319084
BDI,2019,270.1372773
BDI,2020,263.3609886
BDI,2021,264.3648329
BDI,2022,262.184806
CPV,1990,860.0096672
CPV,1991,852.9975335
CPV,1992,923.4374555
CPV,1993,978.7357283
CPV,1994,1137.714175
CPV,1995,1268.678018
CPV,1996,1380.333569
CPV,1997,1499.446458
CPV,1998,1650.4974
CPV,1999,1797.29574
CPV,2000,2015.381373
CPV,2001,2026.279163
CPV,2002,2099.900161
CPV,2003,2156.347932
CPV,2004,2344.518792
CPV,2005,2474.824866
CPV,2006,2639.962729
CPV,2007,3005.229422
CPV,2008,3181.450833
CPV,2009,3101.393855
CPV,2010,3124.572105
CPV,2011,3208.367141
CPV,2012,3204.601898
CPV,2013,3188.569691
CPV,2014,3174.705331
CPV,2015,3169.078915
CPV,2016,3267.87903
CPV,2017,3376.938299
CPV,2018,3463.812834
CPV,2019,3690.656476
CPV,2020,2949.579204
CPV,2021,3122.159819
CPV,2022,3642.856313
KHM,1990,..
KHM,1991,..
KHM,1992,..
KHM,1993,563.7702821
KHM,1994,353.95657
KHM,1995,378.9223782
KHM,1996,391.829017
KHM,1997,398.6529632
KHM,1998,408.8225268
KHM,1999,451.8614506
KHM,2000,488.0027023
KHM,2001,518.3842919
KHM,2002,542.654743
KHM,2003,578.4093554
KHM,2004,627.0082134
KHM,2005,697.7467582
KHM,2006,759.643395
KHM,2007,822.7540867
KHM,2008,863.3869748
KHM,2009,851.2030243
KHM,2010,888.9125883
KHM,2011,938.0176771
KHM,2012,992.1346004
KHM,2013,1049.994506
KHM,2014,1109.375653
KHM,2015,1170.742816
KHM,2016,1235.323404
KHM,2017,1304.549389
KHM,2018,1384.968023
KHM,2019,1465.969535
KHM,2020,1404.198655
KHM,2021,1429.937027
KHM,2022,1487.720286
CMR,1990,1348.73035
CMR,1991,1259.117263
CMR,1992,1184.787089
CMR,1993,1059.520363
CMR,1994,1048.987213
CMR,1995,1049.706663
CMR,1996,1064.646045
CMR,1997,1083.64161
CMR,1998,1105.245204
CMR,1999,1124.900477
CMR,2000,1137.624527
CMR,2001,1156.050391
CMR,2002,1175.871674
CMR,2003,1206.610512
CMR,2004,1256.69365
CMR,2005,1250.058883
CMR,2006,1262.871906
CMR,2007,1281.392485
CMR,2008,1281.019837
CMR,2009,1277.181619
CMR,2010,1277.265693
CMR,2011,1283.567041
CMR,2012,1305.668033
CMR,2013,1332.860004
CMR,2014,1366.966595
CMR,2015,1399.675336
CMR,2016,1420.029872
CMR,2017,1429.234685
CMR,2018,1445.267771
CMR,2019,1454.564069
CMR,2020,1419.328208
CMR,2021,1432.862689
CMR,2022,1445.551006
CAN,1990,31707.4817
CAN,1991,30662.59598
CAN,1992,30574.5847
CAN,1993,31045.08506
CAN,1994,32087.02853
CAN,1995,32612.23203
CAN,1996,32795.66535
CAN,1997,33861.1471
CAN,1998,34889.67131
CAN,1999,36393.96369
CAN,2000,37923.48646
CAN,2001,38185.21967
CAN,2002,38912.20974
CAN,2003,39257.7619
CAN,2004,40093.80734
CAN,2005,40989.52682
CAN,2006,41646.41464
CAN,2007,42098.43122
CAN,2008,42063.24012
CAN,2009,40368.93151
CAN,2010,41156.14519
CAN,2011,42037.51874
CAN,2012,42315.80739
CAN,2013,42846.2842
CAN,2014,43635.09548
CAN,2015,43596.13554
CAN,2016,43536.9134
CAN,2017,44325.48834
CAN,2018,44917.48373
CAN,2019,45113.06628
CAN,2020,42366.48714
CAN,2021,44234.54214
CAN,2022,44910.44173
CYM,1990,..
CYM,1991,..
CYM,1992,..
CYM,1993,..
CYM,1994,..
CYM,1995,..
CYM,1996,..
CYM,1997,..
CYM,1998,..
CYM,1999,..
CYM,2000,..
CYM,2001,..
CYM,2002,..
CYM,2003,..
CYM,2004,..
CYM,2005,..
CYM,2006,96176.3019
CYM,2007,96280.24834
CYM,2008,93166.31677
CYM,2009,84026.97277
CYM,2010,79519.84377
CYM,2011,78393.73628
CYM,2012,77448.50983
CYM,2013,76617.54337
CYM,2014,76872.58092
CYM,2015,77295.84566
CYM,2016,78077.43365
CYM,2017,78883.28208
CYM,2018,80597.70864
CYM,2019,82170.59303
CYM,2020,76609.76853
CYM,2021,78731.14741
CYM,2022,..
CAF,1990,531.3860052
CAF,1991,512.25184
CAF,1992,464.3354633
CAF,1993,451.1999352
CAF,1994,458.6545236
CAF,1995,478.3438949
CAF,1996,447.3506307
CAF,1997,458.1338353
CAF,1998,466.6341086
CAF,1999,470.1683589
CAF,2000,445.803293
CAF,2001,455.3383802
CAF,2002,461.4980857
CAF,2003,426.1595809
CAF,2004,442.0152361
CAF,2005,436.1002651
CAF,2006,447.8081065
CAF,2007,459.7460664
CAF,2008,459.5624572
CAF,2009,488.3880251
CAF,2010,500.5292774
CAF,2011,513.5942668
CAF,2012,534.8835626
CAF,2013,338.1657058
CAF,2014,338.7003849
CAF,2015,351.8797548
CAF,2016,362.2183312
CAF,2017,371.603131
CAF,2018,378.2630778
CAF,2019,381.4140464
CAF,2020,375.2169241
CAF,2021,370.6757503
CAF,2022,362.5707911
TCD,1990,429.2491463
TCD,1991,449.281438
TCD,1992,465.1760124
TCD,1993,383.2591445
TCD,1994,412.8442771
TCD,1995,399.999492
TCD,1996,391.1730188
TCD,1997,399.3881428
TCD,1998,412.8431343
TCD,1999,396.0118252
TCD,2000,379.3515469
TCD,2001,409.7036687
TCD,2002,429.4269739
TCD,2003,473.4680217
TCD,2004,605.239355
TCD,2005,682.3538734
TCD,2006,662.8855051
TCD,2007,661.7723647
TCD,2008,658.8744606
TCD,2009,662.9232529
TCD,2010,727.5249451
TCD,2011,703.1232151
TCD,2012,739.3383648
TCD,2013,754.1718133
TCD,2014,777.9356811
TCD,2015,774.4116031
TCD,2016,703.4660071
TCD,2017,660.1261338
TCD,2018,653.3497615
TCD,2019,652.703216
TCD,2020,622.2785063
TCD,2021,595.6637866
TCD,2022,590.3051762
CHI,1990,..
CHI,1991,..
CHI,1992,..
CHI,1993,..
CHI,1994,..
CHI,1995,..
CHI,1996,..
CHI,1997,..
CHI,1998,..
CHI,1999,..
CHI,2000,..
CHI,2001,..
CHI,2002,..
CHI,2003,..
CHI,2004,..
CHI,2005,..
CHI,2006,..
CHI,2007,..
CHI,2008,..
CHI,2009,..
CHI,2010,..
CHI,2011,..
CHI,2012,..
CHI,2013,..
CHI,2014,..
CHI,2015,..
CHI,2016,..
CHI,2017,..
CHI,2018,..
CHI,2019,..
CHI,2020,..
CHI,2021,..
CHI,2022,..
CHL,1990,5381.345361
CHL,1991,5707.613165
CHL,1992,6243.522042
CHL,1993,6552.164553
CHL,1994,6778.947464
CHL,1995,7278.951664
CHL,1996,7668.448921
CHL,1997,8127.507313
CHL,1998,8361.471358
CHL,1999,8239.874191
CHL,2000,8550.71166
CHL,2001,8722.575536
CHL,2002,8904.538118
CHL,2003,9227.912338
CHL,2004,9746.183277
CHL,2005,10214.7328
CHL,2006,10727.10289
CHL,2007,11171.41974
CHL,2008,11479.28183
CHL,2009,11234.96821
CHL,2010,11773.0044
CHL,2011,12382.37946
CHL,2012,13017.06784
CHL,2013,13318.59521
CHL,2014,13421.53834
CHL,2015,13569.94813
CHL,2016,13644.62326
CHL,2017,13615.52386
CHL,2018,13906.77056
CHL,2019,13761.37447
CHL,2020,12741.15751
CHL,2021,14095.78224
CHL,2022,14358.34768
CHN,1990,905.0325047
CHN,1991,975.4629668
CHN,1992,1100.646174
CHN,1993,1239.129438
CHN,1994,1384.93023
CHN,1995,1520.029549
CHN,1996,1653.433876
CHN,1997,1787.767071
CHN,1998,1909.622429
CHN,1999,2038.206581
CHN,2000,2193.896982
CHN,2001,2359.572509
CHN,2002,2557.891746
CHN,2003,2797.176806
CHN,2004,3061.833333
CHN,2005,3390.716338
CHN,2006,3800.765996
CHN,2007,4319.031624
CHN,2008,4711.643697
CHN,2009,5128.904397
CHN,2010,5647.069024
CHN,2011,6152.697196
CHN,2012,6591.66284
CHN,2013,7056.423462
CHN,2014,7532.785697
CHN,2015,8016.446016
CHN,2016,8516.52919
CHN,2017,9053.2292
CHN,2018,9619.20998
CHN,2019,10155.51142
CHN,2020,10358.17054
CHN,2021,11223.15337
CHN,2022,11560.3302
COL,1990,3695.805804
COL,1991,3693.730558
COL,1992,3767.677276
COL,1993,3893.074501
COL,1994,4039.993961
COL,1995,4170.457695
COL,1996,4179.2262
COL,1997,4246.156656
COL,1998,4196.920349
COL,1999,3953.729994
COL,2000,4003.985169
COL,2001,4007.52805
COL,2002,4045.306747
COL,2003,4142.007703
COL,2004,4301.035042
COL,2005,4447.566818
COL,2006,4685.054586
COL,2007,4939.117957
COL,2008,5042.061146
COL,2009,5042.144959
COL,2010,5209.732471
COL,2011,5511.099853
COL,2012,5667.498751
COL,2013,5899.76792
COL,2014,6107.08302
COL,2015,6228.651622
COL,2016,6291.079698
COL,2017,6280.891051
COL,2018,6320.990748
COL,2019,6404.108766
COL,2020,5852.983235
COL,2021,6423.859895
COL,2022,6857.793322
COM,1990,1227.138589
COM,1991,1131.638167
COM,1992,1199.132181
COM,1993,1207.644983
COM,1994,1119.373675
COM,1995,1135.134902
COM,1996,1096.607184
COM,1997,1116.530618
COM,1998,1106.903299
COM,1999,1105.736687
COM,2000,1202.131382
COM,2001,1205.509181
COM,2002,1208.589928
COM,2003,1210.028524
COM,2004,1209.863114
COM,2005,1219.991232
COM,2006,1227.482897
COM,2007,1212.751725
COM,2008,1235.652819
COM,2009,1249.839403
COM,2010,1270.302654
COM,2011,1295.204391
COM,2012,1307.973031
COM,2013,1337.397725
COM,2014,1336.489702
COM,2015,1322.936775
COM,2016,1337.527869
COM,2017,1360.431185
COM,2018,1383.377872
COM,2019,1381.622238
COM,2020,1352.955492
COM,2021,1355.538811
COM,2022,1362.778021
COD,1990,817.0809689
COD,1991,723.986641
COD,1992,628.7398879
COD,1993,526.8928835
COD,1994,482.7889092
COD,1995,466.2457573
COD,1996,452.7630575
COD,1997,420.6241394
COD,1998,404.115483
COD,1999,375.9505247
COD,2000,339.9694492
COD,2001,322.930037
COD,2002,322.4400519
COD,2003,330.5489871
COD,2004,342.4599973
COD,2005,352.3212297
COD,2006,359.4280716
COD,2007,369.840754
COD,2008,380.4949103
COD,2009,379.0548809
COD,2010,393.0274508
COD,2011,406.2010286
COD,2012,420.6293654
COD,2013,441.0129781
COD,2014,466.4249466
COD,2015,482.0645685
COD,2016,476.8149045
COD,2017,477.8478911
COD,2018,489.3823745
COD,2019,494.8192476
COD,2020,487.433133
COD,2021,501.2390883
COD,2022,528.7888354
COG,1990,2346.828177
COG,1991,2337.163985
COG,1992,2333.251277
COG,1993,2245.191224
COG,1994,2062.199574
COG,1995,2087.232002
COG,1996,2119.372929
COG,1997,2063.318685
COG,1998,2095.160297
COG,1999,1987.274444
COG,2000,2057.767158
COG,2001,2057.200363
COG,2002,2101.690648
COG,2003,2060.938948
COG,2004,2061.348208
COG,2005,2142.705983
COG,2006,2228.585465
COG,2007,2005.960075
COG,2008,2062.970193
COG,2009,2212.361869
COG,2010,2333.074245
COG,2011,2308.423476
COG,2012,2468.558493
COG,2013,2392.688749
COG,2014,2493.088071
COG,2015,2347.818507
COG,2016,2045.202266
COG,2017,1909.365882
COG,2018,1774.613907
COG,2019,1731.799886
COG,2020,1586.318302
COG,2021,1515.893872
COG,2022,1504.650529
CRI,1990,5967.190942
CRI,1991,5949.49634
CRI,1992,6335.51657
CRI,1993,6618.921108
CRI,1994,6751.919256
CRI,1995,6867.637672
CRI,1996,6801.655421
CRI,1997,7014.530061
CRI,1998,7355.153636
CRI,1999,7507.965381
CRI,2000,7646.027372
CRI,2001,7768.438955
CRI,2002,7898.633138
CRI,2003,8109.824898
CRI,2004,8340.829853
CRI,2005,8545.747274
CRI,2006,9041.386796
CRI,2007,9647.860895
CRI,2008,9966.048441
CRI,2009,9746.490696
CRI,2010,10137.58217
CRI,2011,10453.52257
CRI,2012,10832.75676
CRI,2013,10975.69637
CRI,2014,11240.71159
CRI,2015,11529.95517
CRI,2016,11893.32325
CRI,2017,12267.16204
CRI,2018,12470.95742
CRI,2019,12662.42285
CRI,2020,12030.04859
CRI,2021,12888.46631
CRI,2022,13373.58883
CIV,1990,1909.82806
CIV,1991,1839.752437
CIV,1992,1768.202554
CIV,1993,1701.433
CIV,1994,1654.859288
CIV,1995,1711.110949
CIV,1996,1779.74207
CIV,1997,1884.721989
CIV,1998,1900.213381
CIV,1999,1865.123051
CIV,2000,1809.920801
CIV,2001,1725.155942
CIV,2002,1636.446951
CIV,2003,1521.884843
CIV,2004,1534.076717
CIV,2005,1514.620558
CIV,2006,1523.233058
CIV,2007,1507.089596
CIV,2008,1545.880093
CIV,2009,1568.021136
CIV,2010,1640.315034
CIV,2011,1520.342303
CIV,2012,1602.910924
CIV,2013,1739.155195
CIV,2014,1858.615354
CIV,2015,1941.581898
CIV,2016,2027.833976
CIV,2017,2122.502619
CIV,2018,2168.913442
CIV,2019,2252.543316
CIV,2020,2234.909473
CIV,2021,2333.353122
CIV,2022,2430.306921
HRV,1990,..
HRV,1991,..
HRV,1992,..
HRV,1993,..
HRV,1994,..
HRV,1995,7304.326858
HRV,1996,7852.580511
HRV,1997,8378.527971
HRV,1998,8572.387731
HRV,1999,8537.158348
HRV,2000,8876.889906
HRV,2001,9512.227088
HRV,2002,10060.20124
HRV,2003,10620.08107
HRV,2004,11061.19532
HRV,2005,11522.94567
HRV,2006,12086.80738
HRV,2007,12689.19659
HRV,2008,12944.75472
HRV,2009,12026.20514
HRV,2010,11906.00566
HRV,2011,11936.83597
HRV,2012,11694.19879
HRV,2013,11680.16108
HRV,2014,11677.48175
HRV,2015,12071.09096
HRV,2016,12588.35317
HRV,2017,13175.16324
HRV,2018,13665.71441
HRV,2019,14211.75543
HRV,2020,13048.74429
HRV,2021,15396.10885
HRV,2022,16477.08242
CUB,1990,4963.867884
CUB,1991,4397.043573
CUB,1992,3862.625547
CUB,1993,3270.593248
CUB,1994,3280.040731
CUB,1995,3348.490464
CUB,1996,3599.004641
CUB,1997,3687.375154
CUB,1998,3681.31765
CUB,1999,3896.31418
CUB,2000,4113.507265
CUB,2001,4231.82114
CUB,2002,4280.234412
CUB,2003,4431.00284
CUB,2004,4675.808084
CUB,2005,5189.950033
CUB,2006,5808.664725
CUB,2007,6225.38023
CUB,2008,6477.804699
CUB,2009,6567.987282
CUB,2010,6720.677673
CUB,2011,6903.94022
CUB,2012,7105.433676
CUB,2013,7292.738255
CUB,2014,7362.341667
CUB,2015,7683.757891
CUB,2016,7721.791846
CUB,2017,7865.371561
CUB,2018,8048.01661
CUB,2019,8042.948524
CUB,2020,7172.519257
CUB,2021,7291.067885
CUB,2022,..
CUW,1990,..
CUW,1991,..
CUW,1992,..
CUW,1993,..
CUW,1994,..
CUW,1995,..
CUW,1996,..
CUW,1997,..
CUW,1998,..
CUW,1999,..
CUW,2000,21523.64598
CUW,2001,22171.06563
CUW,2002,22231.8794
CUW,2003,21840.8914
CUW,2004,21512.11169
CUW,2005,21112.32201
CUW,2006,20913.66312
CUW,2007,21011.15715
CUW,2008,21202.4306
CUW,2009,20952.89993
CUW,2010,20706.43754
CUW,2011,20539.36021
CUW,2012,20356.18194
CUW,2013,19963.34558
CUW,2014,19459.49436
CUW,2015,19260.26985
CUW,2016,18890.75873
CUW,2017,18504.30566
CUW,2018,18198.66427
CUW,2019,17796.69991
CUW,2020,14748.89551
CUW,2021,15633.23336
CUW,2022,..
CYP,1990,17144.38867
CYP,1991,16829.83398
CYP,1992,17928.45703
CYP,1993,17623.20117
CYP,1994,18280.93555
CYP,1995,19453.75586
CYP,1996,19385.20313
CYP,1997,19617.09375
CYP,1998,20562.19531
CYP,1999,21349.64453
CYP,2000,22383.85742
CYP,2001,23019.13867
CYP,2002,23604.07031
CYP,2003,23930.66016
CYP,2004,24799.53711
CYP,2005,25631.25586
CYP,2006,26395.40039
CYP,2007,27156.67188
CYP,2008,27449.03125
CYP,2009,26183.45117
CYP,2010,26090.03711
CYP,2011,25538.77148
CYP,2012,24285.48633
CYP,2013,22738.48047
CYP,2014,22581.81641
CYP,2015,23487.21875
CYP,2016,24916.61914
CYP,2017,26101.28516
CYP,2018,27241.11523
CYP,2019,28360.03125
CYP,2020,26814.32227
CYP,2021,28329.31641
CYP,2022,29637.85352
CZE,1990,11626.62587
CZE,1991,10300.89916
CZE,1992,10238.24768
CZE,1993,10233.94219
CZE,1994,10527.87569
CZE,1995,11219.15007
CZE,1996,11711.31541
CZE,1997,11663.17382
CZE,1998,11632.6029
CZE,1999,11805.67184
CZE,2000,12312.49777
CZE,2001,12734.92203
CZE,2002,12959.81748
CZE,2003,13428.09962
CZE,2004,14070.28046
CZE,2005,14978.41319
CZE,2006,15948.74529
CZE,2007,16739.17872
CZE,2008,17046.88503
CZE,2009,16160.62056
CZE,2010,16505.9537
CZE,2011,16761.82731
CZE,2012,16606.99254
CZE,2013,16593.86423
CZE,2014,16951.37912
CZE,2015,17829.69832
CZE,2016,18247.01173
CZE,2017,19139.23988
CZE,2018,19689.5827
CZE,2019,20206.42564
CZE,2020,19048.08685
CZE,2021,20085.45803
CZE,2022,20540.05402
DNK,1990,39295.24344
DNK,1991,39739.60985
DNK,1992,40383.55878
DNK,1993,40253.5399
DNK,1994,42257.09833
DNK,1995,43310.25009
DNK,1996,44314.7905
DNK,1997,45570.07982
DNK,1998,46412.03897
DNK,1999,47622.43908
DNK,2000,49241.928
DNK,2001,49469.68881
DNK,2002,49541.85555
DNK,2003,49599.99696
DNK,2004,50792.00095
DNK,2005,51835.83271
DNK,2006,53687.44155
DNK,2007,53935.87025
DNK,2008,53345.35762
DNK,2009,50457.23249
DNK,2010,51173.46616
DNK,2011,51644.46351
DNK,2012,51567.04015
DNK,2013,51831.79793
DNK,2014,52404.76397
DNK,2015,53254.85637
DNK,2016,54556.06895
DNK,2017,55735.7649
DNK,2018,56563.48847
DNK,2019,57203.02779
DNK,2020,55898.79003
DNK,2021,58359.58399
DNK,2022,60113.08594
DJI,1990,..
DJI,1991,..
DJI,1992,..
DJI,1993,..
DJI,1994,..
DJI,1995,..
DJI,1996,..
DJI,1997,..
DJI,1998,..
DJI,1999,..
DJI,2000,..
DJI,2001,..
DJI,2002,..
DJI,2003,..
DJI,2004,..
DJI,2005,..
DJI,2006,..
DJI,2007,..
DJI,2008,..
DJI,2009,..
DJI,2010,..
DJI,2011,..
DJI,2012,..
DJI,2013,2167.202457
DJI,2014,2279.577595
DJI,2015,2409.311902
DJI,2016,2538.054019
DJI,2017,2632.913333
DJI,2018,2714.351648
DJI,2019,2820.062866
DJI,2020,2811.649531
DJI,2021,2905.560874
DJI,2022,2951.89723
DMA,1990,5029.776161
DMA,1991,5122.632939
DMA,1992,5228.785843
DMA,1993,5337.399547
DMA,1994,5337.002354
DMA,1995,5498.52118
DMA,1996,5672.075182
DMA,1997,5803.177313
DMA,1998,6034.694409
DMA,1999,6077.21916
DMA,2000,6251.471177
DMA,2001,6265.171953
DMA,2002,6078.271721
DMA,2003,6447.431432
DMA,2004,6631.333141
DMA,2005,6665.105971
DMA,2006,6968.763248
DMA,2007,7407.930636
DMA,2008,7934.646075
DMA,2009,7841.273188
DMA,2010,7897.690327
DMA,2011,7881.525202
DMA,2012,7781.532762
DMA,2013,7711.446038
DMA,2014,8013.753085
DMA,2015,7724.042411
DMA,2016,7929.805284
DMA,2017,7370.433117
DMA,2018,7586.646141
DMA,2019,7936.304818
DMA,2020,6566.364208
DMA,2021,6978.470497
DMA,2022,7359.884175
DOM,1990,2802.821475
DOM,1991,2771.209528
DOM,1992,3020.359445
DOM,1993,3179.131453
DOM,1994,3199.359185
DOM,1995,3318.605084
DOM,1996,3454.408693
DOM,1997,3697.763648
DOM,1998,3883.13346
DOM,1999,4050.581518
DOM,2000,4175.171017
DOM,2001,4214.573754
DOM,2002,4340.899929
DOM,2003,4222.59033
DOM,2004,4272.075225
DOM,2005,4612.808741
DOM,2006,4971.238158
DOM,2007,5272.864103
DOM,2008,5373.096245
DOM,2009,5353.598213
DOM,2010,5724.307281
DOM,2011,5827.383243
DOM,2012,5909.863367
DOM,2013,6120.991154
DOM,2014,6472.849075
DOM,2015,6838.936735
DOM,2016,7209.99019
DOM,2017,7461.653257
DOM,2018,7894.955179
DOM,2019,8205.142578
DOM,2020,7571.782808
DOM,2021,8410.60583
DOM,2022,8732.080724
ECU,1990,4180.338333
ECU,1991,4263.268622
ECU,1992,4262.486662
ECU,1993,4261.244003
ECU,1994,4358.593486
ECU,1995,4374.268716
ECU,1996,4369.321022
ECU,1997,4477.570934
ECU,1998,4543.536482
ECU,1999,4254.15121
ECU,2000,4227.552516
ECU,2001,4322.341882
ECU,2002,4421.934417
ECU,2003,4463.597184
ECU,2004,4746.807173
ECU,2005,4912.527491
ECU,2006,5041.3338
ECU,2007,5063.984478
ECU,2008,5294.899313
ECU,2009,5236.053684
ECU,2010,5331.383774
ECU,2011,5657.213016
ECU,2012,5881.381167
ECU,2013,6078.439563
ECU,2014,6215.838092
ECU,2015,6130.586676
ECU,2016,5965.643273
ECU,2017,6012.803317
ECU,2018,5976.245345
ECU,2019,5863.910566
ECU,2020,5331.976611
ECU,2021,5492.489271
ECU,2022,5590.541634
EGY,1990,2012.879978
EGY,1991,1987.03665
EGY,1992,2028.224741
EGY,1993,2039.693862
EGY,1994,2073.653323
EGY,1995,2122.880542
EGY,1996,2181.252772
EGY,1997,2251.988634
EGY,1998,2327.101541
EGY,1999,2416.362326
EGY,2000,2517.580506
EGY,2001,2553.528409
EGY,2002,2560.457409
EGY,2003,2587.630508
EGY,2004,2639.347069
EGY,2005,2703.222583
EGY,2006,2832.5482
EGY,2007,2974.687871
EGY,2008,3125.74753
EGY,2009,3208.452267
EGY,2010,3305.883247
EGY,2011,3290.761828
EGY,2012,3288.794355
EGY,2013,3283.74072
EGY,2014,3301.204443
EGY,2015,3370.382447
EGY,2016,3444.268262
EGY,2017,3517.587895
EGY,2018,3635.420582
EGY,2019,3769.03577
EGY,2020,3835.784215
EGY,2021,3896.842853
EGY,2022,4088.897045
SLV,1990,2362.444301
SLV,1991,2356.517438
SLV,1992,2480.594315
SLV,1993,2588.198817
SLV,1994,2680.105124
SLV,1995,2780.048977
SLV,1996,2778.945718
SLV,1997,2843.828831
SLV,1998,2898.200506
SLV,1999,2941.483052
SLV,2000,2957.371867
SLV,2001,2968.631542
SLV,2002,3003.698336
SLV,2003,3042.83465
SLV,2004,3065.418788
SLV,2005,3147.225224
SLV,2006,3285.917608
SLV,2007,3341.616988
SLV,2008,3399.331872
SLV,2009,3315.801586
SLV,2010,3373.043811
SLV,2011,3488.150015
SLV,2012,3572.67142
SLV,2013,3638.162797
SLV,2014,3686.095562
SLV,2015,3761.51368
SLV,2016,3845.022493
SLV,2017,3921.315863
SLV,2018,4009.716557
SLV,2019,4105.646168
SLV,2020,3774.666183
SLV,2021,4182.352078
SLV,2022,4276.05215
GNQ,1990,373.179618
GNQ,1991,355.9148815
GNQ,1992,462.1760866
GNQ,1993,494.5237293
GNQ,1994,555.8467554
GNQ,1995,628.8802503
GNQ,1996,1008.32838
GNQ,1997,2424.828517
GNQ,1998,2886.153063
GNQ,1999,3486.79895
GNQ,2000,3941.663536
GNQ,2001,6132.847317
GNQ,2002,6987.942671
GNQ,2003,7604.480723
GNQ,2004,10028.35438
GNQ,2005,11188.44858
GNQ,2006,11508.92596
GNQ,2007,12660.90551
GNQ,2008,14222.54889
GNQ,2009,13740.84002
GNQ,2010,11933.31108
GNQ,2011,12155.81878
GNQ,2012,12625.29597
GNQ,2013,11614.00295
GNQ,2014,11200.81072
GNQ,2015,9788.983804
GNQ,2016,8594.450219
GNQ,2017,7818.05359
GNQ,2018,7079.650526
GNQ,2019,6472.070883
GNQ,2020,6030.517591
GNQ,2021,5833.102952
GNQ,2022,5871.324947
ERI,1990,..
ERI,1991,..
ERI,1992,601.1630234
ERI,1993,661.3031953
ERI,1994,777.6679748
ERI,1995,757.358524
ERI,1996,788.428128
ERI,1997,840.5770172
ERI,1998,843.9888355
ERI,1999,832.0224896
ERI,2000,793.6205616
ERI,2001,838.8989132
ERI,2002,835.1099976
ERI,2003,780.4681392
ERI,2004,760.3487878
ERI,2005,761.0317824
ERI,2006,741.0007433
ERI,2007,739.7393434
ERI,2008,649.6944623
ERI,2009,657.7864582
ERI,2010,658.5862715
ERI,2011,702.3966325
ERI,2012,..
ERI,2013,..
ERI,2014,..
ERI,2015,..
ERI,2016,..
ERI,2017,..
ERI,2018,..
ERI,2019,..
ERI,2020,..
ERI,2021,..
ERI,2022,..
EST,1990,..
EST,1991,..
EST,1992,..
EST,1993,..
EST,1994,..
EST,1995,7137.530776
EST,1996,7601.669019
EST,1997,8692.296438
EST,1998,9157.064847
EST,1999,9091.333194
EST,2000,9960.139039
EST,2001,10625.57927
EST,2002,11417.16797
EST,2003,12362.24828
EST,2004,13282.54552
EST,2005,14631.38733
EST,2006,16155.20743
EST,2007,17459.09831
EST,2008,16607.56806
EST,2009,14205.39488
EST,2010,14585.83866
EST,2011,15692.78883
EST,2012,16257.4722
EST,2013,16553.38326
EST,2014,17096.64458
EST,2015,17402.03761
EST,2016,17945.94496
EST,2017,18962.4103
EST,2018,19611.61099
EST,2019,20269.57514
EST,2020,20118.10507
EST,2021,21707.24075
EST,2022,21207.31392
SWZ,1990,2174.806136
SWZ,1991,2124.287387
SWZ,1992,2108.790776
SWZ,1993,2109.787568
SWZ,1994,2159.789192
SWZ,1995,2264.402469
SWZ,1996,2303.064322
SWZ,1997,2333.427161
SWZ,1998,2359.833931
SWZ,1999,2397.950538
SWZ,2000,2411.444924
SWZ,2001,2411.373859
SWZ,2002,2494.44754
SWZ,2003,2571.688071
SWZ,2004,2647.463243
SWZ,2005,2790.250788
SWZ,2006,2941.396842
SWZ,2007,3054.082429
SWZ,2008,3062.614991
SWZ,2009,3096.296069
SWZ,2010,3199.053542
SWZ,2011,3254.813373
SWZ,2012,3411.719361
SWZ,2013,3521.669337
SWZ,2014,3530.360904
SWZ,2015,3583.31129
SWZ,2016,3594.167067
SWZ,2017,3638.768782
SWZ,2018,3696.359849
SWZ,2019,3766.062999
SWZ,2020,3672.65335
SWZ,2021,3923.577333
SWZ,2022,4045.277342
ETH,1990,276.2122202
ETH,1991,245.9199885
ETH,1992,215.6362902
ETH,1993,235.9031231
ETH,1994,235.4255347
ETH,1995,241.7817919
ETH,1996,263.2558854
ETH,1997,263.1444026
ETH,1998,246.3872834
ETH,1999,251.3777271
ETH,2000,258.8705282
ETH,2001,272.2885542
ETH,2002,268.4236051
ETH,2003,255.100269
ETH,2004,281.5203288
ETH,2005,305.9793587
ETH,2006,329.6792828
ETH,2007,357.1179359
ETH,2008,384.5726631
ETH,2009,406.8569329
ETH,2010,445.1823411
ETH,2011,481.0378632
ETH,2012,508.0657159
ETH,2013,546.5928418
ETH,2014,586.5736207
ETH,2015,630.3126271
ETH,2016,671.2905841
ETH,2017,715.7487435
ETH,2018,744.3675294
ETH,2019,785.4849817
ETH,2020,811.2555499
ETH,2021,834.9913016
ETH,2022,857.3154961
FRO,1990,..
FRO,1991,..
FRO,1992,..
FRO,1993,..
FRO,1994,..
FRO,1995,..
FRO,1996,..
FRO,1997,..
FRO,1998,..
FRO,1999,..
FRO,2000,..
FRO,2001,..
FRO,2002,..
FRO,2003,..
FRO,2004,..
FRO,2005,..
FRO,2006,..
FRO,2007,..
FRO,2008,44678.67071
FRO,2009,42740.25501
FRO,2010,42510.34772
FRO,2011,44108.58146
FRO,2012,47197.67527
FRO,2013,49933.35157
FRO,2014,52595.02675
FRO,2015,52726.6887
FRO,2016,52762.43004
FRO,2017,53822.91125
FRO,2018,54506.38844
FRO,2019,56402.39445
FRO,2020,54150.65174
FRO,2021,56689.34607
FRO,2022,..
FJI,1990,3383.821889
FJI,1991,3273.991686
FJI,1992,3464.756751
FJI,1993,3528.069729
FJI,1994,3700.475577
FJI,1995,3786.07885
FJI,1996,3946.430826
FJI,1997,3821.069501
FJI,1998,3826.160396
FJI,1999,4114.960995
FJI,2000,4000.854677
FJI,2001,4038.133506
FJI,2002,4125.326719
FJI,2003,4125.729994
FJI,2004,4302.347951
FJI,2005,4291.715847
FJI,2006,4330.827576
FJI,2007,4257.514868
FJI,2008,4272.306983
FJI,2009,4191.347609
FJI,2010,4297.139304
FJI,2011,4397.903395
FJI,2012,4446.734555
FJI,2013,4645.046887
FJI,2014,4894.044
FJI,2015,5105.190039
FJI,2016,5223.376465
FJI,2017,5499.122684
FJI,2018,5708.91143
FJI,2019,5678.969942
FJI,2020,4703.509807
FJI,2021,4442.869411
FJI,2022,5130.664819
FIN,1990,31279.95197
FIN,1991,29278.36366
FIN,1992,28155.08956
FIN,1993,27833.70257
FIN,1994,28812.30362
FIN,1995,29912.89797
FIN,1996,30908.30031
FIN,1997,32768.37813
FIN,1998,34464.99088
FIN,1999,35891.00564
FIN,2000,37884.39132
FIN,2001,38784.77255
FIN,2002,39351.3904
FIN,2003,40044.30486
FIN,2004,41522.17508
FIN,2005,42530.61968
FIN,2006,44074.03092
FIN,2007,46212.64097
FIN,2008,46358.62041
FIN,2009,42412.09785
FIN,2010,43563.5722
FIN,2011,44466.8177
FIN,2012,43637.24867
FIN,2013,43044.99712
FIN,2014,42710.92129
FIN,2015,42801.90812
FIN,2016,43878.96673
FIN,2017,45173.62941
FIN,2018,45627.91989
FIN,2019,46135.88142
FIN,2020,44984.73445
FIN,2021,46259.19692
FIN,2022,47088.32863
FRA,1990,28617.44357
FRA,1991,28664.13188
FRA,1992,28977.8889
FRA,1993,28670.88633
FRA,1994,29237.51659
FRA,1995,29745.12873
FRA,1996,30057.96555
FRA,1997,30650.74448
FRA,1998,31633.14775
FRA,1999,32546.93405
FRA,2000,33592.46683
FRA,2001,34009.8624
FRA,2002,34146.30627
FRA,2003,34183.66334
FRA,2004,34893.52981
FRA,2005,35208.8558
FRA,2006,35821.87199
FRA,2007,36464.95927
FRA,2008,36354.65866
FRA,2009,35129.36224
FRA,2010,35638.12156
FRA,2011,36244.18716
FRA,2012,36182.15113
FRA,2013,36203.19087
FRA,2014,36378.61866
FRA,2015,36652.92231
FRA,2016,36956.7958
FRA,2017,37694.0833
FRA,2018,38259.69777
FRA,2019,38832.0242
FRA,2020,35712.0752
FRA,2021,38045.90216
FRA,2022,38913.93741
PYF,1990,24430.94042
PYF,1991,24812.1185
PYF,1992,23985.48221
PYF,1993,23241.09067
PYF,1994,22455.52639
PYF,1995,22004.40814
PYF,1996,21509.44474
PYF,1997,21137.28422
PYF,1998,21163.16507
PYF,1999,21219.13498
PYF,2000,21549.29895
PYF,2001,21128.60602
PYF,2002,20971.2589
PYF,2003,21088.84862
PYF,2004,20978.09544
PYF,2005,20738.18069
PYF,2006,20630.32645
PYF,2007,20734.89496
PYF,2008,20560.39023
PYF,2009,19570.07372
PYF,2010,18986.23746
PYF,2011,18328.48097
PYF,2012,18074.90319
PYF,2013,18055.75728
PYF,2014,18047.57423
PYF,2015,18252.51413
PYF,2016,18561.14779
PYF,2017,19232.83201
PYF,2018,19425.17237
PYF,2019,19807.29314
PYF,2020,18286.3746
PYF,2021,18595.16793
PYF,2022,..
GAB,1990,8360.263031
GAB,1991,8634.419934
GAB,1992,8146.195543
GAB,1993,8245.591509
GAB,1994,8331.049832
GAB,1995,8524.419156
GAB,1996,8613.580569
GAB,1997,8882.402879
GAB,1998,8963.204979
GAB,1999,7959.064796
GAB,2000,7611.835714
GAB,2001,7574.114915
GAB,2002,7357.566714
GAB,2003,7322.606141
GAB,2004,7171.683533
GAB,2005,7155.365485
GAB,2006,6750.050849
GAB,2007,6937.485135
GAB,2008,6497.481239
GAB,2009,6295.199055
GAB,2010,6514.731163
GAB,2011,6735.082879
GAB,2012,6840.948613
GAB,2013,6977.77027
GAB,2014,7039.682149
GAB,2015,7090.454634
GAB,2016,7038.577278
GAB,2017,6893.384327
GAB,2018,6786.89035
GAB,2019,6893.323106
GAB,2020,6619.688603
GAB,2021,6577.411772
GAB,2022,6641.526595
GMB,1990,667.6238206
GMB,1991,661.100208
GMB,1992,656.990625
GMB,1993,652.9383579
GMB,1994,633.5704182
GMB,1995,620.4930802
GMB,1996,615.9839013
GMB,1997,627.556345
GMB,1998,630.752944
GMB,1999,651.749188
GMB,2000,667.9653778
GMB,2001,686.6876843
GMB,2002,645.7017307
GMB,2003,670.6609394
GMB,2004,697.4724509
GMB,2005,661.3219096
GMB,2006,638.0769451
GMB,2007,637.5309993
GMB,2008,656.7039081
GMB,2009,679.003611
GMB,2010,697.1625663
GMB,2011,620.9482216
GMB,2012,633.5827195
GMB,2013,632.1971502
GMB,2014,605.0336927
GMB,2015,611.6712178
GMB,2016,606.3161989
GMB,2017,618.4807674
GMB,2018,645.9381857
GMB,2019,668.6351211
GMB,2020,655.5761178
GMB,2021,666.4710849
GMB,2022,682.2108511
GEO,1990,3546.092915
GEO,1991,2778.254037
GEO,1992,1519.007431
GEO,1993,1065.716018
GEO,1994,969.6950801
GEO,1995,1033.004213
GEO,1996,1191.159191
GEO,1997,1359.367834
GEO,1998,1436.685537
GEO,1999,1508.628811
GEO,2000,1566.531494
GEO,2001,1667.47739
GEO,2002,1774.603859
GEO,2003,1984.207899
GEO,2004,2112.222537
GEO,2005,2329.528082
GEO,2006,2563.496023
GEO,2007,2901.050828
GEO,2008,2980.254815
GEO,2009,2897.077683
GEO,2010,3100.666495
GEO,2011,3356.936232
GEO,2012,3597.137717
GEO,2013,3738.636395
GEO,2014,3902.497145
GEO,2015,4014.112241
GEO,2016,4128.309803
GEO,2017,4327.648125
GEO,2018,4539.004182
GEO,2019,4773.335666
GEO,2020,4447.582589
GEO,2021,4931.733169
GEO,2022,5424.575444
DEU,1990,29485.70997
DEU,1991,30766.92896
DEU,1992,31121.07057
DEU,1993,30615.14021
DEU,1994,31238.87906
DEU,1995,31628.15981
DEU,1996,31790.86686
DEU,1997,32313.29707
DEU,1998,32959.07357
DEU,1999,33559.39937
DEU,2000,34490.07577
DEU,2001,35011.06846
DEU,2002,34883.05807
DEU,2003,34619.66407
DEU,2004,35034.08061
DEU,2005,35310.47047
DEU,2006,36699.44678
DEU,2007,37842.35779
DEU,2008,38278.31301
DEU,2009,36190.39289
DEU,2010,37760.91363
DEU,2011,39977.34171
DEU,2012,40069.35396
DEU,2013,40135.01583
DEU,2014,40851.16173
DEU,2015,41103.25644
DEU,2016,41682.03224
DEU,2017,42639.55441
DEU,2018,42928.74124
DEU,2019,43284.60246
DEU,2020,41650.42271
DEU,2021,42726.48532
DEU,2022,43032.14208
GHA,1990,852.4216332
GHA,1991,874.9861536
GHA,1992,886.652833
GHA,1993,907.1964295
GHA,1994,915.2893898
GHA,1995,931.1805173
GHA,1996,951.9228805
GHA,1997,968.8461252
GHA,1998,990.1751159
GHA,1999,1008.833775
GHA,2000,1020.162296
GHA,2001,1033.121452
GHA,2002,1050.344113
GHA,2003,1075.371975
GHA,2004,1105.685735
GHA,2005,1140.186529
GHA,2006,1181.559087
GHA,2007,1201.210925
GHA,2008,1277.82311
GHA,2009,1306.185264
GHA,2010,1374.985151
GHA,2011,1530.359472
GHA,2012,1631.919509
GHA,2013,1708.828158
GHA,2014,1715.824117
GHA,2015,1711.271471
GHA,2016,1728.097232
GHA,2017,1827.274082
GHA,2018,1899.808593
GHA,2019,1981.613928
GHA,2020,1951.064644
GHA,2021,2014.713874
GHA,2022,2040.042624
GIB,1990,..
GIB,1991,..
GIB,1992,..
GIB,1993,..
GIB,1994,..
GIB,1995,..
GIB,1996,..
GIB,1997,..
GIB,1998,..
GIB,1999,..
GIB,2000,..
GIB,2001,..
GIB,2002,..
GIB,2003,..
GIB,2004,..
GIB,2005,..
GIB,2006,..
GIB,2007,..
GIB,2008,..
GIB,2009,..
GIB,2010,..
GIB,2011,..
GIB,2012,..
GIB,2013,..
GIB,2014,..
GIB,2015,..
GIB,2016,..
GIB,2017,..
GIB,2018,..
GIB,2019,..
GIB,2020,..
GIB,2021,..
GIB,2022,..
GRC,1990,15525.84145
GRC,1991,15816.1489
GRC,1992,15805.66292
GRC,1993,15461.54983
GRC,1994,15692.01338
GRC,1995,15946.82424
GRC,1996,16331.11767
GRC,1997,16979.47641
GRC,1998,17543.31383
GRC,1999,18013.14127
GRC,2000,18642.80207
GRC,2001,19312.38683
GRC,2002,19996.55181
GRC,2003,21104.83291
GRC,2004,22118.1558
GRC,2005,22185.52068
GRC,2006,23369.25172
GRC,2007,24072.89616
GRC,2008,23928.60572
GRC,2009,22839.34753
GRC,2010,21560.35335
GRC,2011,19400.80773
GRC,2012,18123.6711
GRC,2013,17796.25767
GRC,2014,18000.41846
GRC,2015,18083.87791
GRC,2016,18070.78073
GRC,2017,18304.30768
GRC,2018,18647.49572
GRC,2019,19018.90212
GRC,2020,17343.60999
GRC,2021,18907.84914
GRC,2022,20167.5589
GRL,1990,26805.55037
GRL,1991,26823.37905
GRL,1992,25544.2999
GRL,1993,24303.8989
GRL,1994,25604.59633
GRL,1995,26416.51717
GRL,1996,26772.61449
GRL,1997,27117.37397
GRL,1998,29169.04731
GRL,1999,29570.96308
GRL,2000,31614.61962
GRL,2001,31930.59623
GRL,2002,31475.82204
GRL,2003,32779.88233
GRL,2004,34953.95024
GRL,2005,36681.80651
GRL,2006,38829.53739
GRL,2007,39896.87636
GRL,2008,42527.66791
GRL,2009,42899.74527
GRL,2010,43198.03345
GRL,2011,42994.88017
GRL,2012,43655.70156
GRL,2013,43338.38501
GRL,2014,45545.14408
GRL,2015,44536.35609
GRL,2016,46561.78431
GRL,2017,46597.94642
GRL,2018,47012.98721
GRL,2019,48170.7909
GRL,2020,48139.5838
GRL,2021,48514.52835
GRL,2022,..
GRD,1990,5149.573002
GRD,1991,5183.711884
GRD,1992,5074.379429
GRD,1993,4919.813947
GRD,1994,4954.593066
GRD,1995,5017.016591
GRD,1996,5200.403178
GRD,1997,5424.855074
GRD,1998,6025.303006
GRD,1999,6403.386125
GRD,2000,6678.307413
GRD,2001,6512.592364
GRD,2002,6718.090015
GRD,2003,7319.465525
GRD,2004,7220.547712
GRD,2005,8124.412907
GRD,2006,7748.233206
GRD,2007,8168.45103
GRD,2008,8190.647564
GRD,2009,7596.902706
GRD,2010,7505.713231
GRD,2011,7505.265186
GRD,2012,7354.973603
GRD,2013,7461.400736
GRD,2014,7939.502066
GRD,2015,8379.621847
GRD,2016,8621.538901
GRD,2017,8933.108249
GRD,2018,9252.554034
GRD,2019,9247.898382
GRD,2020,7915.138714
GRD,2021,8223.186698
GRD,2022,8642.703157
GUM,1990,..
GUM,1991,..
GUM,1992,..
GUM,1993,..
GUM,1994,..
GUM,1995,..
GUM,1996,..
GUM,1997,..
GUM,1998,..
GUM,1999,..
GUM,2000,..
GUM,2001,..
GUM,2002,29531.10131
GUM,2003,29640.89325
GUM,2004,31446.57205
GUM,2005,32507.51749
GUM,2006,31273.5773
GUM,2007,31481.05247
GUM,2008,32128.97223
GUM,2009,32298.34765
GUM,2010,32964.24536
GUM,2011,32841.67229
GUM,2012,33392.68538
GUM,2013,33822.59302
GUM,2014,34328.5632
GUM,2015,34522.37793
GUM,2016,34509.60065
GUM,2017,34763.08114
GUM,2018,34472.9594
GUM,2019,35378.95577
GUM,2020,31236.07975
GUM,2021,31325.3963
GUM,2022,..
GTM,1990,2733.861238
GTM,1991,2758.67342
GTM,1992,2817.225627
GTM,1993,2854.127405
GTM,1994,2896.217769
GTM,1995,2965.885979
GTM,1996,2981.115041
GTM,1997,3038.707551
GTM,1998,3115.971323
GTM,1999,3160.073338
GTM,2000,3195.388078
GTM,2001,3192.302352
GTM,2002,3239.560829
GTM,2003,3250.834756
GTM,2004,3282.31464
GTM,2005,3320.157565
GTM,2006,3427.67155
GTM,2007,3573.592633
GTM,2008,3620.82337
GTM,2009,3570.295842
GTM,2010,3606.423482
GTM,2011,3688.858936
GTM,2012,3731.668472
GTM,2013,3802.146352
GTM,2014,3903.051966
GTM,2015,3994.629085
GTM,2016,4034.150577
GTM,2017,4091.259983
GTM,2018,4163.476302
GTM,2019,4263.708444
GTM,2020,4124.143539
GTM,2021,4388.724072
GTM,2022,4504.129223
GIN,1990,555.2954501
GIN,1991,547.277226
GIN,1992,547.2721133
GIN,1993,557.4254628
GIN,1994,562.316641
GIN,1995,571.9827514
GIN,1996,580.8000659
GIN,1997,598.4561102
GIN,1998,608.6440229
GIN,1999,617.7513982
GIN,2000,620.9044564
GIN,2001,635.331826
GIN,2002,657.8567571
GIN,2003,651.305257
GIN,2004,652.50422
GIN,2005,658.8943813
GIN,2006,653.1193781
GIN,2007,681.8281759
GIN,2008,693.1141054
GIN,2009,668.8147426
GIN,2010,683.9845848
GIN,2011,704.7373238
GIN,2012,728.3684373
GIN,2013,738.8405929
GIN,2014,747.363411
GIN,2015,756.4255898
GIN,2016,816.8470793
GIN,2017,878.1792716
GIN,2018,910.652642
GIN,2019,937.7031315
GIN,2020,959.4319731
GIN,2021,972.7790299
GIN,2022,994.4369972
GNB,1990,669.8077931
GNB,1991,689.585555
GNB,1992,677.3730255
GNB,1993,669.4401255
GNB,1994,670.0301477
GNB,1995,682.2275198
GNB,1996,745.7581658
GNB,1997,779.3110764
GNB,1998,550.0900427
GNB,1999,545.4120523
GNB,2000,563.6243105
GNB,2001,563.8086042
GNB,2002,545.9668174
GNB,2003,536.5610173
GNB,2004,538.5425228
GNB,2005,548.2073658
GNB,2006,547.2321748
GNB,2007,550.8764958
GNB,2008,554.0634929
GNB,2009,558.1920849
GNB,2010,569.0176261
GNB,2011,599.0452018
GNB,2012,573.2171985
GNB,2013,576.1798874
GNB,2014,566.5355786
GNB,2015,585.9570126
GNB,2016,607.1663368
GNB,2017,627.6169372
GNB,2018,620.7710304
GNB,2019,633.7257459
GNB,2020,604.5951481
GNB,2021,613.898112
GNB,2022,621.8522261
GUY,1990,2386.062574
GUY,1991,2540.877815
GUY,1992,2734.681207
GUY,1993,2949.569751
GUY,1994,3191.173002
GUY,1995,3342.17966
GUY,1996,3599.05641
GUY,1997,3813.20336
GUY,1998,3741.813067
GUY,1999,3845.882814
GUY,2000,3788.250004
GUY,2001,3870.738604
GUY,2002,3911.933265
GUY,2003,3885.979511
GUY,2004,3947.447297
GUY,2005,3874.076933
GUY,2006,4080.009142
GUY,2007,4384.083878
GUY,2008,4475.059558
GUY,2009,4654.5258
GUY,2010,4868.705563
GUY,2011,5147.172443
GUY,2012,5420.67715
GUY,2013,5592.756441
GUY,2014,5659.075248
GUY,2015,5668.429765
GUY,2016,5852.837731
GUY,2017,6038.273456
GUY,2018,6127.705381
GUY,2019,6348.69809
GUY,2020,9126.806047
GUY,2021,10857.33815
GUY,2022,17044.79485
HTI,1990,1610.654941
HTI,1991,1608.263811
HTI,1992,1493.336667
HTI,1993,1385.357145
HTI,1994,1196.961772
HTI,1995,1291.07739
HTI,1996,1319.746901
HTI,1997,1330.683691
HTI,1998,1335.136267
HTI,1999,1346.590526
HTI,2000,1333.727172
HTI,2001,1305.497775
HTI,2002,1296.410671
HTI,2003,1318.594144
HTI,2004,1279.546588
HTI,2005,1297.085988
HTI,2006,1298.034876
HTI,2007,1336.832329
HTI,2008,1350.23348
HTI,2009,1406.935035
HTI,2010,1312.284856
HTI,2011,1363.748835
HTI,2012,1349.68925
HTI,2013,1387.111167
HTI,2014,1406.412235
HTI,2015,1405.714786
HTI,2016,1411.14311
HTI,2017,1426.633692
HTI,2018,1430.818777
HTI,2019,1387.514913
HTI,2020,1324.283286
HTI,2021,1284.477935
HTI,2022,1247.89239
HND,1990,1704.928897
HND,1991,1602.773509
HND,1992,1653.079544
HND,1993,1711.756831
HND,1994,1668.017648
HND,1995,1722.533042
HND,1996,1706.689007
HND,1997,1736.479058
HND,1998,1751.93839
HND,1999,1693.723105
HND,2000,1768.253905
HND,2001,1768.289976
HND,2002,1787.098935
HND,2003,1821.150379
HND,2004,1887.085324
HND,2005,1953.326123
HND,2006,2033.071108
HND,2007,2110.047332
HND,2008,2151.201561
HND,2009,2054.384112
HND,2010,2087.252271
HND,2011,2124.187516
HND,2012,2169.15629
HND,2013,2187.833433
HND,2014,2213.440507
HND,2015,2257.225284
HND,2016,2303.878504
HND,2017,2373.79156
HND,2018,2423.27606
HND,2019,2446.108097
HND,2020,2190.974369
HND,2021,2428.031947
HND,2022,2487.705612
HKG,1990,21357.25108
HKG,1991,22388.60684
HKG,1992,23585.64355
HKG,1993,24621.645
HKG,1994,25526.45901
HKG,1995,25620.02759
HKG,1996,25551.38807
HKG,1997,26631.81033
HKG,1998,24856.79744
HKG,1999,25237.66192
HKG,2000,26933.25019
HKG,2001,26885.4245
HKG,2002,27210.0679
HKG,2003,28097.09707
HKG,2004,30304.2895
HKG,2005,32401.35463
HKG,2006,34457.99588
HKG,2007,36371.63853
HKG,2008,36924.01709
HKG,2009,35938.55667
HKG,2010,38089.98661
HKG,2011,39656.31281
HKG,2012,39887.81273
HKG,2013,40959.97105
HKG,2014,41796.84057
HKG,2015,42432.16197
HKG,2016,43087.54139
HKG,2017,44380.80232
HKG,2018,45280.4865
HKG,2019,44195.26234
HKG,2020,41451.28672
HKG,2021,44525.59296
HKG,2022,43369.7143
HUN,1990,..
HUN,1991,7589.901968
HUN,1992,7360.213656
HUN,1993,7326.160507
HUN,1994,7552.404674
HUN,1995,7675.578171
HUN,1996,7695.110537
HUN,1997,7952.983132
HUN,1998,8282.39886
HUN,1999,8560.969094
HUN,2000,8967.696269
HUN,2001,9354.480751
HUN,2002,9825.943199
HUN,2003,10255.61011
HUN,2004,10792.73743
HUN,2005,11278.61603
HUN,2006,11741.94768
HUN,2007,11792.77129
HUN,2008,11932.0384
HUN,2009,11162.05597
HUN,2010,11307.7162
HUN,2011,11551.49893
HUN,2012,11466.14191
HUN,2013,11705.00925
HUN,2014,12233.29937
HUN,2015,12717.0386
HUN,2016,13035.35286
HUN,2017,13628.40449
HUN,2018,14377.42416
HUN,2019,15083.59917
HUN,2020,14430.47683
HUN,2021,15533.6089
HUN,2022,16288.98715
ISL,1990,..
ISL,1991,..
ISL,1992,..
ISL,1993,..
ISL,1994,..
ISL,1995,34188.35059
ISL,1996,35557.27725
ISL,1997,37302.66803
ISL,1998,39622.60698
ISL,1999,40725.88604
ISL,2000,42174.66506
ISL,2001,43288.0763
ISL,2002,43143.46058
ISL,2003,43763.77561
ISL,2004,46766.01687
ISL,2005,48850.76586
ISL,2006,50731.69069
ISL,2007,53646.36902
ISL,2008,53821.47082
ISL,2009,49527.39883
ISL,2010,48193.7014
ISL,2011,48933.54566
ISL,2012,49191.57442
ISL,2013,50946.81626
ISL,2014,51233.24405
ISL,2015,52951.68151
ISL,2016,55513.6423
ISL,2017,56501.45768
ISL,2018,57697.80442
ISL,2019,57461.80196
ISL,2020,52442.36177
ISL,2021,53825.26159
ISL,2022,55886.84359
IND,1990,534.4840963
IND,1991,528.8981738
IND,1992,546.4410172
IND,1993,560.7985684
IND,1994,586.175454
IND,1995,618.1392842
IND,1996,651.9583526
IND,1997,665.4661035
IND,1998,693.4085005
IND,1999,740.9162288
IND,2000,755.4822894
IND,2001,777.7336556
IND,2002,793.100957
IND,2003,840.8180391
IND,2004,892.3820981
IND,2005,947.7634295
IND,2006,1008.667131
IND,2007,1070.131532
IND,2008,1087.583029
IND,2009,1156.880659
IND,2010,1238.014719
IND,2011,1285.283027
IND,2012,1337.476103
IND,2013,1404.545338
IND,2014,1490.028499
IND,2015,1590.174322
IND,2016,1701.184227
IND,2017,1795.911839
IND,2018,1891.138424
IND,2019,1944.314837
IND,2020,1813.534542
IND,2021,1961.960877
IND,2022,2085.121084
IDN,1990,1483.638032
IDN,1991,1556.806664
IDN,1992,1629.847978
IDN,1993,1706.952365
IDN,1994,1805.603885
IDN,1995,1922.352118
IDN,1996,2039.362989
IDN,1997,2101.25415
IDN,1998,1797.083922
IDN,1999,1784.333595
IDN,2000,1845.227801
IDN,2001,1885.679751
IDN,2002,1943.644928
IDN,2003,2009.489784
IDN,2004,2083.882509
IDN,2005,2174.915222
IDN,2006,2264.935733
IDN,2007,2377.254993
IDN,2008,2487.611297
IDN,2009,2569.874213
IDN,2010,2695.86817
IDN,2011,2826.480441
IDN,2012,2959.514478
IDN,2013,3086.323117
IDN,2014,3203.484287
IDN,2015,3322.581679
IDN,2016,3453.04943
IDN,2017,3591.780029
IDN,2018,3741.305267
IDN,2019,3892.421662
IDN,2020,3780.121635
IDN,2021,3892.962372
IDN,2022,4073.610494
IRN,1990,3363.51012
IRN,1991,3647.571114
IRN,1992,3680.217876
IRN,1993,3602.815105
IRN,1994,3528.030692
IRN,1995,3564.661773
IRN,1996,3741.581358
IRN,1997,3738.567341
IRN,1998,3757.343086
IRN,1999,3772.355937
IRN,2000,3927.709223
IRN,2001,3953.479698
IRN,2002,4231.478908
IRN,2003,4554.593873
IRN,2004,4675.940805
IRN,2005,4748.030254
IRN,2006,4908.959952
IRN,2007,5232.703549
IRN,2008,5174.354771
IRN,2009,5155.857249
IRN,2010,5378.717711
IRN,2011,5450.938213
IRN,2012,5180.086027
IRN,2013,5027.484717
IRN,2014,5178.900707
IRN,2015,4990.936795
IRN,2016,5332.101032
IRN,2017,5401.455937
IRN,2018,5211.111641
IRN,2019,5017.117215
IRN,2020,5141.084776
IRN,2021,5344.958025
IRN,2022,5453.004749
IRQ,1990,3511.166526
IRQ,1991,1249.067952
IRQ,1992,1607.587552
IRQ,1993,1995.728631
IRQ,1994,1975.178907
IRQ,1995,1949.578297
IRQ,1996,2095.373662
IRQ,1997,2461.728576
IRQ,1998,3215.740701
IRQ,1999,3659.35339
IRQ,2000,4138.187938
IRQ,2001,4079.11185
IRQ,2002,3626.353392
IRQ,2003,2227.969152
IRQ,2004,3320.378909
IRQ,2005,3277.111909
IRQ,2006,3437.36336
IRQ,2007,3532.080546
IRQ,2008,3749.765772
IRQ,2009,3739.455444
IRQ,2010,3854.688355
IRQ,2011,4003.052598
IRQ,2012,4360.745623
IRQ,2013,4479.470418
IRQ,2014,4333.823989
IRQ,2015,4416.942923
IRQ,2016,4903.823256
IRQ,2017,4702.400483
IRQ,2018,4710.976147
IRQ,2019,4854.386495
IRQ,2020,4170.392047
IRQ,2021,4141.388177
IRQ,2022,4335.78313
IRL,1990,23181.01785
IRL,1991,23492.87181
IRL,1992,24113.22631
IRL,1993,24639.03714
IRL,1994,25954.70535
IRL,1995,28309.77569
IRL,1996,30159.3419
IRL,1997,33149.33488
IRL,1998,35681.11682
IRL,1999,38996.20661
IRL,2000,42098.27937
IRL,2001,43631.69631
IRL,2002,45433.57889
IRL,2003,46046.65348
IRL,2004,48281.50838
IRL,2005,49952.50294
IRL,2006,51049.05497
IRL,2007,52227.89555
IRL,2008,48879.22787
IRL,2009,45919.68274
IRL,2010,46438.76969
IRL,2011,46622.23949
IRL,2012,46422.52574
IRL,2013,46698.55665
IRL,2014,50368.13774
IRL,2015,62053.98444
IRL,2016,62588.66828
IRL,2017,67486.2718
IRL,2018,72339.42185
IRL,2019,75239.30289
IRL,2020,79074.54014
IRL,2021,88966.67216
IRL,2022,98561.62405
IMN,1990,28063.19123
IMN,1991,28143.74806
IMN,1992,28152.21906
IMN,1993,28719.55494
IMN,1994,29707.00964
IMN,1995,30828.30467
IMN,1996,32959.00107
IMN,1997,35394.20001
IMN,1998,39663.50055
IMN,1999,44529.06107
IMN,2000,46334.3409
IMN,2001,48301.99309
IMN,2002,50774.9957
IMN,2003,53299.43251
IMN,2004,55545.05169
IMN,2005,58275.57724
IMN,2006,62126.78166
IMN,2007,66068.1937
IMN,2008,68547.37316
IMN,2009,69212.00302
IMN,2010,70785.76836
IMN,2011,71754.66439
IMN,2012,77006.49372
IMN,2013,80380.8989
IMN,2014,84774.41828
IMN,2015,84753.45673
IMN,2016,90801.10413
IMN,2017,93232.58417
IMN,2018,95074.37475
IMN,2019,95137.2757
IMN,2020,86614.11562
IMN,2021,..
IMN,2022,..
ISR,1990,..
ISR,1991,..
ISR,1992,..
ISR,1993,..
ISR,1994,..
ISR,1995,25872.23042
ISR,1996,26698.23157
ISR,1997,27026.48143
ISR,1998,27502.57385
ISR,1999,27704.0216
ISR,2000,29321.3254
ISR,2001,28733.94126
ISR,2002,28128.84607
ISR,2003,28010.60746
ISR,2004,28836.51318
ISR,2005,29503.90146
ISR,2006,30605.156
ISR,2007,31880.34505
ISR,2008,32337.19771
ISR,2009,31852.2672
ISR,2010,33048.55459
ISR,2011,34247.62328
ISR,2012,34491.16011
ISR,2013,35348.30685
ISR,2014,36035.25775
ISR,2015,36206.52222
ISR,2016,37109.02182
ISR,2017,37953.04046
ISR,2018,38744.16044
ISR,2019,39591.36876
ISR,2020,38176.75434
ISR,2021,40802.14162
ISR,2022,42594.31887
ITA,1990,27490.63204
ITA,1991,27894.24279
ITA,1992,28107.85903
ITA,1993,27851.12136
ITA,1994,28444.41025
ITA,1995,29265.08905
ITA,1996,29627.48695
ITA,1997,30153.77518
ITA,1998,30690.91172
ITA,1999,31184.61639
ITA,2000,32350.90437
ITA,2001,32963.67061
ITA,2002,32998.20319
ITA,2003,32897.39078
ITA,2004,33150.47622
ITA,2005,33257.7698
ITA,2006,33751.70002
ITA,2007,34081.09033
ITA,2008,33530.36014
ITA,2009,31615.27081
ITA,2010,32058.17399
ITA,2011,32229.45679
ITA,2012,31184.55843
ITA,2013,30257.62743
ITA,2014,29979.91872
ITA,2015,30242.38614
ITA,2016,30685.6459
ITA,2017,31244.2271
ITA,2018,31593.48026
ITA,2019,32114.29986
ITA,2020,29373.44509
ITA,2021,31600.70948
ITA,2022,32902.66514
JAM,1990,4503.504728
JAM,1991,4682.562752
JAM,1992,4729.604458
JAM,1993,5123.462159
JAM,1994,5141.814551
JAM,1995,5209.816616
JAM,1996,5155.564916
JAM,1997,5052.761222
JAM,1998,4893.407241
JAM,1999,4907.147344
JAM,2000,4920.070849
JAM,2001,4961.172529
JAM,2002,5035.635843
JAM,2003,5195.086658
JAM,2004,5238.174501
JAM,2005,5259.644859
JAM,2006,5386.378458
JAM,2007,5440.12556
JAM,2008,5375.762335
JAM,2009,5121.33915
JAM,2010,5025.494175
JAM,2011,5089.605885
JAM,2012,5033.359277
JAM,2013,5035.129286
JAM,2014,5049.081078
JAM,2015,5077.551636
JAM,2016,5132.227495
JAM,2017,5172.916733
JAM,2018,5264.197143
JAM,2019,5307.511041
JAM,2020,4770.770288
JAM,2021,4977.415271
JAM,2022,5187.050043
JPN,1990,28422.21312
JPN,1991,29308.27409
JPN,1992,29462.65397
JPN,1993,29232.43979
JPN,1994,29466.75525
JPN,1995,30171.16379
JPN,1996,31046.17015
JPN,1997,31276.19308
JPN,1998,30795.08889
JPN,1999,30636.26612
JPN,2000,31430.63113
JPN,2001,31476.05207
JPN,2002,31416.12418
JPN,2003,31830.21758
JPN,2004,32515.1158
JPN,2005,33098.54747
JPN,2006,33531.51856
JPN,2007,33990.03603
JPN,2008,33557.6454
JPN,2009,31651.08377
JPN,2010,32942.20208
JPN,2011,33011.13423
JPN,2012,33518.44494
JPN,2013,34239.88625
JPN,2014,34386.90586
JPN,2015,34960.63938
JPN,2016,35242.19938
JPN,2017,35861.97285
JPN,2018,36138.52908
JPN,2019,36043.7844
JPN,2020,34603.26506
JPN,2021,35507.57859
JPN,2022,36032.39444
JOR,1990,3332.360172
JOR,1991,3214.380206
JOR,1992,3485.045393
JOR,1993,3454.805812
JOR,1994,3454.982187
JOR,1995,3521.052307
JOR,1996,3477.169726
JOR,1997,3497.361297
JOR,1998,3520.353715
JOR,1999,3561.475342
JOR,2000,3635.292158
JOR,2001,3747.464938
JOR,2002,3879.883749
JOR,2003,3951.041046
JOR,2004,4183.851054
JOR,2005,4408.270261
JOR,2006,4453.653829
JOR,2007,4521.653171
JOR,2008,4731.612829
JOR,2009,4861.126992
JOR,2010,4865.469773
JOR,2011,4872.99656
JOR,2012,4920.865179
JOR,2013,4732.387221
JOR,2014,4348.236659
JOR,2015,4064.25301
JOR,2016,3949.610785
JOR,2017,3947.97167
JOR,2018,3929.687185
JOR,2019,3909.250043
JOR,2020,3765.479071
JOR,2021,3773.378811
JOR,2022,3820.70179
KAZ,1990,5831.079476
KAZ,1991,5156.945297
KAZ,1992,4887.375081
KAZ,1993,4453.564123
KAZ,1994,3949.046091
KAZ,1995,3700.75393
KAZ,1996,3776.083347
KAZ,1997,3901.338407
KAZ,1998,3893.938139
KAZ,1999,4037.453156
KAZ,2000,4446.451864
KAZ,2001,5055.313106
KAZ,2002,5550.504797
KAZ,2003,6046.327108
KAZ,2004,6580.884059
KAZ,2005,7155.342587
KAZ,2006,7837.627967
KAZ,2007,8438.103377
KAZ,2008,8554.822287
KAZ,2009,8487.543554
KAZ,2010,8979.330934
KAZ,2011,9506.732624
KAZ,2012,9823.69242
KAZ,2013,10264.29652
KAZ,2014,10539.0431
KAZ,2015,10510.77031
KAZ,2016,10476.346
KAZ,2017,10758.51927
KAZ,2018,11053.3604
KAZ,2019,11402.7584
KAZ,2020,10974.24463
KAZ,2021,11298.35592
KAZ,2022,11290.89792
KEN,1990,1313.859158
KEN,1991,1290.633542
KEN,1992,1242.018949
KEN,1993,1210.272529
KEN,1994,1206.873238
KEN,1995,1225.143869
KEN,1996,1241.878531
KEN,1997,1214.847638
KEN,1998,1221.524312
KEN,1999,1215.16392
KEN,2000,1187.325807
KEN,2001,1195.443774
KEN,2002,1166.065282
KEN,2003,1165.166099
KEN,2004,1188.570707
KEN,2005,1221.859285
KEN,2006,1262.814662
KEN,2007,1309.895635
KEN,2008,1274.404675
KEN,2009,1278.140898
KEN,2010,1342.768698
KEN,2011,1374.544241
KEN,2012,1401.49082
KEN,2013,1420.078688
KEN,2014,1457.543061
KEN,2015,1496.653568
KEN,2016,1525.743546
KEN,2017,1550.203452
KEN,2018,1604.802927
KEN,2019,1653.82898
KEN,2020,1616.502399
KEN,2021,1705.740384
KEN,2022,1754.585475
KIR,1990,1463.975605
KIR,1991,1435.541473
KIR,1992,1424.172188
KIR,1993,1414.906146
KIR,1994,1418.302605
KIR,1995,1397.118841
KIR,1996,1397.62542
KIR,1997,1396.042811
KIR,1998,1461.633369
KIR,1999,1414.679773
KIR,2000,1477.088427
KIR,2001,1427.957143
KIR,2002,1452.06285
KIR,2003,1451.321343
KIR,2004,1399.157405
KIR,2005,1439.418001
KIR,2006,1411.122517
KIR,2007,1412.805331
KIR,2008,1357.073355
KIR,2009,1341.769339
KIR,2010,1302.179955
KIR,2011,1302.505811
KIR,2012,1347.971023
KIR,2013,1383.089411
KIR,2014,1348.011907
KIR,2015,1459.143695
KIR,2016,1430.036798
KIR,2017,1410.687976
KIR,2018,1459.793674
KIR,2019,1405.469188
KIR,2020,1357.888827
KIR,2021,1437.287382
KIR,2022,1433.516039
PRK,1990,..
PRK,1991,..
PRK,1992,..
PRK,1993,..
PRK,1994,..
PRK,1995,..
PRK,1996,..
PRK,1997,..
PRK,1998,..
PRK,1999,..
PRK,2000,..
PRK,2001,..
PRK,2002,..
PRK,2003,..
PRK,2004,..
PRK,2005,..
PRK,2006,..
PRK,2007,..
PRK,2008,..
PRK,2009,..
PRK,2010,..
PRK,2011,..
PRK,2012,..
PRK,2013,..
PRK,2014,..
PRK,2015,..
PRK,2016,..
PRK,2017,..
PRK,2018,..
PRK,2019,..
PRK,2020,..
PRK,2021,..
PRK,2022,..
KOR,1990,9365.394986
KOR,1991,10272.6207
KOR,1992,10796.60465
KOR,1993,11422.51465
KOR,1994,12356.27829
KOR,1995,13408.68142
KOR,1996,14329.53931
KOR,1997,15071.75639
KOR,1998,14195.81309
KOR,1999,15711.56402
KOR,2000,16992.47908
KOR,2001,17680.84549
KOR,2002,18936.95165
KOR,2003,19431.97111
KOR,2004,20361.06925
KOR,2005,21193.35751
KOR,2006,22192.18512
KOR,2007,23360.90574
KOR,2008,23882.7305
KOR,2009,23948.47224
KOR,2010,25451.00416
KOR,2011,26186.89754
KOR,2012,26675.44017
KOR,2013,27394.65031
KOR,2014,28094.9177
KOR,2015,28732.23108
KOR,2016,29461.78401
KOR,2017,30307.39524
KOR,2018,31053.63793
KOR,2019,31640.21463
KOR,2020,31372.47126
KOR,2021,32730.65063
KOR,2022,33644.64818
XKX,1990,..
XKX,1991,..
XKX,1992,..
XKX,1993,..
XKX,1994,..
XKX,1995,..
XKX,1996,..
XKX,1997,..
XKX,1998,..
XKX,1999,..
XKX,2000,..
XKX,2001,..
XKX,2002,..
XKX,2003,..
XKX,2004,..
XKX,2005,..
XKX,2006,..
XKX,2007,..
XKX,2008,2621.433971
XKX,2009,2731.394003
XKX,2010,2843.391306
XKX,2011,2997.231248
XKX,2012,3021.379214
XKX,2013,3163.472734
XKX,2014,3279.052988
XKX,2015,3520.780421
XKX,2016,3739.196349
XKX,2017,3890.211606
XKX,2018,4009.122332
XKX,2019,4219.097435
XKX,2020,3990.986112
XKX,2021,4429.975723
XKX,2022,4648.141103
KWT,1990,..
KWT,1991,..
KWT,1992,22580.71345
KWT,1993,29651.99771
KWT,1994,32399.16063
KWT,1995,33683.47724
KWT,1996,32930.44102
KWT,1997,32630.92269
KWT,1998,32746.23416
KWT,1999,31168.86289
KWT,2000,31662.81151
KWT,2001,30825.87943
KWT,2002,30891.29477
KWT,2003,35309.76929
KWT,2004,37986.11237
KWT,2005,40476.29068
KWT,2006,41160.98821
KWT,2007,41132.17836
KWT,2008,39859.86766
KWT,2009,35123.23266
KWT,2010,32568.74815
KWT,2011,33427.86191
KWT,2012,33009.0232
KWT,2013,31082.35108
KWT,2014,30282.47101
KWT,2015,29315.19607
KWT,2016,29134.31663
KWT,2017,27244.46857
KWT,2018,26664.6311
KWT,2019,25777.56662
KWT,2020,23929.48088
KWT,2021,24871.81022
KWT,2022,26787.53229
KGZ,1990,1203.481944
KGZ,1991,1089.908352
KGZ,1992,928.3155165
KGZ,1993,784.5782909
KGZ,1994,627.2166808
KGZ,1995,587.3051324
KGZ,1996,619.6728537
KGZ,1997,671.2530069
KGZ,1998,675.0603685
KGZ,1999,689.4174086
KGZ,2000,718.3372566
KGZ,2001,749.4196845
KGZ,2002,742.4435931
KGZ,2003,786.3517191
KGZ,2004,831.4842179
KGZ,2005,820.7158748
KGZ,2006,837.1336917
KGZ,2007,900.0253984
KGZ,2008,966.4152364
KGZ,2009,982.3770471
KGZ,2010,966.150606
KGZ,2011,1011.315399
KGZ,2012,993.7372957
KGZ,2013,1080.548092
KGZ,2014,1101.705191
KGZ,2015,1121.082691
KGZ,2016,1146.103074
KGZ,2017,1177.438585
KGZ,2018,1197.61057
KGZ,2019,1226.824306
KGZ,2020,1102.664221
KGZ,2021,1151.096625
KGZ,2022,1211.738819
LAO,1990,634.1594334
LAO,1991,643.1047854
LAO,1992,660.4224431
LAO,1993,680.9299034
LAO,1994,717.698825
LAO,1995,749.5354072
LAO,1996,782.9569407
LAO,1997,819.4401959
LAO,1998,836.3023241
LAO,1999,881.7543861
LAO,2000,917.2887384
LAO,2001,954.430398
LAO,2002,995.3416807
LAO,2003,1040.333318
LAO,2004,1091.300858
LAO,2005,1151.930252
LAO,2006,1231.519041
LAO,2007,1304.292404
LAO,2008,1384.689441
LAO,2009,1466.089087
LAO,2010,1567.577628
LAO,2011,1669.066415
LAO,2012,1777.410213
LAO,2013,1893.326627
LAO,2014,2009.825534
LAO,2015,2125.459057
LAO,2016,2240.416347
LAO,2017,2358.372664
LAO,2018,2467.955762
LAO,2019,2564.019654
LAO,2020,2539.124525
LAO,2021,2566.277422
LAO,2022,2599.205079
LVA,1990,..
LVA,1991,..
LVA,1992,..
LVA,1993,..
LVA,1994,..
LVA,1995,4969.82308
LVA,1996,5156.195097
LVA,1997,5668.060007
LVA,1998,6084.285011
LVA,1999,6303.074855
LVA,2000,6725.33754
LVA,2001,7243.56298
LVA,2002,7847.645368
LVA,2003,8591.267913
LVA,2004,9405.061722
LVA,2005,10526.45225
LVA,2006,11895.27506
LVA,2007,13185.06932
LVA,2008,12891.44234
LVA,2009,11237.10893
LVA,2010,10962.23153
LVA,2011,11450.9768
LVA,2012,12410.36526
LVA,2013,12795.87829
LVA,2014,13162.65456
LVA,2015,13786.4568
LVA,2016,14242.57267
LVA,2017,14845.33489
LVA,2018,15558.69178
LVA,2019,16069.84043
LVA,2020,15826.41266
LVA,2021,16609.07515
LVA,2022,16947.29262
LBN,1990,2753.854252
LBN,1991,4033.589231
LBN,1992,4597.990644
LBN,1993,4995.118782
LBN,1994,5303.67241
LBN,1995,5543.759159
LBN,1996,6055.336541
LBN,1997,6010.007834
LBN,1998,6124.113959
LBN,1999,5989.817748
LBN,2000,5970.974546
LBN,2001,6103.394311
LBN,2002,6230.746034
LBN,2003,6348.806485
LBN,2004,6669.253069
LBN,2005,6747.71186
LBN,2006,6740.741878
LBN,2007,7230.858589
LBN,2008,7760.765847
LBN,2009,8445.10247
LBN,2010,9037.085809
LBN,2011,9026.471723
LBN,2012,9019.698229
LBN,2013,8539.566078
LBN,2014,7921.080236
LBN,2015,7802.751368
LBN,2016,8101.709668
LBN,2017,8374.740359
LBN,2018,8435.637354
LBN,2019,8081.743344
LBN,2020,6485.72604
LBN,2021,6107.454709
LBN,2022,..
LSO,1990,537.0381812
LSO,1991,564.8709919
LSO,1992,594.7387782
LSO,1993,606.8066295
LSO,1994,634.6230783
LSO,1995,647.5647436
LSO,1996,676.4576319
LSO,1997,695.2941494
LSO,1998,701.3419524
LSO,1999,701.6402291
LSO,2000,727.2328345
LSO,2001,752.8163
LSO,2002,759.001501
LSO,2003,795.403736
LSO,2004,811.9799992
LSO,2005,843.5060894
LSO,2006,879.4736207
LSO,2007,913.2169407
LSO,2008,958.0665623
LSO,2009,939.3728691
LSO,2010,982.205121
LSO,2011,1019.997886
LSO,2012,1075.617592
LSO,2013,1084.750998
LSO,2014,1092.088473
LSO,2015,1113.868632
LSO,2016,1140.381824
LSO,2017,1090.984516
LSO,2018,1061.432424
LSO,2019,1040.218665
LSO,2020,969.3959526
LSO,2021,972.6922037
LSO,2022,968.1081942
LBR,1990,..
LBR,1991,..
LBR,1992,..
LBR,1993,..
LBR,1994,..
LBR,1995,..
LBR,1996,..
LBR,1997,..
LBR,1998,..
LBR,1999,..
LBR,2000,763.4268725
LBR,2001,762.9466649
LBR,2002,771.2349664
LBR,2003,534.4539527
LBR,2004,541.9086736
LBR,2005,545.3980631
LBR,2006,557.0246263
LBR,2007,580.352736
LBR,2008,596.9842925
LBR,2009,609.1205965
LBR,2010,627.8053786
LBR,2011,653.1018707
LBR,2012,680.7900122
LBR,2013,723.9591843
LBR,2014,714.18249
LBR,2015,699.6629469
LBR,2016,675.0596106
LBR,2017,678.5791441
LBR,2018,673.411392
LBR,2019,644.1620652
LBR,2020,612.3842476
LBR,2021,629.8205547
LBR,2022,646.5012128
LBY,1990,..
LBY,1991,..
LBY,1992,..
LBY,1993,..
LBY,1994,..
LBY,1995,..
LBY,1996,..
LBY,1997,..
LBY,1998,..
LBY,1999,10979.90591
LBY,2000,11170.12999
LBY,2001,10721.29228
LBY,2002,10364.26678
LBY,2003,11423.09531
LBY,2004,11628.69997
LBY,2005,12673.91855
LBY,2006,13191.87014
LBY,2007,13729.16168
LBY,2008,13418.19444
LBY,2009,12561.90178
LBY,2010,12925.57368
LBY,2011,6734.225696
LBY,2012,13263.48984
LBY,2013,10666.71642
LBY,2014,8057.300359
LBY,2015,7867.515731
LBY,2016,7639.232673
LBY,2017,9968.916092
LBY,2018,10595.24683
LBY,2019,9278.27171
LBY,2020,6431.462911
LBY,2021,8347.142631
LBY,2022,8150.631713
LIE,1990,..
LIE,1991,..
LIE,1992,..
LIE,1993,..
LIE,1994,..
LIE,1995,..
LIE,1996,..
LIE,1997,..
LIE,1998,..
LIE,1999,..
LIE,2000,..
LIE,2001,..
LIE,2002,..
LIE,2003,..
LIE,2004,..
LIE,2005,..
LIE,2006,..
LIE,2007,..
LIE,2008,..
LIE,2009,..
LIE,2010,..
LIE,2011,..
LIE,2012,..
LIE,2013,..
LIE,2014,..
LIE,2015,167809.2127
LIE,2016,..
LIE,2017,..
LIE,2018,..
LIE,2019,..
LIE,2020,..
LIE,2021,..
LIE,2022,..
LTU,1990,..
LTU,1991,..
LTU,1992,..
LTU,1993,..
LTU,1994,..
LTU,1995,4936.020215
LTU,1996,5230.260192
LTU,1997,5706.895261
LTU,1998,6178.123821
LTU,1999,6151.082964
LTU,2000,6423.420676
LTU,2001,6899.236834
LTU,2002,7424.394824
LTU,2003,8275.803448
LTU,2004,8919.081749
LTU,2005,9766.487647
LTU,2006,10659.40021
LTU,2007,11984.92329
LTU,2008,12425.3981
LTU,2009,10699.78946
LTU,2010,11106.95021
LTU,2011,12046.72139
LTU,2012,12678.69269
LTU,2013,13262.33446
LTU,2014,13850.00013
LTU,2015,14263.96458
LTU,2016,14810.25178
LTU,2017,15661.99625
LTU,2018,16443.58529
LTU,2019,17249.71844
LTU,2020,17241.29523
LTU,2021,18233.62744
LTU,2022,18366.94023
LUX,1990,66027.0758
LUX,1991,70779.97291
LUX,1992,71116.94009
LUX,1993,73116.19466
LUX,1994,74883.14185
LUX,1995,74896.09658
LUX,1996,74916.50677
LUX,1997,77993.05853
LUX,1998,82170.23992
LUX,1999,87695.33958
LUX,2000,92527.71181
LUX,2001,94243.70732
LUX,2002,96269.57939
LUX,2003,97597.99692
LUX,2004,100292.5685
LUX,2005,101222.0457
LUX,2006,105614.1799
LUX,2007,112417.8785
LUX,2008,110094.7923
LUX,2009,104574.3499
LUX,2010,106544.0572
LUX,2011,105290.249
LUX,2012,104487.7442
LUX,2013,105338.9561
LUX,2014,105583.937
LUX,2015,105462.0126
LUX,2016,108351.4522
LUX,2017,107142.1276
LUX,2018,106376.7836
LUX,2019,106729.0249
LUX,2020,104128.2421
LUX,2021,107792.189
LUX,2022,107660.1374
MAC,1990,30001.35106
MAC,1991,30055.43715
MAC,1992,33139.8813
MAC,1993,34094.69907
MAC,1994,34807.2152
MAC,1995,35241.98362
MAC,1996,34429.66138
MAC,1997,33715.94003
MAC,1998,31631.24194
MAC,1999,30395.7769
MAC,2000,31667.86112
MAC,2001,32046.45053
MAC,2002,34083.7235
MAC,2003,36992.64274
MAC,2004,45563.8682
MAC,2005,47924.13207
MAC,2006,52907.30972
MAC,2007,58983.61058
MAC,2008,59403.91705
MAC,2009,58611.74686
MAC,2010,71458.00704
MAC,2011,84818.74039
MAC,2012,90787.61826
MAC,2013,98752.30524
MAC,2014,95001.48097
MAC,2015,73220.63173
MAC,2016,71394.83067
MAC,2017,77056.60664
MAC,2018,80477.67724
MAC,2019,76959.2441
MAC,2020,34561.9558
MAC,2021,40601.21731
MAC,2022,29369.55787
MDG,1990,546.3711989
MDG,1991,496.7608215
MDG,1992,487.5728028
MDG,1993,482.6417827
MDG,1994,467.5008963
MDG,1995,460.507184
MDG,1996,455.6971671
MDG,1997,457.7743232
MDG,1998,460.9821388
MDG,1999,467.9191931
MDG,2000,474.1390219
MDG,2001,487.6611024
MDG,2002,414.6873364
MDG,2003,442.1032296
MDG,2004,451.9212263
MDG,2005,459.7749825
MDG,2006,470.6185887
MDG,2007,483.1452713
MDG,2008,500.7824726
MDG,2009,467.115644
MDG,2010,456.729207
MDG,2011,451.1275046
MDG,2012,452.2050084
MDG,2013,450.4120852
MDG,2014,453.3834142
MDG,2015,455.6380345
MDG,2016,461.7360481
MDG,2017,467.6550676
MDG,2018,470.4238982
MDG,2019,478.9269613
MDG,2020,433.8382399
MDG,2021,447.7846759
MDG,2022,453.8581723
MWI,1990,354.0007437
MWI,1991,373.4772206
MWI,1992,336.3790173
MWI,1993,363.8789393
MWI,1994,330.6606692
MWI,1995,386.7008134
MWI,1996,407.0366553
MWI,1997,414.3493852
MWI,1998,421.6738328
MWI,1999,424.9403835
MWI,2000,421.8194579
MWI,2001,391.4420732
MWI,2002,388.4459243
MWI,2003,400.3009491
MWI,2004,411.0040793
MWI,2005,412.9820431
MWI,2006,420.4386037
MWI,2007,447.9227699
MWI,2008,468.4673738
MWI,2009,492.9480117
MWI,2010,511.8182896
MWI,2011,521.8997965
MWI,2012,516.9632079
MWI,2013,529.8504095
MWI,2014,544.2637935
MWI,2015,544.2768724
MWI,2016,542.9257367
MWI,2017,549.6263013
MWI,2018,558.5604523
MWI,2019,573.4001137
MWI,2020,562.7830384
MWI,2021,563.3619559
MWI,2022,554.1985031
MYS,1990,4260.273103
MYS,1991,4537.318426
MYS,1992,4804.665872
MYS,1993,5135.023339
MYS,1994,5453.860211
MYS,1995,5826.861502
MYS,1996,6238.638595
MYS,1997,6518.985614
MYS,1998,5883.787605
MYS,1999,6089.09691
MYS,2000,6461.980911
MYS,2001,6330.618102
MYS,2002,6506.107494
MYS,2003,6716.632487
MYS,2004,7004.126514
MYS,2005,7209.605549
MYS,2006,7444.014798
MYS,2007,7742.565609
MYS,2008,7948.934872
MYS,2009,7675.225795
MYS,2010,8101.394128
MYS,2011,8393.949518
MYS,2012,8711.281884
MYS,2013,8976.531219
MYS,2014,9369.087134
MYS,2015,9699.584909
MYS,2016,9984.14767
MYS,2017,10416.02499
MYS,2018,10777.74924
MYS,2019,11114.54271
MYS,2020,10374.19005
MYS,2021,10575.87687
MYS,2022,11371.97016
MDV,1990,..
MDV,1991,..
MDV,1992,..
MDV,1993,..
MDV,1994,..
MDV,1995,5451.605473
MDV,1996,5754.489423
MDV,1997,6117.208149
MDV,1998,6461.450135
MDV,1999,6754.04394
MDV,2000,6904.652322
MDV,2001,6521.166294
MDV,2002,6876.443583
MDV,2003,7691.901693
MDV,2004,8023.495653
MDV,2005,6859.230148
MDV,2006,8447.145278
MDV,2007,8798.60457
MDV,2008,9296.989646
MDV,2009,8324.591977
MDV,2010,8619.748373
MDV,2011,9036.651162
MDV,2012,8951.006145
MDV,2013,9286.68454
MDV,2014,9584.443372
MDV,2015,9434.31191
MDV,2016,9619.954605
MDV,2017,9916.451756
MDV,2018,10342.88912
MDV,2019,10753.12132
MDV,2020,7013.55575
MDV,2021,9807.557189
MDV,2022,10964.8427
MLI,1990,469.4024926
MLI,1991,514.2473821
MLI,1992,487.7206539
MLI,1993,492.8207193
MLI,1994,500.638059
MLI,1995,494.5902322
MLI,1996,518.4705463
MLI,1997,531.5771853
MLI,1998,557.7643414
MLI,1999,573.5489901
MLI,2000,556.7723941
MLI,2001,623.2663745
MLI,2002,622.7967229
MLI,2003,658.1427188
MLI,2004,646.9280497
MLI,2005,666.7944219
MLI,2006,675.1889495
MLI,2007,676.0800318
MLI,2008,685.4606706
MLI,2009,695.3944865
MLI,2010,708.930474
MLI,2011,708.4186725
MLI,2012,682.2878442
MLI,2013,677.861141
MLI,2014,703.2310345
MLI,2015,723.504205
MLI,2016,741.7976347
MLI,2017,756.4280732
MLI,2018,767.5715955
MLI,2019,779.326625
MLI,2020,745.8859848
MLI,2021,744.7604273
MLI,2022,748.6875413
MLT,1990,10074.30437
MLT,1991,10419.95641
MLT,1992,10796.78898
MLT,1993,11168.46156
MLT,1994,11689.76005
MLT,1995,12344.82055
MLT,1996,12727.29318
MLT,1997,13295.36441
MLT,1998,13886.28583
MLT,1999,14455.75797
MLT,2000,17189.63233
MLT,2001,16860.57149
MLT,2002,17164.61154
MLT,2003,17746.88391
MLT,2004,17652.69881
MLT,2005,18133.98063
MLT,2006,18521.62853
MLT,2007,19338.53875
MLT,2008,19948.13542
MLT,2009,19573.97468
MLT,2010,20557.84654
MLT,2011,20566.34768
MLT,2012,21221.71763
MLT,2013,22071.11919
MLT,2014,23286.19279
MLT,2015,24921.6779
MLT,2016,25181.35892
MLT,2017,27177.90823
MLT,2018,27856.76443
MLT,2019,28660.02766
MLT,2020,25618.88913
MLT,2021,28466.44446
MLT,2022,30133.04027
MHL,1990,3024.455194
MHL,1991,2962.391346
MHL,1992,3110.340519
MHL,1993,3234.572164
MHL,1994,3363.123997
MHL,1995,3577.472289
MHL,1996,3156.835733
MHL,1997,2907.103022
MHL,1998,2839.57001
MHL,1999,2769.032582
MHL,2000,2786.341841
MHL,2001,2966.201092
MHL,2002,3072.493394
MHL,2003,3023.01213
MHL,2004,3066.405805
MHL,2005,3126.401899
MHL,2006,3140.187795
MHL,2007,3256.917354
MHL,2008,3020.287647
MHL,2009,3144.261377
MHL,2010,3325.715142
MHL,2011,3343.350135
MHL,2012,3348.68111
MHL,2013,3529.437997
MHL,2014,3554.491362
MHL,2015,3703.649059
MHL,2016,3862.829771
MHL,2017,4091.243351
MHL,2018,4373.876362
MHL,2019,4984.647201
MHL,2020,5041.056826
MHL,2021,5262.475624
MHL,2022,5403.218745
MRT,1990,1398.941073
MRT,1991,1382.417914
MRT,1992,1355.059643
MRT,1993,1377.229983
MRT,1994,1290.023992
MRT,1995,1377.926606
MRT,1996,1429.004477
MRT,1997,1340.593145
MRT,1998,1342.057202
MRT,1999,1354.130059
MRT,2000,1265.160438
MRT,2001,1224.68078
MRT,2002,1215.251282
MRT,2003,1271.675131
MRT,2004,1303.271705
MRT,2005,1384.014309
MRT,2006,1601.14285
MRT,2007,1533.633829
MRT,2008,1490.817682
MRT,2009,1452.178766
MRT,2010,1448.023337
MRT,2011,1463.594937
MRT,2012,1481.978018
MRT,2013,1499.431839
MRT,2014,1522.759134
MRT,2015,1562.726853
MRT,2016,1541.162893
MRT,2017,1595.233292
MRT,2018,1628.038872
MRT,2019,1670.028839
MRT,2020,1612.154358
MRT,2021,1609.931715
MRT,2022,1650.319436
MUS,1990,3810.480833
MUS,1991,3936.766509
MUS,1992,4138.346449
MUS,1993,4297.409092
MUS,1994,4412.937566
MUS,1995,4562.746928
MUS,1996,4768.683436
MUS,1997,4977.190168
MUS,1998,5224.184197
MUS,1999,5292.869089
MUS,2000,5671.02955
MUS,2001,5814.748346
MUS,2002,5867.77363
MUS,2003,6170.648767
MUS,2004,6397.593462
MUS,2005,6472.873886
MUS,2006,6756.22956
MUS,2007,7110.694939
MUS,2008,7466.694658
MUS,2009,7693.764344
MUS,2010,8011.455172
MUS,2011,8324.783283
MUS,2012,8591.967159
MUS,2013,8859.212183
MUS,2014,9181.615754
MUS,2015,9507.871337
MUS,2016,9868.327166
MUS,2017,10247.69606
MUS,2018,10652.48369
MUS,2019,10956.94502
MUS,2020,9357.301801
MUS,2021,9672.947105
MUS,2022,10545.33323
MEX,1990,7595.102818
MEX,1991,7747.127307
MEX,1992,7864.024855
MEX,1993,7950.53299
MEX,1994,8185.984514
MEX,1995,7529.86411
MEX,1996,7897.935218
MEX,1997,8294.112018
MEX,1998,8576.604358
MEX,1999,8669.367599
MEX,2000,8954.823208
MEX,2001,8782.145867
MEX,2002,8646.180868
MEX,2003,8641.739759
MEX,2004,8849.529249
MEX,2005,8925.255441
MEX,2006,9200.421932
MEX,2007,9288.182014
MEX,2008,9276.074347
MEX,2009,8677.776544
MEX,2010,9001.705095
MEX,2011,9199.16538
MEX,2012,9401.997684
MEX,2013,9404.61606
MEX,2014,9553.286174
MEX,2015,9753.400562
MEX,2016,9897.170878
MEX,2017,9997.707942
MEX,2018,10120.38483
MEX,2019,10013.72425
MEX,2020,9147.072744
MEX,2021,9525.429719
MEX,2022,9755.616873
FSM,1990,2466.076345
FSM,1991,2601.123567
FSM,1992,2640.538206
FSM,1993,2771.012726
FSM,1994,2684.94359
FSM,1995,2834.630123
FSM,1996,2733.100628
FSM,1997,2559.409442
FSM,1998,2625.915211
FSM,1999,2658.8326
FSM,2000,2783.116177
FSM,2001,2837.372548
FSM,2002,2851.772051
FSM,2003,2901.44992
FSM,2004,2821.341879
FSM,2005,2891.873288
FSM,2006,2906.269003
FSM,2007,2872.934132
FSM,2008,2825.095854
FSM,2009,2878.111386
FSM,2010,2950.798726
FSM,2011,3036.448494
FSM,2012,2970.265188
FSM,2013,2851.035434
FSM,2014,2774.694714
FSM,2015,2891.322103
FSM,2016,2905.061452
FSM,2017,2969.339334
FSM,2018,2962.238581
FSM,2019,2984.930124
FSM,2020,2913.218373
FSM,2021,2794.786416
FSM,2022,2752.338996
MDA,1990,..
MDA,1991,..
MDA,1992,..
MDA,1993,..
MDA,1994,..
MDA,1995,1512.157196
MDA,1996,1426.139375
MDA,1997,1454.999977
MDA,1998,1360.360526
MDA,1999,1316.605709
MDA,2000,1347.09284
MDA,2001,1432.46529
MDA,2002,1547.777775
MDA,2003,1654.583904
MDA,2004,1781.425746
MDA,2005,1919.697985
MDA,2006,2017.442634
MDA,2007,2082.786529
MDA,2008,2249.521754
MDA,2009,2117.222031
MDA,2010,2269.809685
MDA,2011,2403.260539
MDA,2012,2389.400916
MDA,2013,2606.193066
MDA,2014,2738.161974
MDA,2015,2749.913038
MDA,2016,2911.337767
MDA,2017,3085.738894
MDA,2018,3268.425967
MDA,2019,3439.12964
MDA,2020,3189.336377
MDA,2021,3661.303466
MDA,2022,3473.7089
MCO,1990,106022.1627
MCO,1991,106274.9669
MCO,1992,106922.7484
MCO,1993,105160.1217
MCO,1994,106702.4637
MCO,1995,108168.9304
MCO,1996,108553.1976
MCO,1997,110117.3611
MCO,1998,113122.2595
MCO,1999,116188.5502
MCO,2000,120467.7519
MCO,2001,123182.947
MCO,2002,124670.2871
MCO,2003,126299.1087
MCO,2004,129740.4877
MCO,2005,132590.3523
MCO,2006,140855.529
MCO,2007,162131.6256
MCO,2008,163012.9989
MCO,2009,142187.1924
MCO,2010,141773.2934
MCO,2011,148269.7638
MCO,2012,146511.88
MCO,2013,157254.6525
MCO,2014,165362.4319
MCO,2015,170338.6004
MCO,2016,174739.5778
MCO,2017,168744.915
MCO,2018,178868.2465
MCO,2019,191194.4724
MCO,2020,166910.6306
MCO,2021,204190.9734
MCO,2022,..
MNG,1990,1770.541045
MNG,1991,1588.222626
MNG,1992,1417.742023
MNG,1993,1352.368195
MNG,1994,1362.509076
MNG,1995,1431.460923
MNG,1996,1446.878308
MNG,1997,1487.645579
MNG,1998,1522.389795
MNG,1999,1554.051972
MNG,2000,1557.43844
MNG,2001,1589.403718
MNG,2002,1649.938825
MNG,2003,1750.190458
MNG,2004,1919.757153
MNG,2005,2041.868494
MNG,2006,2197.694783
MNG,2007,2400.225093
MNG,2008,2585.824779
MNG,2009,2521.594529
MNG,2010,2646.561677
MNG,2011,3057.317255
MNG,2012,3374.438384
MNG,2013,3697.601341
MNG,2014,3909.91332
MNG,2015,3919.351214
MNG,2016,3892.652205
MNG,2017,4023.785624
MNG,2018,4242.300222
MNG,2019,4385.111677
MNG,2020,4106.602684
MNG,2021,4107.183722
MNG,2022,4242.116937
MNE,1990,..
MNE,1991,..
MNE,1992,..
MNE,1993,..
MNE,1994,..
MNE,1995,..
MNE,1996,..
MNE,1997,4488.792517
MNE,1998,4723.141165
MNE,1999,4290.894834
MNE,2000,4431.598388
MNE,2001,4462.347805
MNE,2002,4529.121178
MNE,2003,4623.073893
MNE,2004,4819.145596
MNE,2005,5013.193546
MNE,2006,5435.883668
MNE,2007,5798.06225
MNE,2008,6205.818332
MNE,2009,5833.656804
MNE,2010,5982.196475
MNE,2011,6168.845489
MNE,2012,5995.771635
MNE,2013,6202.503789
MNE,2014,6307.015599
MNE,2015,6517.189614
MNE,2016,6707.847259
MNE,2017,7023.430513
MNE,2018,7381.804173
MNE,2019,7684.180362
MNE,2020,6515.533745
MNE,2021,7390.304646
MNE,2022,7879.490132
MAR,1990,1682.328125
MAR,1991,1773.41394
MAR,1992,1707.847534
MAR,1993,1668.374756
MAR,1994,1817.062256
MAR,1995,1692.846924
MAR,1996,1873.546021
MAR,1997,1816.913818
MAR,1998,1920.132813
MAR,1999,1925.395142
MAR,2000,1948.354492
MAR,2001,2070.847656
MAR,2002,2120.131104
MAR,2003,2222.937012
MAR,2004,2295.015381
MAR,2005,2336.503418
MAR,2006,2484.974365
MAR,2007,2536.777344
MAR,2008,2646.064697
MAR,2009,2709.40918
MAR,2010,2766.921875
MAR,2011,2879.944092
MAR,2012,2927.290527
MAR,2013,3006.31665
MAR,2014,3047.130859
MAR,2015,3139.228271
MAR,2016,3116.562988
MAR,2017,3234.751465
MAR,2018,3296.194092
MAR,2019,3355.613037
MAR,2020,3081.367432
MAR,2021,3290.604004
MAR,2022,3291.878662
MOZ,1990,214.9576114
MOZ,1991,221.2589914
MOZ,1992,203.8635103
MOZ,1993,219.2902351
MOZ,1994,222.5478087
MOZ,1995,217.624985
MOZ,1996,234.7091686
MOZ,1997,254.2424107
MOZ,1998,272.8614458
MOZ,1999,297.4922453
MOZ,2000,293.7088583
MOZ,2001,321.0386007
MOZ,2002,341.9661222
MOZ,2003,356.1199264
MOZ,2004,374.4055399
MOZ,2005,389.0802701
MOZ,2006,415.9960507
MOZ,2007,436.6840793
MOZ,2008,456.5177112
MOZ,2009,472.5746585
MOZ,2010,489.4069865
MOZ,2011,510.5147339
MOZ,2012,531.309361
MOZ,2013,551.1106089
MOZ,2014,573.9959503
MOZ,2015,594.2269178
MOZ,2016,597.9449806
MOZ,2017,601.3620564
MOZ,2018,604.0075606
MOZ,2019,600.4033659
MOZ,2020,576.2235088
MOZ,2021,573.1130528
MOZ,2022,580.7310989
MMR,1990,190.012238
MMR,1991,189.2822111
MMR,1992,195.1051003
MMR,1993,207.4886099
MMR,1994,218.6838737
MMR,1995,231.4675316
MMR,1996,243.8564927
MMR,1997,255.3463202
MMR,1998,266.7579469
MMR,1999,285.9979725
MMR,2000,318.0069319
MMR,2001,353.9515769
MMR,2002,391.4158262
MMR,2003,438.0612063
MMR,2004,493.6975809
MMR,2005,556.1421415
MMR,2006,625.3799862
MMR,2007,698.3655496
MMR,2008,771.1861048
MMR,2009,846.4911265
MMR,2010,924.6497575
MMR,2011,986.1270977
MMR,2012,1041.225891
MMR,2013,1113.927424
MMR,2014,1195.257283
MMR,2015,1224.562368
MMR,2016,1342.586537
MMR,2017,1409.033751
MMR,2018,1488.530549
MMR,2019,1577.802744
MMR,2020,1616.208531
MMR,2021,1317.45304
MMR,2022,1347.463571
NAM,1990,2857.947261
NAM,1991,2989.541541
NAM,1992,3103.470235
NAM,1993,2957.046556
NAM,1994,2914.360678
NAM,1995,2939.491288
NAM,1996,2951.135773
NAM,1997,2997.249943
NAM,1998,3019.735987
NAM,1999,3047.186325
NAM,2000,3082.759247
NAM,2001,3056.467723
NAM,2002,3148.352816
NAM,2003,3235.746779
NAM,2004,3587.838772
NAM,2005,3634.620373
NAM,2006,3845.288424
NAM,2007,4001.70904
NAM,2008,4053.220051
NAM,2009,4007.485318
NAM,2010,4186.042201
NAM,2011,4330.944086
NAM,2012,4476.414411
NAM,2013,4648.317211
NAM,2014,4846.889574
NAM,2015,4965.672829
NAM,2016,4880.445101
NAM,2017,4746.183391
NAM,2018,4714.452579
NAM,2019,4596.619636
NAM,2020,4152.1807
NAM,2021,4228.784997
NAM,2022,4358.137642
NRU,1990,..
NRU,1991,..
NRU,1992,..
NRU,1993,..
NRU,1994,..
NRU,1995,..
NRU,1996,..
NRU,1997,..
NRU,1998,..
NRU,1999,..
NRU,2000,..
NRU,2001,..
NRU,2002,..
NRU,2003,..
NRU,2004,4187.744365
NRU,2005,3865.652423
NRU,2006,3544.906293
NRU,2007,3306.259194
NRU,2008,5468.10985
NRU,2009,5141.729002
NRU,2010,5054.846089
NRU,2011,5529.367234
NRU,2012,7150.49779
NRU,2013,7300.760729
NRU,2014,8222.597106
NRU,2015,7587.251485
NRU,2016,8013.681953
NRU,2017,7337.103402
NRU,2018,7757.557411
NRU,2019,8254.106601
NRU,2020,8476.004196
NRU,2021,8614.541443
NRU,2022,8708.748834
NPL,1990,420.7431199
NPL,1991,436.1041668
NPL,1992,441.482181
NPL,1993,446.2935243
NPL,1994,471.2742637
NPL,1995,476.4531924
NPL,1996,491.3027724
NPL,1997,505.7744071
NPL,1998,511.0529683
NPL,1999,523.8826093
NPL,2000,546.9316252
NPL,2001,564.0754263
NPL,2002,556.3682314
NPL,2003,570.4195742
NPL,2004,589.7576154
NPL,2005,603.7488472
NPL,2006,618.5592922
NPL,2007,635.0000825
NPL,2008,669.5565417
NPL,2009,696.1427672
NPL,2010,726.0552789
NPL,2011,748.0124942
NPL,2012,781.1038725
NPL,2013,807.1369406
NPL,2014,853.1480502
NPL,2015,882.3076635
NPL,2016,878.1503885
NPL,2017,946.0425579
NPL,2018,1006.606909
NPL,2019,1061.486278
NPL,2020,1018.107913
NPL,2021,1042.973974
NPL,2022,1083.03455
NLD,1990,31106.05196
NLD,1991,31614.65289
NLD,1992,31911.83537
NLD,1993,32088.7066
NLD,1994,32840.2781
NLD,1995,33696.74383
NLD,1996,34715.16163
NLD,1997,36032.04025
NLD,1998,37480.70945
NLD,1999,39106.38816
NLD,2000,40456.94224
NLD,2001,41087.04217
NLD,2002,40914.3255
NLD,2003,40785.12222
NLD,2004,41450.40427
NLD,2005,42201.77541
NLD,2006,43592.30274
NLD,2007,45138.67844
NLD,2008,45939.1482
NLD,2009,44027.60256
NLD,2010,44390.50441
NLD,2011,44869.31294
NLD,2012,44242.97353
NLD,2013,44055.30426
NLD,2014,44521.89454
NLD,2015,45193.40322
NLD,2016,45938.78504
NLD,2017,46997.34545
NLD,2018,47826.81912
NLD,2019,48443.73205
NLD,2020,46303.21886
NLD,2021,48301.52896
NLD,2022,49979.8527
NCL,1990,..
NCL,1991,..
NCL,1992,..
NCL,1993,..
NCL,1994,..
NCL,1995,..
NCL,1996,..
NCL,1997,..
NCL,1998,..
NCL,1999,..
NCL,2000,..
NCL,2001,..
NCL,2002,..
NCL,2003,..
NCL,2004,..
NCL,2005,..
NCL,2006,..
NCL,2007,..
NCL,2008,..
NCL,2009,..
NCL,2010,..
NCL,2011,..
NCL,2012,..
NCL,2013,..
NCL,2014,..
NCL,2015,32428.57211
NCL,2016,..
NCL,2017,..
NCL,2018,..
NCL,2019,..
NCL,2020,..
NCL,2021,..
NCL,2022,..
NZL,1990,26371.00332
NZL,1991,24849.74408
NZL,1992,24861.21714
NZL,1993,26150.34833
NZL,1994,27126.07259
NZL,1995,27994.03701
NZL,1996,28550.75367
NZL,1997,28764.4002
NZL,1998,28755.23845
NZL,1999,30142.12823
NZL,2000,30825.9568
NZL,2001,31690.09701
NZL,2002,32612.47121
NZL,2003,33487.09225
NZL,2004,34342.1537
NZL,2005,35095.36316
NZL,2006,35640.38446
NZL,2007,36391.89654
NZL,2008,35647.4676
NZL,2009,35253.31348
NZL,2010,35374.92542
NZL,2011,35886.13726
NZL,2012,36501.18386
NZL,2013,37223.30664
NZL,2014,38005.28193
NZL,2015,38630.72659
NZL,2016,39208.76763
NZL,2017,39751.61362
NZL,2018,40422.34579
NZL,2019,40757.36815
NZL,2020,39607.87893
NZL,2021,41481.98674
NZL,2022,42271.71472
NIC,1990,1241.399796
NIC,1991,1210.568698
NIC,1992,1187.828098
NIC,1993,1157.149497
NIC,1994,1170.288341
NIC,1995,1214.099746
NIC,1996,1266.855271
NIC,1997,1294.624808
NIC,1998,1321.464996
NIC,1999,1393.344487
NIC,2000,1429.728513
NIC,2001,1452.346558
NIC,2002,1444.864804
NIC,2003,1463.460672
NIC,2004,1523.129448
NIC,2005,1568.422404
NIC,2006,1611.367068
NIC,2007,1669.727352
NIC,2008,1702.724754
NIC,2009,1622.990445
NIC,2010,1669.946767
NIC,2011,1749.506512
NIC,2012,1835.949837
NIC,2013,1898.457516
NIC,2014,1960.702661
NIC,2015,2025.327261
NIC,2016,2087.68769
NIC,2017,2153.603804
NIC,2018,2052.135902
NIC,2019,1965.277906
NIC,2020,1904.284366
NIC,2021,2072.287533
NIC,2022,2119.743098
NER,1990,461.2155282
NER,1991,445.1494911
NER,1992,440.1397982
NER,1993,427.8457645
NER,1994,421.9988705
NER,1995,418.2441133
NER,1996,404.8044653
NER,1997,397.5052339
NER,1998,422.6201058
NER,1999,407.554434
NER,2000,389.077523
NER,2001,403.1766236
NER,2002,408.5713581
NER,2003,403.0641994
NER,2004,390.4248235
NER,2005,404.2805689
NER,2006,413.0559602
NER,2007,410.8033081
NER,2008,426.6056804
NER,2009,419.1732488
NER,2010,438.4638828
NER,2011,432.2975623
NER,2012,460.0322366
NER,2013,466.333676
NER,2014,478.8551539
NER,2015,481.1113011
NER,2016,489.4338123
NER,2017,494.616648
NER,2018,510.573131
NER,2019,520.9194002
NER,2020,519.6787953
NER,2021,507.7111317
NER,2022,545.4642234
NGA,1990,1608.779886
NGA,1991,1573.702566
NGA,1992,1605.548461
NGA,1993,1533.183995
NGA,1994,1467.092218
NGA,1995,1429.012361
NGA,1996,1451.819865
NGA,1997,1457.228191
NGA,1998,1457.701404
NGA,1999,1429.405881
NGA,2000,1462.536292
NGA,2001,1508.553895
NGA,2002,1693.746069
NGA,2003,1769.882595
NGA,2004,1882.182366
NGA,2005,1950.122762
NGA,2006,2013.274418
NGA,2007,2088.604852
NGA,2008,2170.059255
NGA,2009,2281.386807
NGA,2010,2397.32403
NGA,2011,2455.74699
NGA,2012,2490.213614
NGA,2013,2585.647719
NGA,2014,2677.494122
NGA,2015,2679.554765
NGA,2016,2570.960278
NGA,2017,2527.00012
NGA,2018,2512.080983
NGA,2019,2505.462745
NGA,2020,2401.1839
NGA,2021,2429.585781
NGA,2022,2449.588476
MKD,1990,3568.063569
MKD,1991,3360.195365
MKD,1992,3168.627312
MKD,1993,2962.978231
MKD,1994,2932.079359
MKD,1995,2897.193767
MKD,1996,2916.4433
MKD,1997,2954.523831
MKD,1998,3038.139834
MKD,1999,3154.849182
MKD,2000,3283.379341
MKD,2001,3169.325144
MKD,2002,3240.110645
MKD,2003,3301.313619
MKD,2004,3445.808437
MKD,2005,3600.953905
MKD,2006,3779.676727
MKD,2007,4017.793909
MKD,2008,4230.73499
MKD,2009,4207.806792
MKD,2010,4339.966334
MKD,2011,4433.889462
MKD,2012,4408.298421
MKD,2013,4530.684146
MKD,2014,4687.298498
MKD,2015,4861.55616
MKD,2016,4994.561201
MKD,2017,5043.694519
MKD,2018,5184.696805
MKD,2019,5386.20275
MKD,2020,5067.215887
MKD,2021,5365.476099
MKD,2022,5500.399059
MNP,1990,..
MNP,1991,..
MNP,1992,..
MNP,1993,..
MNP,1994,..
MNP,1995,..
MNP,1996,..
MNP,1997,..
MNP,1998,..
MNP,1999,..
MNP,2000,..
MNP,2001,..
MNP,2002,20827.8058
MNP,2003,21610.36548
MNP,2004,21739.04614
MNP,2005,19767.4536
MNP,2006,19235.40583
MNP,2007,18806.62293
MNP,2008,17565.58118
MNP,2009,15233.94347
MNP,2010,16294.51092
MNP,2011,15541.55416
MNP,2012,15715.74335
MNP,2013,16204.5456
MNP,2014,16974.27842
MNP,2015,17665.10075
MNP,2016,22995.52741
MNP,2017,28549.32658
MNP,2018,23242.92544
MNP,2019,20796.03042
MNP,2020,14703.51161
MNP,2021,..
MNP,2022,..
NOR,1990,49937.45578
NOR,1991,51233.03611
NOR,1992,52758.94525
NOR,1993,53938.02132
NOR,1994,56343.01054
NOR,1995,58380.56847
NOR,1996,61005.90835
NOR,1997,63882.4765
NOR,1998,65197.94631
NOR,1999,66094.73546
NOR,2000,67846.59685
NOR,2001,68899.5269
NOR,2002,69472.98367
NOR,2003,69719.31227
NOR,2004,72091.0133
NOR,2005,73524.25492
NOR,2006,74729.76321
NOR,2007,76115.70667
NOR,2008,75535.21179
NOR,2009,73141.30734
NOR,2010,72804.39562
NOR,2011,72660.67541
NOR,2012,73661.67859
NOR,2013,73515.91449
NOR,2014,74180.32387
NOR,2015,74809.9658
NOR,2016,75017.49447
NOR,2017,76247.41166
NOR,2018,76373.64746
NOR,2019,76712.28713
NOR,2020,75287.20595
NOR,2021,77805.00755
NOR,2022,79638.75142
OMN,1990,16255.58587
OMN,1991,16418.08446
OMN,1992,16992.18726
OMN,1993,17265.50242
OMN,1994,17415.15356
OMN,1995,17957.15591
OMN,1996,18191.92202
OMN,1997,18983.47327
OMN,1998,19193.29097
OMN,1999,18983.18389
OMN,2000,19953.67518
OMN,2001,20581.26361
OMN,2002,20109.05456
OMN,2003,19347.52352
OMN,2004,19301.80671
OMN,2005,19418.01505
OMN,2006,20097.9004
OMN,2007,20629.84337
OMN,2008,21939.84744
OMN,2009,22879.50516
OMN,2010,21782.79938
OMN,2011,20142.15705
OMN,2012,19888.75386
OMN,2013,19387.08277
OMN,2014,18694.31095
OMN,2015,18777.43306
OMN,2016,18799.80845
OMN,2017,18260.00507
OMN,2018,18256.65315
OMN,2019,18044.27045
OMN,2020,17662.24284
OMN,2021,18300.762
OMN,2022,18856.87524
PAK,1990,862.4164797
PAK,1991,877.2642227
PAK,1992,920.3771368
PAK,1993,912.8967057
PAK,1994,919.9153246
PAK,1995,937.4791443
PAK,1996,953.4253132
PAK,1997,935.1882801
PAK,1998,931.7067122
PAK,1999,938.5921525
PAK,2000,948.9384615
PAK,2001,952.7477969
PAK,2002,952.448067
PAK,2003,985.6535674
PAK,2004,1036.608829
PAK,2005,1080.604737
PAK,2006,1120.585337
PAK,2007,1149.851278
PAK,2008,1144.210243
PAK,2009,1150.671991
PAK,2010,1143.117865
PAK,2011,1150.002717
PAK,2012,1169.123042
PAK,2013,1201.908252
PAK,2014,1240.489438
PAK,2015,1282.443026
PAK,2016,1337.123241
PAK,2017,1377.969538
PAK,2018,1440.425252
PAK,2019,1452.851429
PAK,2020,1409.697461
PAK,2021,1473.864753
PAK,2022,1535.717909
PLW,1990,..
PLW,1991,..
PLW,1992,..
PLW,1993,..
PLW,1994,..
PLW,1995,..
PLW,1996,..
PLW,1997,..
PLW,1998,..
PLW,1999,..
PLW,2000,11392.036
PLW,2001,12063.31781
PLW,2002,12480.63398
PLW,2003,12055.73105
PLW,2004,12624.01571
PLW,2005,13174.20538
PLW,2006,13262.54609
PLW,2007,13707.36651
PLW,2008,13093.30852
PLW,2009,12409.70228
PLW,2010,12628.36589
PLW,2011,13693.98947
PLW,2012,14151.12863
PLW,2013,13780.05461
PLW,2014,14654.76039
PLW,2015,15761.36338
PLW,2016,15728.77601
PLW,2017,15069.46636
PLW,2018,15062.95676
PLW,2019,15078.70895
PLW,2020,13662.75409
PLW,2021,11806.89161
PLW,2022,..
PAN,1990,5186.25057
PAN,1991,5556.633183
PAN,1992,5889.180033
PAN,1993,6083.965847
PAN,1994,6130.672675
PAN,1995,6112.472781
PAN,1996,6234.36133
PAN,1997,6504.827557
PAN,1998,6843.98684
PAN,1999,6972.060084
PAN,2000,7021.54645
PAN,2001,6925.078646
PAN,2002,6943.426055
PAN,2003,7097.577556
PAN,2004,7486.276744
PAN,2005,7872.785493
PAN,2006,8394.7458
PAN,2007,9228.072583
PAN,2008,9952.916832
PAN,2009,9895.254792
PAN,2010,10286.20312
PAN,2011,11248.00342
PAN,2012,12130.22864
PAN,2013,12741.38045
PAN,2014,13155.45367
PAN,2015,13669.55944
PAN,2016,14099.93632
PAN,2017,14634.8425
PAN,2018,14922.13
PAN,2019,15166.88091
PAN,2020,12307.25921
PAN,2021,14069.87941
PAN,2022,15388.05587
PNG,1990,1907.733963
PNG,1991,2023.872098
PNG,1992,2223.031646
PNG,1993,2532.804363
PNG,1994,2586.80075
PNG,1995,2411.858041
PNG,1996,2506.381843
PNG,1997,2323.773732
PNG,1998,2158.560736
PNG,1999,2123.186914
PNG,2000,1999.969609
PNG,2001,1930.874119
PNG,2002,1864.302423
PNG,2003,1842.613214
PNG,2004,1831.94381
PNG,2005,1886.527776
PNG,2006,1926.513509
PNG,2007,2013.196285
PNG,2008,1946.228756
PNG,2009,2016.184883
PNG,2010,2154.694714
PNG,2011,2116.224714
PNG,2012,2154.100198
PNG,2013,2177.070914
PNG,2014,2408.108596
PNG,2015,2502.073746
PNG,2016,2575.067822
PNG,2017,2603.015347
PNG,2018,2536.083493
PNG,2019,2590.494236
PNG,2020,2455.145638
PNG,2021,2408.24912
PNG,2022,2471.049751
PRY,1990,4036.313708
PRY,1991,4068.283777
PRY,1992,4031.807631
PRY,1993,4125.547538
PRY,1994,4239.490937
PRY,1995,4421.900864
PRY,1996,4388.788388
PRY,1997,4473.73406
PRY,1998,4381.158341
PRY,1999,4233.109717
PRY,2000,4056.230347
PRY,2001,3954.693108
PRY,2002,3897.774907
PRY,2003,4015.492411
PRY,2004,4129.762449
PRY,2005,4171.236508
PRY,2006,4326.099794
PRY,2007,4515.390156
PRY,2008,4761.869723
PRY,2009,4701.606997
PRY,2010,5163.465347
PRY,2011,5315.382875
PRY,2012,5207.016511
PRY,2013,5561.536931
PRY,2014,5774.571488
PRY,2015,5861.389724
PRY,2016,6025.084258
PRY,2017,6226.67249
PRY,2018,6338.500516
PRY,2019,6229.21196
PRY,2020,6095.378718
PRY,2021,6259.725741
PRY,2022,6193.361752
PER,1990,2695.3733
PER,1991,2697.372622
PER,1992,2628.753427
PER,1993,2711.690958
PER,1994,2985.853238
PER,1995,3146.044899
PER,1996,3174.600269
PER,1997,3319.169146
PER,1998,3248.184568
PER,1999,3242.238906
PER,2000,3279.355181
PER,2001,3255.590031
PER,2002,3392.994493
PER,2003,3497.357649
PER,2004,3635.157463
PER,2005,3828.852439
PER,2006,4083.204901
PER,2007,4397.050814
PER,2008,4764.07014
PER,2009,4782.549445
PER,2010,5142.013976
PER,2011,5421.333837
PER,2012,5701.603888
PER,2013,5977.182234
PER,2014,6056.033297
PER,2015,6180.118799
PER,2016,6337.580012
PER,2017,6400.037747
PER,2018,6530.422502
PER,2019,6550.447518
PER,2020,5754.310172
PER,2021,6446.89325
PER,2022,6554.960562
PHL,1990,1739.945189
PHL,1991,1691.657933
PHL,1992,1659.14492
PHL,1993,1655.842682
PHL,1994,1688.232486
PHL,1995,1725.502383
PHL,1996,1782.994443
PHL,1997,1829.718622
PHL,1998,1776.984544
PHL,1999,1794.129793
PHL,2000,1831.69921
PHL,2001,1848.01494
PHL,2002,1877.561655
PHL,2003,1933.647982
PHL,2004,2020.129703
PHL,2005,2079.331832
PHL,2006,2149.00627
PHL,2007,2246.68989
PHL,2008,2300.856108
PHL,2009,2291.622762
PHL,2010,2415.783578
PHL,2011,2464.684351
PHL,2012,2589.134401
PHL,2013,2717.67978
PHL,2014,2843.843607
PHL,2015,2974.29692
PHL,2016,3130.910645
PHL,2017,3289.472272
PHL,2018,3439.100528
PHL,2019,3589.613641
PHL,2020,3195.538887
PHL,2021,3328.042359
PHL,2022,3527.981157
POL,1990,5111.34533
POL,1991,4735.927698
POL,1992,4840.168585
POL,1993,5008.349089
POL,1994,5262.315235
POL,1995,5628.446239
POL,1996,5968.114357
POL,1997,6348.841217
POL,1998,6641.085312
POL,1999,6950.797735
POL,2000,7344.120761
POL,2001,7438.603435
POL,2002,7593.559655
POL,2003,7864.518264
POL,2004,8261.227441
POL,2005,8554.693897
POL,2006,9084.949214
POL,2007,9731.769454
POL,2008,10139.11914
POL,2009,10419.21487
POL,2010,10755.65644
POL,2011,11291.90359
POL,2012,11466.41593
POL,2013,11571.61485
POL,2014,12024.60951
POL,2015,12560.05142
POL,2016,12936.57326
POL,2017,13599.81802
POL,2018,14408.38439
POL,2019,15053.23936
POL,2020,14774.9892
POL,2021,15850.29254
POL,2022,16704.9434
PRT,1990,14572.28838
PRT,1991,15243.93004
PRT,1992,15421.99489
PRT,1993,15088.41396
PRT,1994,15193.05474
PRT,1995,15788.98311
PRT,1996,16280.93715
PRT,1997,16921.72194
PRT,1998,17645.90583
PRT,1999,18231.83976
PRT,2000,18795.03115
PRT,2001,19025.69569
PRT,2002,19067.65543
PRT,2003,18819.44374
PRT,2004,19110.32084
PRT,2005,19224.03465
PRT,2006,19501.23301
PRT,2007,19950.8441
PRT,2008,19985.69833
PRT,2009,19343.28005
PRT,2010,19670.36107
PRT,2011,19365.18165
PRT,2012,18654.95753
PRT,2013,18584.55405
PRT,2014,18833.05183
PRT,2015,19250.10654
PRT,2016,19700.91
PRT,2017,20441.4858
PRT,2018,21057.61748
PRT,2019,21617.41162
PRT,2020,19802.22902
PRT,2021,20835.10893
PRT,2022,22112.74376
PRI,1990,18733.67434
PRI,1991,19030.27108
PRI,1992,19770.79916
PRI,1993,20515.55257
PRI,1994,21176.70305
PRI,1995,21936.45198
PRI,1996,22193.61359
PRI,1997,23061.3703
PRI,1998,24197.34732
PRI,1999,25374.1411
PRI,2000,26132.00364
PRI,2001,27722.41023
PRI,2002,27940.42599
PRI,2003,27937.85996
PRI,2004,30375.83674
PRI,2005,29815.26271
PRI,2006,29519.78451
PRI,2007,29347.89156
PRI,2008,28976.17602
PRI,2009,28565.81227
PRI,2010,28592.12197
PRI,2011,28821.0228
PRI,2012,29180.41213
PRI,2013,29426.1576
PRI,2014,29554.62442
PRI,2015,29763.4883
PRI,2016,29961.75282
PRI,2017,29809.2177
PRI,2018,29687.20648
PRI,2019,30181.27248
PRI,2020,28138.67747
PRI,2021,28423.81262
PRI,2022,29752.12811
QAT,1990,..
QAT,1991,..
QAT,1992,..
QAT,1993,..
QAT,1994,..
QAT,1995,..
QAT,1996,..
QAT,1997,..
QAT,1998,..
QAT,1999,..
QAT,2000,52157.76335
QAT,2001,51565.04755
QAT,2002,52606.17816
QAT,2003,51987.09929
QAT,2004,59634.73377
QAT,2005,58757.99267
QAT,2006,61985.69923
QAT,2007,60261.43175
QAT,2008,60478.90352
QAT,2009,60730.12478
QAT,2010,68253.06589
QAT,2011,73493.26895
QAT,2012,72870.3738
QAT,2013,72012.54955
QAT,2014,69723.72737
QAT,2015,66984.9102
QAT,2016,64233.26221
QAT,2017,60551.02004
QAT,2018,60080.69655
QAT,2019,59672.64155
QAT,2020,58476.19943
QAT,2021,61000.97739
QAT,2022,63782.51026
ROU,1990,5017.161807
ROU,1991,4407.153132
ROU,1992,4057.258688
ROU,1993,4124.898003
ROU,1994,4293.323689
ROU,1995,4570.185512
ROU,1996,4762.477097
ROU,1997,4544.606608
ROU,1998,4461.584645
ROU,1999,4451.762442
ROU,2000,4567.240057
ROU,2001,4873.093219
ROU,2002,5246.170873
ROU,2003,5407.855963
ROU,2004,6005.916876
ROU,2005,6325.221814
ROU,2006,6873.661295
ROU,2007,7480.581408
ROU,2008,8314.233027
ROU,2009,7921.220679
ROU,2010,7657.543016
ROU,2011,8042.904089
ROU,2012,8234.305287
ROU,2013,8287.250347
ROU,2014,8661.122756
ROU,2015,8976.955236
ROU,2016,9286.596924
ROU,2017,10106.01845
ROU,2018,10778.44925
ROU,2019,11252.88655
ROU,2020,10898.92233
ROU,2021,11617.99063
ROU,2022,12279.56957
RUS,1990,7849.519043
RUS,1991,7432.021484
RUS,1992,6345.912109
RUS,1993,5798.914551
RUS,1994,5071.742676
RUS,1995,4862.646484
RUS,1996,4686.862793
RUS,1997,4760.339355
RUS,1998,4515.509277
RUS,1999,4819.380371
RUS,2000,5323.666504
RUS,2001,5618.955566
RUS,2002,5910.171875
RUS,2003,6370.453613
RUS,2004,6856.678223
RUS,2005,7323.385254
RUS,2006,7949.896973
RUS,2007,8640.40625
RUS,2008,9093.700195
RUS,2009,8381.868164
RUS,2010,8755.120117
RUS,2011,9124.474609
RUS,2012,9475.69043
RUS,2013,9621.517578
RUS,2014,9520.948242
RUS,2015,9313.021484
RUS,2016,9313.975586
RUS,2017,9473.1875
RUS,2018,9739.908203
RUS,2019,9958.469727
RUS,2020,9714.383789
RUS,2021,10301.66504
RUS,2022,10078.90039
RWA,1990,371.0083592
RWA,1991,353.672885
RWA,1992,366.0553249
RWA,1993,325.8397151
RWA,1994,190.3332045
RWA,1995,304.7054574
RWA,1996,290.922001
RWA,1997,290.1198036
RWA,1998,305.928008
RWA,1999,315.457508
RWA,2000,337.6319107
RWA,2001,361.2032358
RWA,2002,401.6081453
RWA,2003,401.0787412
RWA,2004,419.9768404
RWA,2005,447.4305343
RWA,2006,475.8639353
RWA,2007,498.5752875
RWA,2008,539.5580535
RWA,2009,558.3315416
RWA,2010,583.8611618
RWA,2011,614.3616031
RWA,2012,651.2338063
RWA,2013,665.9365306
RWA,2014,690.3948658
RWA,2015,733.8228504
RWA,2016,758.8701429
RWA,2017,769.432795
RWA,2018,815.050688
RWA,2019,871.1098908
RWA,2020,821.7850596
RWA,2021,889.8120428
RWA,2022,940.4066789
WSM,1990,2547.019688
WSM,1991,2480.841371
WSM,1992,2459.869806
WSM,1993,2537.367773
WSM,1994,2447.937689
WSM,1995,2584.504785
WSM,1996,2741.657443
WSM,1997,2731.016164
WSM,1998,2762.459102
WSM,1999,2794.54226
WSM,2000,2908.188432
WSM,2001,3097.486821
WSM,2002,3253.267022
WSM,2003,3408.056324
WSM,2004,3501.447222
WSM,2005,3722.96861
WSM,2006,3787.228319
WSM,2007,3783.676242
WSM,2008,3891.484728
WSM,2009,3842.575918
WSM,2010,4046.585231
WSM,2011,4166.407173
WSM,2012,3975.018022
WSM,2013,3943.159939
WSM,2014,3933.416128
WSM,2015,4048.467057
WSM,2016,4329.727611
WSM,2017,4346.50453
WSM,2018,4277.341956
WSM,2019,4421.294484
WSM,2020,4223.588113
WSM,2021,3855.568987
WSM,2022,3564.436227
SMR,1990,..
SMR,1991,..
SMR,1992,..
SMR,1993,..
SMR,1994,..
SMR,1995,..
SMR,1996,..
SMR,1997,48795.34863
SMR,1998,51629.3713
SMR,1999,55433.6491
SMR,2000,55756.96229
SMR,2001,57764.65947
SMR,2002,56630.71594
SMR,2003,57524.16306
SMR,2004,59123.7886
SMR,2005,59705.92264
SMR,2006,61059.47689
SMR,2007,64511.07422
SMR,2008,63502.12675
SMR,2009,56289.85687
SMR,2010,52284.54438
SMR,2011,46628.6847
SMR,2012,42510.57548
SMR,2013,41983.42947
SMR,2014,41558.69882
SMR,2015,42281.81125
SMR,2016,42935.41733
SMR,2017,42765.69981
SMR,2018,43277.50141
SMR,2019,44143.04564
SMR,2020,41415.66696
SMR,2021,45269.47405
SMR,2022,..
STP,1990,..
STP,1991,..
STP,1992,..
STP,1993,..
STP,1994,..
STP,1995,..
STP,1996,..
STP,1997,..
STP,1998,..
STP,1999,..
STP,2000,..
STP,2001,1068.801136
STP,2002,1078.298909
STP,2003,1137.929239
STP,2004,1148.788876
STP,2005,1194.604469
STP,2006,1268.776454
STP,2007,1283.080615
STP,2008,1330.422842
STP,2009,1331.153513
STP,2010,1388.705458
STP,2011,1419.345276
STP,2012,1434.033596
STP,2013,1473.344656
STP,2014,1540.119571
STP,2015,1571.49854
STP,2016,1608.885678
STP,2017,1643.472642
STP,2018,1665.395716
STP,2019,1676.396313
STP,2020,1695.171292
STP,2021,1692.43531
STP,2022,1676.026833
SAU,1990,17758.83504
SAU,1991,19627.52603
SAU,1992,19669.5742
SAU,1993,18786.98583
SAU,1994,18356.00815
SAU,1995,17887.24268
SAU,1996,17865.8228
SAU,1997,17584.59705
SAU,1998,17621.26196
SAU,1999,16524.61498
SAU,2000,17018.61189
SAU,2001,16402.60589
SAU,2002,15561.48161
SAU,2003,16916.52868
SAU,2004,17868.44728
SAU,2005,18295.45485
SAU,2006,18075.67362
SAU,2007,17700.23235
SAU,2008,18095.46767
SAU,2009,17071.73142
SAU,2010,17366.19043
SAU,2011,18802.93781
SAU,2012,19392.13983
SAU,2013,19526.15222
SAU,2014,19905.99484
SAU,2015,20442.36606
SAU,2016,20508.11765
SAU,2017,20028.21365
SAU,2018,20096.55249
SAU,2019,19806.11547
SAU,2020,18856.91381
SAU,2021,19621.89194
SAU,2022,21068.99751
SEN,1990,1015.037107
SEN,1991,1012.702741
SEN,1992,997.7366456
SEN,1993,983.9125894
SEN,1994,957.6880331
SEN,1995,984.8240799
SEN,1996,980.7745216
SEN,1997,987.4079141
SEN,1998,1021.941896
SEN,1999,1061.283157
SEN,2000,1076.892305
SEN,2001,1096.895422
SEN,2002,1071.458451
SEN,2003,1103.902887
SEN,2004,1126.635512
SEN,2005,1145.707636
SEN,2006,1142.294956
SEN,2007,1144.067823
SEN,2008,1155.550931
SEN,2009,1155.992059
SEN,2010,1163.227588
SEN,2011,1147.092961
SEN,2012,1160.917539
SEN,2013,1157.11513
SEN,2014,1196.164308
SEN,2015,1238.1264
SEN,2016,1281.546121
SEN,2017,1339.568001
SEN,2018,1384.642075
SEN,2019,1409.970821
SEN,2020,1391.046955
SEN,2021,1443.325919
SEN,2022,1465.10575
SRB,1990,..
SRB,1991,..
SRB,1992,..
SRB,1993,..
SRB,1994,..
SRB,1995,2781.246348
SRB,1996,2958.400126
SRB,1997,3180.513323
SRB,1998,3299.259478
SRB,1999,2999.168618
SRB,2000,3193.259003
SRB,2001,3418.78954
SRB,2002,3640.275027
SRB,2003,3808.094103
SRB,2004,4161.595203
SRB,2005,4404.959875
SRB,2006,4648.19702
SRB,2007,4967.619716
SRB,2008,5270.958323
SRB,2009,5147.568973
SRB,2010,5206.086761
SRB,2011,5354.200429
SRB,2012,5343.578825
SRB,2013,5524.967865
SRB,2014,5462.734775
SRB,2015,5588.979444
SRB,2016,5805.898062
SRB,2017,5959.521304
SRB,2018,6261.5257
SRB,2019,6567.908055
SRB,2020,6552.084391
SRB,2021,7113.575245
SRB,2022,7353.61358
SYC,1990,8914.996905
SYC,1991,9039.875647
SYC,1992,9643.950385
SYC,1993,10134.88172
SYC,1994,9627.831145
SYC,1995,9533.337849
SYC,1996,10333.74216
SYC,1997,11458.54889
SYC,1998,11513.88997
SYC,1999,11501.28943
SYC,2000,11883.9045
SYC,2001,11603.84683
SYC,2002,11390.93864
SYC,2003,10842.33072
SYC,2004,10572.35579
SYC,2005,11471.20661
SYC,2006,12291.78161
SYC,2007,13314.66118
SYC,2008,12665.28834
SYC,2009,12302.88071
SYC,2010,12503.09412
SYC,2011,14056.80207
SYC,2012,14352.57521
SYC,2013,14266.58415
SYC,2014,14617.2015
SYC,2015,14894.48578
SYC,2016,15446.81343
SYC,2017,15683.6908
SYC,2018,16110.98524
SYC,2019,16747.34328
SYC,2020,15168.77958
SYC,2021,15859.67869
SYC,2022,17117.02567
SLE,1990,549.5748054
SLE,1991,555.719369
SLE,1992,458.0757059
SLE,1993,465.0075009
SLE,1994,453.9164276
SLE,1995,416.7161348
SLE,1996,421.7597054
SLE,1997,391.7765201
SLE,1998,394.7420044
SLE,1999,384.7526852
SLE,2000,400.5989343
SLE,2001,354.0893913
SLE,2002,423.3409816
SLE,2003,445.2303594
SLE,2004,458.446874
SLE,2005,465.7784047
SLE,2006,475.1571473
SLE,2007,501.8810167
SLE,2008,515.9835752
SLE,2009,518.1679044
SLE,2010,537.3789764
SLE,2011,554.5386429
SLE,2012,622.2567682
SLE,2013,734.3541688
SLE,2014,748.9284173
SLE,2015,581.2934118
SLE,2016,603.408938
SLE,2017,611.0839948
SLE,2018,617.5295194
SLE,2019,634.9856157
SLE,2020,608.3381202
SLE,2021,619.2692233
SLE,2022,627.1638256
SGP,1990,23272.70009
SGP,1991,24132.71533
SGP,1992,24973.43114
SGP,1993,27139.95243
SGP,1994,29220.27279
SGP,1995,30379.89911
SGP,1996,31349.31718
SGP,1997,32835.25185
SGP,1998,31043.10818
SGP,1999,32557.04699
SGP,2000,34890.08114
SGP,2001,33597.86908
SGP,2002,34598.82675
SGP,2003,36709.7965
SGP,2004,39856.63562
SGP,2005,41798.48808
SGP,2006,44159.41018
SGP,2007,46178.81395
SGP,2008,44601.57993
SGP,2009,43331.87466
SGP,2010,48752.05154
SGP,2011,50713.53264
SGP,2012,51679.35272
SGP,2013,53298.97286
SGP,2014,54681.93365
SGP,2015,55645.60686
SGP,2016,56906.63258
SGP,2017,59440.19971
SGP,2018,61276.94659
SGP,2019,61386.23615
SGP,2020,59175.81104
SGP,2021,67175.864
SGP,2022,67359.78988
SXM,1990,..
SXM,1991,..
SXM,1992,..
SXM,1993,..
SXM,1994,..
SXM,1995,..
SXM,1996,..
SXM,1997,..
SXM,1998,..
SXM,1999,..
SXM,2000,..
SXM,2001,..
SXM,2002,..
SXM,2003,..
SXM,2004,..
SXM,2005,..
SXM,2006,..
SXM,2007,..
SXM,2008,..
SXM,2009,32365.11595
SXM,2010,33579.29623
SXM,2011,35776.31423
SXM,2012,35011.96658
SXM,2013,33563.60007
SXM,2014,33118.75559
SXM,2015,32274.89055
SXM,2016,31507.86893
SXM,2017,29237.84609
SXM,2018,27093.79714
SXM,2019,28972.91164
SXM,2020,23790.98553
SXM,2021,25208.37766
SXM,2022,27307.51411
SVK,1990,..
SVK,1991,..
SVK,1992,6654.904127
SVK,1993,6755.598946
SVK,1994,7146.602683
SVK,1995,7542.111028
SVK,1996,8024.387531
SVK,1997,8484.220777
SVK,1998,8818.210826
SVK,1999,8799.885876
SVK,2000,8914.598984
SVK,2001,9221.521861
SVK,2002,9640.865301
SVK,2003,10177.72142
SVK,2004,10717.17317
SVK,2005,11425.90015
SVK,2006,12395.75218
SVK,2007,13734.45555
SVK,2008,14487.70653
SVK,2009,13679.08441
SVK,2010,14584.26068
SVK,2011,14954.57798
SVK,2012,15126.0353
SVK,2013,15205.39558
SVK,2014,15600.36717
SVK,2015,16390.88217
SVK,2016,16687.98446
SVK,2017,17151.65248
SVK,2018,17818.23411
SVK,2019,18240.72093
SVK,2020,17617.04931
SVK,2021,18513.08534
SVK,2022,18875.70675
SVN,1990,..
SVN,1991,..
SVN,1992,..
SVN,1993,..
SVN,1994,..
SVN,1995,13276.07309
SVN,1996,13709.87743
SVN,1997,14421.57532
SVN,1998,14927.0345
SVN,1999,15711.81638
SVN,2000,16240.65689
SVN,2001,16736.6666
SVN,2002,17301.93381
SVN,2003,17803.37798
SVN,2004,18567.56221
SVN,2005,19239.39991
SVN,2006,20280.1519
SVN,2007,21574.75344
SVN,2008,22296.705
SVN,2009,20428.16986
SVN,2010,20612.58953
SVN,2011,20746.98841
SVN,2012,20157.00525
SVN,2013,19922.47429
SVN,2014,20453.83339
SVN,2015,20890.16643
SVN,2016,21541.17642
SVN,2017,22563.75894
SVN,2018,23483.52912
SVN,2019,24125.39204
SVN,2020,22928.76274
SVN,2021,24744.8413
SVN,2022,26066.69139
SLB,1990,1846.208553
SLB,1991,1899.66378
SLB,1992,2078.893874
SLB,1993,2099.951584
SLB,1994,2205.160713
SLB,1995,2358.500915
SLB,1996,2328.934487
SLB,1997,2243.824888
SLB,1998,2211.020329
SLB,1999,2142.107478
SLB,2000,1790.373754
SLB,2001,1608.941236
SLB,2002,1527.930264
SLB,2003,1590.705676
SLB,2004,1674.55117
SLB,2005,1757.889647
SLB,2006,1790.03357
SLB,2007,1814.049608
SLB,2008,1884.486013
SLB,2009,1895.00981
SLB,2010,2030.660482
SLB,2011,2129.032118
SLB,2012,2127.70208
SLB,2013,2182.876895
SLB,2014,2153.335518
SLB,2015,2134.805424
SLB,2016,2197.988184
SLB,2017,2210.911517
SLB,2018,2217.817285
SLB,2019,2203.983401
SLB,2020,2079.56036
SLB,2021,2019.046483
SLB,2022,1893.104306
SOM,1990,..
SOM,1991,..
SOM,1992,..
SOM,1993,..
SOM,1994,..
SOM,1995,..
SOM,1996,..
SOM,1997,..
SOM,1998,..
SOM,1999,..
SOM,2000,..
SOM,2001,..
SOM,2002,..
SOM,2003,..
SOM,2004,..
SOM,2005,..
SOM,2006,..
SOM,2007,..
SOM,2008,..
SOM,2009,..
SOM,2010,..
SOM,2011,..
SOM,2012,..
SOM,2013,334.7075596
SOM,2014,348.4134631
SOM,2015,387.6079944
SOM,2016,405.1115802
SOM,2017,398.69182
SOM,2018,413.503862
SOM,2019,428.4831158
SOM,2020,424.3923168
SOM,2021,427.8996712
SOM,2022,434.8785716
ZAF,1990,4643.222315
ZAF,1991,4479.851871
ZAF,1992,4294.902917
ZAF,1993,4269.700164
ZAF,1994,4330.711477
ZAF,1995,4392.070041
ZAF,1996,4511.641244
ZAF,1997,4565.216658
ZAF,1998,4531.295987
ZAF,1999,4588.756028
ZAF,2000,4735.665532
ZAF,2001,4820.644339
ZAF,2002,4953.736447
ZAF,2003,5052.90994
ZAF,2004,5233.866277
ZAF,2005,5458.230166
ZAF,2006,5708.823086
ZAF,2007,5954.168048
ZAF,2008,6074.942672
ZAF,2009,5910.788246
ZAF,2010,6018.230754
ZAF,2011,6130.971367
ZAF,2012,6194.992759
ZAF,2013,6263.104334
ZAF,2014,6252.317977
ZAF,2015,6204.929901
ZAF,2016,6185.746047
ZAF,2017,6233.187108
ZAF,2018,6250.997544
ZAF,2019,6189.289245
ZAF,2020,5726.262775
ZAF,2021,5947.887199
ZAF,2022,6018.528067
SSD,1990,..
SSD,1991,..
SSD,1992,..
SSD,1993,..
SSD,1994,..
SSD,1995,..
SSD,1996,..
SSD,1997,..
SSD,1998,..
SSD,1999,..
SSD,2000,..
SSD,2001,..
SSD,2002,..
SSD,2003,..
SSD,2004,..
SSD,2005,..
SSD,2006,..
SSD,2007,..
SSD,2008,2287.565049
SSD,2009,2297.362951
SSD,2010,2302.520294
SSD,2011,2082.359964
SSD,2012,1074.654868
SSD,2013,1171.482379
SSD,2014,1199.421045
SSD,2015,1071.777765
SSD,2016,..
SSD,2017,..
SSD,2018,..
SSD,2019,..
SSD,2020,..
SSD,2021,..
SSD,2022,..
ESP,1990,18969.80864
ESP,1991,19403.33038
ESP,1992,19487.95121
ESP,1993,19187.18231
ESP,1994,19551.14529
ESP,1995,20001.7908
ESP,1996,20448.60149
ESP,1997,21117.01858
ESP,1998,21953.66752
ESP,1999,22846.71775
ESP,2000,23937.96855
ESP,2001,24707.36707
ESP,2002,25026.08647
ESP,2003,25310.45639
ESP,2004,25654.33655
ESP,2005,26145.80858
ESP,2006,26762.26726
ESP,2007,27218.44926
ESP,2008,27025.29494
ESP,2009,25778.95647
ESP,2010,25702.34684
ESP,2011,25402.60507
ESP,2012,24634.96209
ESP,2013,24368.96824
ESP,2014,24783.08295
ESP,2015,25754.36103
ESP,2016,26514.32481
ESP,2017,27239.35244
ESP,2018,27739.86477
ESP,2019,28087.89792
ESP,2020,24785.44671
ESP,2021,26125.87167
ESP,2022,27434.87991
LKA,1990,1320.637356
LKA,1991,1364.532042
LKA,1992,1407.770087
LKA,1993,1487.924914
LKA,1994,1555.01026
LKA,1995,1625.57107
LKA,1996,1673.995086
LKA,1997,1768.996577
LKA,1998,1840.967896
LKA,1999,1908.866428
LKA,2000,2011.980474
LKA,2001,1965.820914
LKA,2002,2023.393939
LKA,2003,2122.215147
LKA,2004,2216.272058
LKA,2005,2332.652321
LKA,2006,2486.647625
LKA,2007,2628.156807
LKA,2008,2756.121984
LKA,2009,2826.23542
LKA,2010,3025.301156
LKA,2011,3257.447445
LKA,2012,3512.134261
LKA,2013,3634.617034
LKA,2014,3846.826244
LKA,2015,3990.353123
LKA,2016,4174.637002
LKA,2017,4427.542557
LKA,2018,4495.71047
LKA,2019,4458.434434
LKA,2020,4229.749601
LKA,2021,4331.473685
LKA,2022,3988.080166
KNA,1990,10061.92035
KNA,1991,9897.191197
KNA,1992,10229.37079
KNA,1993,10780.98167
KNA,1994,11202.81693
KNA,1995,11653.55556
KNA,1996,12177.90136
KNA,1997,12842.34261
KNA,1998,12613.98127
KNA,1999,12847.30989
KNA,2000,13939.75622
KNA,2001,14504.57032
KNA,2002,14614.6016
KNA,2003,13989.25435
KNA,2004,14501.77633
KNA,2005,15863.82534
KNA,2006,16311.58078
KNA,2007,16360.33558
KNA,2008,18134.79324
KNA,2009,17473.79119
KNA,2010,17438.32801
KNA,2011,17653.94608
KNA,2012,17507.40764
KNA,2013,18491.55186
KNA,2014,19884.32685
KNA,2015,20025.88485
KNA,2016,20813.77412
KNA,2017,20816.64418
KNA,2018,21254.48153
KNA,2019,22137.37556
KNA,2020,18948.49765
KNA,2021,18795.93464
KNA,2022,20465.64404
LCA,1990,8169.207834
LCA,1991,8088.0975
LCA,1992,8603.021447
LCA,1993,8526.536571
LCA,1994,8549.720513
LCA,1995,8597.149853
LCA,1996,8755.252242
LCA,1997,8611.423947
LCA,1998,9071.0277
LCA,1999,9230.830802
LCA,2000,9163.30091
LCA,2001,8790.714819
LCA,2002,8761.582194
LCA,2003,9065.306444
LCA,2004,9653.544433
LCA,2005,9547.260046
LCA,2006,10072.71712
LCA,2007,10179.02773
LCA,2008,10615.77412
LCA,2009,10247.8652
LCA,2010,10206.72029
LCA,2011,10573.53136
LCA,2012,10502.16002
LCA,2013,10241.15183
LCA,2014,10328.1195
LCA,2015,10290.35048
LCA,2016,10595.51149
LCA,2017,10908.09018
LCA,2018,11176.54672
LCA,2019,11060.68889
LCA,2020,8335.148599
LCA,2021,9333.141337
LCA,2022,10758.10913
MAF,1990,..
MAF,1991,..
MAF,1992,..
MAF,1993,..
MAF,1994,..
MAF,1995,..
MAF,1996,..
MAF,1997,..
MAF,1998,..
MAF,1999,..
MAF,2000,..
MAF,2001,..
MAF,2002,..
MAF,2003,..
MAF,2004,..
MAF,2005,..
MAF,2006,..
MAF,2007,..
MAF,2008,..
MAF,2009,..
MAF,2010,..
MAF,2011,..
MAF,2012,..
MAF,2013,..
MAF,2014,..
MAF,2015,..
MAF,2016,..
MAF,2017,..
MAF,2018,..
MAF,2019,..
MAF,2020,..
MAF,2021,..
MAF,2022,..
VCT,1990,3762.077705
VCT,1991,3794.914141
VCT,1992,4021.191919
VCT,1993,4177.400592
VCT,1994,4113.588322
VCT,1995,4424.146044
VCT,1996,4476.576981
VCT,1997,4634.055408
VCT,1998,4828.28718
VCT,1999,4966.544311
VCT,2000,5056.019802
VCT,2001,5152.196971
VCT,2002,5436.571297
VCT,2003,5817.888866
VCT,2004,6084.172883
VCT,2005,6267.025221
VCT,2006,6742.594391
VCT,2007,7004.554637
VCT,2008,7065.284088
VCT,2009,6998.106767
VCT,2010,6717.795677
VCT,2011,6714.229294
VCT,2012,6831.691501
VCT,2013,7041.158142
VCT,2014,7157.670956
VCT,2015,7386.737484
VCT,2016,7730.936052
VCT,2017,7881.413754
VCT,2018,8152.377941
VCT,2019,8234.274462
VCT,2020,7948.482935
VCT,2021,8031.421043
VCT,2022,8460.355619
SDN,1990,1300.544678
SDN,1991,1372.771484
SDN,1992,1440.299438
SDN,1993,1481.479492
SDN,1994,1460.647705
SDN,1995,1507.841309
SDN,1996,1558.687012
SDN,1997,1798.295044
SDN,1998,1833.97229
SDN,1999,1845.512695
SDN,2000,1906.381104
SDN,2001,1973.764526
SDN,2002,2036.447876
SDN,2003,2107.610596
SDN,2004,2156.662109
SDN,2005,2213.791016
SDN,2006,2287.116211
SDN,2007,2342.18457
SDN,2008,2356.133545
SDN,2009,2220.949463
SDN,2010,2238.85498
SDN,2011,2381.357422
SDN,2012,2222.70166
SDN,2013,2213.840088
SDN,2014,2253.633301
SDN,2015,2226.409424
SDN,2016,2233.061523
SDN,2017,2176.884766
SDN,2018,2051.979004
SDN,2019,1950.031616
SDN,2020,1828.150146
SDN,2021,1746.182861
SDN,2022,1684.630493
SUR,1990,6470.700215
SUR,1991,6593.888816
SUR,1992,6564.401291
SUR,1993,6083.202519
SUR,1994,6228.494767
SUR,1995,6114.644724
SUR,1996,6045.77283
SUR,1997,6262.64099
SUR,1998,6283.723228
SUR,1999,6081.05689
SUR,2000,6098.063768
SUR,2001,6244.723357
SUR,2002,6312.441556
SUR,2003,6602.05047
SUR,2004,7067.934348
SUR,2005,7305.180747
SUR,2006,7642.497729
SUR,2007,7943.019633
SUR,2008,8179.299103
SUR,2009,8331.411738
SUR,2010,8664.283491
SUR,2011,9070.333641
SUR,2012,9214.806996
SUR,2013,9386.961332
SUR,2014,9316.20513
SUR,2015,8907.838127
SUR,2016,8382.867102
SUR,2017,8425.761378
SUR,2018,8751.004442
SUR,2019,8756.155154
SUR,2020,7275.365674
SUR,2021,7008.430836
SUR,2022,7082.325676
SWE,1990,34570.30573
SWE,1991,33941.98518
SWE,1992,33352.53836
SWE,1993,32474.42991
SWE,1994,33511.64872
SWE,1995,34648.11892
SWE,1996,35139.40299
SWE,1997,36197.63421
SWE,1998,37737.46228
SWE,1999,39309.597
SWE,2000,41117.15243
SWE,2001,41601.30768
SWE,2002,42377.11964
SWE,2003,43194.92617
SWE,2004,44891.32321
SWE,2005,45990.37433
SWE,2006,47864.81086
SWE,2007,49145.19583
SWE,2008,48544.11589
SWE,2009,46043.48094
SWE,2010,48369.91004
SWE,2011,49539.97261
SWE,2012,48885.54842
SWE,2013,49048.81875
SWE,2014,49855.30101
SWE,2015,51545.48361
SWE,2016,51955.86107
SWE,2017,52576.81028
SWE,2018,52983.00686
SWE,2019,53490.35182
SWE,2020,51952.67313
SWE,2021,54422.91813
SWE,2022,55482.00072
CHE,1990,70063.85169
CHE,1991,68559.93818
CHE,1992,67778.54749
CHE,1993,67079.46439
CHE,1994,67391.84433
CHE,1995,67264.91129
CHE,1996,67284.10913
CHE,1997,68640.07445
CHE,1998,70510.02547
CHE,1999,71341.34285
CHE,2000,73749.9388
CHE,2001,74439.4636
CHE,2002,73824.38488
CHE,2003,73254.95291
CHE,2004,74718.68361
CHE,2005,76282.98396
CHE,2006,78893.80774
CHE,2007,81254.17005
CHE,2008,82481.06804
CHE,2009,79585.52159
CHE,2010,81315.42286
CHE,2011,81874.33619
CHE,2012,81964.88642
CHE,2013,82479.92154
CHE,2014,83394.37114
CHE,2015,83806.4476
CHE,2016,84611.09985
CHE,2017,84967.58855
CHE,2018,86756.60213
CHE,2019,87123.66044
CHE,2020,84434.77849
CHE,2021,87339.75975
CHE,2022,88464.02932
SYR,1990,944.7556913
SYR,1991,987.4799077
SYR,1992,1083.860067
SYR,1993,1118.175035
SYR,1994,1165.629568
SYR,1995,1213.470083
SYR,1996,1296.872518
SYR,1997,1326.394607
SYR,1998,1380.159298
SYR,1999,1297.576197
SYR,2000,1273.783794
SYR,2001,1254.784646
SYR,2002,1271.269153
SYR,2003,1328.239841
SYR,2004,1382.815887
SYR,2005,1429.276834
SYR,2006,1435.845872
SYR,2007,1424.172904
SYR,2008,1434.502459
SYR,2009,1494.728646
SYR,2010,1536.410678
SYR,2011,1552.865976
SYR,2012,1150.189314
SYR,2013,891.4517857
SYR,2014,856.2460999
SYR,2015,857.4978675
SYR,2016,812.7660889
SYR,2017,806.0747626
SYR,2018,802.5050627
SYR,2019,781.3912174
SYR,2020,726.7387982
SYR,2021,..
SYR,2022,..
TJK,1990,1308.320389
TJK,1991,1185.144897
TJK,1992,826.5908182
TJK,1993,683.5854508
TJK,1994,529.992947
TJK,1995,455.385589
TJK,1996,371.8302407
TJK,1997,373.0441168
TJK,1998,390.3279175
TJK,1999,402.6259476
TJK,2000,430.3410037
TJK,2001,461.5779895
TJK,2002,501.0349111
TJK,2003,545.2518856
TJK,2004,590.0311558
TJK,2005,617.9388638
TJK,2006,649.1770694
TJK,2007,687.0621432
TJK,2008,727.5513246
TJK,2009,741.3541687
TJK,2010,773.6739137
TJK,2011,813.5234386
TJK,2012,855.680087
TJK,2013,898.6443162
TJK,2014,937.0034628
TJK,2015,970.3625997
TJK,2016,1013.391229
TJK,2017,1060.996877
TJK,2018,1116.293089
TJK,2019,1172.079123
TJK,2020,1197.210683
TJK,2021,1281.960911
TJK,2022,1356.317281
TZA,1990,539.1630859
TZA,1991,536.3530273
TZA,1992,526.0286865
TZA,1993,515.7944946
TZA,1994,503.9253845
TZA,1995,505.5235596
TZA,1996,518.6763306
TZA,1997,526.0982056
TZA,1998,531.5860596
TZA,1999,542.9465942
TZA,2000,551.6566162
TZA,2001,569.475647
TZA,2002,594.1559448
TZA,2003,617.1912842
TZA,2004,645.7752075
TZA,2005,675.1091309
TZA,2006,699.3414917
TZA,2007,726.0515747
TZA,2008,746.7150269
TZA,2009,766.6619873
TZA,2010,794.4538574
TZA,2011,831.3903198
TZA,2012,843.9389038
TZA,2013,874.4611816
TZA,2014,904.8098145
TZA,2015,929.1072388
TZA,2016,959.1373291
TZA,2017,990.312561
TZA,2018,1011.744751
TZA,2019,1038.736328
TZA,2020,1028.145508
TZA,2021,1040.974731
TZA,2022,1056.870483
THA,1990,2608.168389
THA,1991,2787.399553
THA,1992,2968.315117
THA,1993,3166.704185
THA,1994,3371.285858
THA,1995,3595.064617
THA,1996,3748.656441
THA,1997,3598.93112
THA,1998,3283.480683
THA,1999,3395.260856
THA,2000,3511.440395
THA,2001,3599.095907
THA,2002,3786.338148
THA,2003,4023.813235
THA,2004,4241.902014
THA,2005,4385.280849
THA,2006,4568.556464
THA,2007,4780.303432
THA,2008,4826.577208
THA,2009,4758.933601
THA,2010,5082.253643
THA,2011,5091.958066
THA,2012,5425.685227
THA,2013,5537.742376
THA,2014,5561.697671
THA,2015,5708.794147
THA,2016,5878.753997
THA,2017,6099.198086
THA,2018,6336.239739
THA,2019,6453.894143
THA,2020,6048.100328
THA,2021,6127.589893
THA,2022,6278.173384
TLS,1990,..
TLS,1991,..
TLS,1992,..
TLS,1993,..
TLS,1994,..
TLS,1995,..
TLS,1996,..
TLS,1997,..
TLS,1998,..
TLS,1999,..
TLS,2000,948.0283116
TLS,2001,1084.924921
TLS,2002,993.713048
TLS,2003,954.1104006
TLS,2004,938.4157155
TLS,2005,943.1971331
TLS,2006,881.3826411
TLS,2007,948.192045
TLS,2008,1032.183976
TLS,2009,1112.923612
TLS,2010,1191.103072
TLS,2011,1234.275594
TLS,2012,1266.144851
TLS,2013,1278.595079
TLS,2014,1309.533184
TLS,2015,1322.300887
TLS,2016,1346.103665
TLS,2017,1285.344685
TLS,2018,1257.646779
TLS,2019,1530.81108
TLS,2020,1988.982525
TLS,2021,2061.018901
TLS,2022,1674.716869
TGO,1990,703.04212
TGO,1991,678.1289238
TGO,1992,632.7396535
TGO,1993,540.8878525
TGO,1994,619.7649968
TGO,1995,639.1918896
TGO,1996,669.6476843
TGO,1997,741.4649776
TGO,1998,703.6146929
TGO,1999,700.3915231
TGO,2000,675.4649581
TGO,2001,662.8425019
TGO,2002,670.4710072
TGO,2003,697.1198325
TGO,2004,672.4090039
TGO,2005,624.6037626
TGO,2006,623.4045666
TGO,2007,598.4245823
TGO,2008,605.2259407
TGO,2009,621.1594345
TGO,2010,641.673428
TGO,2011,664.8412907
TGO,2012,690.1460236
TGO,2013,713.822115
TGO,2014,737.1882362
TGO,2015,760.2429116
TGO,2016,782.79985
TGO,2017,796.9206584
TGO,2018,817.6817992
TGO,2019,837.4929276
TGO,2020,833.8599088
TGO,2021,863.1438987
TGO,2022,892.2552673
TON,1990,2644.911595
TON,1991,2806.536378
TON,1992,2806.521706
TON,1993,2904.642034
TON,1994,3041.189495
TON,1995,3257.549565
TON,1996,3309.150032
TON,1997,3334.228383
TON,1998,3393.118106
TON,1999,3496.983084
TON,2000,3506.265571
TON,2001,3616.318697
TON,2002,3769.941313
TON,2003,3834.567355
TON,2004,3719.824856
TON,2005,3701.799017
TON,2006,3676.908595
TON,2007,3671.387477
TON,2008,3835.210969
TON,2009,3628.620181
TON,2010,3649.634756
TON,2011,3890.217064
TON,2012,3926.214438
TON,2013,3953.665465
TON,2014,4050.992622
TON,2015,4117.93037
TON,2016,4405.748687
TON,2017,4564.736126
TON,2018,4587.279387
TON,2019,4628.447252
TON,2020,4637.674691
TON,2021,4481.477615
TON,2022,..
TTO,1990,6011.557938
TTO,1991,6151.519778
TTO,1992,6723.512257
TTO,1993,6634.798127
TTO,1994,6832.300365
TTO,1995,7057.7392
TTO,1996,7528.964444
TTO,1997,8066.26589
TTO,1998,8692.592717
TTO,1999,9358.37959
TTO,2000,9965.635969
TTO,2001,10331.70085
TTO,2002,11090.41168
TTO,2003,12620.86306
TTO,2004,13547.91812
TTO,2005,14306.03871
TTO,2006,16103.32603
TTO,2007,16772.17088
TTO,2008,17242.15726
TTO,2009,16386.24407
TTO,2010,16821.48902
TTO,2011,16657.12325
TTO,2012,17629.59654
TTO,2013,18175.70106
TTO,2014,18651.09385
TTO,2015,18389.53103
TTO,2016,17038.77621
TTO,2017,16134.88935
TTO,2018,15716.90748
TTO,2019,15576.4346
TTO,2020,14397.55038
TTO,2021,14179.554
TTO,2022,14480.2701
TUN,1990,2085.533449
TUN,1991,2121.017997
TUN,1992,2239.902781
TUN,1993,2244.425805
TUN,1994,2273.72673
TUN,1995,2289.397386
TUN,1996,2417.50781
TUN,1997,2515.06682
TUN,1998,2602.919858
TUN,1999,2729.234785
TUN,2000,2827.378802
TUN,2001,2904.821763
TUN,2002,2914.246863
TUN,2003,3021.582008
TUN,2004,3179.303529
TUN,2005,3259.709001
TUN,2006,3399.493458
TUN,2007,3594.381751
TUN,2008,3711.628809
TUN,2009,3787.664098
TUN,2010,3860.622858
TUN,2011,3734.491283
TUN,2012,3842.555577
TUN,2013,3892.075282
TUN,2014,3967.18319
TUN,2015,3960.924849
TUN,2016,3961.352483
TUN,2017,4006.87409
TUN,2018,4070.145782
TUN,2019,4094.880578
TUN,2020,3699.288023
TUN,2021,3830.374537
TUN,2022,3897.356242
TUR,1990,5315.124329
TUR,1991,5256.925854
TUR,1992,5425.450195
TUR,1993,5739.243658
TUR,1994,5376.160109
TUR,1995,5702.379574
TUR,1996,6022.82866
TUR,1997,6375.212384
TUR,1998,6427.288097
TUR,1999,6124.721871
TUR,2000,6454.572882
TUR,2001,5993.829251
TUR,2002,6291.666367
TUR,2003,6566.828264
TUR,2004,7112.492271
TUR,2005,7648.304728
TUR,2006,8074.335428
TUR,2007,8377.149379
TUR,2008,8344.55278
TUR,2009,7842.576029
TUR,2010,8390.82238
TUR,2011,9207.513495
TUR,2012,9506.966575
TUR,2013,10138.79696
TUR,2014,10430.4125
TUR,2015,10851.92011
TUR,2016,11022.4947
TUR,2017,11694.88857
TUR,2018,11938.74544
TUR,2019,11935.38787
TUR,2020,12072.39944
TUR,2021,13341.55634
TUR,2022,13990.74687
TKM,1990,3533.601132
TKM,1991,3281.341436
TKM,1992,2715.93204
TKM,1993,2684.652386
TKM,1994,2165.773337
TKM,1995,1965.33491
TKM,1996,2060.704099
TKM,1997,1799.600437
TKM,1998,1897.864671
TKM,1999,2176.842205
TKM,2000,2261.699865
TKM,2001,2326.360257
TKM,2002,2300.639187
TKM,2003,2345.879183
TKM,2004,2432.108462
TKM,2005,2711.98325
TKM,2006,2968.113161
TKM,2007,3249.877747
TKM,2008,3672.654739
TKM,2009,3835.859959
TKM,2010,4119.571799
TKM,2011,4643.316541
TKM,2012,5066.231736
TKM,2013,5481.156834
TKM,2014,5935.697157
TKM,2015,6208.296655
TKM,2016,6478.47003
TKM,2017,6784.174349
TKM,2018,7089.941805
TKM,2019,7422.362521
TKM,2020,7064.44651
TKM,2021,..
TKM,2022,..
TCA,1990,..
TCA,1991,..
TCA,1992,..
TCA,1993,..
TCA,1994,..
TCA,1995,..
TCA,1996,..
TCA,1997,..
TCA,1998,..
TCA,1999,..
TCA,2000,..
TCA,2001,..
TCA,2002,..
TCA,2003,..
TCA,2004,..
TCA,2005,..
TCA,2006,..
TCA,2007,..
TCA,2008,..
TCA,2009,..
TCA,2010,..
TCA,2011,25240.41319
TCA,2012,24009.41197
TCA,2013,23173.61231
TCA,2014,24190.68979
TCA,2015,25783.2941
TCA,2016,26417.95734
TCA,2017,24726.9474
TCA,2018,25080.16449
TCA,2019,25438.78329
TCA,2020,18122.42502
TCA,2021,19381.98593
TCA,2022,19036.63709
TUV,1990,2348.302118
TUV,1991,2388.317952
TUV,1992,2425.876892
TUV,1993,2512.066148
TUV,1994,2758.218927
TUV,1995,2613.077744
TUV,1996,2450.654922
TUV,1997,2690.482535
TUV,1998,3106.248464
TUV,1999,3055.767636
TUV,2000,3026.739695
TUV,2001,3032.087848
TUV,2002,3325.005303
TUV,2003,3161.030882
TUV,2004,3050.381154
TUV,2005,2872.997628
TUV,2006,2908.446379
TUV,2007,3079.654278
TUV,2008,3245.629415
TUV,2009,3003.017992
TUV,2010,2896.762708
TUV,2011,3050.89165
TUV,2012,2943.613042
TUV,2013,3053.590891
TUV,2014,3058.914153
TUV,2015,3384.382534
TUV,2016,3584.189358
TUV,2017,3680.086228
TUV,2018,3718.43212
TUV,2019,4197.239177
TUV,2020,3976.797643
TUV,2021,3999.759591
TUV,2022,3988.405455
UGA,1990,369.4873992
UGA,1991,377.4471692
UGA,1992,377.2695185
UGA,1993,394.8026098
UGA,1994,406.2646041
UGA,1995,440.9026768
UGA,1996,468.03062
UGA,1997,477.7940106
UGA,1998,486.5367845
UGA,1999,508.9746795
UGA,2000,508.7619921
UGA,2001,519.0863275
UGA,2002,547.1434768
UGA,2003,564.6645702
UGA,2004,585.5212832
UGA,2005,604.766008
UGA,2006,650.7400753
UGA,2007,685.0880772
UGA,2008,723.2683391
UGA,2009,750.2644047
UGA,2010,769.7903701
UGA,2011,817.9584505
UGA,2012,825.1218119
UGA,2013,830.4803694
UGA,2014,847.3522888
UGA,2015,864.1800594
UGA,2016,875.7962532
UGA,2017,872.1858766
UGA,2018,896.162532
UGA,2019,922.0231741
UGA,2020,918.1200979
UGA,2021,920.5476145
UGA,2022,934.8957169
UKR,1990,3112.037109
UKR,1991,2835.328613
UKR,1992,2547.288086
UKR,1993,2184.366943
UKR,1994,1692.509033
UKR,1995,1497.810059
UKR,1996,1360.041992
UKR,1997,1331.318481
UKR,1998,1317.74646
UKR,1999,1327.567383
UKR,2000,1420.116699
UKR,2001,1561.410278
UKR,2002,1660.477905
UKR,2003,1833.314087
UKR,2004,2065.166504
UKR,2005,2144.248047
UKR,2006,2322.244873
UKR,2007,2528.081299
UKR,2008,2598.833252
UKR,2009,2215.272217
UKR,2010,2315.100098
UKR,2011,2449.958008
UKR,2012,2459.75708
UKR,2013,2466.484375
UKR,2014,2346.237305
UKR,2015,2124.662598
UKR,2016,2185.317383
UKR,2017,2246.73877
UKR,2018,2336.976563
UKR,2019,2425.63501
UKR,2020,2350.400146
UKR,2021,2452.98291
UKR,2022,2032.85022
ARE,1990,64592.6091
ARE,1991,61637.31642
ARE,1992,60452.80051
ARE,1993,58267.66101
ARE,1994,59458.04448
ARE,1995,60698.96199
ARE,1996,60755.24252
ARE,1997,61581.20484
ARE,1998,58060.78685
ARE,1999,56342.79296
ARE,2000,59067.60347
ARE,2001,56792.58274
ARE,2002,55301.50956
ARE,2003,57331.65406
ARE,2004,59986.44003
ARE,2005,58672.48468
ARE,2006,56315.19123
ARE,2007,48474.20899
ARE,2008,42033.23358
ARE,2009,34826.47012
ARE,2010,33344.12117
ARE,2011,35265.8874
ARE,2012,36567.62229
ARE,2013,38034.9684
ARE,2014,39242.27531
ARE,2015,41525.1389
ARE,2016,43457.51348
ARE,2017,43419.56374
ARE,2018,43644.14705
ARE,2019,43785.41727
ARE,2020,41276.05551
ARE,2021,42535.96605
ARE,2022,45320.64186
GBR,1990,31576.34733
GBR,1991,31131.59895
GBR,1992,31172.04918
GBR,1993,31871.67796
GBR,1994,33013.31111
GBR,1995,33759.67064
GBR,1996,34316.21971
GBR,1997,35776.44633
GBR,1998,36798.62173
GBR,1999,37781.58188
GBR,2000,39187.58308
GBR,2001,39879.20578
GBR,2002,40413.92315
GBR,2003,41482.46171
GBR,2004,42214.35342
GBR,2005,43044.21153
GBR,2006,43652.09467
GBR,2007,44423.83525
GBR,2008,44007.54928
GBR,2009,41705.93912
GBR,2010,42385.86022
GBR,2011,42504.89635
GBR,2012,42821.76128
GBR,2013,43310.02056
GBR,2014,44367.853
GBR,2015,45071.07432
GBR,2016,45699.29696
GBR,2017,46499.01355
GBR,2018,47006.14293
GBR,2019,47491.59456
GBR,2020,42098.60293
GBR,2021,45334.157
GBR,2022,47232.27181
URY,1990,8286.698334
URY,1991,8529.701119
URY,1992,9152.652003
URY,1993,9342.520856
URY,1994,9965.60384
URY,1995,9765.152998
URY,1996,10251.27087
URY,1997,11064.29899
URY,1998,11501.85129
URY,1999,11270.67639
URY,2000,11008.63829
URY,2001,10557.50467
URY,2002,9724.988048
URY,2003,9792.163453
URY,2004,10271.01191
URY,2005,11024.38817
URY,2006,11460.28265
URY,2007,12186.59589
URY,2008,13031.85859
URY,2009,13552.24473
URY,2010,14572.76341
URY,2011,15284.06347
URY,2012,15780.26463
URY,2013,16463.01571
URY,2014,16943.69127
URY,2015,16950.75338
URY,2016,17181.90697
URY,2017,17437.85513
URY,2018,17440.38215
URY,2019,17563.20815
URY,2020,16459.97818
URY,2021,17342.79127
URY,2022,18214.80776
UZB,1990,1565.564943
UZB,1991,1524.997951
UZB,1992,1322.819725
UZB,1993,1263.356922
UZB,1994,1174.380281
UZB,1995,1142.971059
UZB,1996,1140.379751
UZB,1997,1177.274532
UZB,1998,1208.292639
UZB,1999,1246.737842
UZB,2000,1276.760308
UZB,2001,1313.192265
UZB,2002,1348.763788
UZB,2003,1389.5872
UZB,2004,1475.969658
UZB,2005,1560.292
UZB,2006,1656.222585
UZB,2007,1787.490204
UZB,2008,1917.849362
UZB,2009,2037.581488
UZB,2010,2131.35772
UZB,2011,2231.052713
UZB,2012,2354.593643
UZB,2013,2487.244403
UZB,2014,2613.748248
UZB,2015,2753.971058
UZB,2016,2867.051113
UZB,2017,2943.099206
UZB,2018,3062.486222
UZB,2019,3185.334555
UZB,2020,3187.048974
UZB,2021,3356.033255
UZB,2022,3473.361643
VUT,1990,2565.052067
VUT,1991,2580.859478
VUT,1992,2582.488068
VUT,1993,2537.927508
VUT,1994,2701.724726
VUT,1995,2664.038964
VUT,1996,2662.037108
VUT,1997,2727.756311
VUT,1998,2696.291213
VUT,1999,2642.684507
VUT,2000,2731.606686
VUT,2001,2572.370786
VUT,2002,2377.22752
VUT,2003,2417.771274
VUT,2004,2453.057411
VUT,2005,2521.359611
VUT,2006,2669.77744
VUT,2007,2681.340984
VUT,2008,2763.661114
VUT,2009,2779.444019
VUT,2010,2748.341874
VUT,2011,2768.747027
VUT,2012,2731.292703
VUT,2013,2679.175415
VUT,2014,2697.773046
VUT,2015,2643.886894
VUT,2016,2701.59226
VUT,2017,2802.778948
VUT,2018,2815.587152
VUT,2019,2838.988278
VUT,2020,2634.243892
VUT,2021,2589.421173
VUT,2022,2575.930813
VEN,1990,..
VEN,1991,..
VEN,1992,..
VEN,1993,..
VEN,1994,..
VEN,1995,..
VEN,1996,..
VEN,1997,..
VEN,1998,..
VEN,1999,..
VEN,2000,..
VEN,2001,..
VEN,2002,..
VEN,2003,..
VEN,2004,..
VEN,2005,..
VEN,2006,..
VEN,2007,..
VEN,2008,..
VEN,2009,..
VEN,2010,..
VEN,2011,..
VEN,2012,..
VEN,2013,..
VEN,2014,..
VEN,2015,..
VEN,2016,..
VEN,2017,..
VEN,2018,..
VEN,2019,..
VEN,2020,..
VEN,2021,..
VEN,2022,..
VNM,1990,673.3854597
VNM,1991,698.4295014
VNM,1992,743.2683898
VNM,1993,787.6098527
VNM,1994,841.5639784
VNM,1995,906.1302491
VNM,1996,975.0668251
VNM,1997,1039.135027
VNM,1998,1083.791171
VNM,1999,1121.060375
VNM,2000,1183.854097
VNM,2001,1244.306519
VNM,2002,1309.430272
VNM,2003,1385.448733
VNM,2004,1474.740771
VNM,2005,1570.193228
VNM,2006,1663.559513
VNM,2007,1765.122605
VNM,2008,1846.866784
VNM,2009,1926.623818
VNM,2010,2028.605534
VNM,2011,2135.782152
VNM,2012,2229.320092
VNM,2013,2327.932657
VNM,2014,2451.159232
VNM,2015,2595.234979
VNM,2016,2741.052937
VNM,2017,2903.02829
VNM,2018,3090.772241
VNM,2019,3288.353073
VNM,2020,3352.060157
VNM,2021,3409.024717
VNM,2022,3655.462581
VIR,1990,..
VIR,1991,..
VIR,1992,..
VIR,1993,..
VIR,1994,..
VIR,1995,..
VIR,1996,..
VIR,1997,..
VIR,1998,..
VIR,1999,..
VIR,2000,..
VIR,2001,..
VIR,2002,43205.72467
VIR,2003,43036.18151
VIR,2004,44466.28722
VIR,2005,46021.59057
VIR,2006,47671.56718
VIR,2007,49598.12591
VIR,2008,50174.75289
VIR,2009,46862.8076
VIR,2010,47162.73756
VIR,2011,43320.17677
VIR,2012,36938.16821
VIR,2013,34663.64606
VIR,2014,34098.711
VIR,2015,34007.35294
VIR,2016,34614.74826
VIR,2017,34435.49445
VIR,2018,35183.23575
VIR,2019,36273.0951
VIR,2020,35620.87192
VIR,2021,..
VIR,2022,..
PSE,1990,..
PSE,1991,..
PSE,1992,..
PSE,1993,..
PSE,1994,2137.378766
PSE,1995,2189.267683
PSE,1996,2118.835377
PSE,1997,2323.21481
PSE,1998,2589.215175
PSE,1999,2732.881014
PSE,2000,2436.003009
PSE,2001,2153.459856
PSE,2002,1836.965565
PSE,2003,2041.592231
PSE,2004,2426.415656
PSE,2005,2632.246274
PSE,2006,2540.267631
PSE,2007,2569.984341
PSE,2008,2685.986018
PSE,2009,2840.01595
PSE,2010,2927.08102
PSE,2011,3128.108111
PSE,2012,3237.9162
PSE,2013,3309.631202
PSE,2014,3227.849345
PSE,2015,3272.154324
PSE,2016,3483.099035
PSE,2017,3462.979861
PSE,2018,3417.794408
PSE,2019,3378.434621
PSE,2020,2922.468011
PSE,2021,3051.48607
PSE,2022,3095.499812
YEM,1990,1788.229627
YEM,1991,1829.542656
YEM,1992,1905.924245
YEM,1993,1908.894601
YEM,1994,1963.187579
YEM,1995,2003.613423
YEM,1996,2032.001308
YEM,1997,2076.511507
YEM,1998,2138.803341
YEM,1999,2157.503596
YEM,2000,2227.650903
YEM,2001,2250.204155
YEM,2002,2277.231271
YEM,2003,2300.762589
YEM,2004,2329.329604
YEM,2005,2391.832206
YEM,2006,2395.134248
YEM,2007,2401.279194
YEM,2008,2415.524835
YEM,2009,2435.766922
YEM,2010,2547.640346
YEM,2011,2159.845146
YEM,2012,2148.466479
YEM,2013,2188.617198
YEM,2014,2123.93504
YEM,2015,1488.416267
YEM,2016,1313.973608
YEM,2017,1215.752594
YEM,2018,1194.820559
YEM,2019,1182.507094
YEM,2020,1057.281671
YEM,2021,1024.569905
YEM,2022,1017.875291
ZMB,1990,889.9931242
ZMB,1991,867.7624155
ZMB,1992,832.2671335
ZMB,1993,867.7130344
ZMB,1994,773.8477848
ZMB,1995,777.0233024
ZMB,1996,805.1419344
ZMB,1997,814.6968632
ZMB,1998,790.835581
ZMB,1999,806.2086777
ZMB,2000,814.7729655
ZMB,2001,832.7657192
ZMB,2002,844.092011
ZMB,2003,875.2544333
ZMB,2004,907.4936973
ZMB,2005,941.4469541
ZMB,2006,981.3454743
ZMB,2007,1026.401603
ZMB,2008,1067.386802
ZMB,2009,1125.089048
ZMB,2010,1198.304817
ZMB,2011,1222.979058
ZMB,2012,1273.161306
ZMB,2013,1294.50077
ZMB,2014,1312.014433
ZMB,2015,1307.909649
ZMB,2016,1315.250562
ZMB,2017,1319.607777
ZMB,2018,1331.449244
ZMB,2019,1310.622224
ZMB,2020,1237.283303
ZMB,2021,1257.934757
ZMB,2022,1281.779134
ZWE,1990,1648.573181
ZWE,1991,1695.52397
ZWE,1992,1504.43714
ZWE,1993,1498.649854
ZWE,1994,1627.453286
ZWE,1995,1609.94311
ZWE,1996,1747.477396
ZWE,1997,1765.227061
ZWE,1998,1786.912063
ZWE,1999,1746.872059
ZWE,2000,1676.51546
ZWE,2001,1689.756426
ZWE,2002,1530.006437
ZWE,2003,1260.391136
ZWE,2004,1178.890231
ZWE,2005,1105.755119
ZWE,2006,1058.325559
ZWE,2007,1009.827465
ZWE,2008,824.7917019
ZWE,2009,914.494574
ZWE,2010,1096.835478
ZWE,2011,1239.241793
ZWE,2012,1408.457167
ZWE,2013,1422.37671
ZWE,2014,1412.204012
ZWE,2015,1410.329173
ZWE,2016,1393.71701
ZWE,2017,1421.240769
ZWE,2018,1462.590279
ZWE,2019,1342.989586
ZWE,2020,1213.117057
ZWE,2021,1289.199067
ZWE,2022,1306.322007