id,Database
2855,Neisseria
13685,Neisseria
14729,Neisseria
15698,Neisseria
15935,Neisseria
15936,Neisseria
21065,Neisseria
21066,Neisseria
21067,Neisseria
21068,Neisseria
21070,Neisseria
21071,Neisseria
21073,Neisseria
26827,Neisseria
27091,Neisseria
27093,Neisseria
27110,Neisseria
27119,Neisseria
27121,Neisseria
27133,Neisseria
27137,Neisseria
27140,Neisseria
27146,Neisseria
27147,Neisseria
27148,Neisseria
27156,Neisseria
27157,Neisseria
27162,Neisseria
27163,Neisseria
27166,Neisseria
27174,Neisseria
27182,Neisseria
27184,Neisseria
27185,Neisseria
27186,Neisseria
27187,Neisseria
27188,Neisseria
27190,Neisseria
27191,Neisseria
27193,Neisseria
27195,Neisseria
27197,Neisseria
27198,Neisseria
27199,Neisseria
27200,Neisseria
27201,Neisseria
27202,Neisseria
27203,Neisseria
27204,Neisseria
27205,Neisseria
27206,Neisseria
27207,Neisseria
27208,Neisseria
27209,Neisseria
27210,Neisseria
27211,Neisseria
27212,Neisseria
27213,Neisseria
27214,Neisseria
27215,Neisseria
27216,Neisseria
27217,Neisseria
27218,Neisseria
27219,Neisseria
27220,Neisseria
27221,Neisseria
27222,Neisseria
27223,Neisseria
27224,Neisseria
27225,Neisseria
27230,Neisseria
27231,Neisseria
27232,Neisseria
27233,Neisseria
27234,Neisseria
27235,Neisseria
27236,Neisseria
27237,Neisseria
27238,Neisseria
27239,Neisseria
27240,Neisseria
27241,Neisseria
27242,Neisseria
27243,Neisseria
27244,Neisseria
27245,Neisseria
27247,Neisseria
27248,Neisseria
27249,Neisseria
27250,Neisseria
27251,Neisseria
27252,Neisseria
27253,Neisseria
27254,Neisseria
27255,Neisseria
27256,Neisseria
27257,Neisseria
27258,Neisseria
27259,Neisseria
27260,Neisseria
27261,Neisseria
27263,Neisseria
27264,Neisseria
27265,Neisseria
27266,Neisseria
27267,Neisseria
27268,Neisseria
27269,Neisseria
27270,Neisseria
27271,Neisseria
27272,Neisseria
27273,Neisseria
27274,Neisseria
27275,Neisseria
27276,Neisseria
27277,Neisseria
27278,Neisseria
27279,Neisseria
27280,Neisseria
27281,Neisseria
27282,Neisseria
27284,Neisseria
27285,Neisseria
27286,Neisseria
27287,Neisseria
27288,Neisseria
27289,Neisseria
27290,Neisseria
27291,Neisseria
27292,Neisseria
27293,Neisseria
27294,Neisseria
27295,Neisseria
27296,Neisseria
27297,Neisseria
27298,Neisseria
27299,Neisseria
27300,Neisseria
27301,Neisseria
27302,Neisseria
27303,Neisseria
27304,Neisseria
27305,Neisseria
27306,Neisseria
27307,Neisseria
27308,Neisseria
27309,Neisseria
27310,Neisseria
27311,Neisseria
27312,Neisseria
27313,Neisseria
27314,Neisseria
27315,Neisseria
27316,Neisseria
27317,Neisseria
27318,Neisseria
27319,Neisseria
27320,Neisseria
27321,Neisseria
27323,Neisseria
27324,Neisseria
27325,Neisseria
27326,Neisseria
27327,Neisseria
27328,Neisseria
27329,Neisseria
27330,Neisseria
27331,Neisseria
27332,Neisseria
27333,Neisseria
27334,Neisseria
27335,Neisseria
27336,Neisseria
27337,Neisseria
27338,Neisseria
27339,Neisseria
27340,Neisseria
27341,Neisseria
27342,Neisseria
27343,Neisseria
27344,Neisseria
27345,Neisseria
27346,Neisseria
27347,Neisseria
27348,Neisseria
27349,Neisseria
27350,Neisseria
27351,Neisseria
27352,Neisseria
27353,Neisseria
27354,Neisseria
27355,Neisseria
27356,Neisseria
27357,Neisseria
27358,Neisseria
27359,Neisseria
27360,Neisseria
27361,Neisseria
27362,Neisseria
27363,Neisseria
27364,Neisseria
27365,Neisseria
27366,Neisseria
27367,Neisseria
27368,Neisseria
27369,Neisseria
27370,Neisseria
27371,Neisseria
27372,Neisseria
27373,Neisseria
27374,Neisseria
27375,Neisseria
27376,Neisseria
27377,Neisseria
27378,Neisseria
27379,Neisseria
27380,Neisseria
27381,Neisseria
27382,Neisseria
27383,Neisseria
27384,Neisseria
27385,Neisseria
27386,Neisseria
27387,Neisseria
27388,Neisseria
27389,Neisseria
27390,Neisseria
27391,Neisseria
27392,Neisseria
27393,Neisseria
27394,Neisseria
27395,Neisseria
27396,Neisseria
27397,Neisseria
27398,Neisseria
27399,Neisseria
27400,Neisseria
27401,Neisseria
27402,Neisseria
27403,Neisseria
27404,Neisseria
27405,Neisseria
27406,Neisseria
27407,Neisseria
27408,Neisseria
27409,Neisseria
27410,Neisseria
27411,Neisseria
27412,Neisseria
27413,Neisseria
27414,Neisseria
27415,Neisseria
27416,Neisseria
27417,Neisseria
27418,Neisseria
27419,Neisseria
27420,Neisseria
27421,Neisseria
27422,Neisseria
27423,Neisseria
27424,Neisseria
27425,Neisseria
27426,Neisseria
27427,Neisseria
27428,Neisseria
27429,Neisseria
27430,Neisseria
27431,Neisseria
27432,Neisseria
27433,Neisseria
27434,Neisseria
27435,Neisseria
27436,Neisseria
27437,Neisseria
27438,Neisseria
27439,Neisseria
27440,Neisseria
27441,Neisseria
27442,Neisseria
27443,Neisseria
27444,Neisseria
27445,Neisseria
27446,Neisseria
27447,Neisseria
27448,Neisseria
27449,Neisseria
27450,Neisseria
27451,Neisseria
27452,Neisseria
27453,Neisseria
27454,Neisseria
27455,Neisseria
27456,Neisseria
27457,Neisseria
27458,Neisseria
27459,Neisseria
27460,Neisseria
27461,Neisseria
27462,Neisseria
27463,Neisseria
27464,Neisseria
27466,Neisseria
27467,Neisseria
27469,Neisseria
27470,Neisseria
27471,Neisseria
27472,Neisseria
27473,Neisseria
27474,Neisseria
27475,Neisseria
31178,Neisseria
31193,Neisseria
31333,Neisseria
31335,Neisseria
31336,Neisseria
31337,Neisseria
31339,Neisseria
31340,Neisseria
31341,Neisseria
31342,Neisseria
31344,Neisseria
31345,Neisseria
31346,Neisseria
31347,Neisseria
31348,Neisseria
31350,Neisseria
31352,Neisseria
31353,Neisseria
31354,Neisseria
31355,Neisseria
31356,Neisseria
31357,Neisseria
31359,Neisseria
31361,Neisseria
31362,Neisseria
31363,Neisseria
31364,Neisseria
31365,Neisseria
31366,Neisseria
31368,Neisseria
31370,Neisseria
31371,Neisseria
31373,Neisseria
31374,Neisseria
31375,Neisseria
31376,Neisseria
31377,Neisseria
31378,Neisseria
31379,Neisseria
31380,Neisseria
31381,Neisseria
31382,Neisseria
31383,Neisseria
31384,Neisseria
31385,Neisseria
31386,Neisseria
31387,Neisseria
31389,Neisseria
31390,Neisseria
31391,Neisseria
31392,Neisseria
31393,Neisseria
31395,Neisseria
31396,Neisseria
31397,Neisseria
31399,Neisseria
31400,Neisseria
31401,Neisseria
31402,Neisseria
31403,Neisseria
31404,Neisseria
31405,Neisseria
31406,Neisseria
31407,Neisseria
31408,Neisseria
31409,Neisseria
31410,Neisseria
31411,Neisseria
31412,Neisseria
31413,Neisseria
31414,Neisseria
31415,Neisseria
31416,Neisseria
31417,Neisseria
31418,Neisseria
31420,Neisseria
31421,Neisseria
31422,Neisseria
31423,Neisseria
31424,Neisseria
31425,Neisseria
31426,Neisseria
31427,Neisseria
31428,Neisseria
31430,Neisseria
31431,Neisseria
31432,Neisseria
31433,Neisseria
31434,Neisseria
31435,Neisseria
31436,Neisseria
31437,Neisseria
31440,Neisseria
31441,Neisseria
31442,Neisseria
31443,Neisseria
31444,Neisseria
31445,Neisseria
31446,Neisseria
31447,Neisseria
31448,Neisseria
31449,Neisseria
31450,Neisseria
31451,Neisseria
31453,Neisseria
31455,Neisseria
31456,Neisseria
31457,Neisseria
31458,Neisseria
31459,Neisseria
31460,Neisseria
31461,Neisseria
31462,Neisseria
31463,Neisseria
31464,Neisseria
31465,Neisseria
31466,Neisseria
31467,Neisseria
31468,Neisseria
31469,Neisseria
31470,Neisseria
31471,Neisseria
31472,Neisseria
31473,Neisseria
31474,Neisseria
31475,Neisseria
31476,Neisseria
31477,Neisseria
31478,Neisseria
31479,Neisseria
31480,Neisseria
31481,Neisseria
31482,Neisseria
31483,Neisseria
31484,Neisseria
31485,Neisseria
31486,Neisseria
31487,Neisseria
31488,Neisseria
31489,Neisseria
31490,Neisseria
31491,Neisseria
31492,Neisseria
31493,Neisseria
31494,Neisseria
31495,Neisseria
31496,Neisseria
31497,Neisseria
31498,Neisseria
31499,Neisseria
31500,Neisseria
31501,Neisseria
31502,Neisseria
31503,Neisseria
31504,Neisseria
31505,Neisseria
31506,Neisseria
31507,Neisseria
31508,Neisseria
31509,Neisseria
31510,Neisseria
31511,Neisseria
31512,Neisseria
31513,Neisseria
31514,Neisseria
31515,Neisseria
31516,Neisseria
31517,Neisseria
31518,Neisseria
31519,Neisseria
31520,Neisseria
31521,Neisseria
31522,Neisseria
31523,Neisseria
31524,Neisseria
31525,Neisseria
31526,Neisseria
31527,Neisseria
31528,Neisseria
31529,Neisseria
31530,Neisseria
31531,Neisseria
31532,Neisseria
31533,Neisseria
31534,Neisseria
31535,Neisseria
31537,Neisseria
31544,Neisseria
31545,Neisseria
31546,Neisseria
31547,Neisseria
31548,Neisseria
31549,Neisseria
31550,Neisseria
31551,Neisseria
31552,Neisseria
31553,Neisseria
31554,Neisseria
31555,Neisseria
31556,Neisseria
31557,Neisseria
31558,Neisseria
31559,Neisseria
31560,Neisseria
31561,Neisseria
31562,Neisseria
31563,Neisseria
31564,Neisseria
31565,Neisseria
31566,Neisseria
31567,Neisseria
31568,Neisseria
31569,Neisseria
31570,Neisseria
31571,Neisseria
31572,Neisseria
31573,Neisseria
31574,Neisseria
31575,Neisseria
31576,Neisseria
31577,Neisseria
31578,Neisseria
31579,Neisseria
31580,Neisseria
31581,Neisseria
31582,Neisseria
31583,Neisseria
31584,Neisseria
31585,Neisseria
31586,Neisseria
31587,Neisseria
31588,Neisseria
31589,Neisseria
31590,Neisseria
31591,Neisseria
31592,Neisseria
31593,Neisseria
31594,Neisseria
31595,Neisseria
31596,Neisseria
31597,Neisseria
31598,Neisseria
31599,Neisseria
31600,Neisseria
31601,Neisseria
31602,Neisseria
31603,Neisseria
31604,Neisseria
31605,Neisseria
31608,Neisseria
31609,Neisseria
31610,Neisseria
31611,Neisseria
31612,Neisseria
31613,Neisseria
31614,Neisseria
31617,Neisseria
31618,Neisseria
31619,Neisseria
31620,Neisseria
31621,Neisseria
31622,Neisseria
31623,Neisseria
31624,Neisseria
31625,Neisseria
31626,Neisseria
31627,Neisseria
31628,Neisseria
31629,Neisseria
31630,Neisseria
31631,Neisseria
31632,Neisseria
31633,Neisseria
31634,Neisseria
31635,Neisseria
31636,Neisseria
31637,Neisseria
31638,Neisseria
31639,Neisseria
31640,Neisseria
31641,Neisseria
31642,Neisseria
31643,Neisseria
31645,Neisseria
31646,Neisseria
31647,Neisseria
31648,Neisseria
31649,Neisseria
31650,Neisseria
31651,Neisseria
31652,Neisseria
31653,Neisseria
31654,Neisseria
31655,Neisseria
31656,Neisseria
31657,Neisseria
31658,Neisseria
31659,Neisseria
31660,Neisseria
31661,Neisseria
31662,Neisseria
31663,Neisseria
31664,Neisseria
31665,Neisseria
31666,Neisseria
31667,Neisseria
31668,Neisseria
31669,Neisseria
31670,Neisseria
31671,Neisseria
31672,Neisseria
31673,Neisseria
31674,Neisseria
31675,Neisseria
31676,Neisseria
31677,Neisseria
31678,Neisseria
31685,Neisseria
31686,Neisseria
31687,Neisseria
31688,Neisseria
31689,Neisseria
31690,Neisseria
31691,Neisseria
31692,Neisseria
31693,Neisseria
31694,Neisseria
31695,Neisseria
31696,Neisseria
31697,Neisseria
31698,Neisseria
31699,Neisseria
31700,Neisseria
31701,Neisseria
31702,Neisseria
31703,Neisseria
31704,Neisseria
31705,Neisseria
31706,Neisseria
31707,Neisseria
31708,Neisseria
31709,Neisseria
31710,Neisseria
31711,Neisseria
31712,Neisseria
31713,Neisseria
31714,Neisseria
31715,Neisseria
31716,Neisseria
31717,Neisseria
31718,Neisseria
31719,Neisseria
31720,Neisseria
31721,Neisseria
31722,Neisseria
31723,Neisseria
31724,Neisseria
31725,Neisseria
31726,Neisseria
31727,Neisseria
31728,Neisseria
31729,Neisseria
31730,Neisseria
31731,Neisseria
31732,Neisseria
31733,Neisseria
31734,Neisseria
31735,Neisseria
31736,Neisseria
31737,Neisseria
31738,Neisseria
31739,Neisseria
31740,Neisseria
31741,Neisseria
31742,Neisseria
31743,Neisseria
31745,Neisseria
31746,Neisseria
31747,Neisseria
31748,Neisseria
31749,Neisseria
31750,Neisseria
31751,Neisseria
31752,Neisseria
31753,Neisseria
31755,Neisseria
31756,Neisseria
31757,Neisseria
31758,Neisseria
31759,Neisseria
31760,Neisseria
31761,Neisseria
31762,Neisseria
31763,Neisseria
31764,Neisseria
31765,Neisseria
31766,Neisseria
31767,Neisseria
31768,Neisseria
31769,Neisseria
31770,Neisseria
31771,Neisseria
31772,Neisseria
31773,Neisseria
31774,Neisseria
31775,Neisseria
31777,Neisseria
31778,Neisseria
31779,Neisseria
31781,Neisseria
31782,Neisseria
31783,Neisseria
31784,Neisseria
31785,Neisseria
31786,Neisseria
31787,Neisseria
31788,Neisseria
31789,Neisseria
31790,Neisseria
31791,Neisseria
31792,Neisseria
31793,Neisseria
31794,Neisseria
31795,Neisseria
31796,Neisseria
31797,Neisseria
31798,Neisseria
31799,Neisseria
31800,Neisseria
31801,Neisseria
31802,Neisseria
31803,Neisseria
31804,Neisseria
31805,Neisseria
31807,Neisseria
31808,Neisseria
31809,Neisseria
31810,Neisseria
31811,Neisseria
31812,Neisseria
31813,Neisseria
31814,Neisseria
31815,Neisseria
31816,Neisseria
31817,Neisseria
31867,Neisseria
31943,Neisseria
31944,Neisseria
31945,Neisseria
31946,Neisseria
31947,Neisseria
31951,Neisseria
31952,Neisseria
31953,Neisseria
31954,Neisseria
31955,Neisseria
31967,Neisseria
31968,Neisseria
31969,Neisseria
31970,Neisseria
31971,Neisseria
31972,Neisseria
31973,Neisseria
31974,Neisseria
31975,Neisseria
31976,Neisseria
31977,Neisseria
31978,Neisseria
31979,Neisseria
31980,Neisseria
31981,Neisseria
31982,Neisseria
31983,Neisseria
31984,Neisseria
31985,Neisseria
31986,Neisseria
31987,Neisseria
31988,Neisseria
31989,Neisseria
31990,Neisseria
31991,Neisseria
31992,Neisseria
31993,Neisseria
31994,Neisseria
31995,Neisseria
31996,Neisseria
31997,Neisseria
31998,Neisseria
31999,Neisseria
32000,Neisseria
32001,Neisseria
32002,Neisseria
32007,Neisseria
32008,Neisseria
32009,Neisseria
32010,Neisseria
32011,Neisseria
32074,Neisseria
32075,Neisseria
32076,Neisseria
34768,Neisseria
34769,Neisseria
34770,Neisseria
34771,Neisseria
34772,Neisseria
34773,Neisseria
34774,Neisseria
34775,Neisseria
34776,Neisseria
34777,Neisseria
34778,Neisseria
34779,Neisseria
34780,Neisseria
34781,Neisseria
34783,Neisseria
34784,Neisseria
34785,Neisseria
34786,Neisseria
34787,Neisseria
34788,Neisseria
34789,Neisseria
34790,Neisseria
34791,Neisseria
34793,Neisseria
34794,Neisseria
34795,Neisseria
34796,Neisseria
34797,Neisseria
34798,Neisseria
34800,Neisseria
34801,Neisseria
34803,Neisseria
34804,Neisseria
36238,Neisseria
36240,Neisseria
36243,Neisseria
36244,Neisseria
36245,Neisseria
36246,Neisseria
36247,Neisseria
36248,Neisseria
36249,Neisseria
36250,Neisseria
36251,Neisseria
36253,Neisseria
36255,Neisseria
36256,Neisseria
36257,Neisseria
36259,Neisseria
36263,Neisseria
36266,Neisseria
36267,Neisseria
36268,Neisseria
36269,Neisseria
36270,Neisseria
36271,Neisseria
36273,Neisseria
36274,Neisseria
36275,Neisseria
36276,Neisseria
36277,Neisseria
36279,Neisseria
36280,Neisseria
36281,Neisseria
36283,Neisseria
36284,Neisseria
36285,Neisseria
36287,Neisseria
36289,Neisseria
36290,Neisseria
36291,Neisseria
36292,Neisseria
36294,Neisseria
36295,Neisseria
36296,Neisseria
36297,Neisseria
36299,Neisseria
36675,Neisseria
36684,Neisseria
37022,Neisseria
37023,Neisseria
37024,Neisseria
37025,Neisseria
37026,Neisseria
37027,Neisseria
37028,Neisseria
37029,Neisseria
37030,Neisseria
37031,Neisseria
37032,Neisseria
37033,Neisseria
37034,Neisseria
37035,Neisseria
37036,Neisseria
37037,Neisseria
37038,Neisseria
37039,Neisseria
37040,Neisseria
37041,Neisseria
37042,Neisseria
37043,Neisseria
37044,Neisseria
37045,Neisseria
37046,Neisseria
37047,Neisseria
37048,Neisseria
37049,Neisseria
37050,Neisseria
37051,Neisseria
37052,Neisseria
37053,Neisseria
37054,Neisseria
37055,Neisseria
37056,Neisseria
37057,Neisseria
37058,Neisseria
37059,Neisseria
37060,Neisseria
37061,Neisseria
37062,Neisseria
37063,Neisseria
37064,Neisseria
37065,Neisseria
37066,Neisseria
37067,Neisseria
37068,Neisseria
37070,Neisseria
37071,Neisseria
37072,Neisseria
37073,Neisseria
37074,Neisseria
37075,Neisseria
37076,Neisseria
37077,Neisseria
37078,Neisseria
37079,Neisseria
37080,Neisseria
37081,Neisseria
37082,Neisseria
37083,Neisseria
37084,Neisseria
37085,Neisseria
37086,Neisseria
37087,Neisseria
37088,Neisseria
37089,Neisseria
37090,Neisseria
37091,Neisseria
37092,Neisseria
37093,Neisseria
37094,Neisseria
37095,Neisseria
37096,Neisseria
37097,Neisseria
37098,Neisseria
37099,Neisseria
37100,Neisseria
37101,Neisseria
37102,Neisseria
37103,Neisseria
37104,Neisseria
37105,Neisseria
37106,Neisseria
37107,Neisseria
37108,Neisseria
37109,Neisseria
37110,Neisseria
37111,Neisseria
37112,Neisseria
37113,Neisseria
37114,Neisseria
37115,Neisseria
37116,Neisseria
37117,Neisseria
37118,Neisseria
37119,Neisseria
37120,Neisseria
37121,Neisseria
37122,Neisseria
37123,Neisseria
37124,Neisseria
37125,Neisseria
37126,Neisseria
37127,Neisseria
37128,Neisseria
37129,Neisseria
37131,Neisseria
37132,Neisseria
37133,Neisseria
37134,Neisseria
37135,Neisseria
37136,Neisseria
37137,Neisseria
37138,Neisseria
37139,Neisseria
37140,Neisseria
37141,Neisseria
37142,Neisseria
37143,Neisseria
37145,Neisseria
37146,Neisseria
37147,Neisseria
37148,Neisseria
37149,Neisseria
37150,Neisseria
37151,Neisseria
37152,Neisseria
37153,Neisseria
37154,Neisseria
37155,Neisseria
37156,Neisseria
37157,Neisseria
37158,Neisseria
37159,Neisseria
37160,Neisseria
37161,Neisseria
37162,Neisseria
37163,Neisseria
37164,Neisseria
37165,Neisseria
37166,Neisseria
37167,Neisseria
37168,Neisseria
37169,Neisseria
37170,Neisseria
37171,Neisseria
37172,Neisseria
37173,Neisseria
37174,Neisseria
37175,Neisseria
37176,Neisseria
37177,Neisseria
37178,Neisseria
37179,Neisseria
37180,Neisseria
37181,Neisseria
37182,Neisseria
37183,Neisseria
37184,Neisseria
37185,Neisseria
37186,Neisseria
37187,Neisseria
37188,Neisseria
37189,Neisseria
37190,Neisseria
37191,Neisseria
37192,Neisseria
37193,Neisseria
37194,Neisseria
37195,Neisseria
37196,Neisseria
37197,Neisseria
37198,Neisseria
37199,Neisseria
37200,Neisseria
37201,Neisseria
37202,Neisseria
37203,Neisseria
37204,Neisseria
37205,Neisseria
37206,Neisseria
37207,Neisseria
37208,Neisseria
37209,Neisseria
37210,Neisseria
37211,Neisseria
37212,Neisseria
37213,Neisseria
37216,Neisseria
37217,Neisseria
37218,Neisseria
37219,Neisseria
37220,Neisseria
37221,Neisseria
37223,Neisseria
37224,Neisseria
37226,Neisseria
37227,Neisseria
37228,Neisseria
37229,Neisseria
37230,Neisseria
37231,Neisseria
37232,Neisseria
37233,Neisseria
37234,Neisseria
37235,Neisseria
37236,Neisseria
37237,Neisseria
37238,Neisseria
37239,Neisseria
37240,Neisseria
37241,Neisseria
37242,Neisseria
37243,Neisseria
37244,Neisseria
37245,Neisseria
37246,Neisseria
37248,Neisseria
37249,Neisseria
37250,Neisseria
37251,Neisseria
37252,Neisseria
37253,Neisseria
37254,Neisseria
37255,Neisseria
37256,Neisseria
37257,Neisseria
37258,Neisseria
37259,Neisseria
37260,Neisseria
37262,Neisseria
37263,Neisseria
37264,Neisseria
37265,Neisseria
37266,Neisseria
37267,Neisseria
37268,Neisseria
37269,Neisseria
37270,Neisseria
37271,Neisseria
37272,Neisseria
37273,Neisseria
37274,Neisseria
37275,Neisseria
37276,Neisseria
37277,Neisseria
37278,Neisseria
37279,Neisseria
37280,Neisseria
37281,Neisseria
37282,Neisseria
37283,Neisseria
37284,Neisseria
37285,Neisseria
37286,Neisseria
37287,Neisseria
37288,Neisseria
37290,Neisseria
37291,Neisseria
37292,Neisseria
37293,Neisseria
37294,Neisseria
37295,Neisseria
37296,Neisseria
37297,Neisseria
37298,Neisseria
37299,Neisseria
37300,Neisseria
37301,Neisseria
37302,Neisseria
37303,Neisseria
37304,Neisseria
37305,Neisseria
37306,Neisseria
37307,Neisseria
37309,Neisseria
37310,Neisseria
37311,Neisseria
37313,Neisseria
37314,Neisseria
37315,Neisseria
37316,Neisseria
37317,Neisseria
37318,Neisseria
37319,Neisseria
37320,Neisseria
37321,Neisseria
37322,Neisseria
37323,Neisseria
37324,Neisseria
37325,Neisseria
37326,Neisseria
37327,Neisseria
37328,Neisseria
37329,Neisseria
37330,Neisseria
37331,Neisseria
37332,Neisseria
37333,Neisseria
37334,Neisseria
37335,Neisseria
37336,Neisseria
37337,Neisseria
37338,Neisseria
37339,Neisseria
37340,Neisseria
37341,Neisseria
37342,Neisseria
37343,Neisseria
37344,Neisseria
37345,Neisseria
37346,Neisseria
37348,Neisseria
37349,Neisseria
37350,Neisseria
37351,Neisseria
37352,Neisseria
37353,Neisseria
37354,Neisseria
37355,Neisseria
37357,Neisseria
37358,Neisseria
37359,Neisseria
37360,Neisseria
37361,Neisseria
37362,Neisseria
37363,Neisseria
37364,Neisseria
37365,Neisseria
37366,Neisseria
37367,Neisseria
37368,Neisseria
37369,Neisseria
37370,Neisseria
37371,Neisseria
37372,Neisseria
37373,Neisseria
37374,Neisseria
37375,Neisseria
37376,Neisseria
37377,Neisseria
37378,Neisseria
37379,Neisseria
37380,Neisseria
37381,Neisseria
37382,Neisseria
37383,Neisseria
37384,Neisseria
37385,Neisseria
37386,Neisseria
37387,Neisseria
37388,Neisseria
37389,Neisseria
37390,Neisseria
37391,Neisseria
37392,Neisseria
37393,Neisseria
37394,Neisseria
37395,Neisseria
37396,Neisseria
37397,Neisseria
37398,Neisseria
37399,Neisseria
37400,Neisseria
37401,Neisseria
37402,Neisseria
37403,Neisseria
37404,Neisseria
37405,Neisseria
37406,Neisseria
37407,Neisseria
37408,Neisseria
37409,Neisseria
37410,Neisseria
37412,Neisseria
37413,Neisseria
37414,Neisseria
37415,Neisseria
37416,Neisseria
37417,Neisseria
37418,Neisseria
37419,Neisseria
37420,Neisseria
37421,Neisseria
37422,Neisseria
37423,Neisseria
37424,Neisseria
37425,Neisseria
37426,Neisseria
37427,Neisseria
37428,Neisseria
37429,Neisseria
37430,Neisseria
37431,Neisseria
37432,Neisseria
37433,Neisseria
37434,Neisseria
37435,Neisseria
37436,Neisseria
37437,Neisseria
37438,Neisseria
37439,Neisseria
37440,Neisseria
37441,Neisseria
37442,Neisseria
37443,Neisseria
37444,Neisseria
37445,Neisseria
37446,Neisseria
37447,Neisseria
37448,Neisseria
37449,Neisseria
37450,Neisseria
37451,Neisseria
37452,Neisseria
37453,Neisseria
37454,Neisseria
37455,Neisseria
37456,Neisseria
37457,Neisseria
37458,Neisseria
37459,Neisseria
37460,Neisseria
37461,Neisseria
37462,Neisseria
37463,Neisseria
37464,Neisseria
37465,Neisseria
37466,Neisseria
37467,Neisseria
37468,Neisseria
37469,Neisseria
37470,Neisseria
37471,Neisseria
37472,Neisseria
37473,Neisseria
37474,Neisseria
37475,Neisseria
37476,Neisseria
37477,Neisseria
37478,Neisseria
37479,Neisseria
37480,Neisseria
37481,Neisseria
37482,Neisseria
37483,Neisseria
37484,Neisseria
37485,Neisseria
37486,Neisseria
37487,Neisseria
37488,Neisseria
37489,Neisseria
37490,Neisseria
37491,Neisseria
37492,Neisseria
37493,Neisseria
37494,Neisseria
37495,Neisseria
37496,Neisseria
37497,Neisseria
37498,Neisseria
37499,Neisseria
37500,Neisseria
37501,Neisseria
37502,Neisseria
37503,Neisseria
37504,Neisseria
37505,Neisseria
37506,Neisseria
37507,Neisseria
37508,Neisseria
37509,Neisseria
37510,Neisseria
37511,Neisseria
37512,Neisseria
37513,Neisseria
37514,Neisseria
37515,Neisseria
37516,Neisseria
37517,Neisseria
37518,Neisseria
37519,Neisseria
37520,Neisseria
37521,Neisseria
37522,Neisseria
37523,Neisseria
37524,Neisseria
37525,Neisseria
37526,Neisseria
37527,Neisseria
37528,Neisseria
37529,Neisseria
37530,Neisseria
37531,Neisseria
37532,Neisseria
37533,Neisseria
37534,Neisseria
37535,Neisseria
37536,Neisseria
37537,Neisseria
37538,Neisseria
37539,Neisseria
37540,Neisseria
37541,Neisseria
37542,Neisseria
37543,Neisseria
37544,Neisseria
37545,Neisseria
37546,Neisseria
37547,Neisseria
37548,Neisseria
37549,Neisseria
37550,Neisseria
37551,Neisseria
37552,Neisseria
37553,Neisseria
37554,Neisseria
37555,Neisseria
37556,Neisseria
37557,Neisseria
37558,Neisseria
37559,Neisseria
37560,Neisseria
37561,Neisseria
37562,Neisseria
37563,Neisseria
37564,Neisseria
37565,Neisseria
37566,Neisseria
37567,Neisseria
37568,Neisseria
37569,Neisseria
37570,Neisseria
37571,Neisseria
37572,Neisseria
37573,Neisseria
37574,Neisseria
37575,Neisseria
37576,Neisseria
37577,Neisseria
37578,Neisseria
37579,Neisseria
37580,Neisseria
37581,Neisseria
37582,Neisseria
37583,Neisseria
37584,Neisseria
37585,Neisseria
37586,Neisseria
37587,Neisseria
37588,Neisseria
37589,Neisseria
37590,Neisseria
38982,Neisseria
39081,Neisseria
39082,Neisseria
39083,Neisseria
39084,Neisseria
39085,Neisseria
39086,Neisseria
39087,Neisseria
39088,Neisseria
39089,Neisseria
39090,Neisseria
39091,Neisseria
39092,Neisseria
39093,Neisseria
39094,Neisseria
39095,Neisseria
39096,Neisseria
39097,Neisseria
39098,Neisseria
39099,Neisseria
39100,Neisseria
39103,Neisseria
39104,Neisseria
39105,Neisseria
39106,Neisseria
39107,Neisseria
39108,Neisseria
39109,Neisseria
39112,Neisseria
39113,Neisseria
39114,Neisseria
39115,Neisseria
39116,Neisseria
39117,Neisseria
39118,Neisseria
39119,Neisseria
39120,Neisseria
39121,Neisseria
39122,Neisseria
39123,Neisseria
39124,Neisseria
39125,Neisseria
39126,Neisseria
39127,Neisseria
39128,Neisseria
39129,Neisseria
39130,Neisseria
39131,Neisseria
39132,Neisseria
39133,Neisseria
39134,Neisseria
39135,Neisseria
39137,Neisseria
39138,Neisseria
39139,Neisseria
39619,Neisseria
41197,Neisseria
41198,Neisseria
41199,Neisseria
41200,Neisseria
41201,Neisseria
41202,Neisseria
41203,Neisseria
41204,Neisseria
41205,Neisseria
41206,Neisseria
41207,Neisseria
41208,Neisseria
41209,Neisseria
41210,Neisseria
42789,Neisseria
42790,Neisseria
42791,Neisseria
42792,Neisseria
42793,Neisseria
42794,Neisseria
42795,Neisseria
42796,Neisseria
42797,Neisseria
42798,Neisseria
42799,Neisseria
42800,Neisseria
42801,Neisseria
42802,Neisseria
42803,Neisseria
42804,Neisseria
42805,Neisseria
42806,Neisseria
42807,Neisseria
42808,Neisseria
42809,Neisseria
42810,Neisseria
42811,Neisseria
42813,Neisseria
42814,Neisseria
42815,Neisseria
42816,Neisseria
42817,Neisseria
42818,Neisseria
42819,Neisseria
42820,Neisseria
42821,Neisseria
42822,Neisseria
42823,Neisseria
42824,Neisseria
42825,Neisseria
42826,Neisseria
42827,Neisseria
42828,Neisseria
42829,Neisseria
42830,Neisseria
42831,Neisseria
42832,Neisseria
42833,Neisseria
42834,Neisseria
42835,Neisseria
42836,Neisseria
42837,Neisseria
42838,Neisseria
42839,Neisseria
42840,Neisseria
42841,Neisseria
42842,Neisseria
42843,Neisseria
45015,Neisseria
45016,Neisseria
45017,Neisseria
45018,Neisseria
45019,Neisseria
45020,Neisseria
45021,Neisseria
45022,Neisseria
45027,Neisseria
45029,Neisseria
45030,Neisseria
45031,Neisseria
45032,Neisseria
45033,Neisseria
45034,Neisseria
45035,Neisseria
45036,Neisseria
45037,Neisseria
45038,Neisseria
45039,Neisseria
45040,Neisseria
45041,Neisseria
45042,Neisseria
45043,Neisseria
45044,Neisseria
45045,Neisseria
45046,Neisseria
45047,Neisseria
45048,Neisseria
45049,Neisseria
45050,Neisseria
45051,Neisseria
45052,Neisseria
45053,Neisseria
45054,Neisseria
45055,Neisseria
45056,Neisseria
45057,Neisseria
45058,Neisseria
45059,Neisseria
45060,Neisseria
45061,Neisseria
45062,Neisseria
45063,Neisseria
45064,Neisseria
45065,Neisseria
45066,Neisseria
45067,Neisseria
45068,Neisseria
45069,Neisseria
45070,Neisseria
45071,Neisseria
45072,Neisseria
45073,Neisseria
45074,Neisseria
45075,Neisseria
45330,Neisseria
46272,Neisseria
46273,Neisseria
46274,Neisseria
46275,Neisseria
46276,Neisseria
46277,Neisseria
46278,Neisseria
46279,Neisseria
46280,Neisseria
46285,Neisseria
46286,Neisseria
46287,Neisseria
47026,Neisseria
47027,Neisseria
47028,Neisseria
47029,Neisseria
47030,Neisseria
47031,Neisseria
47032,Neisseria
47033,Neisseria
47034,Neisseria
47035,Neisseria
47036,Neisseria
47037,Neisseria
47038,Neisseria
47039,Neisseria
47040,Neisseria
47041,Neisseria
47042,Neisseria
47043,Neisseria
47044,Neisseria
47045,Neisseria
47046,Neisseria
47047,Neisseria
47048,Neisseria
47049,Neisseria
47347,Neisseria
47348,Neisseria
47350,Neisseria
47351,Neisseria
47352,Neisseria
47354,Neisseria
47355,Neisseria
47356,Neisseria
47357,Neisseria
47358,Neisseria
47359,Neisseria
47361,Neisseria
47362,Neisseria
47363,Neisseria
47364,Neisseria
47365,Neisseria
47366,Neisseria
47367,Neisseria
47368,Neisseria
47369,Neisseria
47370,Neisseria
47371,Neisseria
47372,Neisseria
47373,Neisseria
47374,Neisseria
47375,Neisseria
47377,Neisseria
47378,Neisseria
47380,Neisseria
47381,Neisseria
47382,Neisseria
47383,Neisseria
47384,Neisseria
47385,Neisseria
47386,Neisseria
47387,Neisseria
47389,Neisseria
47390,Neisseria
47391,Neisseria
47392,Neisseria
47393,Neisseria
47394,Neisseria
47395,Neisseria
47397,Neisseria
47398,Neisseria
47399,Neisseria
47401,Neisseria
47402,Neisseria
47403,Neisseria
47404,Neisseria
47405,Neisseria
47407,Neisseria
47408,Neisseria
47409,Neisseria
47410,Neisseria
47411,Neisseria
47412,Neisseria
47413,Neisseria
47415,Neisseria
47416,Neisseria
47417,Neisseria
47418,Neisseria
47419,Neisseria
47420,Neisseria
47421,Neisseria
47422,Neisseria
47423,Neisseria
47424,Neisseria
47425,Neisseria
47426,Neisseria
47427,Neisseria
47428,Neisseria
47429,Neisseria
47430,Neisseria
47431,Neisseria
47432,Neisseria
47434,Neisseria
47435,Neisseria
47436,Neisseria
47437,Neisseria
47438,Neisseria
47439,Neisseria
47440,Neisseria
47441,Neisseria
47442,Neisseria
47443,Neisseria
47444,Neisseria
47446,Neisseria
47448,Neisseria
47449,Neisseria
47450,Neisseria
47451,Neisseria
47452,Neisseria
47453,Neisseria
47454,Neisseria
47455,Neisseria
47457,Neisseria
47458,Neisseria
47460,Neisseria
47461,Neisseria
47462,Neisseria
47464,Neisseria
47465,Neisseria
47466,Neisseria
47468,Neisseria
47469,Neisseria
47470,Neisseria
47471,Neisseria
47472,Neisseria
47474,Neisseria
47476,Neisseria
47478,Neisseria
47479,Neisseria
47480,Neisseria
47481,Neisseria
47482,Neisseria
47483,Neisseria
47484,Neisseria
47485,Neisseria
47486,Neisseria
47488,Neisseria
47489,Neisseria
47490,Neisseria
47491,Neisseria
47492,Neisseria
47493,Neisseria
47494,Neisseria
47495,Neisseria
47496,Neisseria
47497,Neisseria
47498,Neisseria
47499,Neisseria
47501,Neisseria
47502,Neisseria
47503,Neisseria
47504,Neisseria
47505,Neisseria
47506,Neisseria
47507,Neisseria
47508,Neisseria
47509,Neisseria
47510,Neisseria
47511,Neisseria
47512,Neisseria
47513,Neisseria
47514,Neisseria
47515,Neisseria
47516,Neisseria
47517,Neisseria
47518,Neisseria
47519,Neisseria
47520,Neisseria
47521,Neisseria
47522,Neisseria
47523,Neisseria
47524,Neisseria
47525,Neisseria
47527,Neisseria
47528,Neisseria
47529,Neisseria
47530,Neisseria
47531,Neisseria
47532,Neisseria
47533,Neisseria
47534,Neisseria
47535,Neisseria
47536,Neisseria
47537,Neisseria
47538,Neisseria
47539,Neisseria
47540,Neisseria
47541,Neisseria
47542,Neisseria
47543,Neisseria
47544,Neisseria
47545,Neisseria
47546,Neisseria
47547,Neisseria
47548,Neisseria
47549,Neisseria
47550,Neisseria
47551,Neisseria
47552,Neisseria
47553,Neisseria
47554,Neisseria
47555,Neisseria
47556,Neisseria
47557,Neisseria
47558,Neisseria
47559,Neisseria
47560,Neisseria
47561,Neisseria
47562,Neisseria
47563,Neisseria
47564,Neisseria
47565,Neisseria
47566,Neisseria
47567,Neisseria
47568,Neisseria
47569,Neisseria
47570,Neisseria
47571,Neisseria
47572,Neisseria
47573,Neisseria
47574,Neisseria
47575,Neisseria
47576,Neisseria
47577,Neisseria
47578,Neisseria
47579,Neisseria
47580,Neisseria
47581,Neisseria
47582,Neisseria
47583,Neisseria
47584,Neisseria
47585,Neisseria
47586,Neisseria
47587,Neisseria
47588,Neisseria
47589,Neisseria
47590,Neisseria
47591,Neisseria
47592,Neisseria
47593,Neisseria
47594,Neisseria
47595,Neisseria
47596,Neisseria
47597,Neisseria
47598,Neisseria
47599,Neisseria
47600,Neisseria
47601,Neisseria
47602,Neisseria
47603,Neisseria
47604,Neisseria
47605,Neisseria
47606,Neisseria
47607,Neisseria
47608,Neisseria
47609,Neisseria
47610,Neisseria
47611,Neisseria
47612,Neisseria
47613,Neisseria
47614,Neisseria
47615,Neisseria
47616,Neisseria
47617,Neisseria
47618,Neisseria
47619,Neisseria
47620,Neisseria
47621,Neisseria
47622,Neisseria
47623,Neisseria
47624,Neisseria
47625,Neisseria
47626,Neisseria
47627,Neisseria
47628,Neisseria
47629,Neisseria
47630,Neisseria
47631,Neisseria
47632,Neisseria
47633,Neisseria
47634,Neisseria
47635,Neisseria
47636,Neisseria
47637,Neisseria
47638,Neisseria
47639,Neisseria
47640,Neisseria
47641,Neisseria
47642,Neisseria
47643,Neisseria
47644,Neisseria
47645,Neisseria
47646,Neisseria
47647,Neisseria
47648,Neisseria
47649,Neisseria
47650,Neisseria
47651,Neisseria
47652,Neisseria
47653,Neisseria
47654,Neisseria
47655,Neisseria
47656,Neisseria
47657,Neisseria
47658,Neisseria
47659,Neisseria
47660,Neisseria
47661,Neisseria
47662,Neisseria
47663,Neisseria
47664,Neisseria
47665,Neisseria
47666,Neisseria
47667,Neisseria
47668,Neisseria
47669,Neisseria
47670,Neisseria
47671,Neisseria
47672,Neisseria
47673,Neisseria
47674,Neisseria
47675,Neisseria
47676,Neisseria
47677,Neisseria
47678,Neisseria
47679,Neisseria
47680,Neisseria
47681,Neisseria
47682,Neisseria
47683,Neisseria
47684,Neisseria
47685,Neisseria
47686,Neisseria
47687,Neisseria
47688,Neisseria
47689,Neisseria
47690,Neisseria
47691,Neisseria
47692,Neisseria
47693,Neisseria
47694,Neisseria
47695,Neisseria
47696,Neisseria
47697,Neisseria
47698,Neisseria
47699,Neisseria
47700,Neisseria
47701,Neisseria
47702,Neisseria
47703,Neisseria
47704,Neisseria
47705,Neisseria
47706,Neisseria
47707,Neisseria
47708,Neisseria
47709,Neisseria
47710,Neisseria
47711,Neisseria
47712,Neisseria
47713,Neisseria
47714,Neisseria
47715,Neisseria
47716,Neisseria
47717,Neisseria
47718,Neisseria
47719,Neisseria
47720,Neisseria
47721,Neisseria
47722,Neisseria
47723,Neisseria
47724,Neisseria
47725,Neisseria
47726,Neisseria
47727,Neisseria
47728,Neisseria
47729,Neisseria
47730,Neisseria
47731,Neisseria
47732,Neisseria
47734,Neisseria
47735,Neisseria
47736,Neisseria
47737,Neisseria
47738,Neisseria
47739,Neisseria
47740,Neisseria
47741,Neisseria
47742,Neisseria
47743,Neisseria
47744,Neisseria
47745,Neisseria
47746,Neisseria
47747,Neisseria
47748,Neisseria
47749,Neisseria
47750,Neisseria
47751,Neisseria
47752,Neisseria
47753,Neisseria
47754,Neisseria
47755,Neisseria
47756,Neisseria
47757,Neisseria
47758,Neisseria
47759,Neisseria
47760,Neisseria
47761,Neisseria
47762,Neisseria
47763,Neisseria
47764,Neisseria
47765,Neisseria
47766,Neisseria
47767,Neisseria
47768,Neisseria
47769,Neisseria
47770,Neisseria
47771,Neisseria
47772,Neisseria
47773,Neisseria
47774,Neisseria
47775,Neisseria
47776,Neisseria
47777,Neisseria
47778,Neisseria
47779,Neisseria
47780,Neisseria
47781,Neisseria
47782,Neisseria
47783,Neisseria
47784,Neisseria
47785,Neisseria
47786,Neisseria
47787,Neisseria
47788,Neisseria
47789,Neisseria
47790,Neisseria
47791,Neisseria
47792,Neisseria
47793,Neisseria
47794,Neisseria
47795,Neisseria
47796,Neisseria
47797,Neisseria
47798,Neisseria
47799,Neisseria
47800,Neisseria
47801,Neisseria
47802,Neisseria
47803,Neisseria
47805,Neisseria
47806,Neisseria
47807,Neisseria
47808,Neisseria
47809,Neisseria
47810,Neisseria
47811,Neisseria
47812,Neisseria
47813,Neisseria
47814,Neisseria
47815,Neisseria
47816,Neisseria
47817,Neisseria
47818,Neisseria
47819,Neisseria
47820,Neisseria
47821,Neisseria
47822,Neisseria
47823,Neisseria
47824,Neisseria
47825,Neisseria
47827,Neisseria
47828,Neisseria
47829,Neisseria
47830,Neisseria
47831,Neisseria
47832,Neisseria
47833,Neisseria
47835,Neisseria
47836,Neisseria
47837,Neisseria
47838,Neisseria
47839,Neisseria
47840,Neisseria
47841,Neisseria
47842,Neisseria
47843,Neisseria
47844,Neisseria
47845,Neisseria
47846,Neisseria
47847,Neisseria
47848,Neisseria
47849,Neisseria
47850,Neisseria
47851,Neisseria
47852,Neisseria
47853,Neisseria
47854,Neisseria
47855,Neisseria
47856,Neisseria
47857,Neisseria
47858,Neisseria
47859,Neisseria
47860,Neisseria
47861,Neisseria
47862,Neisseria
47863,Neisseria
47864,Neisseria
47865,Neisseria
47866,Neisseria
47867,Neisseria
47868,Neisseria
47869,Neisseria
47870,Neisseria
47871,Neisseria
47872,Neisseria
47873,Neisseria
47874,Neisseria
47875,Neisseria
47876,Neisseria
47877,Neisseria
47878,Neisseria
47879,Neisseria
47880,Neisseria
47881,Neisseria
47882,Neisseria
47883,Neisseria
47884,Neisseria
47885,Neisseria
47886,Neisseria
47887,Neisseria
47888,Neisseria
47889,Neisseria
47890,Neisseria
47891,Neisseria
47892,Neisseria
47893,Neisseria
47894,Neisseria
47895,Neisseria
47896,Neisseria
47897,Neisseria
47898,Neisseria
47900,Neisseria
47901,Neisseria
47902,Neisseria
47903,Neisseria
47904,Neisseria
47905,Neisseria
47906,Neisseria
47907,Neisseria
47908,Neisseria
47909,Neisseria
47910,Neisseria
47911,Neisseria
47912,Neisseria
47913,Neisseria
47914,Neisseria
47915,Neisseria
47916,Neisseria
47917,Neisseria
47918,Neisseria
47919,Neisseria
47920,Neisseria
47921,Neisseria
47922,Neisseria
47923,Neisseria
47924,Neisseria
47925,Neisseria
47926,Neisseria
47927,Neisseria
47928,Neisseria
47929,Neisseria
47930,Neisseria
47931,Neisseria
47932,Neisseria
47933,Neisseria
47934,Neisseria
47935,Neisseria
47936,Neisseria
47937,Neisseria
47938,Neisseria
47939,Neisseria
47940,Neisseria
47941,Neisseria
47942,Neisseria
47943,Neisseria
47944,Neisseria
47945,Neisseria
47946,Neisseria
47947,Neisseria
47948,Neisseria
47949,Neisseria
47950,Neisseria
47951,Neisseria
47952,Neisseria
47953,Neisseria
47954,Neisseria
47955,Neisseria
47956,Neisseria
47957,Neisseria
47958,Neisseria
47959,Neisseria
47960,Neisseria
47961,Neisseria
47962,Neisseria
47963,Neisseria
47964,Neisseria
47965,Neisseria
47966,Neisseria
47967,Neisseria
47968,Neisseria
47969,Neisseria
47970,Neisseria
47971,Neisseria
47972,Neisseria
47973,Neisseria
47974,Neisseria
47975,Neisseria
47976,Neisseria
47977,Neisseria
47978,Neisseria
47979,Neisseria
47980,Neisseria
47981,Neisseria
47982,Neisseria
47983,Neisseria
47984,Neisseria
47985,Neisseria
47986,Neisseria
47987,Neisseria
47988,Neisseria
47989,Neisseria
47990,Neisseria
47991,Neisseria
47992,Neisseria
47993,Neisseria
47994,Neisseria
47995,Neisseria
47996,Neisseria
47997,Neisseria
47998,Neisseria
47999,Neisseria
48000,Neisseria
48001,Neisseria
48002,Neisseria
48003,Neisseria
48005,Neisseria
48006,Neisseria
48007,Neisseria
48008,Neisseria
48010,Neisseria
48012,Neisseria
48013,Neisseria
48014,Neisseria
48015,Neisseria
48016,Neisseria
48017,Neisseria
48018,Neisseria
48019,Neisseria
48021,Neisseria
48022,Neisseria
48023,Neisseria
48024,Neisseria
48025,Neisseria
48026,Neisseria
48027,Neisseria
48028,Neisseria
48029,Neisseria
48030,Neisseria
48031,Neisseria
48033,Neisseria
48034,Neisseria
48035,Neisseria
48036,Neisseria
48037,Neisseria
48038,Neisseria
48039,Neisseria
48040,Neisseria
48041,Neisseria
48042,Neisseria
48043,Neisseria
48044,Neisseria
48045,Neisseria
48046,Neisseria
48047,Neisseria
48048,Neisseria
48049,Neisseria
48050,Neisseria
48051,Neisseria
48052,Neisseria
48054,Neisseria
48055,Neisseria
48056,Neisseria
48057,Neisseria
48058,Neisseria
48059,Neisseria
48060,Neisseria
48061,Neisseria
48062,Neisseria
48063,Neisseria
48064,Neisseria
48065,Neisseria
48066,Neisseria
48067,Neisseria
48068,Neisseria
48069,Neisseria
48070,Neisseria
48071,Neisseria
48072,Neisseria
48073,Neisseria
48074,Neisseria
48075,Neisseria
48076,Neisseria
48077,Neisseria
48078,Neisseria
48079,Neisseria
48080,Neisseria
48081,Neisseria
48082,Neisseria
48083,Neisseria
48084,Neisseria
48085,Neisseria
48086,Neisseria
48087,Neisseria
48088,Neisseria
48089,Neisseria
48090,Neisseria
48091,Neisseria
48092,Neisseria
48093,Neisseria
48094,Neisseria
48095,Neisseria
48096,Neisseria
48097,Neisseria
48098,Neisseria
48099,Neisseria
48100,Neisseria
48101,Neisseria
48102,Neisseria
48103,Neisseria
48104,Neisseria
48105,Neisseria
48106,Neisseria
48107,Neisseria
48108,Neisseria
48109,Neisseria
48110,Neisseria
48111,Neisseria
48112,Neisseria
48113,Neisseria
48114,Neisseria
48115,Neisseria
48116,Neisseria
48117,Neisseria
48118,Neisseria
48119,Neisseria
48120,Neisseria
48121,Neisseria
48122,Neisseria
48123,Neisseria
48124,Neisseria
48125,Neisseria
48126,Neisseria
48127,Neisseria
48128,Neisseria
48129,Neisseria
48130,Neisseria
48131,Neisseria
48132,Neisseria
48133,Neisseria
48134,Neisseria
48135,Neisseria
48136,Neisseria
48137,Neisseria
48138,Neisseria
48139,Neisseria
48140,Neisseria
48141,Neisseria
48142,Neisseria
48143,Neisseria
48144,Neisseria
48145,Neisseria
48146,Neisseria
48147,Neisseria
48148,Neisseria
48149,Neisseria
48150,Neisseria
48151,Neisseria
48152,Neisseria
48154,Neisseria
48155,Neisseria
48156,Neisseria
48157,Neisseria
48158,Neisseria
48159,Neisseria
48160,Neisseria
48161,Neisseria
48162,Neisseria
48163,Neisseria
48164,Neisseria
48165,Neisseria
48166,Neisseria
48167,Neisseria
48168,Neisseria
48169,Neisseria
48170,Neisseria
48171,Neisseria
48172,Neisseria
48173,Neisseria
48174,Neisseria
48175,Neisseria
48176,Neisseria
48177,Neisseria
48178,Neisseria
48179,Neisseria
48180,Neisseria
48181,Neisseria
48182,Neisseria
48183,Neisseria
48184,Neisseria
48185,Neisseria
48186,Neisseria
48187,Neisseria
48188,Neisseria
48189,Neisseria
48190,Neisseria
48192,Neisseria
48193,Neisseria
48194,Neisseria
48195,Neisseria
48196,Neisseria
48197,Neisseria
48198,Neisseria
48199,Neisseria
48200,Neisseria
48201,Neisseria
48202,Neisseria
48203,Neisseria
48204,Neisseria
48205,Neisseria
48206,Neisseria
48207,Neisseria
48208,Neisseria
48209,Neisseria
48210,Neisseria
48211,Neisseria
48212,Neisseria
48213,Neisseria
48214,Neisseria
48215,Neisseria
48217,Neisseria
48219,Neisseria
48220,Neisseria
48221,Neisseria
48222,Neisseria
48223,Neisseria
48224,Neisseria
48225,Neisseria
48226,Neisseria
48227,Neisseria
48228,Neisseria
48229,Neisseria
48230,Neisseria
48231,Neisseria
48232,Neisseria
48233,Neisseria
48234,Neisseria
48235,Neisseria
48236,Neisseria
48237,Neisseria
48238,Neisseria
48239,Neisseria
48240,Neisseria
48241,Neisseria
48242,Neisseria
48243,Neisseria
48244,Neisseria
48245,Neisseria
48246,Neisseria
48247,Neisseria
48248,Neisseria
48249,Neisseria
48250,Neisseria
48251,Neisseria
48252,Neisseria
48254,Neisseria
48255,Neisseria
48256,Neisseria
48257,Neisseria
48258,Neisseria
48259,Neisseria
48260,Neisseria
48261,Neisseria
48262,Neisseria
48264,Neisseria
48265,Neisseria
48266,Neisseria
48267,Neisseria
48268,Neisseria
48271,Neisseria
48272,Neisseria
48273,Neisseria
48274,Neisseria
48275,Neisseria
48277,Neisseria
48278,Neisseria
48279,Neisseria
48280,Neisseria
48281,Neisseria
48282,Neisseria
48284,Neisseria
48285,Neisseria
48286,Neisseria
48287,Neisseria
48289,Neisseria
48290,Neisseria
48291,Neisseria
48292,Neisseria
48293,Neisseria
48294,Neisseria
48295,Neisseria
48296,Neisseria
48297,Neisseria
48298,Neisseria
48299,Neisseria
48301,Neisseria
48302,Neisseria
48304,Neisseria
48305,Neisseria
48306,Neisseria
48307,Neisseria
48308,Neisseria
48309,Neisseria
48310,Neisseria
48311,Neisseria
48312,Neisseria
48313,Neisseria
48316,Neisseria
48317,Neisseria
48318,Neisseria
48319,Neisseria
48320,Neisseria
48321,Neisseria
48322,Neisseria
48323,Neisseria
48324,Neisseria
48325,Neisseria
48326,Neisseria
48327,Neisseria
48328,Neisseria
48330,Neisseria
48331,Neisseria
48334,Neisseria
48335,Neisseria
48336,Neisseria
48338,Neisseria
48339,Neisseria
48340,Neisseria
48341,Neisseria
48343,Neisseria
48344,Neisseria
48345,Neisseria
48346,Neisseria
48348,Neisseria
48349,Neisseria
48351,Neisseria
48352,Neisseria
48353,Neisseria
48354,Neisseria
48355,Neisseria
48356,Neisseria
48357,Neisseria
48358,Neisseria
48359,Neisseria
48360,Neisseria
48361,Neisseria
48362,Neisseria
48363,Neisseria
48365,Neisseria
48366,Neisseria
48368,Neisseria
48369,Neisseria
48370,Neisseria
48371,Neisseria
48372,Neisseria
48373,Neisseria
48374,Neisseria
48375,Neisseria
48376,Neisseria
48377,Neisseria
48378,Neisseria
48379,Neisseria
48381,Neisseria
48382,Neisseria
48384,Neisseria
48385,Neisseria
48386,Neisseria
48387,Neisseria
48388,Neisseria
48389,Neisseria
48390,Neisseria
48391,Neisseria
48392,Neisseria
48395,Neisseria
48397,Neisseria
48398,Neisseria
48399,Neisseria
48401,Neisseria
48402,Neisseria
48403,Neisseria
48406,Neisseria
48407,Neisseria
48408,Neisseria
48410,Neisseria
48411,Neisseria
48412,Neisseria
48413,Neisseria
48414,Neisseria
48416,Neisseria
48417,Neisseria
48418,Neisseria
48419,Neisseria
48421,Neisseria
48422,Neisseria
48423,Neisseria
48425,Neisseria
48427,Neisseria
48428,Neisseria
48429,Neisseria
48430,Neisseria
48431,Neisseria
48432,Neisseria
48434,Neisseria
48435,Neisseria
48436,Neisseria
48437,Neisseria
48438,Neisseria
48439,Neisseria
48443,Neisseria
48444,Neisseria
48445,Neisseria
48447,Neisseria
48448,Neisseria
48450,Neisseria
48452,Neisseria
48453,Neisseria
48454,Neisseria
48455,Neisseria
48456,Neisseria
48461,Neisseria
48462,Neisseria
48463,Neisseria
48464,Neisseria
48465,Neisseria
48468,Neisseria
48469,Neisseria
48470,Neisseria
48472,Neisseria
48474,Neisseria
48475,Neisseria
48477,Neisseria
48478,Neisseria
48480,Neisseria
48482,Neisseria
48483,Neisseria
48484,Neisseria
48485,Neisseria
48489,Neisseria
48491,Neisseria
48492,Neisseria
48493,Neisseria
48494,Neisseria
48495,Neisseria
48496,Neisseria
48497,Neisseria
48498,Neisseria
48499,Neisseria
48501,Neisseria
48502,Neisseria
48503,Neisseria
48504,Neisseria
48505,Neisseria
48506,Neisseria
48507,Neisseria
48508,Neisseria
48509,Neisseria
48513,Neisseria
48514,Neisseria
48515,Neisseria
48516,Neisseria
48519,Neisseria
48520,Neisseria
48521,Neisseria
48524,Neisseria
48525,Neisseria
48527,Neisseria
48529,Neisseria
48530,Neisseria
48531,Neisseria
48532,Neisseria
48533,Neisseria
48534,Neisseria
48535,Neisseria
48537,Neisseria
48538,Neisseria
48539,Neisseria
48542,Neisseria
48543,Neisseria
48544,Neisseria
48545,Neisseria
48546,Neisseria
48547,Neisseria
48549,Neisseria
48552,Neisseria
48555,Neisseria
48558,Neisseria
48559,Neisseria
48560,Neisseria
48561,Neisseria
48562,Neisseria
48563,Neisseria
48565,Neisseria
48567,Neisseria
48568,Neisseria
48571,Neisseria
48577,Neisseria
48584,Neisseria
48586,Neisseria
48587,Neisseria
48588,Neisseria
48589,Neisseria
48590,Neisseria
48591,Neisseria
48593,Neisseria
48594,Neisseria
48595,Neisseria
48602,Neisseria
48608,Neisseria
48611,Neisseria
48616,Neisseria
48617,Neisseria
48619,Neisseria
48620,Neisseria
48621,Neisseria
48622,Neisseria
48623,Neisseria
48624,Neisseria
48625,Neisseria
48626,Neisseria
48627,Neisseria
48628,Neisseria
48629,Neisseria
48630,Neisseria
48631,Neisseria
48632,Neisseria
48633,Neisseria
48635,Neisseria
48636,Neisseria
48638,Neisseria
48639,Neisseria
48640,Neisseria
48641,Neisseria
48642,Neisseria
48643,Neisseria
48644,Neisseria
48645,Neisseria
48646,Neisseria
48647,Neisseria
48648,Neisseria
48649,Neisseria
48650,Neisseria
48651,Neisseria
48652,Neisseria
48653,Neisseria
48654,Neisseria
48655,Neisseria
48656,Neisseria
48657,Neisseria
48658,Neisseria
48659,Neisseria
48660,Neisseria
48662,Neisseria
48663,Neisseria
48664,Neisseria
48665,Neisseria
48666,Neisseria
48667,Neisseria
48668,Neisseria
48670,Neisseria
48671,Neisseria
48672,Neisseria
48673,Neisseria
48674,Neisseria
48675,Neisseria
48676,Neisseria
48677,Neisseria
48678,Neisseria
48680,Neisseria
48681,Neisseria
48682,Neisseria
48683,Neisseria
48684,Neisseria
48685,Neisseria
48686,Neisseria
48688,Neisseria
48689,Neisseria
48690,Neisseria
48691,Neisseria
48692,Neisseria
48693,Neisseria
48694,Neisseria
48695,Neisseria
48697,Neisseria
48698,Neisseria
48699,Neisseria
48700,Neisseria
48701,Neisseria
48702,Neisseria
48703,Neisseria
48704,Neisseria
48705,Neisseria
48706,Neisseria
48708,Neisseria
48709,Neisseria
48710,Neisseria
48711,Neisseria
48712,Neisseria
48713,Neisseria
48714,Neisseria
48715,Neisseria
48716,Neisseria
48717,Neisseria
48718,Neisseria
48719,Neisseria
48720,Neisseria
48721,Neisseria
48722,Neisseria
48723,Neisseria
48724,Neisseria
48725,Neisseria
48726,Neisseria
48728,Neisseria
48729,Neisseria
48730,Neisseria
48731,Neisseria
48732,Neisseria
48733,Neisseria
48734,Neisseria
48735,Neisseria
48736,Neisseria
48737,Neisseria
48738,Neisseria
48739,Neisseria
48740,Neisseria
48741,Neisseria
48742,Neisseria
48743,Neisseria
48744,Neisseria
48745,Neisseria
48747,Neisseria
48748,Neisseria
48750,Neisseria
48751,Neisseria
48752,Neisseria
48754,Neisseria
48756,Neisseria
48757,Neisseria
48758,Neisseria
48759,Neisseria
48760,Neisseria
48761,Neisseria
48762,Neisseria
48763,Neisseria
48764,Neisseria
48765,Neisseria
48766,Neisseria
48767,Neisseria
48768,Neisseria
48769,Neisseria
48770,Neisseria
48771,Neisseria
48772,Neisseria
48773,Neisseria
48774,Neisseria
48775,Neisseria
48776,Neisseria
48777,Neisseria
48778,Neisseria
48779,Neisseria
48780,Neisseria
48781,Neisseria
48782,Neisseria
48783,Neisseria
48784,Neisseria
48785,Neisseria
48786,Neisseria
48787,Neisseria
48788,Neisseria
48789,Neisseria
48790,Neisseria
48791,Neisseria
48792,Neisseria
48793,Neisseria
48794,Neisseria
48795,Neisseria
48796,Neisseria
48797,Neisseria
48798,Neisseria
48799,Neisseria
48800,Neisseria
48801,Neisseria
48802,Neisseria
48803,Neisseria
48804,Neisseria
48805,Neisseria
48807,Neisseria
48808,Neisseria
48809,Neisseria
48810,Neisseria
48811,Neisseria
48812,Neisseria
48813,Neisseria
48814,Neisseria
48815,Neisseria
48816,Neisseria
48817,Neisseria
48818,Neisseria
48819,Neisseria
48820,Neisseria
48821,Neisseria
48822,Neisseria
48824,Neisseria
48825,Neisseria
48826,Neisseria
48827,Neisseria
48828,Neisseria
48829,Neisseria
48830,Neisseria
48831,Neisseria
48832,Neisseria
48833,Neisseria
48834,Neisseria
48835,Neisseria
48836,Neisseria
48837,Neisseria
48838,Neisseria
48839,Neisseria
48840,Neisseria
48841,Neisseria
48842,Neisseria
48843,Neisseria
48844,Neisseria
48845,Neisseria
48846,Neisseria
48847,Neisseria
48848,Neisseria
48849,Neisseria
48851,Neisseria
48852,Neisseria
48853,Neisseria
48854,Neisseria
48855,Neisseria
48856,Neisseria
48857,Neisseria
48859,Neisseria
48860,Neisseria
48861,Neisseria
48862,Neisseria
48863,Neisseria
48864,Neisseria
48865,Neisseria
48866,Neisseria
48867,Neisseria
48868,Neisseria
48869,Neisseria
48870,Neisseria
48871,Neisseria
48872,Neisseria
48873,Neisseria
48874,Neisseria
48875,Neisseria
48876,Neisseria
48877,Neisseria
48878,Neisseria
48879,Neisseria
48880,Neisseria
48881,Neisseria
48882,Neisseria
48883,Neisseria
48884,Neisseria
48885,Neisseria
48886,Neisseria
48887,Neisseria
48888,Neisseria
48889,Neisseria
48891,Neisseria
48892,Neisseria
48893,Neisseria
48894,Neisseria
48895,Neisseria
48896,Neisseria
48897,Neisseria
48898,Neisseria
48899,Neisseria
48900,Neisseria
48901,Neisseria
48902,Neisseria
48903,Neisseria
48904,Neisseria
48905,Neisseria
48906,Neisseria
48907,Neisseria
48908,Neisseria
48909,Neisseria
48910,Neisseria
48911,Neisseria
48912,Neisseria
48913,Neisseria
48914,Neisseria
48915,Neisseria
48916,Neisseria
48917,Neisseria
48918,Neisseria
48919,Neisseria
48920,Neisseria
48921,Neisseria
48922,Neisseria
48923,Neisseria
48924,Neisseria
48925,Neisseria
48926,Neisseria
48927,Neisseria
48928,Neisseria
48929,Neisseria
48930,Neisseria
48931,Neisseria
48932,Neisseria
48933,Neisseria
48934,Neisseria
48935,Neisseria
48936,Neisseria
48937,Neisseria
48938,Neisseria
48939,Neisseria
48940,Neisseria
48941,Neisseria
48942,Neisseria
48943,Neisseria
48944,Neisseria
48945,Neisseria
48946,Neisseria
48947,Neisseria
48948,Neisseria
48949,Neisseria
48950,Neisseria
48951,Neisseria
48952,Neisseria
48953,Neisseria
48954,Neisseria
48955,Neisseria
48956,Neisseria
48958,Neisseria
48959,Neisseria
48960,Neisseria
48961,Neisseria
48962,Neisseria
48963,Neisseria
48964,Neisseria
48965,Neisseria
48966,Neisseria
48967,Neisseria
48968,Neisseria
48969,Neisseria
48970,Neisseria
48971,Neisseria
48972,Neisseria
48973,Neisseria
48974,Neisseria
48975,Neisseria
48976,Neisseria
48977,Neisseria
48978,Neisseria
48979,Neisseria
48980,Neisseria
48981,Neisseria
48982,Neisseria
48983,Neisseria
48984,Neisseria
48985,Neisseria
48986,Neisseria
48987,Neisseria
48988,Neisseria
48989,Neisseria
48990,Neisseria
48991,Neisseria
48992,Neisseria
48993,Neisseria
48994,Neisseria
48995,Neisseria
48996,Neisseria
48997,Neisseria
48998,Neisseria
48999,Neisseria
49000,Neisseria
49002,Neisseria
49003,Neisseria
49004,Neisseria
49005,Neisseria
49006,Neisseria
49007,Neisseria
49008,Neisseria
49009,Neisseria
49010,Neisseria
49011,Neisseria
49012,Neisseria
49013,Neisseria
49014,Neisseria
49015,Neisseria
49016,Neisseria
49017,Neisseria
49018,Neisseria
49019,Neisseria
49020,Neisseria
49021,Neisseria
49022,Neisseria
49023,Neisseria
49024,Neisseria
49025,Neisseria
49026,Neisseria
49027,Neisseria
49028,Neisseria
49029,Neisseria
49030,Neisseria
49031,Neisseria
49032,Neisseria
49033,Neisseria
49034,Neisseria
49035,Neisseria
49036,Neisseria
49037,Neisseria
49038,Neisseria
49039,Neisseria
49040,Neisseria
49041,Neisseria
49042,Neisseria
49043,Neisseria
49044,Neisseria
49045,Neisseria
49046,Neisseria
49047,Neisseria
49048,Neisseria
49049,Neisseria
49051,Neisseria
49052,Neisseria
49053,Neisseria
49054,Neisseria
49055,Neisseria
49056,Neisseria
49057,Neisseria
49058,Neisseria
49059,Neisseria
49060,Neisseria
49061,Neisseria
49062,Neisseria
49063,Neisseria
49064,Neisseria
49065,Neisseria
49066,Neisseria
49067,Neisseria
49069,Neisseria
49070,Neisseria
49071,Neisseria
49072,Neisseria
49073,Neisseria
49074,Neisseria
49076,Neisseria
49077,Neisseria
49078,Neisseria
49079,Neisseria
49080,Neisseria
49081,Neisseria
49082,Neisseria
49083,Neisseria
49084,Neisseria
49085,Neisseria
49086,Neisseria
49087,Neisseria
49088,Neisseria
49089,Neisseria
49090,Neisseria
49091,Neisseria
49092,Neisseria
49093,Neisseria
49094,Neisseria
49095,Neisseria
49096,Neisseria
49097,Neisseria
49098,Neisseria
49099,Neisseria
49100,Neisseria
49101,Neisseria
49102,Neisseria
49103,Neisseria
49104,Neisseria
49105,Neisseria
49106,Neisseria
49107,Neisseria
49108,Neisseria
49109,Neisseria
49110,Neisseria
49111,Neisseria
49112,Neisseria
49113,Neisseria
49114,Neisseria
49115,Neisseria
49116,Neisseria
49117,Neisseria
49118,Neisseria
49119,Neisseria
49120,Neisseria
49121,Neisseria
49122,Neisseria
49123,Neisseria
49124,Neisseria
49125,Neisseria
49126,Neisseria
49127,Neisseria
49128,Neisseria
49129,Neisseria
49130,Neisseria
49131,Neisseria
49132,Neisseria
49133,Neisseria
49134,Neisseria
49135,Neisseria
49136,Neisseria
49137,Neisseria
49138,Neisseria
49139,Neisseria
49140,Neisseria
49141,Neisseria
49142,Neisseria
49143,Neisseria
49144,Neisseria
49145,Neisseria
49146,Neisseria
49147,Neisseria
49148,Neisseria
49149,Neisseria
49150,Neisseria
49151,Neisseria
49152,Neisseria
49153,Neisseria
49154,Neisseria
49155,Neisseria
49156,Neisseria
49157,Neisseria
49158,Neisseria
49159,Neisseria
49160,Neisseria
49161,Neisseria
49162,Neisseria
49163,Neisseria
49164,Neisseria
49165,Neisseria
49166,Neisseria
49167,Neisseria
49169,Neisseria
49170,Neisseria
49171,Neisseria
49172,Neisseria
49173,Neisseria
49174,Neisseria
49175,Neisseria
49176,Neisseria
49177,Neisseria
49178,Neisseria
49179,Neisseria
49180,Neisseria
49181,Neisseria
49182,Neisseria
49183,Neisseria
49184,Neisseria
49186,Neisseria
49187,Neisseria
49188,Neisseria
49190,Neisseria
49191,Neisseria
49193,Neisseria
49194,Neisseria
49195,Neisseria
49196,Neisseria
49197,Neisseria
49198,Neisseria
49199,Neisseria
49201,Neisseria
49202,Neisseria
49203,Neisseria
49204,Neisseria
49205,Neisseria
49206,Neisseria
49207,Neisseria
49208,Neisseria
49209,Neisseria
49210,Neisseria
49212,Neisseria
49213,Neisseria
49214,Neisseria
49215,Neisseria
49216,Neisseria
49217,Neisseria
49218,Neisseria
51070,Neisseria
51071,Neisseria
51545,Neisseria
52753,Neisseria
52754,Neisseria
52755,Neisseria
52756,Neisseria
52757,Neisseria
52758,Neisseria
52759,Neisseria
52760,Neisseria
52761,Neisseria
52762,Neisseria
52763,Neisseria
52764,Neisseria
52765,Neisseria
52766,Neisseria
52767,Neisseria
52768,Neisseria
54271,Neisseria
54272,Neisseria
54273,Neisseria
54274,Neisseria
54275,Neisseria
54276,Neisseria
54277,Neisseria
54278,Neisseria
54279,Neisseria
54280,Neisseria
54281,Neisseria
54284,Neisseria
54286,Neisseria
54287,Neisseria
54288,Neisseria
54289,Neisseria
54290,Neisseria
54291,Neisseria
54292,Neisseria
54293,Neisseria
54294,Neisseria
54295,Neisseria
54296,Neisseria
54297,Neisseria
54298,Neisseria
54300,Neisseria
54302,Neisseria
54303,Neisseria
54305,Neisseria
54306,Neisseria
54308,Neisseria
54309,Neisseria
54312,Neisseria
54313,Neisseria
54314,Neisseria
54315,Neisseria
54316,Neisseria
54318,Neisseria
54320,Neisseria
54321,Neisseria
54322,Neisseria
54323,Neisseria
54324,Neisseria
54325,Neisseria
54326,Neisseria
54327,Neisseria
54328,Neisseria
54329,Neisseria
54330,Neisseria
54331,Neisseria
54332,Neisseria
54333,Neisseria
54334,Neisseria
54336,Neisseria
54337,Neisseria
54338,Neisseria
54339,Neisseria
54340,Neisseria
54341,Neisseria
54342,Neisseria
54343,Neisseria
54344,Neisseria
54345,Neisseria
54347,Neisseria
54348,Neisseria
54349,Neisseria
54351,Neisseria
54352,Neisseria
54353,Neisseria
54355,Neisseria
54356,Neisseria
54357,Neisseria
54359,Neisseria
54360,Neisseria
54361,Neisseria
54362,Neisseria
54363,Neisseria
54364,Neisseria
54365,Neisseria
54366,Neisseria
54367,Neisseria
54369,Neisseria
54370,Neisseria
54372,Neisseria
54373,Neisseria
54374,Neisseria
54375,Neisseria
54376,Neisseria
54379,Neisseria
54380,Neisseria
54382,Neisseria
54383,Neisseria
54384,Neisseria
54386,Neisseria
54387,Neisseria
56421,Neisseria
56771,Neisseria
56773,Neisseria
56774,Neisseria
56775,Neisseria
56776,Neisseria
56777,Neisseria
56778,Neisseria
56779,Neisseria
56780,Neisseria
56781,Neisseria
56782,Neisseria
56785,Neisseria
56786,Neisseria
56787,Neisseria
56788,Neisseria
56789,Neisseria
57094,Neisseria
57095,Neisseria
57096,Neisseria
57097,Neisseria
57098,Neisseria
57099,Neisseria
57100,Neisseria
57101,Neisseria
57102,Neisseria
57103,Neisseria
57104,Neisseria
57105,Neisseria
57106,Neisseria
57107,Neisseria
57108,Neisseria
57110,Neisseria
57111,Neisseria
57112,Neisseria
57113,Neisseria
57114,Neisseria
57115,Neisseria
57116,Neisseria
57118,Neisseria
57119,Neisseria
57120,Neisseria
57121,Neisseria
57122,Neisseria
57123,Neisseria
57126,Neisseria
57127,Neisseria
57128,Neisseria
57129,Neisseria
57130,Neisseria
57131,Neisseria
57132,Neisseria
57133,Neisseria
57134,Neisseria
57135,Neisseria
57136,Neisseria
57137,Neisseria
57138,Neisseria
57139,Neisseria
57140,Neisseria
57141,Neisseria
57142,Neisseria
57143,Neisseria
57144,Neisseria
57148,Neisseria
57150,Neisseria
57151,Neisseria
57152,Neisseria
57153,Neisseria
57154,Neisseria
57155,Neisseria
57156,Neisseria
57157,Neisseria
57162,Neisseria
57165,Neisseria
57166,Neisseria
57168,Neisseria
57171,Neisseria
57173,Neisseria
57174,Neisseria
57175,Neisseria
57176,Neisseria
57177,Neisseria
57178,Neisseria
57179,Neisseria
57180,Neisseria
57973,Neisseria
60442,Neisseria
60478,Neisseria
60479,Neisseria
60480,Neisseria
60481,Neisseria
60482,Neisseria
60483,Neisseria
60484,Neisseria
60485,Neisseria
60486,Neisseria
60487,Neisseria
60488,Neisseria
60489,Neisseria
60490,Neisseria
60491,Neisseria
60492,Neisseria
60493,Neisseria
60494,Neisseria
60495,Neisseria
60496,Neisseria
60497,Neisseria
60498,Neisseria
60499,Neisseria
60500,Neisseria
60501,Neisseria
60502,Neisseria
60503,Neisseria
60504,Neisseria
60505,Neisseria
60506,Neisseria
60507,Neisseria
60509,Neisseria
60513,Neisseria
60514,Neisseria
60515,Neisseria
60516,Neisseria
60517,Neisseria
60519,Neisseria
60522,Neisseria
60524,Neisseria
60530,Neisseria
61332,Neisseria
61340,Neisseria
61344,Neisseria
61345,Neisseria
61346,Neisseria
61354,Neisseria
61379,Neisseria
61381,Neisseria
61625,Neisseria
61626,Neisseria
61627,Neisseria
61628,Neisseria
61629,Neisseria
61634,Neisseria
61638,Neisseria
61640,Neisseria
61642,Neisseria
61644,Neisseria
61645,Neisseria
61649,Neisseria
61650,Neisseria
61653,Neisseria
61654,Neisseria
61655,Neisseria
61656,Neisseria
61659,Neisseria
61662,Neisseria
61663,Neisseria
61664,Neisseria
61665,Neisseria
61666,Neisseria
61669,Neisseria
61671,Neisseria
61673,Neisseria
61675,Neisseria
61676,Neisseria
61690,Neisseria
61694,Neisseria
61695,Neisseria
61696,Neisseria
61700,Neisseria
61706,Neisseria
61707,Neisseria
61708,Neisseria
61710,Neisseria
61714,Neisseria
61715,Neisseria
61717,Neisseria
61724,Neisseria
61730,Neisseria
61731,Neisseria
61732,Neisseria
61733,Neisseria
61734,Neisseria
61739,Neisseria
61740,Neisseria
61743,Neisseria
61744,Neisseria
61748,Neisseria
61750,Neisseria
61756,Neisseria
61764,Neisseria
61765,Neisseria
61767,Neisseria
61773,Neisseria
61775,Neisseria
61779,Neisseria
61780,Neisseria
61781,Neisseria
61782,Neisseria
61783,Neisseria
61784,Neisseria
61786,Neisseria
61793,Neisseria
61796,Neisseria
61797,Neisseria
61804,Neisseria
61806,Neisseria
61808,Neisseria
61809,Neisseria
61810,Neisseria
61813,Neisseria
61814,Neisseria
61817,Neisseria
61824,Neisseria
61826,Neisseria
61840,Neisseria
61847,Neisseria
61849,Neisseria
61855,Neisseria
61860,Neisseria
61861,Neisseria
61862,Neisseria
61863,Neisseria
61870,Neisseria
61873,Neisseria
61874,Neisseria
61875,Neisseria
61877,Neisseria
61878,Neisseria
61879,Neisseria
61880,Neisseria
61881,Neisseria
61882,Neisseria
61883,Neisseria
61884,Neisseria
61885,Neisseria
61886,Neisseria
61887,Neisseria
61888,Neisseria
61891,Neisseria
30073,Streptococcus
30074,Streptococcus
30077,Streptococcus
30078,Streptococcus
30079,Streptococcus
30080,Streptococcus
30081,Streptococcus
30084,Streptococcus
31855,Streptococcus
44586,Streptococcus
44587,Streptococcus
44588,Streptococcus
44589,Streptococcus
44590,Streptococcus
44591,Streptococcus
44592,Streptococcus
44594,Streptococcus
44595,Streptococcus
44596,Streptococcus
44597,Streptococcus
44598,Streptococcus
44599,Streptococcus
44600,Streptococcus
44601,Streptococcus
44602,Streptococcus
44603,Streptococcus
44604,Streptococcus
44605,Streptococcus
44606,Streptococcus
44607,Streptococcus
44608,Streptococcus
44609,Streptococcus
44611,Streptococcus
44612,Streptococcus
44613,Streptococcus
44614,Streptococcus
44615,Streptococcus
44616,Streptococcus
44618,Streptococcus
44619,Streptococcus
44620,Streptococcus
44621,Streptococcus
44622,Streptococcus
44626,Streptococcus
44627,Streptococcus
44628,Streptococcus
44629,Streptococcus
44630,Streptococcus
44631,Streptococcus
44632,Streptococcus
44633,Streptococcus
44634,Streptococcus
44636,Streptococcus
44637,Streptococcus
44639,Streptococcus
44640,Streptococcus
44641,Streptococcus
44642,Streptococcus
44643,Streptococcus
44644,Streptococcus
44645,Streptococcus
44646,Streptococcus
44647,Streptococcus
44648,Streptococcus
44649,Streptococcus
44650,Streptococcus
44651,Streptococcus
44652,Streptococcus
44653,Streptococcus
44656,Streptococcus
44658,Streptococcus
44659,Streptococcus
44660,Streptococcus
44661,Streptococcus
44662,Streptococcus
44663,Streptococcus
44664,Streptococcus
44665,Streptococcus
44666,Streptococcus
44667,Streptococcus
44668,Streptococcus
44670,Streptococcus
44671,Streptococcus
44672,Streptococcus
44673,Streptococcus
44690,Streptococcus
44716,Streptococcus
44748,Streptococcus
48688,Streptococcus
73036,Streptococcus
112179,Streptococcus
114235,Streptococcus
114236,Streptococcus
114237,Streptococcus
114238,Streptococcus
114239,Streptococcus
114240,Streptococcus
114241,Streptococcus
114242,Streptococcus
114243,Streptococcus
114244,Streptococcus
114245,Streptococcus
114246,Streptococcus
114247,Streptococcus
114248,Streptococcus
114249,Streptococcus
114250,Streptococcus
114252,Streptococcus
114253,Streptococcus
114254,Streptococcus
114255,Streptococcus
114256,Streptococcus
114257,Streptococcus
114258,Streptococcus
114259,Streptococcus
114260,Streptococcus
114261,Streptococcus
114262,Streptococcus
114263,Streptococcus
114264,Streptococcus
114265,Streptococcus
114266,Streptococcus
114267,Streptococcus
114268,Streptococcus
114270,Streptococcus
114272,Streptococcus
114273,Streptococcus
114274,Streptococcus
114276,Streptococcus
114277,Streptococcus
114278,Streptococcus
114279,Streptococcus
114280,Streptococcus
114281,Streptococcus
114282,Streptococcus
114283,Streptococcus
114284,Streptococcus
114285,Streptococcus
114286,Streptococcus
114287,Streptococcus
114288,Streptococcus
114289,Streptococcus
114290,Streptococcus
114291,Streptococcus
114292,Streptococcus
114293,Streptococcus
114294,Streptococcus
114295,Streptococcus
114296,Streptococcus
114297,Streptococcus
114299,Streptococcus
114300,Streptococcus
114302,Streptococcus
114304,Streptococcus
114305,Streptococcus
114306,Streptococcus
114307,Streptococcus
114309,Streptococcus
114310,Streptococcus
114311,Streptococcus
114312,Streptococcus
114313,Streptococcus
114314,Streptococcus
114316,Streptococcus
114317,Streptococcus
114318,Streptococcus
114319,Streptococcus
114320,Streptococcus
114321,Streptococcus
114322,Streptococcus
114323,Streptococcus
114325,Streptococcus
114326,Streptococcus
114327,Streptococcus
114328,Streptococcus
114329,Streptococcus
114330,Streptococcus
114331,Streptococcus
114332,Streptococcus
114333,Streptococcus
114334,Streptococcus
114335,Streptococcus
114336,Streptococcus
114338,Streptococcus
114339,Streptococcus
114340,Streptococcus
114341,Streptococcus
114343,Streptococcus
114344,Streptococcus
114345,Streptococcus
114346,Streptococcus
114347,Streptococcus
114348,Streptococcus
114349,Streptococcus
114350,Streptococcus
114351,Streptococcus
114352,Streptococcus
114353,Streptococcus
114354,Streptococcus
114355,Streptococcus
114356,Streptococcus
114357,Streptococcus
114359,Streptococcus
114360,Streptococcus
114361,Streptococcus
114363,Streptococcus
114364,Streptococcus
114365,Streptococcus
114366,Streptococcus
114368,Streptococcus
114369,Streptococcus
114370,Streptococcus
114371,Streptococcus
114372,Streptococcus
114373,Streptococcus
114374,Streptococcus
114375,Streptococcus
114376,Streptococcus
114377,Streptococcus
114378,Streptococcus
114379,Streptococcus
114380,Streptococcus
114381,Streptococcus
114382,Streptococcus
114383,Streptococcus
114384,Streptococcus
114385,Streptococcus
114386,Streptococcus
114387,Streptococcus
114388,Streptococcus
114389,Streptococcus
114390,Streptococcus
114391,Streptococcus
114392,Streptococcus
114393,Streptococcus
114394,Streptococcus
114395,Streptococcus
114398,Streptococcus
114399,Streptococcus
114400,Streptococcus
114401,Streptococcus
114402,Streptococcus
114403,Streptococcus
114404,Streptococcus
114405,Streptococcus
114406,Streptococcus
114407,Streptococcus
114408,Streptococcus
114409,Streptococcus
114410,Streptococcus
114411,Streptococcus
114412,Streptococcus
114413,Streptococcus
114414,Streptococcus
114415,Streptococcus
114416,Streptococcus
114417,Streptococcus
114418,Streptococcus
114419,Streptococcus
114420,Streptococcus
114421,Streptococcus
114422,Streptococcus
114424,Streptococcus
114425,Streptococcus
114426,Streptococcus
114427,Streptococcus
114428,Streptococcus
114429,Streptococcus
114430,Streptococcus
114431,Streptococcus
114432,Streptococcus
114433,Streptococcus
114434,Streptococcus
114435,Streptococcus
114436,Streptococcus
114437,Streptococcus
114438,Streptococcus
114439,Streptococcus
114440,Streptococcus
114441,Streptococcus
114442,Streptococcus
114443,Streptococcus
114444,Streptococcus
114446,Streptococcus
114447,Streptococcus
114448,Streptococcus
114449,Streptococcus
114450,Streptococcus
114451,Streptococcus
114453,Streptococcus
114454,Streptococcus
114455,Streptococcus
114456,Streptococcus
114457,Streptococcus
114458,Streptococcus
114459,Streptococcus
114460,Streptococcus
114461,Streptococcus
114462,Streptococcus
114463,Streptococcus
114464,Streptococcus
114465,Streptococcus
114466,Streptococcus
114467,Streptococcus
114468,Streptococcus
114469,Streptococcus
114470,Streptococcus
114471,Streptococcus
114472,Streptococcus
114473,Streptococcus
114474,Streptococcus
114475,Streptococcus
114476,Streptococcus
114477,Streptococcus
114479,Streptococcus
114481,Streptococcus
114482,Streptococcus
114483,Streptococcus
114484,Streptococcus
114485,Streptococcus
114486,Streptococcus
114487,Streptococcus
114488,Streptococcus
114489,Streptococcus
114490,Streptococcus
114491,Streptococcus
114492,Streptococcus
114493,Streptococcus
114494,Streptococcus
114495,Streptococcus
114497,Streptococcus
114499,Streptococcus
114502,Streptococcus
114504,Streptococcus
114505,Streptococcus
114506,Streptococcus
114507,Streptococcus
114508,Streptococcus
114509,Streptococcus
114510,Streptococcus
114511,Streptococcus
114512,Streptococcus
114514,Streptococcus
114515,Streptococcus
114516,Streptococcus
114517,Streptococcus
114518,Streptococcus
114519,Streptococcus
114520,Streptococcus
114521,Streptococcus
114522,Streptococcus
114523,Streptococcus
114524,Streptococcus
114525,Streptococcus
114526,Streptococcus
114527,Streptococcus
114528,Streptococcus
114529,Streptococcus
114530,Streptococcus
114531,Streptococcus
114532,Streptococcus
114533,Streptococcus
114534,Streptococcus
114535,Streptococcus
114536,Streptococcus
114537,Streptococcus
114538,Streptococcus
114540,Streptococcus
114541,Streptococcus
114542,Streptococcus
114543,Streptococcus
114544,Streptococcus
114545,Streptococcus
114546,Streptococcus
114549,Streptococcus
114550,Streptococcus
114551,Streptococcus
114552,Streptococcus
114553,Streptococcus
114554,Streptococcus
114555,Streptococcus
114556,Streptococcus
114557,Streptococcus
114558,Streptococcus
114559,Streptococcus
114560,Streptococcus
114561,Streptococcus
114562,Streptococcus
114563,Streptococcus
114564,Streptococcus
114565,Streptococcus
114566,Streptococcus
114567,Streptococcus
114568,Streptococcus
114569,Streptococcus
114570,Streptococcus
114571,Streptococcus
114572,Streptococcus
114574,Streptococcus
114575,Streptococcus
114577,Streptococcus
114578,Streptococcus
114579,Streptococcus
114580,Streptococcus
114581,Streptococcus
114582,Streptococcus
114583,Streptococcus
114584,Streptococcus
114585,Streptococcus
114586,Streptococcus
114587,Streptococcus
114588,Streptococcus
114589,Streptococcus
114590,Streptococcus
114592,Streptococcus
114593,Streptococcus
114594,Streptococcus
114595,Streptococcus
114596,Streptococcus
114597,Streptococcus
114598,Streptococcus
114599,Streptococcus
114600,Streptococcus
114601,Streptococcus
114602,Streptococcus
114603,Streptococcus
114604,Streptococcus
114605,Streptococcus
114606,Streptococcus
114607,Streptococcus
114610,Streptococcus
114612,Streptococcus
114614,Streptococcus
114615,Streptococcus
114617,Streptococcus
114618,Streptococcus
114619,Streptococcus
114620,Streptococcus
114621,Streptococcus
114622,Streptococcus
114623,Streptococcus
114624,Streptococcus
114625,Streptococcus
114626,Streptococcus
114627,Streptococcus
114628,Streptococcus
114629,Streptococcus
114630,Streptococcus
114631,Streptococcus
114632,Streptococcus
114633,Streptococcus
114634,Streptococcus
114635,Streptococcus
114637,Streptococcus
114639,Streptococcus
114640,Streptococcus
114641,Streptococcus
114642,Streptococcus
114643,Streptococcus
114644,Streptococcus
114645,Streptococcus
114646,Streptococcus
114647,Streptococcus
114649,Streptococcus
114650,Streptococcus
114651,Streptococcus
114652,Streptococcus
114653,Streptococcus
114654,Streptococcus
114655,Streptococcus
114656,Streptococcus
114657,Streptococcus
114658,Streptococcus
114659,Streptococcus
114660,Streptococcus
114661,Streptococcus
114662,Streptococcus
114664,Streptococcus
114665,Streptococcus
114666,Streptococcus
114667,Streptococcus
114668,Streptococcus
114669,Streptococcus
114670,Streptococcus
114671,Streptococcus
114672,Streptococcus
114673,Streptococcus
114674,Streptococcus
114675,Streptococcus
114676,Streptococcus
114677,Streptococcus
114679,Streptococcus
114680,Streptococcus
114681,Streptococcus
114682,Streptococcus
114683,Streptococcus
114684,Streptococcus
114685,Streptococcus
114686,Streptococcus
114687,Streptococcus
114688,Streptococcus
114689,Streptococcus
114690,Streptococcus
114691,Streptococcus
114693,Streptococcus
114694,Streptococcus
114695,Streptococcus
114697,Streptococcus
114698,Streptococcus
114699,Streptococcus
114700,Streptococcus
114701,Streptococcus
114702,Streptococcus
114703,Streptococcus
114704,Streptococcus
114705,Streptococcus
114706,Streptococcus
114707,Streptococcus
114708,Streptococcus
114709,Streptococcus
114710,Streptococcus
114711,Streptococcus
114713,Streptococcus
114715,Streptococcus
114716,Streptococcus
114717,Streptococcus
114720,Streptococcus
114721,Streptococcus
114722,Streptococcus
114723,Streptococcus
114724,Streptococcus
114725,Streptococcus
114726,Streptococcus
114727,Streptococcus
114728,Streptococcus
114729,Streptococcus
114730,Streptococcus
114731,Streptococcus
114732,Streptococcus
114733,Streptococcus
114734,Streptococcus
114736,Streptococcus
114737,Streptococcus
114738,Streptococcus
114739,Streptococcus
114740,Streptococcus
114741,Streptococcus
114743,Streptococcus
114745,Streptococcus
114746,Streptococcus
114747,Streptococcus
114748,Streptococcus
114749,Streptococcus
114750,Streptococcus
114751,Streptococcus
114752,Streptococcus
114753,Streptococcus
114754,Streptococcus
114755,Streptococcus
114756,Streptococcus
114757,Streptococcus
114758,Streptococcus
114759,Streptococcus
114760,Streptococcus
114761,Streptococcus
114762,Streptococcus
114763,Streptococcus
114764,Streptococcus
114765,Streptococcus
114766,Streptococcus
114767,Streptococcus
114768,Streptococcus
114769,Streptococcus
114770,Streptococcus
114771,Streptococcus
114772,Streptococcus
114773,Streptococcus
114775,Streptococcus
114776,Streptococcus
114777,Streptococcus
114778,Streptococcus
114781,Streptococcus
114782,Streptococcus
114783,Streptococcus
114784,Streptococcus
114785,Streptococcus
114786,Streptococcus
114788,Streptococcus
114789,Streptococcus
114790,Streptococcus
114791,Streptococcus
114792,Streptococcus
114793,Streptococcus
114794,Streptococcus
114795,Streptococcus
114796,Streptococcus
114797,Streptococcus
114798,Streptococcus
114799,Streptococcus
114801,Streptococcus
114802,Streptococcus
114803,Streptococcus
114804,Streptococcus
114805,Streptococcus
114806,Streptococcus
114807,Streptococcus
114808,Streptococcus
114809,Streptococcus
114810,Streptococcus
114811,Streptococcus
114812,Streptococcus
114813,Streptococcus
114814,Streptococcus
114815,Streptococcus
114816,Streptococcus
114817,Streptococcus
114818,Streptococcus
114819,Streptococcus
114820,Streptococcus
114821,Streptococcus
114822,Streptococcus
114823,Streptococcus
114824,Streptococcus
114825,Streptococcus
114826,Streptococcus
114828,Streptococcus
114829,Streptococcus
114830,Streptococcus
114831,Streptococcus
114832,Streptococcus
114833,Streptococcus
114834,Streptococcus
114835,Streptococcus
114836,Streptococcus
114837,Streptococcus
114838,Streptococcus
114839,Streptococcus
114840,Streptococcus
114841,Streptococcus
114842,Streptococcus
114843,Streptococcus
114844,Streptococcus
114846,Streptococcus
114847,Streptococcus
114848,Streptococcus
114849,Streptococcus
114850,Streptococcus
114853,Streptococcus
114854,Streptococcus
114855,Streptococcus
114856,Streptococcus
114859,Streptococcus
114860,Streptococcus
114861,Streptococcus
114862,Streptococcus
114863,Streptococcus
114864,Streptococcus
114865,Streptococcus
114866,Streptococcus
114867,Streptococcus
114868,Streptococcus
114869,Streptococcus
114870,Streptococcus
114871,Streptococcus
114872,Streptococcus
114873,Streptococcus
114874,Streptococcus
114875,Streptococcus
114876,Streptococcus
114877,Streptococcus
114878,Streptococcus
114879,Streptococcus
114880,Streptococcus
114881,Streptococcus
114882,Streptococcus
114883,Streptococcus
114884,Streptococcus
114885,Streptococcus
114886,Streptococcus
114887,Streptococcus
114888,Streptococcus
114889,Streptococcus
114890,Streptococcus
114892,Streptococcus
114893,Streptococcus
114894,Streptococcus
114895,Streptococcus
114896,Streptococcus
114897,Streptococcus
114898,Streptococcus
114899,Streptococcus
114900,Streptococcus
114902,Streptococcus
114903,Streptococcus
114904,Streptococcus
114905,Streptococcus
114906,Streptococcus
114907,Streptococcus
114908,Streptococcus
114909,Streptococcus
114911,Streptococcus
114912,Streptococcus
114913,Streptococcus
114914,Streptococcus
114915,Streptococcus
114916,Streptococcus
114917,Streptococcus
114918,Streptococcus
114919,Streptococcus
114920,Streptococcus
114921,Streptococcus
114923,Streptococcus
114924,Streptococcus
114925,Streptococcus
114926,Streptococcus
114927,Streptococcus
114928,Streptococcus
114929,Streptococcus
114930,Streptococcus
114931,Streptococcus
114932,Streptococcus
114933,Streptococcus
114934,Streptococcus
114935,Streptococcus
114936,Streptococcus
114937,Streptococcus
114938,Streptococcus
114939,Streptococcus
114940,Streptococcus
114941,Streptococcus
114942,Streptococcus
114943,Streptococcus
114944,Streptococcus
114945,Streptococcus
114946,Streptococcus
114947,Streptococcus
114948,Streptococcus
114949,Streptococcus
114950,Streptococcus
114951,Streptococcus
114952,Streptococcus
114954,Streptococcus
114955,Streptococcus
114956,Streptococcus
114958,Streptococcus
114960,Streptococcus
114961,Streptococcus
114962,Streptococcus
114963,Streptococcus
114964,Streptococcus
114965,Streptococcus
114966,Streptococcus
114967,Streptococcus
114968,Streptococcus
114969,Streptococcus
114970,Streptococcus
114971,Streptococcus
114972,Streptococcus
114973,Streptococcus
114974,Streptococcus
114975,Streptococcus
114976,Streptococcus
114977,Streptococcus
114978,Streptococcus
114979,Streptococcus
114980,Streptococcus
114981,Streptococcus
114982,Streptococcus
114983,Streptococcus
114984,Streptococcus
114985,Streptococcus
114986,Streptococcus
114987,Streptococcus
114988,Streptococcus
114989,Streptococcus
114990,Streptococcus
114991,Streptococcus
114993,Streptococcus
114994,Streptococcus
114995,Streptococcus
114996,Streptococcus
114997,Streptococcus
114998,Streptococcus
114999,Streptococcus
115002,Streptococcus
115003,Streptococcus
115004,Streptococcus
115005,Streptococcus
115006,Streptococcus
115007,Streptococcus
115008,Streptococcus
115009,Streptococcus
115010,Streptococcus
115011,Streptococcus
115012,Streptococcus
115013,Streptococcus
115014,Streptococcus
115015,Streptococcus
115016,Streptococcus
115017,Streptococcus
115018,Streptococcus
115019,Streptococcus
115020,Streptococcus
115021,Streptococcus
115022,Streptococcus
115023,Streptococcus
115024,Streptococcus
115025,Streptococcus
115026,Streptococcus
115027,Streptococcus
115028,Streptococcus
115029,Streptococcus
115030,Streptococcus
115032,Streptococcus
115033,Streptococcus
115034,Streptococcus
115035,Streptococcus
115037,Streptococcus
115038,Streptococcus
115039,Streptococcus
115040,Streptococcus
115041,Streptococcus
115042,Streptococcus
115043,Streptococcus
115044,Streptococcus
115045,Streptococcus
115046,Streptococcus
115048,Streptococcus
115049,Streptococcus
115050,Streptococcus
115051,Streptococcus
115052,Streptococcus
115053,Streptococcus
115054,Streptococcus
115055,Streptococcus
115057,Streptococcus
115058,Streptococcus
115059,Streptococcus
115061,Streptococcus
115062,Streptococcus
115063,Streptococcus
115064,Streptococcus
115065,Streptococcus
115066,Streptococcus
115067,Streptococcus
115068,Streptococcus
115069,Streptococcus
115070,Streptococcus
115071,Streptococcus
115072,Streptococcus
115073,Streptococcus
115074,Streptococcus
115075,Streptococcus
115076,Streptococcus
115077,Streptococcus
115078,Streptococcus
115079,Streptococcus
115080,Streptococcus
115081,Streptococcus
115082,Streptococcus
115083,Streptococcus
115084,Streptococcus
115085,Streptococcus
115086,Streptococcus
115087,Streptococcus
115088,Streptococcus
115089,Streptococcus
115090,Streptococcus
115091,Streptococcus
115092,Streptococcus
115093,Streptococcus
115094,Streptococcus
115095,Streptococcus
115096,Streptococcus
115097,Streptococcus
115098,Streptococcus
115099,Streptococcus
115100,Streptococcus
115103,Streptococcus
115104,Streptococcus
115105,Streptococcus
115106,Streptococcus
115109,Streptococcus
115110,Streptococcus
115111,Streptococcus
115112,Streptococcus
115113,Streptococcus
115115,Streptococcus
115116,Streptococcus
115117,Streptococcus
115118,Streptococcus
115120,Streptococcus
115121,Streptococcus
115122,Streptococcus
115123,Streptococcus
115125,Streptococcus
115126,Streptococcus
115127,Streptococcus
115128,Streptococcus
115129,Streptococcus
115130,Streptococcus
115131,Streptococcus
115132,Streptococcus
115133,Streptococcus
115134,Streptococcus
115135,Streptococcus
115136,Streptococcus
115137,Streptococcus
115138,Streptococcus
115139,Streptococcus
115140,Streptococcus
115141,Streptococcus
115142,Streptococcus
115144,Streptococcus
115145,Streptococcus
115146,Streptococcus
115147,Streptococcus
115148,Streptococcus
115149,Streptococcus
115150,Streptococcus
115151,Streptococcus
115152,Streptococcus
115153,Streptococcus
115154,Streptococcus
115155,Streptococcus
115156,Streptococcus
115157,Streptococcus
115159,Streptococcus
115160,Streptococcus
115162,Streptococcus
115163,Streptococcus
115164,Streptococcus
115165,Streptococcus
115166,Streptococcus
115167,Streptococcus
115168,Streptococcus
115170,Streptococcus
115171,Streptococcus
115172,Streptococcus
115173,Streptococcus
115174,Streptococcus
115175,Streptococcus
115176,Streptococcus
115177,Streptococcus
115178,Streptococcus
115179,Streptococcus
115180,Streptococcus
115181,Streptococcus
115183,Streptococcus
115184,Streptococcus
115185,Streptococcus
115186,Streptococcus
115187,Streptococcus
115188,Streptococcus
115189,Streptococcus
115190,Streptococcus
115191,Streptococcus
115193,Streptococcus
115194,Streptococcus
115195,Streptococcus
115196,Streptococcus
115197,Streptococcus
115198,Streptococcus
115199,Streptococcus
115200,Streptococcus
115201,Streptococcus
115202,Streptococcus
115203,Streptococcus
115204,Streptococcus
115206,Streptococcus
115207,Streptococcus
115208,Streptococcus
115209,Streptococcus
115210,Streptococcus
115212,Streptococcus
115213,Streptococcus
115214,Streptococcus
115215,Streptococcus
115216,Streptococcus
115217,Streptococcus
115218,Streptococcus
115219,Streptococcus
115221,Streptococcus
115222,Streptococcus
115224,Streptococcus
115225,Streptococcus
115226,Streptococcus
115227,Streptococcus
115228,Streptococcus
115230,Streptococcus
115231,Streptococcus
115232,Streptococcus
115233,Streptococcus
115235,Streptococcus
115236,Streptococcus
115237,Streptococcus
115238,Streptococcus
115239,Streptococcus
115240,Streptococcus
115241,Streptococcus
115242,Streptococcus
115243,Streptococcus
115244,Streptococcus
115245,Streptococcus
115247,Streptococcus
115248,Streptococcus
115250,Streptococcus
115251,Streptococcus
115252,Streptococcus
115253,Streptococcus
115254,Streptococcus
115255,Streptococcus
115257,Streptococcus
115258,Streptococcus
115259,Streptococcus
115260,Streptococcus
115261,Streptococcus
115262,Streptococcus
115263,Streptococcus
115265,Streptococcus
115266,Streptococcus
115267,Streptococcus
115268,Streptococcus
115269,Streptococcus
115270,Streptococcus
115271,Streptococcus
115272,Streptococcus
115274,Streptococcus
115275,Streptococcus
115276,Streptococcus
115277,Streptococcus
115278,Streptococcus
115279,Streptococcus
115280,Streptococcus
115282,Streptococcus
115284,Streptococcus
115285,Streptococcus
115286,Streptococcus
115287,Streptococcus
115288,Streptococcus
115289,Streptococcus
115290,Streptococcus
115291,Streptococcus
115292,Streptococcus
115293,Streptococcus
115295,Streptococcus
115296,Streptococcus
115297,Streptococcus
115298,Streptococcus
115299,Streptococcus
115300,Streptococcus
115301,Streptococcus
115302,Streptococcus
115304,Streptococcus
115305,Streptococcus
115306,Streptococcus
115307,Streptococcus
115311,Streptococcus
115312,Streptococcus
115313,Streptococcus
115314,Streptococcus
115315,Streptococcus
115316,Streptococcus
115317,Streptococcus
115318,Streptococcus
115319,Streptococcus
115320,Streptococcus
115321,Streptococcus
115322,Streptococcus
115323,Streptococcus
115324,Streptococcus
115325,Streptococcus
115326,Streptococcus
115327,Streptococcus
115328,Streptococcus
115329,Streptococcus
115330,Streptococcus
115331,Streptococcus
115332,Streptococcus
115333,Streptococcus
115334,Streptococcus
115335,Streptococcus
115336,Streptococcus
115337,Streptococcus
115338,Streptococcus
115339,Streptococcus
115340,Streptococcus
115341,Streptococcus
115342,Streptococcus
115343,Streptococcus
115344,Streptococcus
115345,Streptococcus
115346,Streptococcus
115347,Streptococcus
115348,Streptococcus
115349,Streptococcus
115350,Streptococcus
115351,Streptococcus
115352,Streptococcus
115353,Streptococcus
115354,Streptococcus
115355,Streptococcus
115356,Streptococcus
115357,Streptococcus
115358,Streptococcus
115359,Streptococcus
115360,Streptococcus
115361,Streptococcus
115362,Streptococcus
115363,Streptococcus
115364,Streptococcus
115365,Streptococcus
115366,Streptococcus
115367,Streptococcus
115368,Streptococcus
115369,Streptococcus
115370,Streptococcus
115371,Streptococcus
115372,Streptococcus
115373,Streptococcus
115374,Streptococcus
115375,Streptococcus
115376,Streptococcus
115377,Streptococcus
115378,Streptococcus
115379,Streptococcus
115380,Streptococcus
115381,Streptococcus
115382,Streptococcus
115383,Streptococcus
115384,Streptococcus
115385,Streptococcus
115386,Streptococcus
115387,Streptococcus
115388,Streptococcus
115389,Streptococcus
115390,Streptococcus
115391,Streptococcus
115392,Streptococcus
115393,Streptococcus
115394,Streptococcus
115395,Streptococcus
115396,Streptococcus
115397,Streptococcus
115398,Streptococcus
115399,Streptococcus
115400,Streptococcus
115401,Streptococcus
115402,Streptococcus
115403,Streptococcus
115404,Streptococcus
115405,Streptococcus
115406,Streptococcus
115407,Streptococcus
115408,Streptococcus
115409,Streptococcus
115410,Streptococcus
115411,Streptococcus
115412,Streptococcus
115413,Streptococcus
115414,Streptococcus
115415,Streptococcus
115416,Streptococcus
115417,Streptococcus
115418,Streptococcus
115419,Streptococcus
115420,Streptococcus
115421,Streptococcus
115422,Streptococcus
115423,Streptococcus
115424,Streptococcus
115425,Streptococcus
115426,Streptococcus
115427,Streptococcus
115428,Streptococcus
115429,Streptococcus
115430,Streptococcus
115431,Streptococcus
115432,Streptococcus
115433,Streptococcus
115434,Streptococcus
115435,Streptococcus
115436,Streptococcus
115437,Streptococcus
115438,Streptococcus
115439,Streptococcus
115440,Streptococcus
115441,Streptococcus
115442,Streptococcus
115443,Streptococcus
115444,Streptococcus
115445,Streptococcus
115446,Streptococcus
115447,Streptococcus
115448,Streptococcus
115449,Streptococcus
115450,Streptococcus
115451,Streptococcus
115452,Streptococcus
115453,Streptococcus
115454,Streptococcus
115455,Streptococcus
115456,Streptococcus
115457,Streptococcus
115458,Streptococcus
115459,Streptococcus
115460,Streptococcus
115461,Streptococcus
115462,Streptococcus
115463,Streptococcus
115464,Streptococcus
115465,Streptococcus
115466,Streptococcus
115467,Streptococcus
115468,Streptococcus
115469,Streptococcus
115470,Streptococcus
115471,Streptococcus
115472,Streptococcus
115473,Streptococcus
115474,Streptococcus
115475,Streptococcus
115476,Streptococcus
115477,Streptococcus
115478,Streptococcus
115479,Streptococcus
115480,Streptococcus
115481,Streptococcus
115482,Streptococcus
115483,Streptococcus
115484,Streptococcus
115485,Streptococcus
115486,Streptococcus
115487,Streptococcus
115488,Streptococcus
115489,Streptococcus
115490,Streptococcus
115491,Streptococcus
115492,Streptococcus
115493,Streptococcus
115494,Streptococcus
115495,Streptococcus
115496,Streptococcus
115497,Streptococcus
115498,Streptococcus
115499,Streptococcus
115500,Streptococcus
115501,Streptococcus
115502,Streptococcus
115503,Streptococcus
115504,Streptococcus
115505,Streptococcus
115506,Streptococcus
115507,Streptococcus
115508,Streptococcus
115509,Streptococcus
115510,Streptococcus
115511,Streptococcus
115512,Streptococcus
115513,Streptococcus
115514,Streptococcus
115515,Streptococcus
115516,Streptococcus
115517,Streptococcus
115518,Streptococcus
115519,Streptococcus
115520,Streptococcus
115521,Streptococcus
115522,Streptococcus
115523,Streptococcus
115524,Streptococcus
115525,Streptococcus
115526,Streptococcus
115527,Streptococcus
115528,Streptococcus
115529,Streptococcus
115530,Streptococcus
115531,Streptococcus
115532,Streptococcus
115533,Streptococcus
115534,Streptococcus
115535,Streptococcus
115536,Streptococcus
115537,Streptococcus
115538,Streptococcus
115539,Streptococcus
115540,Streptococcus
115541,Streptococcus
115542,Streptococcus
115543,Streptococcus
115544,Streptococcus
115545,Streptococcus
115546,Streptococcus
115547,Streptococcus
115548,Streptococcus
115549,Streptococcus
115550,Streptococcus
115551,Streptococcus
115552,Streptococcus
115553,Streptococcus
115554,Streptococcus
115555,Streptococcus
115556,Streptococcus
115557,Streptococcus
115558,Streptococcus
115559,Streptococcus
115560,Streptococcus
115561,Streptococcus
115562,Streptococcus
115563,Streptococcus
115564,Streptococcus
115565,Streptococcus
115566,Streptococcus
115567,Streptococcus
115568,Streptococcus
115569,Streptococcus
115570,Streptococcus
115571,Streptococcus
115572,Streptococcus
115573,Streptococcus
115574,Streptococcus
115575,Streptococcus
115576,Streptococcus
115577,Streptococcus
115578,Streptococcus
115579,Streptococcus
115580,Streptococcus
115581,Streptococcus
115582,Streptococcus
115583,Streptococcus
115584,Streptococcus
115585,Streptococcus
115586,Streptococcus
115587,Streptococcus
115588,Streptococcus
115589,Streptococcus
115590,Streptococcus
115591,Streptococcus
115592,Streptococcus
115593,Streptococcus
115594,Streptococcus
115595,Streptococcus
115596,Streptococcus
115597,Streptococcus
115598,Streptococcus
115599,Streptococcus
115600,Streptococcus
115601,Streptococcus
115602,Streptococcus
115603,Streptococcus
115604,Streptococcus
115605,Streptococcus
115606,Streptococcus
115607,Streptococcus
115608,Streptococcus
115609,Streptococcus
115610,Streptococcus
115611,Streptococcus
115612,Streptococcus
115613,Streptococcus
115614,Streptococcus
115615,Streptococcus
115616,Streptococcus
115617,Streptococcus
115618,Streptococcus
115619,Streptococcus
115620,Streptococcus
115621,Streptococcus
115622,Streptococcus
115623,Streptococcus
115624,Streptococcus
115625,Streptococcus
115626,Streptococcus
115627,Streptococcus
115628,Streptococcus
115629,Streptococcus
115630,Streptococcus
115631,Streptococcus
115632,Streptococcus
115633,Streptococcus
115634,Streptococcus
115635,Streptococcus
115636,Streptococcus
115637,Streptococcus
115638,Streptococcus
115639,Streptococcus
115640,Streptococcus
115641,Streptococcus
115642,Streptococcus
115643,Streptococcus
115644,Streptococcus
115645,Streptococcus
115646,Streptococcus
115647,Streptococcus
115648,Streptococcus
115649,Streptococcus
115650,Streptococcus
115651,Streptococcus
115652,Streptococcus
115653,Streptococcus
115654,Streptococcus
115655,Streptococcus
115656,Streptococcus
115657,Streptococcus
115658,Streptococcus
115659,Streptococcus
115660,Streptococcus
115661,Streptococcus
115662,Streptococcus
115663,Streptococcus
115664,Streptococcus
115665,Streptococcus
115666,Streptococcus
115667,Streptococcus
115668,Streptococcus
115669,Streptococcus
115670,Streptococcus
115671,Streptococcus
115672,Streptococcus
115673,Streptococcus
115674,Streptococcus
115675,Streptococcus
115676,Streptococcus
115677,Streptococcus
115678,Streptococcus
115679,Streptococcus
115680,Streptococcus
115681,Streptococcus
115682,Streptococcus
115683,Streptococcus
115684,Streptococcus
115685,Streptococcus
115686,Streptococcus
115687,Streptococcus
115688,Streptococcus
115689,Streptococcus
115690,Streptococcus
115691,Streptococcus
115692,Streptococcus
115693,Streptococcus
115694,Streptococcus
115695,Streptococcus
115696,Streptococcus
115697,Streptococcus
115698,Streptococcus
115699,Streptococcus
115700,Streptococcus
115701,Streptococcus
115702,Streptococcus
115703,Streptococcus
115704,Streptococcus
115705,Streptococcus
115706,Streptococcus
115707,Streptococcus
115708,Streptococcus
115709,Streptococcus
115710,Streptococcus
115711,Streptococcus
115712,Streptococcus
115713,Streptococcus
115714,Streptococcus
115715,Streptococcus
115716,Streptococcus
115717,Streptococcus
115718,Streptococcus
115719,Streptococcus
115720,Streptococcus
115721,Streptococcus
115722,Streptococcus
115723,Streptococcus
115724,Streptococcus
115725,Streptococcus
115726,Streptococcus
115727,Streptococcus
115728,Streptococcus
115729,Streptococcus
115730,Streptococcus
115731,Streptococcus
115732,Streptococcus
115733,Streptococcus
115734,Streptococcus
115735,Streptococcus
115736,Streptococcus
115737,Streptococcus
115738,Streptococcus
115739,Streptococcus
115740,Streptococcus
115741,Streptococcus
115742,Streptococcus
115743,Streptococcus
115744,Streptococcus
115745,Streptococcus
115746,Streptococcus
115747,Streptococcus
115748,Streptococcus
115749,Streptococcus
115750,Streptococcus
115751,Streptococcus
115752,Streptococcus
115753,Streptococcus
115754,Streptococcus
115755,Streptococcus
115756,Streptococcus
115757,Streptococcus
115758,Streptococcus
115759,Streptococcus
115760,Streptococcus
115761,Streptococcus
115762,Streptococcus
115763,Streptococcus
115764,Streptococcus
115765,Streptococcus
115766,Streptococcus
115767,Streptococcus
115768,Streptococcus
115769,Streptococcus
115770,Streptococcus
115771,Streptococcus
115772,Streptococcus
115773,Streptococcus
115774,Streptococcus
115775,Streptococcus
115776,Streptococcus
115777,Streptococcus
115778,Streptococcus
115779,Streptococcus
115780,Streptococcus
115781,Streptococcus
115782,Streptococcus
115783,Streptococcus
115784,Streptococcus
115785,Streptococcus
115786,Streptococcus
115787,Streptococcus
115788,Streptococcus
115789,Streptococcus
115790,Streptococcus
115791,Streptococcus
115792,Streptococcus
115793,Streptococcus
115794,Streptococcus
115795,Streptococcus
115796,Streptococcus
115797,Streptococcus
115798,Streptococcus
115799,Streptococcus
115800,Streptococcus
115801,Streptococcus
115802,Streptococcus
115803,Streptococcus
115804,Streptococcus
115805,Streptococcus
115806,Streptococcus
115807,Streptococcus
115808,Streptococcus
115809,Streptococcus
115810,Streptococcus
115811,Streptococcus
115812,Streptococcus
115813,Streptococcus
115814,Streptococcus
115815,Streptococcus
115816,Streptococcus
115817,Streptococcus
115818,Streptococcus
115819,Streptococcus
115820,Streptococcus
115821,Streptococcus
115822,Streptococcus
115823,Streptococcus
115824,Streptococcus
115825,Streptococcus
115826,Streptococcus
115827,Streptococcus
115828,Streptococcus
115829,Streptococcus
115830,Streptococcus
115831,Streptococcus
115832,Streptococcus
115833,Streptococcus
115834,Streptococcus
115835,Streptococcus
115836,Streptococcus
115837,Streptococcus
115838,Streptococcus
115839,Streptococcus
115840,Streptococcus
115841,Streptococcus
115842,Streptococcus
115843,Streptococcus
115844,Streptococcus
115845,Streptococcus
115846,Streptococcus
115847,Streptococcus
115848,Streptococcus
115849,Streptococcus
115850,Streptococcus
115851,Streptococcus
115852,Streptococcus
115853,Streptococcus
115854,Streptococcus
115855,Streptococcus
115856,Streptococcus
115857,Streptococcus
115858,Streptococcus
115859,Streptococcus
115860,Streptococcus
115861,Streptococcus
115862,Streptococcus
115863,Streptococcus
115864,Streptococcus
115865,Streptococcus
115866,Streptococcus
115867,Streptococcus
115868,Streptococcus
115869,Streptococcus
115870,Streptococcus
115871,Streptococcus
115872,Streptococcus
115873,Streptococcus
115874,Streptococcus
115875,Streptococcus
115876,Streptococcus
115877,Streptococcus
115878,Streptococcus
115879,Streptococcus
115880,Streptococcus
115881,Streptococcus
115882,Streptococcus
115883,Streptococcus
115884,Streptococcus
115885,Streptococcus
115886,Streptococcus
115887,Streptococcus
115888,Streptococcus
115889,Streptococcus
115890,Streptococcus
115891,Streptococcus
115892,Streptococcus
115893,Streptococcus
115894,Streptococcus
115895,Streptococcus
115896,Streptococcus
115897,Streptococcus
115898,Streptococcus
115899,Streptococcus
115900,Streptococcus
115901,Streptococcus
115902,Streptococcus
115903,Streptococcus
115904,Streptococcus
115905,Streptococcus
115906,Streptococcus
115907,Streptococcus
115908,Streptococcus
115909,Streptococcus
115910,Streptococcus
115911,Streptococcus
115912,Streptococcus
115913,Streptococcus
115914,Streptococcus
115915,Streptococcus
115916,Streptococcus
115917,Streptococcus
115918,Streptococcus
115919,Streptococcus
115920,Streptococcus
115921,Streptococcus
115922,Streptococcus
115923,Streptococcus
115924,Streptococcus
115925,Streptococcus
115926,Streptococcus
115927,Streptococcus
115928,Streptococcus
115929,Streptococcus
115930,Streptococcus
115931,Streptococcus
115932,Streptococcus
115933,Streptococcus
115934,Streptococcus
115935,Streptococcus
115936,Streptococcus
115937,Streptococcus
115938,Streptococcus
115939,Streptococcus
115940,Streptococcus
115941,Streptococcus
115942,Streptococcus
115943,Streptococcus
115944,Streptococcus
115945,Streptococcus
115946,Streptococcus
115947,Streptococcus
115948,Streptococcus
115949,Streptococcus
115950,Streptococcus
115951,Streptococcus
115952,Streptococcus
115953,Streptococcus
115954,Streptococcus
115955,Streptococcus
115956,Streptococcus
115957,Streptococcus
115958,Streptococcus
115959,Streptococcus
115960,Streptococcus
115961,Streptococcus
115962,Streptococcus
115963,Streptococcus
115964,Streptococcus
115965,Streptococcus
115966,Streptococcus
115967,Streptococcus
115968,Streptococcus
115969,Streptococcus
115970,Streptococcus
115971,Streptococcus
115972,Streptococcus
115973,Streptococcus
115974,Streptococcus
115975,Streptococcus
115976,Streptococcus
115977,Streptococcus
115978,Streptococcus
115979,Streptococcus
115980,Streptococcus
115981,Streptococcus
115982,Streptococcus
115983,Streptococcus
115984,Streptococcus
115985,Streptococcus
115986,Streptococcus
115987,Streptococcus
115988,Streptococcus
115989,Streptococcus
115990,Streptococcus
115991,Streptococcus
115992,Streptococcus
115993,Streptococcus
115994,Streptococcus
115995,Streptococcus
115996,Streptococcus
115997,Streptococcus
115998,Streptococcus
115999,Streptococcus
116000,Streptococcus
116001,Streptococcus
116002,Streptococcus
116003,Streptococcus
116004,Streptococcus
116005,Streptococcus
116006,Streptococcus
116007,Streptococcus
116008,Streptococcus
116009,Streptococcus
116010,Streptococcus
116011,Streptococcus
116012,Streptococcus
116013,Streptococcus
116014,Streptococcus
116015,Streptococcus
116016,Streptococcus
116017,Streptococcus
116018,Streptococcus
116019,Streptococcus
116020,Streptococcus
116021,Streptococcus
116022,Streptococcus
116023,Streptococcus
116024,Streptococcus
116025,Streptococcus
116026,Streptococcus
116027,Streptococcus
116028,Streptococcus
116029,Streptococcus
116030,Streptococcus
116031,Streptococcus
116032,Streptococcus
116033,Streptococcus
116034,Streptococcus
116035,Streptococcus
116036,Streptococcus
116037,Streptococcus
116038,Streptococcus
116039,Streptococcus
116040,Streptococcus
116041,Streptococcus
116042,Streptococcus
116043,Streptococcus
116044,Streptococcus
116045,Streptococcus
116046,Streptococcus
116047,Streptococcus
116048,Streptococcus
116049,Streptococcus
116050,Streptococcus
116051,Streptococcus
116052,Streptococcus
116053,Streptococcus
116054,Streptococcus
116055,Streptococcus
116056,Streptococcus
116057,Streptococcus
116058,Streptococcus
116059,Streptococcus
116060,Streptococcus
116061,Streptococcus
116062,Streptococcus
116063,Streptococcus
116064,Streptococcus
116065,Streptococcus
116066,Streptococcus
116067,Streptococcus
116068,Streptococcus
116069,Streptococcus
116070,Streptococcus
116071,Streptococcus
116072,Streptococcus
116073,Streptococcus
116074,Streptococcus
116075,Streptococcus
116076,Streptococcus
116077,Streptococcus
116078,Streptococcus
116079,Streptococcus
116080,Streptococcus
116081,Streptococcus
116082,Streptococcus
116083,Streptococcus
116084,Streptococcus
116085,Streptococcus
116086,Streptococcus
116087,Streptococcus
116088,Streptococcus
116089,Streptococcus
116090,Streptococcus
116091,Streptococcus
116092,Streptococcus
116093,Streptococcus
116094,Streptococcus
116095,Streptococcus
116096,Streptococcus
116097,Streptococcus
116098,Streptococcus
116099,Streptococcus
116100,Streptococcus
116101,Streptococcus
116102,Streptococcus
116103,Streptococcus
116104,Streptococcus
116105,Streptococcus
116106,Streptococcus
116107,Streptococcus
116108,Streptococcus
116109,Streptococcus
116110,Streptococcus
116111,Streptococcus
116112,Streptococcus
116113,Streptococcus
116114,Streptococcus
116115,Streptococcus
116116,Streptococcus
116117,Streptococcus
116118,Streptococcus
116119,Streptococcus
116120,Streptococcus
116121,Streptococcus
116122,Streptococcus
116123,Streptococcus
116124,Streptococcus
116125,Streptococcus
116126,Streptococcus
116127,Streptococcus
116128,Streptococcus
116129,Streptococcus
116130,Streptococcus
116131,Streptococcus
116132,Streptococcus
116133,Streptococcus
116134,Streptococcus
116135,Streptococcus
116136,Streptococcus
116137,Streptococcus
116138,Streptococcus
116139,Streptococcus
116140,Streptococcus
116141,Streptococcus
116142,Streptococcus
116143,Streptococcus
116144,Streptococcus
116145,Streptococcus
116146,Streptococcus
116147,Streptococcus
116148,Streptococcus
116149,Streptococcus
116150,Streptococcus
116151,Streptococcus
116152,Streptococcus
116153,Streptococcus
116154,Streptococcus
116155,Streptococcus
116156,Streptococcus
116157,Streptococcus
116158,Streptococcus
116159,Streptococcus
116160,Streptococcus
116161,Streptococcus
116162,Streptococcus
116163,Streptococcus
116164,Streptococcus
116165,Streptococcus
116166,Streptococcus
116167,Streptococcus
116168,Streptococcus
116169,Streptococcus
116170,Streptococcus
116171,Streptococcus
116172,Streptococcus
116173,Streptococcus
116174,Streptococcus
116175,Streptococcus
116176,Streptococcus
116177,Streptococcus
116178,Streptococcus
116179,Streptococcus
116180,Streptococcus
116181,Streptococcus
116182,Streptococcus
116183,Streptococcus
116184,Streptococcus
116185,Streptococcus
116186,Streptococcus
116187,Streptococcus
116188,Streptococcus
116189,Streptococcus
116190,Streptococcus
116191,Streptococcus
116192,Streptococcus
116193,Streptococcus
116194,Streptococcus
116195,Streptococcus
116196,Streptococcus
116197,Streptococcus
116198,Streptococcus
116199,Streptococcus
116200,Streptococcus
116201,Streptococcus
116202,Streptococcus
116203,Streptococcus
116204,Streptococcus
116205,Streptococcus
116206,Streptococcus
116207,Streptococcus
116208,Streptococcus
116209,Streptococcus
116210,Streptococcus
116211,Streptococcus
116212,Streptococcus
116213,Streptococcus
116214,Streptococcus
116215,Streptococcus
116216,Streptococcus
116217,Streptococcus
116218,Streptococcus
116219,Streptococcus
116220,Streptococcus
116221,Streptococcus
116222,Streptococcus
116223,Streptococcus
116224,Streptococcus
116225,Streptococcus
116226,Streptococcus
116227,Streptococcus
116228,Streptococcus
116229,Streptococcus
116230,Streptococcus
116231,Streptococcus
116232,Streptococcus
116233,Streptococcus
116234,Streptococcus
116235,Streptococcus
116236,Streptococcus
116237,Streptococcus
116238,Streptococcus
116239,Streptococcus
116240,Streptococcus
116241,Streptococcus
116242,Streptococcus
116243,Streptococcus
116244,Streptococcus
116245,Streptococcus
116246,Streptococcus
116247,Streptococcus
116248,Streptococcus
116249,Streptococcus
116250,Streptococcus
116251,Streptococcus
116252,Streptococcus
116253,Streptococcus
116254,Streptococcus
116255,Streptococcus
116256,Streptococcus
116257,Streptococcus
116258,Streptococcus
116259,Streptococcus
116260,Streptococcus
116261,Streptococcus
116262,Streptococcus
116263,Streptococcus
116264,Streptococcus
116265,Streptococcus
116266,Streptococcus
116267,Streptococcus
116268,Streptococcus
116269,Streptococcus
116270,Streptococcus
116271,Streptococcus
116272,Streptococcus
116273,Streptococcus
116274,Streptococcus
116275,Streptococcus
116276,Streptococcus
116277,Streptococcus
116278,Streptococcus
116279,Streptococcus
116280,Streptococcus
116281,Streptococcus
116282,Streptococcus
116283,Streptococcus
116284,Streptococcus
116285,Streptococcus
116286,Streptococcus
116287,Streptococcus
116288,Streptococcus
116289,Streptococcus
116290,Streptococcus
116291,Streptococcus
116292,Streptococcus
116293,Streptococcus
116294,Streptococcus
116295,Streptococcus
116296,Streptococcus
116297,Streptococcus
116298,Streptococcus
116299,Streptococcus
116300,Streptococcus
116301,Streptococcus
116302,Streptococcus
116303,Streptococcus
116304,Streptococcus
116305,Streptococcus
116306,Streptococcus
116307,Streptococcus
116308,Streptococcus
116309,Streptococcus
116310,Streptococcus
116311,Streptococcus
116312,Streptococcus
116313,Streptococcus
116314,Streptococcus
116315,Streptococcus
116316,Streptococcus
116317,Streptococcus
116318,Streptococcus
116319,Streptococcus
116320,Streptococcus
116321,Streptococcus
116322,Streptococcus
116323,Streptococcus
116324,Streptococcus
116325,Streptococcus
116326,Streptococcus
116327,Streptococcus
116328,Streptococcus
116329,Streptococcus
116330,Streptococcus
116331,Streptococcus
116332,Streptococcus
116333,Streptococcus
116334,Streptococcus
116335,Streptococcus
116336,Streptococcus
116337,Streptococcus
116338,Streptococcus
116339,Streptococcus
116340,Streptococcus
116341,Streptococcus
116342,Streptococcus
116343,Streptococcus
116344,Streptococcus
116345,Streptococcus
116346,Streptococcus
116347,Streptococcus
116348,Streptococcus
116349,Streptococcus
116350,Streptococcus
116351,Streptococcus
116352,Streptococcus
116353,Streptococcus
116354,Streptococcus
116355,Streptococcus
116356,Streptococcus
116357,Streptococcus
116358,Streptococcus
116359,Streptococcus
116360,Streptococcus
116361,Streptococcus
116362,Streptococcus
116363,Streptococcus
116364,Streptococcus
116365,Streptococcus
116366,Streptococcus
116367,Streptococcus
116368,Streptococcus
116369,Streptococcus
116370,Streptococcus
116371,Streptococcus
116372,Streptococcus
116373,Streptococcus
116374,Streptococcus
116375,Streptococcus
116376,Streptococcus
116377,Streptococcus
116378,Streptococcus
116379,Streptococcus
116380,Streptococcus
116381,Streptococcus
116382,Streptococcus
116383,Streptococcus
116384,Streptococcus
116385,Streptococcus
116386,Streptococcus
116387,Streptococcus
116388,Streptococcus
116389,Streptococcus
116390,Streptococcus
116391,Streptococcus
116392,Streptococcus
116393,Streptococcus
116394,Streptococcus
116395,Streptococcus
116396,Streptococcus
116397,Streptococcus
116398,Streptococcus
116399,Streptococcus
116400,Streptococcus
116401,Streptococcus
116402,Streptococcus
116403,Streptococcus
116404,Streptococcus
116405,Streptococcus
116406,Streptococcus
116407,Streptococcus
116408,Streptococcus
116409,Streptococcus
116410,Streptococcus
116411,Streptococcus
116412,Streptococcus
116413,Streptococcus
116414,Streptococcus
116415,Streptococcus
116416,Streptococcus
116417,Streptococcus
116418,Streptococcus
116419,Streptococcus
116420,Streptococcus
116421,Streptococcus
116422,Streptococcus
116423,Streptococcus
116424,Streptococcus
116425,Streptococcus
116426,Streptococcus
116427,Streptococcus
116428,Streptococcus
116429,Streptococcus
116430,Streptococcus
116431,Streptococcus
116432,Streptococcus
116433,Streptococcus
116434,Streptococcus
116435,Streptococcus
116436,Streptococcus
116437,Streptococcus
116438,Streptococcus
116439,Streptococcus
116440,Streptococcus
116441,Streptococcus
116442,Streptococcus
116443,Streptococcus
116444,Streptococcus
116445,Streptococcus
116446,Streptococcus
116447,Streptococcus
116448,Streptococcus
116449,Streptococcus
116450,Streptococcus
116451,Streptococcus
116452,Streptococcus
116453,Streptococcus
116454,Streptococcus
116455,Streptococcus
116456,Streptococcus
116457,Streptococcus
116458,Streptococcus
116459,Streptococcus
116460,Streptococcus
116461,Streptococcus
116462,Streptococcus
116463,Streptococcus
116464,Streptococcus
116465,Streptococcus
116466,Streptococcus
116467,Streptococcus
116468,Streptococcus
116469,Streptococcus
116470,Streptococcus
116471,Streptococcus
116472,Streptococcus
116473,Streptococcus
116474,Streptococcus
116475,Streptococcus
116476,Streptococcus
116477,Streptococcus
116478,Streptococcus
116479,Streptococcus
116480,Streptococcus
116481,Streptococcus
116482,Streptococcus
116483,Streptococcus
116484,Streptococcus
116485,Streptococcus
116486,Streptococcus
116487,Streptococcus
116488,Streptococcus
116489,Streptococcus
116490,Streptococcus
116491,Streptococcus
116492,Streptococcus
116493,Streptococcus
116494,Streptococcus
116495,Streptococcus
116496,Streptococcus
116497,Streptococcus
116498,Streptococcus
116499,Streptococcus
116500,Streptococcus
116501,Streptococcus
116502,Streptococcus
116503,Streptococcus
116504,Streptococcus
116505,Streptococcus
116506,Streptococcus
116507,Streptococcus
116508,Streptococcus
116509,Streptococcus
116510,Streptococcus
116511,Streptococcus
116512,Streptococcus
116513,Streptococcus
116514,Streptococcus
116515,Streptococcus
116516,Streptococcus
116517,Streptococcus
116518,Streptococcus
116519,Streptococcus
116520,Streptococcus
116521,Streptococcus
116522,Streptococcus
116523,Streptococcus
116524,Streptococcus
116525,Streptococcus
116526,Streptococcus
116527,Streptococcus
116528,Streptococcus
116529,Streptococcus
116530,Streptococcus
116531,Streptococcus
116532,Streptococcus
116533,Streptococcus
116534,Streptococcus
116535,Streptococcus
116536,Streptococcus
116537,Streptococcus
116538,Streptococcus
116539,Streptococcus
116540,Streptococcus
116541,Streptococcus
116542,Streptococcus
116543,Streptococcus
116544,Streptococcus
116545,Streptococcus
116546,Streptococcus
116547,Streptococcus
116548,Streptococcus
116549,Streptococcus
116550,Streptococcus
116551,Streptococcus
116552,Streptococcus
116553,Streptococcus
116554,Streptococcus
116555,Streptococcus
116556,Streptococcus
116557,Streptococcus
116558,Streptococcus
116559,Streptococcus
116560,Streptococcus
116561,Streptococcus
116562,Streptococcus
116563,Streptococcus
116564,Streptococcus
116565,Streptococcus
116566,Streptococcus
116567,Streptococcus
116568,Streptococcus
116569,Streptococcus
116570,Streptococcus
116571,Streptococcus
116572,Streptococcus
116573,Streptococcus
116574,Streptococcus
116575,Streptococcus
116576,Streptococcus
116577,Streptococcus
116578,Streptococcus
116580,Streptococcus
116581,Streptococcus
116582,Streptococcus
116583,Streptococcus
116584,Streptococcus
116585,Streptococcus
116586,Streptococcus
116587,Streptococcus
116588,Streptococcus
116589,Streptococcus
116590,Streptococcus
116591,Streptococcus
116592,Streptococcus
116593,Streptococcus
116594,Streptococcus
116595,Streptococcus
116596,Streptococcus
116597,Streptococcus
116598,Streptococcus
116599,Streptococcus
116600,Streptococcus
116601,Streptococcus
116602,Streptococcus
116603,Streptococcus
116604,Streptococcus
116605,Streptococcus
116606,Streptococcus
116607,Streptococcus
116608,Streptococcus
116609,Streptococcus
116610,Streptococcus
116611,Streptococcus
116612,Streptococcus
116613,Streptococcus
116614,Streptococcus
116615,Streptococcus
116616,Streptococcus
116617,Streptococcus
116618,Streptococcus
116619,Streptococcus
116620,Streptococcus
116621,Streptococcus
116622,Streptococcus
116623,Streptococcus
116624,Streptococcus
116625,Streptococcus
116626,Streptococcus
116627,Streptococcus
116628,Streptococcus
116629,Streptococcus
116630,Streptococcus
116631,Streptococcus
116632,Streptococcus
116633,Streptococcus
116634,Streptococcus
116635,Streptococcus
116636,Streptococcus
116637,Streptococcus
116638,Streptococcus
116639,Streptococcus
116640,Streptococcus
116641,Streptococcus
116642,Streptococcus
116643,Streptococcus
116644,Streptococcus
116645,Streptococcus
116646,Streptococcus
116647,Streptococcus
116648,Streptococcus
116649,Streptococcus
116650,Streptococcus
116651,Streptococcus
116652,Streptococcus
116653,Streptococcus
116654,Streptococcus
116655,Streptococcus
116656,Streptococcus
116657,Streptococcus
116658,Streptococcus
116659,Streptococcus
116660,Streptococcus
116661,Streptococcus
116662,Streptococcus
116663,Streptococcus
116664,Streptococcus
116665,Streptococcus
116666,Streptococcus
116667,Streptococcus
116668,Streptococcus
116669,Streptococcus
116670,Streptococcus
116671,Streptococcus
116672,Streptococcus
116673,Streptococcus
116674,Streptococcus
116675,Streptococcus
116676,Streptococcus
116677,Streptococcus
116678,Streptococcus
116679,Streptococcus
116680,Streptococcus
116681,Streptococcus
116682,Streptococcus
116683,Streptococcus
116684,Streptococcus
116685,Streptococcus
116686,Streptococcus
116687,Streptococcus
116688,Streptococcus
116689,Streptococcus
116690,Streptococcus
116691,Streptococcus
116692,Streptococcus
116693,Streptococcus
116694,Streptococcus
116695,Streptococcus
116696,Streptococcus
116697,Streptococcus
116698,Streptococcus
116699,Streptococcus
116700,Streptococcus
116701,Streptococcus
116702,Streptococcus
116703,Streptococcus
116704,Streptococcus
116705,Streptococcus
116706,Streptococcus
116707,Streptococcus
116708,Streptococcus
116709,Streptococcus
116710,Streptococcus
116711,Streptococcus
116712,Streptococcus
116713,Streptococcus
116714,Streptococcus
116715,Streptococcus
116716,Streptococcus
116717,Streptococcus
116718,Streptococcus
116719,Streptococcus
116720,Streptococcus
116721,Streptococcus
116722,Streptococcus
116723,Streptococcus
116724,Streptococcus
116725,Streptococcus
116726,Streptococcus
116727,Streptococcus
116728,Streptococcus
116729,Streptococcus
116730,Streptococcus
116731,Streptococcus
116732,Streptococcus
116733,Streptococcus
116734,Streptococcus
116735,Streptococcus
116736,Streptococcus
116737,Streptococcus
116738,Streptococcus
116739,Streptococcus
116740,Streptococcus
116741,Streptococcus
116742,Streptococcus
116743,Streptococcus
116744,Streptococcus
116745,Streptococcus
116746,Streptococcus
116747,Streptococcus
116748,Streptococcus
116749,Streptococcus
116750,Streptococcus
116751,Streptococcus
116752,Streptococcus
116753,Streptococcus
116754,Streptococcus
116755,Streptococcus
116756,Streptococcus
116757,Streptococcus
116758,Streptococcus
116759,Streptococcus
116760,Streptococcus
116761,Streptococcus
116762,Streptococcus
116763,Streptococcus
116764,Streptococcus
116765,Streptococcus
116766,Streptococcus
116767,Streptococcus
116768,Streptococcus
116769,Streptococcus
116770,Streptococcus
116771,Streptococcus
116772,Streptococcus
116773,Streptococcus
116774,Streptococcus
116775,Streptococcus
116776,Streptococcus
116777,Streptococcus
116778,Streptococcus
116779,Streptococcus
116780,Streptococcus
116781,Streptococcus
116782,Streptococcus
116783,Streptococcus
116784,Streptococcus
116785,Streptococcus
116786,Streptococcus
116787,Streptococcus
116788,Streptococcus
116789,Streptococcus
116790,Streptococcus
116791,Streptococcus
116792,Streptococcus
116793,Streptococcus
116794,Streptococcus
116795,Streptococcus
116796,Streptococcus
116797,Streptococcus
116798,Streptococcus
116799,Streptococcus
116800,Streptococcus
116801,Streptococcus
116802,Streptococcus
116803,Streptococcus
116804,Streptococcus
116805,Streptococcus
116806,Streptococcus
116807,Streptococcus
116808,Streptococcus
116809,Streptococcus
116810,Streptococcus
116811,Streptococcus
116812,Streptococcus
116813,Streptococcus
116814,Streptococcus
116815,Streptococcus
116816,Streptococcus
116817,Streptococcus
116818,Streptococcus
116819,Streptococcus
116820,Streptococcus
116821,Streptococcus
116822,Streptococcus
116823,Streptococcus
116824,Streptococcus
116825,Streptococcus
116826,Streptococcus
116827,Streptococcus
116828,Streptococcus
116829,Streptococcus
116830,Streptococcus
116831,Streptococcus
116832,Streptococcus
116833,Streptococcus
116834,Streptococcus
116835,Streptococcus
116836,Streptococcus
116837,Streptococcus
116838,Streptococcus
116839,Streptococcus
116840,Streptococcus
116841,Streptococcus
116842,Streptococcus
116843,Streptococcus
116844,Streptococcus
116845,Streptococcus
116846,Streptococcus
116847,Streptococcus
116848,Streptococcus
116849,Streptococcus
116850,Streptococcus
116851,Streptococcus
116852,Streptococcus
116853,Streptococcus
116854,Streptococcus
116855,Streptococcus
116856,Streptococcus
116857,Streptococcus
116858,Streptococcus
116859,Streptococcus
116860,Streptococcus
116861,Streptococcus
116862,Streptococcus
116863,Streptococcus
116864,Streptococcus
116865,Streptococcus
116866,Streptococcus
116867,Streptococcus
116868,Streptococcus
116869,Streptococcus
116870,Streptococcus
116871,Streptococcus
116872,Streptococcus
116873,Streptococcus
116874,Streptococcus
116875,Streptococcus
116876,Streptococcus
116877,Streptococcus
116878,Streptococcus
116879,Streptococcus
116880,Streptococcus
116881,Streptococcus
116882,Streptococcus
116883,Streptococcus
116884,Streptococcus
116885,Streptococcus
116886,Streptococcus
116887,Streptococcus
116888,Streptococcus
116889,Streptococcus
116890,Streptococcus
116891,Streptococcus
116892,Streptococcus
116893,Streptococcus
116894,Streptococcus
116895,Streptococcus
116896,Streptococcus
116897,Streptococcus
116898,Streptococcus
116899,Streptococcus
116900,Streptococcus
116901,Streptococcus
116902,Streptococcus
116903,Streptococcus
116904,Streptococcus
116905,Streptococcus
116906,Streptococcus
116907,Streptococcus
116908,Streptococcus
116909,Streptococcus
116910,Streptococcus
116911,Streptococcus
116912,Streptococcus
116913,Streptococcus
116914,Streptococcus
116915,Streptococcus
116916,Streptococcus
116917,Streptococcus
116918,Streptococcus
116919,Streptococcus
116920,Streptococcus
116921,Streptococcus
116922,Streptococcus
116923,Streptococcus
116924,Streptococcus
116925,Streptococcus
116926,Streptococcus
116927,Streptococcus
116928,Streptococcus
116929,Streptococcus
116930,Streptococcus
116931,Streptococcus
116932,Streptococcus
116933,Streptococcus
116934,Streptococcus
116935,Streptococcus
116936,Streptococcus
116937,Streptococcus
116938,Streptococcus
116939,Streptococcus
116940,Streptococcus
116941,Streptococcus
116942,Streptococcus
116943,Streptococcus
116944,Streptococcus
116945,Streptococcus
116946,Streptococcus
116947,Streptococcus
116948,Streptococcus
116949,Streptococcus
116950,Streptococcus
116951,Streptococcus
116952,Streptococcus
116953,Streptococcus
116954,Streptococcus
116955,Streptococcus
116956,Streptococcus
116957,Streptococcus
116958,Streptococcus
116959,Streptococcus
116960,Streptococcus
116961,Streptococcus
116962,Streptococcus
116963,Streptococcus
116964,Streptococcus
116965,Streptococcus
116966,Streptococcus
116967,Streptococcus
116968,Streptococcus
116969,Streptococcus
116970,Streptococcus
116971,Streptococcus
116972,Streptococcus
116973,Streptococcus
116974,Streptococcus
116975,Streptococcus
116976,Streptococcus
116977,Streptococcus
116978,Streptococcus
116979,Streptococcus
116980,Streptococcus
116981,Streptococcus
116982,Streptococcus
116983,Streptococcus
116984,Streptococcus
116985,Streptococcus
116986,Streptococcus
116987,Streptococcus
116988,Streptococcus
116989,Streptococcus
116990,Streptococcus
116991,Streptococcus
116992,Streptococcus
116993,Streptococcus
116994,Streptococcus
116995,Streptococcus
116996,Streptococcus
116997,Streptococcus
116998,Streptococcus
116999,Streptococcus
117000,Streptococcus
117001,Streptococcus
117002,Streptococcus
117003,Streptococcus
117004,Streptococcus
117005,Streptococcus
117006,Streptococcus
117007,Streptococcus
117008,Streptococcus
117009,Streptococcus
117010,Streptococcus
117011,Streptococcus
117012,Streptococcus
117013,Streptococcus
117014,Streptococcus
117015,Streptococcus
117016,Streptococcus
117017,Streptococcus
117018,Streptococcus
117019,Streptococcus
117020,Streptococcus
117021,Streptococcus
117022,Streptococcus
117023,Streptococcus
117024,Streptococcus
117025,Streptococcus
117026,Streptococcus
117027,Streptococcus
117028,Streptococcus
117029,Streptococcus
117030,Streptococcus
117031,Streptococcus
117032,Streptococcus
117033,Streptococcus
117034,Streptococcus
117035,Streptococcus
117036,Streptococcus
117037,Streptococcus
117038,Streptococcus
117039,Streptococcus
117618,Streptococcus
117619,Streptococcus
117620,Streptococcus
117621,Streptococcus
117622,Streptococcus
117623,Streptococcus
117624,Streptococcus
117625,Streptococcus
117626,Streptococcus
117627,Streptococcus
117628,Streptococcus
117629,Streptococcus
117630,Streptococcus
117631,Streptococcus
117632,Streptococcus
117633,Streptococcus
117634,Streptococcus
117635,Streptococcus
117636,Streptococcus
117637,Streptococcus
117638,Streptococcus
117639,Streptococcus
117640,Streptococcus
117641,Streptococcus
117642,Streptococcus
117657,Streptococcus
117658,Streptococcus
117659,Streptococcus
117660,Streptococcus
117661,Streptococcus
117662,Streptococcus
117663,Streptococcus
117664,Streptococcus
117665,Streptococcus
117666,Streptococcus
117667,Streptococcus
117668,Streptococcus
117669,Streptococcus
117670,Streptococcus
117671,Streptococcus
117672,Streptococcus
117673,Streptococcus
117674,Streptococcus
117675,Streptococcus
117676,Streptococcus
117677,Streptococcus
117718,Streptococcus
117719,Streptococcus
117720,Streptococcus
117721,Streptococcus
117722,Streptococcus
117723,Streptococcus
117724,Streptococcus
117725,Streptococcus
117726,Streptococcus
117727,Streptococcus
117728,Streptococcus
117729,Streptococcus
117730,Streptococcus
117731,Streptococcus
117732,Streptococcus
117733,Streptococcus
117734,Streptococcus
117735,Streptococcus
117736,Streptococcus
117737,Streptococcus
117738,Streptococcus
117739,Streptococcus
117740,Streptococcus
117741,Streptococcus
117742,Streptococcus
117743,Streptococcus
117744,Streptococcus
117745,Streptococcus
117746,Streptococcus
117747,Streptococcus
117748,Streptococcus
117749,Streptococcus
117750,Streptococcus
117751,Streptococcus
117752,Streptococcus
117753,Streptococcus
117754,Streptococcus
117755,Streptococcus
117756,Streptococcus
117757,Streptococcus
117758,Streptococcus
117759,Streptococcus
117760,Streptococcus
117761,Streptococcus
117762,Streptococcus
117763,Streptococcus
117764,Streptococcus
117765,Streptococcus
117766,Streptococcus
117767,Streptococcus
117768,Streptococcus
117769,Streptococcus
117770,Streptococcus
117771,Streptococcus
117772,Streptococcus
117773,Streptococcus
117774,Streptococcus
117775,Streptococcus
117776,Streptococcus
117777,Streptococcus
117778,Streptococcus
117779,Streptococcus
117780,Streptococcus
117781,Streptococcus
117782,Streptococcus
117783,Streptococcus
117784,Streptococcus
117785,Streptococcus
117786,Streptococcus
117787,Streptococcus
117788,Streptococcus
117789,Streptococcus
117790,Streptococcus
117791,Streptococcus
117792,Streptococcus
117793,Streptococcus
117794,Streptococcus
117795,Streptococcus
117796,Streptococcus
117797,Streptococcus
117798,Streptococcus
117799,Streptococcus
117800,Streptococcus
117801,Streptococcus
117802,Streptococcus
117803,Streptococcus
117804,Streptococcus
117805,Streptococcus
117806,Streptococcus
117807,Streptococcus
117808,Streptococcus
117809,Streptococcus
117810,Streptococcus
117811,Streptococcus
117812,Streptococcus
117813,Streptococcus
117814,Streptococcus
117815,Streptococcus
117816,Streptococcus
117817,Streptococcus
117818,Streptococcus
117819,Streptococcus
117820,Streptococcus
117821,Streptococcus
117822,Streptococcus
117823,Streptococcus
117824,Streptococcus
117825,Streptococcus
117826,Streptococcus
117827,Streptococcus
117828,Streptococcus
117829,Streptococcus
117830,Streptococcus
117831,Streptococcus
117832,Streptococcus
117833,Streptococcus
117834,Streptococcus
117835,Streptococcus
117836,Streptococcus
117837,Streptococcus
117838,Streptococcus
117839,Streptococcus
117840,Streptococcus
117841,Streptococcus
117842,Streptococcus
117843,Streptococcus
117844,Streptococcus
117845,Streptococcus
117846,Streptococcus
117847,Streptococcus
117848,Streptococcus
117849,Streptococcus
117850,Streptococcus
117851,Streptococcus
117852,Streptococcus
117853,Streptococcus
117854,Streptococcus
117855,Streptococcus
117856,Streptococcus
117857,Streptococcus
117858,Streptococcus
117859,Streptococcus
117860,Streptococcus
117861,Streptococcus
117862,Streptococcus
117863,Streptococcus
117864,Streptococcus
117865,Streptococcus
117866,Streptococcus
117867,Streptococcus
117868,Streptococcus
117869,Streptococcus
117870,Streptococcus
117871,Streptococcus
117872,Streptococcus
117873,Streptococcus
117874,Streptococcus
117875,Streptococcus
117876,Streptococcus
117877,Streptococcus
117878,Streptococcus
117879,Streptococcus
117880,Streptococcus
117881,Streptococcus
117882,Streptococcus
117883,Streptococcus
117884,Streptococcus
117885,Streptococcus
117886,Streptococcus
117887,Streptococcus
117888,Streptococcus
117889,Streptococcus
117890,Streptococcus
117891,Streptococcus
117892,Streptococcus
117893,Streptococcus
117894,Streptococcus
117895,Streptococcus
117896,Streptococcus
117897,Streptococcus
117898,Streptococcus
117899,Streptococcus
117900,Streptococcus
117901,Streptococcus
117902,Streptococcus
117903,Streptococcus
117904,Streptococcus
117905,Streptococcus
117906,Streptococcus
117907,Streptococcus
117908,Streptococcus
117909,Streptococcus
117910,Streptococcus
117911,Streptococcus
117912,Streptococcus
117913,Streptococcus
117914,Streptococcus
117915,Streptococcus
117916,Streptococcus
117917,Streptococcus
117918,Streptococcus
117919,Streptococcus
117920,Streptococcus
117921,Streptococcus
117922,Streptococcus
117923,Streptococcus
117924,Streptococcus
117925,Streptococcus
117926,Streptococcus
117927,Streptococcus
117928,Streptococcus
117929,Streptococcus
117930,Streptococcus
117931,Streptococcus
117932,Streptococcus
117933,Streptococcus
117934,Streptococcus
117935,Streptococcus
117936,Streptococcus
117937,Streptococcus
117938,Streptococcus
117939,Streptococcus
117940,Streptococcus
117941,Streptococcus
117942,Streptococcus
117943,Streptococcus
117944,Streptococcus
117945,Streptococcus
117946,Streptococcus
117947,Streptococcus
117948,Streptococcus
117949,Streptococcus
117950,Streptococcus
117951,Streptococcus
117952,Streptococcus
117953,Streptococcus
117954,Streptococcus
117955,Streptococcus
117956,Streptococcus
117957,Streptococcus
117958,Streptococcus
117959,Streptococcus
117960,Streptococcus
117961,Streptococcus
117962,Streptococcus
117963,Streptococcus
117964,Streptococcus
117965,Streptococcus
117966,Streptococcus
117967,Streptococcus
117968,Streptococcus
117969,Streptococcus
117970,Streptococcus
117971,Streptococcus
117972,Streptococcus
117973,Streptococcus
117974,Streptococcus
117975,Streptococcus
117976,Streptococcus
117977,Streptococcus
117978,Streptococcus
117979,Streptococcus
117980,Streptococcus
117981,Streptococcus
117982,Streptococcus
117983,Streptococcus
117984,Streptococcus
117985,Streptococcus
117986,Streptococcus
117987,Streptococcus
117988,Streptococcus
117989,Streptococcus
117990,Streptococcus
117991,Streptococcus
117992,Streptococcus
117993,Streptococcus
117994,Streptococcus
117995,Streptococcus
117996,Streptococcus
117997,Streptococcus
117998,Streptococcus
117999,Streptococcus
118000,Streptococcus
118001,Streptococcus
118002,Streptococcus
118003,Streptococcus
118004,Streptococcus
118005,Streptococcus
118006,Streptococcus
118007,Streptococcus
118008,Streptococcus
118009,Streptococcus
118010,Streptococcus
118011,Streptococcus
118012,Streptococcus
118013,Streptococcus
118014,Streptococcus
118015,Streptococcus
118016,Streptococcus
118017,Streptococcus
118018,Streptococcus
118019,Streptococcus
118020,Streptococcus
118021,Streptococcus
118022,Streptococcus
118023,Streptococcus
118024,Streptococcus
118025,Streptococcus
118026,Streptococcus
118027,Streptococcus
118028,Streptococcus
118029,Streptococcus
118030,Streptococcus
118031,Streptococcus
118032,Streptococcus
118033,Streptococcus
118034,Streptococcus
118035,Streptococcus
118036,Streptococcus
118037,Streptococcus
118038,Streptococcus
118039,Streptococcus
118040,Streptococcus
118041,Streptococcus
118042,Streptococcus
118043,Streptococcus
118044,Streptococcus
118045,Streptococcus
118046,Streptococcus
118047,Streptococcus
118048,Streptococcus
118049,Streptococcus
118050,Streptococcus
118082,Streptococcus
118083,Streptococcus
118084,Streptococcus
118085,Streptococcus
118086,Streptococcus
118087,Streptococcus
118088,Streptococcus
118089,Streptococcus
118090,Streptococcus
118091,Streptococcus
118092,Streptococcus
118093,Streptococcus
118094,Streptococcus
118095,Streptococcus
118096,Streptococcus
118097,Streptococcus
118098,Streptococcus
118099,Streptococcus
118100,Streptococcus
118101,Streptococcus
118102,Streptococcus
118103,Streptococcus
118104,Streptococcus
118105,Streptococcus
118106,Streptococcus
118107,Streptococcus
118108,Streptococcus
118109,Streptococcus
118110,Streptococcus
118111,Streptococcus
118112,Streptococcus
118113,Streptococcus
118114,Streptococcus
118115,Streptococcus
118116,Streptococcus
118117,Streptococcus
118118,Streptococcus
118119,Streptococcus
118120,Streptococcus
118121,Streptococcus
118122,Streptococcus
118123,Streptococcus
118124,Streptococcus
118125,Streptococcus
118126,Streptococcus
118127,Streptococcus
118128,Streptococcus
118129,Streptococcus
118130,Streptococcus
118131,Streptococcus
118132,Streptococcus
118133,Streptococcus
118134,Streptococcus
118135,Streptococcus
118136,Streptococcus
118137,Streptococcus
118138,Streptococcus
118139,Streptococcus
118140,Streptococcus
118141,Streptococcus
118142,Streptococcus
118143,Streptococcus
118144,Streptococcus
118145,Streptococcus
118146,Streptococcus
118147,Streptococcus
118148,Streptococcus
118149,Streptococcus
118150,Streptococcus
118151,Streptococcus
118152,Streptococcus
118153,Streptococcus
118154,Streptococcus
118155,Streptococcus
118156,Streptococcus
118157,Streptococcus
118158,Streptococcus
118159,Streptococcus
118160,Streptococcus
118161,Streptococcus
118162,Streptococcus
118163,Streptococcus
118164,Streptococcus
118165,Streptococcus
118166,Streptococcus
118167,Streptococcus
118168,Streptococcus
118169,Streptococcus
118170,Streptococcus
118171,Streptococcus
118172,Streptococcus
118173,Streptococcus
118174,Streptococcus
118175,Streptococcus
118176,Streptococcus
118177,Streptococcus
118178,Streptococcus
118179,Streptococcus
118180,Streptococcus
118181,Streptococcus
118182,Streptococcus
118183,Streptococcus
118184,Streptococcus
118185,Streptococcus
118186,Streptococcus
118187,Streptococcus
118188,Streptococcus
118189,Streptococcus
118190,Streptococcus
118191,Streptococcus
118192,Streptococcus
118193,Streptococcus
118194,Streptococcus
118195,Streptococcus
118196,Streptococcus
118197,Streptococcus
118198,Streptococcus
118199,Streptococcus
118200,Streptococcus
118201,Streptococcus
118202,Streptococcus
118203,Streptococcus
118204,Streptococcus
118205,Streptococcus
118206,Streptococcus
118207,Streptococcus
118208,Streptococcus
118209,Streptococcus
118210,Streptococcus
118211,Streptococcus
118212,Streptococcus
118213,Streptococcus
118214,Streptococcus
118215,Streptococcus
118216,Streptococcus
118217,Streptococcus
118218,Streptococcus
118219,Streptococcus
118220,Streptococcus
118221,Streptococcus
118222,Streptococcus
118223,Streptococcus
118224,Streptococcus
118225,Streptococcus
118226,Streptococcus
118227,Streptococcus
118228,Streptococcus
118229,Streptococcus
118230,Streptococcus
118231,Streptococcus
118232,Streptococcus
118233,Streptococcus
118234,Streptococcus
118235,Streptococcus
118236,Streptococcus
118237,Streptococcus
118238,Streptococcus
118239,Streptococcus
118240,Streptococcus
118241,Streptococcus
118242,Streptococcus
118243,Streptococcus
118244,Streptococcus
118245,Streptococcus
118246,Streptococcus
118247,Streptococcus
118248,Streptococcus
118249,Streptococcus
118250,Streptococcus
118251,Streptococcus
118252,Streptococcus
118253,Streptococcus
118254,Streptococcus
118255,Streptococcus
118256,Streptococcus
118257,Streptococcus
118258,Streptococcus
118259,Streptococcus
118260,Streptococcus
118261,Streptococcus
118262,Streptococcus
118263,Streptococcus
118264,Streptococcus
118265,Streptococcus
118266,Streptococcus
118267,Streptococcus
118268,Streptococcus
118269,Streptococcus
118270,Streptococcus
118271,Streptococcus
118272,Streptococcus
118273,Streptococcus
118274,Streptococcus
118275,Streptococcus
118276,Streptococcus
118277,Streptococcus
118278,Streptococcus
118279,Streptococcus
118280,Streptococcus
118281,Streptococcus
118282,Streptococcus
118283,Streptococcus
118284,Streptococcus
118285,Streptococcus
118286,Streptococcus
118287,Streptococcus
118288,Streptococcus
118289,Streptococcus
118290,Streptococcus
118291,Streptococcus
118292,Streptococcus
118293,Streptococcus
118294,Streptococcus
118295,Streptococcus
118296,Streptococcus
118297,Streptococcus
118298,Streptococcus
118299,Streptococcus
118300,Streptococcus
118301,Streptococcus
118302,Streptococcus
118303,Streptococcus
118304,Streptococcus
118305,Streptococcus
118306,Streptococcus
118307,Streptococcus
118308,Streptococcus
118309,Streptococcus
118310,Streptococcus
118311,Streptococcus
118312,Streptococcus
118313,Streptococcus
118314,Streptococcus
118315,Streptococcus
118316,Streptococcus
118317,Streptococcus
118318,Streptococcus
118319,Streptococcus
118320,Streptococcus
118321,Streptococcus
118322,Streptococcus
118323,Streptococcus
118324,Streptococcus
118325,Streptococcus
118326,Streptococcus
118327,Streptococcus
118328,Streptococcus
118329,Streptococcus
118330,Streptococcus
118331,Streptococcus
118332,Streptococcus
118333,Streptococcus
118334,Streptococcus
118335,Streptococcus
118336,Streptococcus
118337,Streptococcus
118338,Streptococcus
118339,Streptococcus
118340,Streptococcus
118341,Streptococcus
118342,Streptococcus
118343,Streptococcus
118344,Streptococcus
118345,Streptococcus
118346,Streptococcus
118347,Streptococcus
118348,Streptococcus
118349,Streptococcus
118350,Streptococcus
118351,Streptococcus
118352,Streptococcus
118353,Streptococcus
118354,Streptococcus
118355,Streptococcus
118356,Streptococcus
118357,Streptococcus
118358,Streptococcus
118359,Streptococcus
118360,Streptococcus
118361,Streptococcus
118362,Streptococcus
118363,Streptococcus
118364,Streptococcus
118365,Streptococcus
118366,Streptococcus
118367,Streptococcus
118368,Streptococcus
118369,Streptococcus
118370,Streptococcus
118371,Streptococcus
118372,Streptococcus
118373,Streptococcus
118374,Streptococcus
118375,Streptococcus
118376,Streptococcus
118377,Streptococcus
118378,Streptococcus
118379,Streptococcus
118380,Streptococcus
118381,Streptococcus
118382,Streptococcus
118383,Streptococcus
118384,Streptococcus
118385,Streptococcus
118386,Streptococcus
118387,Streptococcus
118388,Streptococcus
118389,Streptococcus
118390,Streptococcus
118391,Streptococcus
118392,Streptococcus
118393,Streptococcus
118394,Streptococcus
118395,Streptococcus
118396,Streptococcus
118397,Streptococcus
118398,Streptococcus
118399,Streptococcus
118400,Streptococcus
118401,Streptococcus
118402,Streptococcus
118403,Streptococcus
118404,Streptococcus
118405,Streptococcus
118406,Streptococcus
118407,Streptococcus
118408,Streptococcus
118409,Streptococcus
118410,Streptococcus
118411,Streptococcus
118412,Streptococcus
118413,Streptococcus
118414,Streptococcus
118415,Streptococcus
118416,Streptococcus
118417,Streptococcus
118418,Streptococcus
118419,Streptococcus
118420,Streptococcus
118421,Streptococcus
118422,Streptococcus
118423,Streptococcus
118424,Streptococcus
118425,Streptococcus
118426,Streptococcus
118427,Streptococcus
118428,Streptococcus
118429,Streptococcus
118430,Streptococcus
118431,Streptococcus
118432,Streptococcus
118433,Streptococcus
118434,Streptococcus
118435,Streptococcus
118436,Streptococcus
118437,Streptococcus
118438,Streptococcus
118439,Streptococcus
118440,Streptococcus
118441,Streptococcus
118442,Streptococcus
118443,Streptococcus
118444,Streptococcus
118445,Streptococcus
118446,Streptococcus
118447,Streptococcus
118448,Streptococcus
118449,Streptococcus
118450,Streptococcus
118451,Streptococcus
118452,Streptococcus
118453,Streptococcus
118454,Streptococcus
118455,Streptococcus
118456,Streptococcus
118457,Streptococcus
118458,Streptococcus
118459,Streptococcus
118460,Streptococcus
118461,Streptococcus
118462,Streptococcus
118463,Streptococcus
118464,Streptococcus
118465,Streptococcus
118466,Streptococcus
118467,Streptococcus
118468,Streptococcus
118469,Streptococcus
118470,Streptococcus
118471,Streptococcus
118472,Streptococcus
118473,Streptococcus
118474,Streptococcus
118475,Streptococcus
118476,Streptococcus
118477,Streptococcus
118478,Streptococcus
118479,Streptococcus
118480,Streptococcus
118481,Streptococcus
118482,Streptococcus
118483,Streptococcus
118484,Streptococcus
118485,Streptococcus
118486,Streptococcus
118487,Streptococcus
118488,Streptococcus
118489,Streptococcus
118490,Streptococcus
118491,Streptococcus
118492,Streptococcus
118493,Streptococcus
118494,Streptococcus
118495,Streptococcus
118496,Streptococcus
118497,Streptococcus
118498,Streptococcus
118499,Streptococcus
118500,Streptococcus
118501,Streptococcus
118502,Streptococcus
118503,Streptococcus
118504,Streptococcus
118505,Streptococcus
118506,Streptococcus
118507,Streptococcus
118508,Streptococcus
118509,Streptococcus
118510,Streptococcus
118511,Streptococcus
118512,Streptococcus
118513,Streptococcus
118514,Streptococcus
118515,Streptococcus
118516,Streptococcus
118517,Streptococcus
118518,Streptococcus
118519,Streptococcus
118520,Streptococcus
118521,Streptococcus
118522,Streptococcus
118523,Streptococcus
118524,Streptococcus
118525,Streptococcus
118526,Streptococcus
118527,Streptococcus
118528,Streptococcus
118529,Streptococcus
118530,Streptococcus
118531,Streptococcus
118532,Streptococcus
118533,Streptococcus
118534,Streptococcus
118535,Streptococcus
118536,Streptococcus
118537,Streptococcus
118538,Streptococcus
118539,Streptococcus
118540,Streptococcus
118541,Streptococcus
118542,Streptococcus
118543,Streptococcus
118544,Streptococcus
118545,Streptococcus
118546,Streptococcus
118547,Streptococcus
118548,Streptococcus
118549,Streptococcus
118550,Streptococcus
118551,Streptococcus
118552,Streptococcus
118553,Streptococcus
118554,Streptococcus
118555,Streptococcus
118556,Streptococcus
118557,Streptococcus
118558,Streptococcus
118559,Streptococcus
118560,Streptococcus
118561,Streptococcus
118562,Streptococcus
118563,Streptococcus
118564,Streptococcus
118565,Streptococcus
118566,Streptococcus
118567,Streptococcus
118568,Streptococcus
118569,Streptococcus
118570,Streptococcus
118571,Streptococcus
118572,Streptococcus
118573,Streptococcus
118574,Streptococcus
118575,Streptococcus
118576,Streptococcus
118577,Streptococcus
118578,Streptococcus
118579,Streptococcus
118580,Streptococcus
118581,Streptococcus
118582,Streptococcus
118583,Streptococcus
118584,Streptococcus
118585,Streptococcus
118586,Streptococcus
118587,Streptococcus
118588,Streptococcus
118589,Streptococcus
118590,Streptococcus
118591,Streptococcus
118592,Streptococcus
118593,Streptococcus
118594,Streptococcus
118595,Streptococcus
118596,Streptococcus
118597,Streptococcus
118598,Streptococcus
118599,Streptococcus
118600,Streptococcus
118601,Streptococcus
118602,Streptococcus
118603,Streptococcus
118604,Streptococcus
118605,Streptococcus
118606,Streptococcus
118607,Streptococcus
118608,Streptococcus
118609,Streptococcus
118610,Streptococcus
118611,Streptococcus
118612,Streptococcus
118613,Streptococcus
118614,Streptococcus
118615,Streptococcus
118616,Streptococcus
118617,Streptococcus
118618,Streptococcus
118619,Streptococcus
118620,Streptococcus
118621,Streptococcus
118622,Streptococcus
118623,Streptococcus
118624,Streptococcus
118625,Streptococcus
118626,Streptococcus
118627,Streptococcus
118628,Streptococcus
118629,Streptococcus
118630,Streptococcus
118631,Streptococcus
118632,Streptococcus
118633,Streptococcus
118634,Streptococcus
118635,Streptococcus
118636,Streptococcus
118637,Streptococcus
118638,Streptococcus
118639,Streptococcus
118640,Streptococcus
118641,Streptococcus
118642,Streptococcus
118643,Streptococcus
118644,Streptococcus
118645,Streptococcus
118646,Streptococcus
118647,Streptococcus
118648,Streptococcus
118649,Streptococcus
118650,Streptococcus
118651,Streptococcus
118652,Streptococcus
118653,Streptococcus
118654,Streptococcus
118655,Streptococcus
118656,Streptococcus
118657,Streptococcus
118658,Streptococcus
118659,Streptococcus
118660,Streptococcus
118661,Streptococcus
118662,Streptococcus
118663,Streptococcus
118664,Streptococcus
118665,Streptococcus
118666,Streptococcus
118667,Streptococcus
118668,Streptococcus
118669,Streptococcus
118670,Streptococcus
118671,Streptococcus
118672,Streptococcus
118673,Streptococcus
118674,Streptococcus
118675,Streptococcus
118676,Streptococcus
118677,Streptococcus
118678,Streptococcus
118679,Streptococcus
118680,Streptococcus
118681,Streptococcus
118682,Streptococcus
118683,Streptococcus
118684,Streptococcus
118685,Streptococcus
118686,Streptococcus
118687,Streptococcus
118688,Streptococcus
118689,Streptococcus
118690,Streptococcus
118691,Streptococcus
118692,Streptococcus
118693,Streptococcus
118694,Streptococcus
118695,Streptococcus
118696,Streptococcus
118697,Streptococcus
118698,Streptococcus
118699,Streptococcus
118700,Streptococcus
118701,Streptococcus
118702,Streptococcus
118703,Streptococcus
118704,Streptococcus
118705,Streptococcus
118706,Streptococcus
118707,Streptococcus
118708,Streptococcus
118709,Streptococcus
118710,Streptococcus
118711,Streptococcus
118712,Streptococcus
118713,Streptococcus
118714,Streptococcus
118715,Streptococcus
118716,Streptococcus
118717,Streptococcus
118718,Streptococcus
118719,Streptococcus
118720,Streptococcus
118721,Streptococcus
118722,Streptococcus
118723,Streptococcus
118724,Streptococcus
118725,Streptococcus
118726,Streptococcus
118727,Streptococcus
118728,Streptococcus
118729,Streptococcus
118730,Streptococcus
118731,Streptococcus
118732,Streptococcus
118733,Streptococcus
118734,Streptococcus
118735,Streptococcus
118736,Streptococcus
118737,Streptococcus
118738,Streptococcus
118739,Streptococcus
118740,Streptococcus
118741,Streptococcus
118742,Streptococcus
118743,Streptococcus
118744,Streptococcus
118745,Streptococcus
118746,Streptococcus
118747,Streptococcus
118748,Streptococcus
118749,Streptococcus
118750,Streptococcus
118751,Streptococcus
118752,Streptococcus
118753,Streptococcus
118754,Streptococcus
118755,Streptococcus
118756,Streptococcus
118757,Streptococcus
118758,Streptococcus
118759,Streptococcus
118760,Streptococcus
118761,Streptococcus
118762,Streptococcus
118763,Streptococcus
118764,Streptococcus
118765,Streptococcus
118766,Streptococcus
118767,Streptococcus
118768,Streptococcus
118769,Streptococcus
118770,Streptococcus
118771,Streptococcus
118772,Streptococcus
118773,Streptococcus
118774,Streptococcus
118775,Streptococcus
118776,Streptococcus
118777,Streptococcus
118778,Streptococcus
118779,Streptococcus
118780,Streptococcus
118781,Streptococcus
118782,Streptococcus
118783,Streptococcus
118784,Streptococcus
118785,Streptococcus
118786,Streptococcus
118787,Streptococcus
118788,Streptococcus
118789,Streptococcus
118790,Streptococcus
118791,Streptococcus
118792,Streptococcus
118793,Streptococcus
118794,Streptococcus
118795,Streptococcus
118796,Streptococcus
118797,Streptococcus
118798,Streptococcus
118799,Streptococcus
118800,Streptococcus
118801,Streptococcus
118802,Streptococcus
118803,Streptococcus
118804,Streptococcus
118805,Streptococcus
118806,Streptococcus
118807,Streptococcus
118808,Streptococcus
118809,Streptococcus
118810,Streptococcus
118811,Streptococcus
118812,Streptococcus
118813,Streptococcus
118814,Streptococcus
118815,Streptococcus
118816,Streptococcus
118817,Streptococcus
118818,Streptococcus
118819,Streptococcus
118820,Streptococcus
118821,Streptococcus
118822,Streptococcus
118823,Streptococcus
118824,Streptococcus
118825,Streptococcus
118826,Streptococcus
118827,Streptococcus
118828,Streptococcus
118829,Streptococcus
118830,Streptococcus
118831,Streptococcus
118832,Streptococcus
118833,Streptococcus
118834,Streptococcus
118835,Streptococcus
118836,Streptococcus
118837,Streptococcus
118838,Streptococcus
118839,Streptococcus
118840,Streptococcus
118841,Streptococcus
118842,Streptococcus
118843,Streptococcus
118844,Streptococcus
118845,Streptococcus
118846,Streptococcus
118847,Streptococcus
118848,Streptococcus
118849,Streptococcus
118850,Streptococcus
118851,Streptococcus
118852,Streptococcus
118853,Streptococcus
118854,Streptococcus
118855,Streptococcus
118856,Streptococcus
118857,Streptococcus
118858,Streptococcus
118859,Streptococcus
118860,Streptococcus
118861,Streptococcus
118862,Streptococcus
118863,Streptococcus
118864,Streptococcus
118865,Streptococcus
118866,Streptococcus
118867,Streptococcus
118868,Streptococcus
118869,Streptococcus
118870,Streptococcus
118871,Streptococcus
118872,Streptococcus
118873,Streptococcus
118874,Streptococcus
118875,Streptococcus
118876,Streptococcus
118877,Streptococcus
118878,Streptococcus
118879,Streptococcus
118880,Streptococcus
118881,Streptococcus
118882,Streptococcus
118883,Streptococcus
118884,Streptococcus
118885,Streptococcus
118886,Streptococcus
118887,Streptococcus
118888,Streptococcus
118889,Streptococcus
118890,Streptococcus
118891,Streptococcus
118892,Streptococcus
118893,Streptococcus
118894,Streptococcus
118895,Streptococcus
118896,Streptococcus
118897,Streptococcus
118898,Streptococcus
118899,Streptococcus
118900,Streptococcus
118901,Streptococcus
118902,Streptococcus
118903,Streptococcus
118904,Streptococcus
118905,Streptococcus
118906,Streptococcus
118907,Streptococcus
118908,Streptococcus
118909,Streptococcus
118910,Streptococcus
118911,Streptococcus
118912,Streptococcus
118913,Streptococcus
118914,Streptococcus
118915,Streptococcus
118916,Streptococcus
118917,Streptococcus
118918,Streptococcus
118919,Streptococcus
118920,Streptococcus
118921,Streptococcus
118922,Streptococcus
118923,Streptococcus
118924,Streptococcus
118925,Streptococcus
118926,Streptococcus
118927,Streptococcus
118928,Streptococcus
118929,Streptococcus
118930,Streptococcus
118931,Streptococcus
118932,Streptococcus
118933,Streptococcus
118934,Streptococcus
118935,Streptococcus
118936,Streptococcus
118937,Streptococcus
118938,Streptococcus
118939,Streptococcus
118940,Streptococcus
118941,Streptococcus
118942,Streptococcus
118943,Streptococcus
118944,Streptococcus
118945,Streptococcus
118946,Streptococcus
118947,Streptococcus
118948,Streptococcus
118949,Streptococcus
118950,Streptococcus
118951,Streptococcus
118952,Streptococcus
118953,Streptococcus
118954,Streptococcus
118955,Streptococcus
118956,Streptococcus
118957,Streptococcus
118958,Streptococcus
118959,Streptococcus
118960,Streptococcus
118961,Streptococcus
118962,Streptococcus
118963,Streptococcus
118964,Streptococcus
118965,Streptococcus
118966,Streptococcus
118967,Streptococcus
118968,Streptococcus
118969,Streptococcus
118970,Streptococcus
118971,Streptococcus
118972,Streptococcus
118973,Streptococcus
118974,Streptococcus
118975,Streptococcus
118976,Streptococcus
118977,Streptococcus
118978,Streptococcus
118979,Streptococcus
118980,Streptococcus
118981,Streptococcus
118982,Streptococcus
118983,Streptococcus
118984,Streptococcus
118985,Streptococcus
118986,Streptococcus
118987,Streptococcus
118988,Streptococcus
118989,Streptococcus
118990,Streptococcus
118991,Streptococcus
118992,Streptococcus
118993,Streptococcus
118994,Streptococcus
118995,Streptococcus
118996,Streptococcus
118997,Streptococcus
118998,Streptococcus
118999,Streptococcus
119000,Streptococcus
119001,Streptococcus
119002,Streptococcus
119003,Streptococcus
119004,Streptococcus
119005,Streptococcus
119006,Streptococcus
119007,Streptococcus
119008,Streptococcus
119009,Streptococcus
119010,Streptococcus
119011,Streptococcus
119012,Streptococcus
119013,Streptococcus
119014,Streptococcus
119015,Streptococcus
119016,Streptococcus
119017,Streptococcus
119018,Streptococcus
119019,Streptococcus
119020,Streptococcus
119021,Streptococcus
119022,Streptococcus
119023,Streptococcus
119024,Streptococcus
119025,Streptococcus
119026,Streptococcus
119027,Streptococcus
119028,Streptococcus
119029,Streptococcus
119030,Streptococcus
119031,Streptococcus
119032,Streptococcus
119033,Streptococcus
119034,Streptococcus
119035,Streptococcus
119036,Streptococcus
119037,Streptococcus
119038,Streptococcus
119039,Streptococcus
119040,Streptococcus
119041,Streptococcus
119042,Streptococcus
119043,Streptococcus
119044,Streptococcus
119045,Streptococcus
119046,Streptococcus
119047,Streptococcus
119048,Streptococcus
119049,Streptococcus
119050,Streptococcus
119051,Streptococcus
119052,Streptococcus
119053,Streptococcus
119054,Streptococcus
119055,Streptococcus
119056,Streptococcus
119057,Streptococcus
119058,Streptococcus
119059,Streptococcus
119060,Streptococcus
119061,Streptococcus
119062,Streptococcus
119063,Streptococcus
119064,Streptococcus
119065,Streptococcus
119066,Streptococcus
119067,Streptococcus
119068,Streptococcus
119069,Streptococcus
119070,Streptococcus
119071,Streptococcus
119072,Streptococcus
119073,Streptococcus
119074,Streptococcus
119075,Streptococcus
119076,Streptococcus
119077,Streptococcus
119078,Streptococcus
119079,Streptococcus
119080,Streptococcus
119081,Streptococcus
119082,Streptococcus
119083,Streptococcus
119084,Streptococcus
119085,Streptococcus
119086,Streptococcus
119087,Streptococcus
119088,Streptococcus
119089,Streptococcus
119090,Streptococcus
119091,Streptococcus
119092,Streptococcus
119093,Streptococcus
119094,Streptococcus
119095,Streptococcus
119096,Streptococcus
119097,Streptococcus
119098,Streptococcus
119099,Streptococcus
119100,Streptococcus
119101,Streptococcus
119102,Streptococcus
119103,Streptococcus
119104,Streptococcus
119105,Streptococcus
119106,Streptococcus
119107,Streptococcus
119108,Streptococcus
119109,Streptococcus
119110,Streptococcus
119111,Streptococcus
119112,Streptococcus
119113,Streptococcus
119114,Streptococcus
119115,Streptococcus
119116,Streptococcus
119117,Streptococcus
119118,Streptococcus
119119,Streptococcus
119120,Streptococcus
119121,Streptococcus
119122,Streptococcus
119123,Streptococcus
119124,Streptococcus
119125,Streptococcus
119126,Streptococcus
119127,Streptococcus
119128,Streptococcus
119129,Streptococcus
119130,Streptococcus
119131,Streptococcus
119132,Streptococcus
119133,Streptococcus
119134,Streptococcus
119135,Streptococcus
119136,Streptococcus
119137,Streptococcus
119138,Streptococcus
119139,Streptococcus
119140,Streptococcus
119141,Streptococcus
119142,Streptococcus
119143,Streptococcus
119144,Streptococcus
119145,Streptococcus
119146,Streptococcus
119147,Streptococcus
119148,Streptococcus
119149,Streptococcus
119150,Streptococcus
119151,Streptococcus
119152,Streptococcus
119153,Streptococcus
119154,Streptococcus
119155,Streptococcus
119156,Streptococcus
119157,Streptococcus
119158,Streptococcus
119159,Streptococcus
119160,Streptococcus
119161,Streptococcus
119162,Streptococcus
119163,Streptococcus
119164,Streptococcus
119165,Streptococcus
119166,Streptococcus
119167,Streptococcus
119168,Streptococcus
119169,Streptococcus
119170,Streptococcus
119171,Streptococcus
119172,Streptococcus
119173,Streptococcus
119174,Streptococcus
119175,Streptococcus
119176,Streptococcus
119177,Streptococcus
119178,Streptococcus
119179,Streptococcus
119180,Streptococcus
119181,Streptococcus
119182,Streptococcus
119183,Streptococcus
119184,Streptococcus
119185,Streptococcus
119186,Streptococcus
119187,Streptococcus
119188,Streptococcus
119189,Streptococcus
119190,Streptococcus
119191,Streptococcus
119192,Streptococcus
119193,Streptococcus
119194,Streptococcus
119195,Streptococcus
119196,Streptococcus
119197,Streptococcus
119198,Streptococcus
119199,Streptococcus
119200,Streptococcus
119201,Streptococcus
119202,Streptococcus
119203,Streptococcus
119204,Streptococcus
119205,Streptococcus
119206,Streptococcus
119207,Streptococcus
119208,Streptococcus
119209,Streptococcus
119210,Streptococcus
119211,Streptococcus
119212,Streptococcus
119213,Streptococcus
119214,Streptococcus
119215,Streptococcus
119216,Streptococcus
119217,Streptococcus
119218,Streptococcus
119219,Streptococcus
119220,Streptococcus
119221,Streptococcus
119222,Streptococcus
119223,Streptococcus
119224,Streptococcus
119225,Streptococcus
119226,Streptococcus
119227,Streptococcus
119228,Streptococcus
119229,Streptococcus
119230,Streptococcus
119231,Streptococcus
119232,Streptococcus
119233,Streptococcus
119234,Streptococcus
119235,Streptococcus
119236,Streptococcus
119237,Streptococcus
119238,Streptococcus
119239,Streptococcus
119240,Streptococcus
119241,Streptococcus
119242,Streptococcus
119243,Streptococcus
119244,Streptococcus
119245,Streptococcus
119246,Streptococcus
119247,Streptococcus
119248,Streptococcus
119249,Streptococcus
119250,Streptococcus
119251,Streptococcus
119252,Streptococcus
119253,Streptococcus
119254,Streptococcus
119255,Streptococcus
119256,Streptococcus
119257,Streptococcus
119258,Streptococcus
119259,Streptococcus
119260,Streptococcus
119261,Streptococcus
119262,Streptococcus
119263,Streptococcus
119264,Streptococcus
119265,Streptococcus
119266,Streptococcus
119267,Streptococcus
119268,Streptococcus
119269,Streptococcus
119270,Streptococcus
119271,Streptococcus
119272,Streptococcus
119273,Streptococcus
119274,Streptococcus
119275,Streptococcus
119276,Streptococcus
119277,Streptococcus
119278,Streptococcus
119279,Streptococcus
119280,Streptococcus
119281,Streptococcus
119282,Streptococcus
119283,Streptococcus
119284,Streptococcus
119285,Streptococcus
119286,Streptococcus
119287,Streptococcus
119288,Streptococcus
119289,Streptococcus
119290,Streptococcus
119291,Streptococcus
119292,Streptococcus
119293,Streptococcus
119294,Streptococcus
119295,Streptococcus
119296,Streptococcus
119297,Streptococcus
119298,Streptococcus
119299,Streptococcus
119300,Streptococcus
119301,Streptococcus
119302,Streptococcus
119303,Streptococcus
119304,Streptococcus
119305,Streptococcus
119306,Streptococcus
119307,Streptococcus
119308,Streptococcus
119309,Streptococcus
119310,Streptococcus
119311,Streptococcus
119312,Streptococcus
119313,Streptococcus
119314,Streptococcus
119315,Streptococcus
119316,Streptococcus
119317,Streptococcus
119318,Streptococcus
119319,Streptococcus
119320,Streptococcus
119321,Streptococcus
119322,Streptococcus
119323,Streptococcus
119324,Streptococcus
119325,Streptococcus
119326,Streptococcus
119327,Streptococcus
119328,Streptococcus
119329,Streptococcus
119330,Streptococcus
119331,Streptococcus
119332,Streptococcus
119333,Streptococcus
119334,Streptococcus
119335,Streptococcus
119336,Streptococcus
119337,Streptococcus
119338,Streptococcus
119339,Streptococcus
119340,Streptococcus
119341,Streptococcus
119342,Streptococcus
119343,Streptococcus
119344,Streptococcus
119345,Streptococcus
119346,Streptococcus
119347,Streptococcus
119348,Streptococcus
119349,Streptococcus
119350,Streptococcus
119351,Streptococcus
119352,Streptococcus
119353,Streptococcus
119354,Streptococcus
119355,Streptococcus
119356,Streptococcus
119357,Streptococcus
119358,Streptococcus
119359,Streptococcus
119360,Streptococcus
119361,Streptococcus
119362,Streptococcus
119363,Streptococcus
119364,Streptococcus
119365,Streptococcus
119366,Streptococcus
119367,Streptococcus
119368,Streptococcus
119369,Streptococcus
119370,Streptococcus
119371,Streptococcus
119372,Streptococcus
119373,Streptococcus
119374,Streptococcus
119375,Streptococcus
119376,Streptococcus
119377,Streptococcus
119378,Streptococcus
119379,Streptococcus
119380,Streptococcus
119381,Streptococcus
119382,Streptococcus
119383,Streptococcus
119384,Streptococcus
119385,Streptococcus
119386,Streptococcus
119387,Streptococcus
119388,Streptococcus
119389,Streptococcus
119390,Streptococcus
119391,Streptococcus
119392,Streptococcus
119393,Streptococcus
119394,Streptococcus
119395,Streptococcus
119396,Streptococcus
119397,Streptococcus
119398,Streptococcus
119399,Streptococcus
119400,Streptococcus
119401,Streptococcus
119402,Streptococcus
119403,Streptococcus
119404,Streptococcus
119405,Streptococcus
119406,Streptococcus
119407,Streptococcus
119408,Streptococcus
119409,Streptococcus
119410,Streptococcus
119411,Streptococcus
119412,Streptococcus
119413,Streptococcus
119414,Streptococcus
119415,Streptococcus
119416,Streptococcus
119417,Streptococcus
119418,Streptococcus
119419,Streptococcus
119420,Streptococcus
119421,Streptococcus
119422,Streptococcus
119423,Streptococcus
119424,Streptococcus
119425,Streptococcus
119426,Streptococcus
119427,Streptococcus
119428,Streptococcus
119429,Streptococcus
119430,Streptococcus
119431,Streptococcus
119432,Streptococcus
119433,Streptococcus
119434,Streptococcus
119435,Streptococcus
119436,Streptococcus
119437,Streptococcus
119438,Streptococcus
119439,Streptococcus
119440,Streptococcus
119441,Streptococcus
119442,Streptococcus
119443,Streptococcus
119444,Streptococcus
119445,Streptococcus
119446,Streptococcus
119447,Streptococcus
119448,Streptococcus
119449,Streptococcus
119450,Streptococcus
119451,Streptococcus
119452,Streptococcus
119453,Streptococcus
119454,Streptococcus
119455,Streptococcus
119456,Streptococcus
119457,Streptococcus
119458,Streptococcus
119459,Streptococcus
119460,Streptococcus
119461,Streptococcus
119462,Streptococcus
119463,Streptococcus
119464,Streptococcus
119465,Streptococcus
119466,Streptococcus
119467,Streptococcus
119468,Streptococcus
119469,Streptococcus
119470,Streptococcus
119471,Streptococcus
119472,Streptococcus
119473,Streptococcus
119474,Streptococcus
119475,Streptococcus
119476,Streptococcus
119477,Streptococcus
119478,Streptococcus
119479,Streptococcus
119480,Streptococcus
119481,Streptococcus
119482,Streptococcus
119483,Streptococcus
119484,Streptococcus
119485,Streptococcus
119486,Streptococcus
119487,Streptococcus
119488,Streptococcus
119489,Streptococcus
119490,Streptococcus
119491,Streptococcus
119492,Streptococcus
119493,Streptococcus
119494,Streptococcus
119495,Streptococcus
119496,Streptococcus
119497,Streptococcus
119498,Streptococcus
119499,Streptococcus
119500,Streptococcus
119501,Streptococcus
119502,Streptococcus
119503,Streptococcus
119504,Streptococcus
119505,Streptococcus
119506,Streptococcus
119507,Streptococcus
119508,Streptococcus
119509,Streptococcus
119510,Streptococcus
119511,Streptococcus
119512,Streptococcus
119513,Streptococcus
119514,Streptococcus
119515,Streptococcus
119516,Streptococcus
119517,Streptococcus
119518,Streptococcus
119519,Streptococcus
119520,Streptococcus
119521,Streptococcus
119522,Streptococcus
119523,Streptococcus
119524,Streptococcus
119525,Streptococcus
119526,Streptococcus
119527,Streptococcus
119528,Streptococcus
119529,Streptococcus
119530,Streptococcus
119531,Streptococcus
119532,Streptococcus
119533,Streptococcus
119534,Streptococcus
119535,Streptococcus
119536,Streptococcus
119537,Streptococcus
119538,Streptococcus
119539,Streptococcus
119540,Streptococcus
119541,Streptococcus
119542,Streptococcus
119543,Streptococcus
119544,Streptococcus
119545,Streptococcus
119546,Streptococcus
119547,Streptococcus
119548,Streptococcus
119549,Streptococcus
119550,Streptococcus
119551,Streptococcus
119552,Streptococcus
119553,Streptococcus
119554,Streptococcus
119555,Streptococcus
119556,Streptococcus
119557,Streptococcus
119558,Streptococcus
119559,Streptococcus
119560,Streptococcus
119561,Streptococcus
119562,Streptococcus
119563,Streptococcus
119564,Streptococcus
119565,Streptococcus
119566,Streptococcus
119567,Streptococcus
119568,Streptococcus
119569,Streptococcus
119570,Streptococcus
119571,Streptococcus
119572,Streptococcus
119573,Streptococcus
119574,Streptococcus
119575,Streptococcus
119576,Streptococcus
119577,Streptococcus
119578,Streptococcus
119579,Streptococcus
119580,Streptococcus
119581,Streptococcus
119582,Streptococcus
119583,Streptococcus
119584,Streptococcus
119585,Streptococcus
119586,Streptococcus
119587,Streptococcus
119588,Streptococcus
119589,Streptococcus
119590,Streptococcus
119591,Streptococcus
119592,Streptococcus
119593,Streptococcus
119594,Streptococcus
119595,Streptococcus
119596,Streptococcus
119597,Streptococcus
119598,Streptococcus
119599,Streptococcus
119600,Streptococcus
119601,Streptococcus
119602,Streptococcus
119603,Streptococcus
119604,Streptococcus
119605,Streptococcus
119606,Streptococcus
119607,Streptococcus
119608,Streptococcus
119609,Streptococcus
119610,Streptococcus
119611,Streptococcus
119612,Streptococcus
119613,Streptococcus
119614,Streptococcus
119615,Streptococcus
119616,Streptococcus
119617,Streptococcus
119618,Streptococcus
119619,Streptococcus
119620,Streptococcus
119621,Streptococcus
119622,Streptococcus
119623,Streptococcus
119624,Streptococcus
119625,Streptococcus
119626,Streptococcus
119627,Streptococcus
119628,Streptococcus
119629,Streptococcus
119630,Streptococcus
119631,Streptococcus
119632,Streptococcus
119633,Streptococcus
119634,Streptococcus
119635,Streptococcus
119636,Streptococcus
119637,Streptococcus
119638,Streptococcus
119639,Streptococcus
119640,Streptococcus
119641,Streptococcus
119642,Streptococcus
119643,Streptococcus
119644,Streptococcus
119645,Streptococcus
119646,Streptococcus
119647,Streptococcus
119648,Streptococcus
119649,Streptococcus
119650,Streptococcus
119651,Streptococcus
119652,Streptococcus
119653,Streptococcus
119654,Streptococcus
119655,Streptococcus
119656,Streptococcus
119657,Streptococcus
119658,Streptococcus
119659,Streptococcus
119660,Streptococcus
119661,Streptococcus
119662,Streptococcus
119663,Streptococcus
119664,Streptococcus
119665,Streptococcus
119666,Streptococcus
119667,Streptococcus
119668,Streptococcus
119669,Streptococcus
119670,Streptococcus
119671,Streptococcus
119672,Streptococcus
119673,Streptococcus
119674,Streptococcus
119675,Streptococcus
119676,Streptococcus
119677,Streptococcus
119678,Streptococcus
119679,Streptococcus
119680,Streptococcus
119681,Streptococcus
119682,Streptococcus
119683,Streptococcus
119684,Streptococcus
119685,Streptococcus
119686,Streptococcus
119687,Streptococcus
119688,Streptococcus
119689,Streptococcus
119690,Streptococcus
119691,Streptococcus
119692,Streptococcus
119693,Streptococcus
119694,Streptococcus
119695,Streptococcus
119696,Streptococcus
119697,Streptococcus
119698,Streptococcus
119699,Streptococcus
119700,Streptococcus
119701,Streptococcus
119702,Streptococcus
119703,Streptococcus
119704,Streptococcus
119705,Streptococcus
119706,Streptococcus
119707,Streptococcus
119708,Streptococcus
119709,Streptococcus
119710,Streptococcus
119711,Streptococcus
119712,Streptococcus
119713,Streptococcus
119714,Streptococcus
119715,Streptococcus
119716,Streptococcus
119717,Streptococcus
119718,Streptococcus
119719,Streptococcus
119720,Streptococcus
119721,Streptococcus
119722,Streptococcus
119723,Streptococcus
119724,Streptococcus
119725,Streptococcus
119726,Streptococcus
119727,Streptococcus
119728,Streptococcus
119729,Streptococcus
119730,Streptococcus
119731,Streptococcus
119732,Streptococcus
119733,Streptococcus
119734,Streptococcus
119735,Streptococcus
119736,Streptococcus
119737,Streptococcus
119738,Streptococcus
119739,Streptococcus
119740,Streptococcus
119741,Streptococcus
119742,Streptococcus
119743,Streptococcus
119744,Streptococcus
119745,Streptococcus
119746,Streptococcus
119747,Streptococcus
119748,Streptococcus
119749,Streptococcus
119750,Streptococcus
119751,Streptococcus
119752,Streptococcus
119753,Streptococcus
119754,Streptococcus
119755,Streptococcus
119756,Streptococcus
119757,Streptococcus
119758,Streptococcus
119759,Streptococcus
119760,Streptococcus
119761,Streptococcus
119762,Streptococcus
119763,Streptococcus
119764,Streptococcus
119765,Streptococcus
119766,Streptococcus
119767,Streptococcus
119768,Streptococcus
119769,Streptococcus
119770,Streptococcus
119771,Streptococcus
119772,Streptococcus
119773,Streptococcus
119774,Streptococcus
119775,Streptococcus
119776,Streptococcus
119777,Streptococcus
119778,Streptococcus
119779,Streptococcus
119780,Streptococcus
119781,Streptococcus
119782,Streptococcus
119783,Streptococcus
119784,Streptococcus
119785,Streptococcus
119786,Streptococcus
119787,Streptococcus
119788,Streptococcus
119789,Streptococcus
119790,Streptococcus
119791,Streptococcus
119792,Streptococcus
119793,Streptococcus
119794,Streptococcus
119795,Streptococcus
119796,Streptococcus
119797,Streptococcus
119798,Streptococcus
119799,Streptococcus
119800,Streptococcus
119801,Streptococcus
119802,Streptococcus
119803,Streptococcus
119804,Streptococcus
119805,Streptococcus
119806,Streptococcus
119807,Streptococcus
119808,Streptococcus
119809,Streptococcus
119810,Streptococcus
119811,Streptococcus
119812,Streptococcus
119813,Streptococcus
119814,Streptococcus
119815,Streptococcus
119816,Streptococcus
119817,Streptococcus
119818,Streptococcus
119819,Streptococcus
119820,Streptococcus
119821,Streptococcus
119822,Streptococcus
119823,Streptococcus
119824,Streptococcus
119825,Streptococcus
119826,Streptococcus
119827,Streptococcus
119828,Streptococcus
119829,Streptococcus
119830,Streptococcus
119831,Streptococcus
119832,Streptococcus
119833,Streptococcus
119834,Streptococcus
119835,Streptococcus
119836,Streptococcus
119837,Streptococcus
119838,Streptococcus
119839,Streptococcus
119840,Streptococcus
119841,Streptococcus
119842,Streptococcus
119843,Streptococcus
119844,Streptococcus
119845,Streptococcus
119846,Streptococcus
119847,Streptococcus
119848,Streptococcus
119849,Streptococcus
119850,Streptococcus
119851,Streptococcus
119852,Streptococcus
119853,Streptococcus
119854,Streptococcus
119855,Streptococcus
119856,Streptococcus
119857,Streptococcus
119858,Streptococcus
119859,Streptococcus
119860,Streptococcus
119861,Streptococcus
119862,Streptococcus
119863,Streptococcus
119864,Streptococcus
119865,Streptococcus
119866,Streptococcus
119867,Streptococcus
119868,Streptococcus
119869,Streptococcus
119870,Streptococcus
119871,Streptococcus
119872,Streptococcus
119873,Streptococcus
119874,Streptococcus
119875,Streptococcus
119876,Streptococcus
119877,Streptococcus
119878,Streptococcus
119879,Streptococcus
119880,Streptococcus
119881,Streptococcus
119882,Streptococcus
119883,Streptococcus
119884,Streptococcus
119885,Streptococcus
119886,Streptococcus
119887,Streptococcus
119888,Streptococcus
119889,Streptococcus
119890,Streptococcus
119891,Streptococcus
119892,Streptococcus
119893,Streptococcus
119894,Streptococcus
119895,Streptococcus
119896,Streptococcus
119897,Streptococcus
119898,Streptococcus
119899,Streptococcus
119900,Streptococcus
119901,Streptococcus
119902,Streptococcus
119903,Streptococcus
119904,Streptococcus
119905,Streptococcus
119906,Streptococcus
119907,Streptococcus
119908,Streptococcus
119909,Streptococcus
119910,Streptococcus
119911,Streptococcus
119912,Streptococcus
119913,Streptococcus
119914,Streptococcus
119915,Streptococcus
119916,Streptococcus
119917,Streptococcus
119918,Streptococcus
119919,Streptococcus
119920,Streptococcus
119921,Streptococcus
119922,Streptococcus
119923,Streptococcus
119924,Streptococcus
119925,Streptococcus
119926,Streptococcus
119927,Streptococcus
119928,Streptococcus
119929,Streptococcus
119930,Streptococcus
119931,Streptococcus
119932,Streptococcus
119933,Streptococcus
119934,Streptococcus
119935,Streptococcus
119936,Streptococcus
119937,Streptococcus
119938,Streptococcus
119939,Streptococcus
119940,Streptococcus
119941,Streptococcus
119942,Streptococcus
119943,Streptococcus
119944,Streptococcus
119945,Streptococcus
119946,Streptococcus
119947,Streptococcus
119948,Streptococcus
119949,Streptococcus
119950,Streptococcus
119951,Streptococcus
119952,Streptococcus
119953,Streptococcus
119954,Streptococcus
119955,Streptococcus
119956,Streptococcus
119957,Streptococcus
119958,Streptococcus
119959,Streptococcus
119960,Streptococcus
119961,Streptococcus
119962,Streptococcus
119963,Streptococcus
119964,Streptococcus
119965,Streptococcus
119966,Streptococcus
119967,Streptococcus
119968,Streptococcus
119969,Streptococcus
119970,Streptococcus
119971,Streptococcus
119972,Streptococcus
119973,Streptococcus
119974,Streptococcus
119980,Streptococcus
121155,Streptococcus
121156,Streptococcus
121157,Streptococcus
121158,Streptococcus
121159,Streptococcus
121160,Streptococcus
121161,Streptococcus
121162,Streptococcus
121163,Streptococcus
121164,Streptococcus
121165,Streptococcus
121166,Streptococcus
121167,Streptococcus
121168,Streptococcus
121169,Streptococcus
121170,Streptococcus
121171,Streptococcus
121172,Streptococcus
121173,Streptococcus
121174,Streptococcus
121175,Streptococcus
121176,Streptococcus
121177,Streptococcus
121178,Streptococcus
121179,Streptococcus
121180,Streptococcus
121181,Streptococcus
121182,Streptococcus
121183,Streptococcus
121184,Streptococcus
121185,Streptococcus
121186,Streptococcus
121187,Streptococcus
121188,Streptococcus
121189,Streptococcus
121190,Streptococcus
121191,Streptococcus
121192,Streptococcus
121193,Streptococcus
121194,Streptococcus
121195,Streptococcus
121196,Streptococcus
121197,Streptococcus
121198,Streptococcus
121199,Streptococcus
121200,Streptococcus
121201,Streptococcus
121202,Streptococcus
121203,Streptococcus
121204,Streptococcus
121205,Streptococcus
121206,Streptococcus
121207,Streptococcus
121208,Streptococcus
121209,Streptococcus
121210,Streptococcus
121211,Streptococcus
121212,Streptococcus
121213,Streptococcus
121214,Streptococcus
121215,Streptococcus
121216,Streptococcus
121217,Streptococcus
121218,Streptococcus
121219,Streptococcus
121220,Streptococcus
121221,Streptococcus
121222,Streptococcus
121223,Streptococcus
121224,Streptococcus
121225,Streptococcus
121226,Streptococcus
121227,Streptococcus
121228,Streptococcus
121229,Streptococcus
121230,Streptococcus
121231,Streptococcus
121232,Streptococcus
121233,Streptococcus
121234,Streptococcus
121235,Streptococcus
121236,Streptococcus
121237,Streptococcus
121238,Streptococcus
121239,Streptococcus
121240,Streptococcus
121241,Streptococcus
121242,Streptococcus
121243,Streptococcus
121244,Streptococcus
121245,Streptococcus
121246,Streptococcus
121247,Streptococcus
121248,Streptococcus
121249,Streptococcus
121250,Streptococcus
121251,Streptococcus
121252,Streptococcus
121253,Streptococcus
121254,Streptococcus
121255,Streptococcus
121256,Streptococcus
121257,Streptococcus
121258,Streptococcus
121259,Streptococcus
121260,Streptococcus
121261,Streptococcus
121262,Streptococcus
121263,Streptococcus
121264,Streptococcus
121265,Streptococcus
121266,Streptococcus
121267,Streptococcus
121268,Streptococcus
121269,Streptococcus
121270,Streptococcus
121271,Streptococcus
121272,Streptococcus
121273,Streptococcus
121274,Streptococcus
121275,Streptococcus
121276,Streptococcus
121277,Streptococcus
121278,Streptococcus
121279,Streptococcus
121280,Streptococcus
121281,Streptococcus
121282,Streptococcus
121283,Streptococcus
121284,Streptococcus
121285,Streptococcus
121286,Streptococcus
121287,Streptococcus
121288,Streptococcus
121289,Streptococcus
121290,Streptococcus
121291,Streptococcus
121292,Streptococcus
121293,Streptococcus
121294,Streptococcus
121295,Streptococcus
121296,Streptococcus
121297,Streptococcus
121298,Streptococcus
121299,Streptococcus
121300,Streptococcus
121301,Streptococcus
121302,Streptococcus
121303,Streptococcus
121304,Streptococcus
121305,Streptococcus
121306,Streptococcus
121307,Streptococcus
121308,Streptococcus
121309,Streptococcus
121310,Streptococcus
121311,Streptococcus
121312,Streptococcus
121313,Streptococcus
121314,Streptococcus
121315,Streptococcus
121316,Streptococcus
121317,Streptococcus
121318,Streptococcus
121319,Streptococcus
121320,Streptococcus
121321,Streptococcus
121322,Streptococcus
121323,Streptococcus
121324,Streptococcus
121325,Streptococcus
121326,Streptococcus
121327,Streptococcus
121328,Streptococcus
121329,Streptococcus
121330,Streptococcus
121331,Streptococcus
121332,Streptococcus
121333,Streptococcus
121334,Streptococcus
121335,Streptococcus
121336,Streptococcus
121337,Streptococcus
121338,Streptococcus
121339,Streptococcus
121340,Streptococcus
121341,Streptococcus
121342,Streptococcus
121343,Streptococcus
121344,Streptococcus
121345,Streptococcus
121346,Streptococcus
121347,Streptococcus
121348,Streptococcus
121349,Streptococcus
121350,Streptococcus
121351,Streptococcus
121352,Streptococcus
121353,Streptococcus
121354,Streptococcus
121355,Streptococcus
121356,Streptococcus
121357,Streptococcus
121358,Streptococcus
121359,Streptococcus
121360,Streptococcus
121361,Streptococcus
121362,Streptococcus
121363,Streptococcus
121364,Streptococcus
121365,Streptococcus
121366,Streptococcus
121367,Streptococcus
121368,Streptococcus
121369,Streptococcus
121370,Streptococcus
121371,Streptococcus
121372,Streptococcus
121373,Streptococcus
121374,Streptococcus
121375,Streptococcus
121376,Streptococcus
121377,Streptococcus
121378,Streptococcus
121379,Streptococcus
121380,Streptococcus
121381,Streptococcus
121382,Streptococcus
121383,Streptococcus
121384,Streptococcus
121385,Streptococcus
121386,Streptococcus
121387,Streptococcus
121388,Streptococcus
121389,Streptococcus
121390,Streptococcus
121391,Streptococcus
121392,Streptococcus
121393,Streptococcus
121394,Streptococcus
121395,Streptococcus
121396,Streptococcus
121397,Streptococcus
121398,Streptococcus
121399,Streptococcus
121400,Streptococcus
121401,Streptococcus
121402,Streptococcus
121403,Streptococcus
121404,Streptococcus
121405,Streptococcus
121406,Streptococcus
121407,Streptococcus
121408,Streptococcus
121409,Streptococcus
121410,Streptococcus
121411,Streptococcus
121412,Streptococcus
121413,Streptococcus
121414,Streptococcus
121415,Streptococcus
121416,Streptococcus
121417,Streptococcus
121418,Streptococcus
121419,Streptococcus
121420,Streptococcus
121421,Streptococcus
121422,Streptococcus
121423,Streptococcus
121424,Streptococcus
121425,Streptococcus
121426,Streptococcus
121427,Streptococcus
121428,Streptococcus
121429,Streptococcus
121430,Streptococcus
121431,Streptococcus
121432,Streptococcus
121433,Streptococcus
121434,Streptococcus
121435,Streptococcus
121436,Streptococcus
121437,Streptococcus
121438,Streptococcus
121439,Streptococcus
121440,Streptococcus
121441,Streptococcus
121442,Streptococcus
121443,Streptococcus
121444,Streptococcus
121445,Streptococcus
121446,Streptococcus
121447,Streptococcus
121448,Streptococcus
121449,Streptococcus
121450,Streptococcus
121451,Streptococcus
121452,Streptococcus
121453,Streptococcus
121454,Streptococcus
121455,Streptococcus
121456,Streptococcus
121457,Streptococcus
121458,Streptococcus
121459,Streptococcus
121460,Streptococcus
121461,Streptococcus
121462,Streptococcus
121463,Streptococcus
121464,Streptococcus
121465,Streptococcus
121466,Streptococcus
121467,Streptococcus
121468,Streptococcus
121469,Streptococcus
121470,Streptococcus
121471,Streptococcus
121472,Streptococcus
121473,Streptococcus
121474,Streptococcus
121475,Streptococcus
121476,Streptococcus
121477,Streptococcus
121478,Streptococcus
121479,Streptococcus
121480,Streptococcus
121481,Streptococcus
121482,Streptococcus
121483,Streptococcus
121484,Streptococcus
121485,Streptococcus
121486,Streptococcus
121487,Streptococcus
121488,Streptococcus
121489,Streptococcus
121490,Streptococcus
121491,Streptococcus
121492,Streptococcus
121493,Streptococcus
121494,Streptococcus
121495,Streptococcus
121496,Streptococcus
121497,Streptococcus
121498,Streptococcus
121499,Streptococcus
121500,Streptococcus
121501,Streptococcus
121502,Streptococcus
121503,Streptococcus
121504,Streptococcus
121505,Streptococcus
121506,Streptococcus
121507,Streptococcus
121508,Streptococcus
121509,Streptococcus
121510,Streptococcus
121511,Streptococcus
121512,Streptococcus
121513,Streptococcus
121514,Streptococcus
121515,Streptococcus
121516,Streptococcus
121517,Streptococcus
121518,Streptococcus
121519,Streptococcus
121520,Streptococcus
121521,Streptococcus
121522,Streptococcus
121523,Streptococcus
121524,Streptococcus
121525,Streptococcus
121526,Streptococcus
121527,Streptococcus
121528,Streptococcus
121529,Streptococcus
121530,Streptococcus
121531,Streptococcus
121532,Streptococcus
121533,Streptococcus
121534,Streptococcus
121535,Streptococcus
121536,Streptococcus
121537,Streptococcus
121538,Streptococcus
121539,Streptococcus
121540,Streptococcus
121541,Streptococcus
121542,Streptococcus
121543,Streptococcus
121544,Streptococcus
121545,Streptococcus
121546,Streptococcus
121547,Streptococcus
121548,Streptococcus
121549,Streptococcus
121550,Streptococcus
121551,Streptococcus
121552,Streptococcus
121553,Streptococcus
121554,Streptococcus
121555,Streptococcus
121556,Streptococcus
121557,Streptococcus
121558,Streptococcus
121559,Streptococcus
121560,Streptococcus
121561,Streptococcus
121562,Streptococcus
121563,Streptococcus
121564,Streptococcus
121565,Streptococcus
121566,Streptococcus
121567,Streptococcus
121568,Streptococcus
121569,Streptococcus
121570,Streptococcus
121571,Streptococcus
121572,Streptococcus
121573,Streptococcus
121574,Streptococcus
121575,Streptococcus
121576,Streptococcus
121577,Streptococcus
121578,Streptococcus
121579,Streptococcus
121580,Streptococcus
121581,Streptococcus
121582,Streptococcus
121583,Streptococcus
121584,Streptococcus
121585,Streptococcus
121586,Streptococcus
121587,Streptococcus
121588,Streptococcus
121589,Streptococcus
121590,Streptococcus
121591,Streptococcus
121592,Streptococcus
121593,Streptococcus
121594,Streptococcus
121595,Streptococcus
121596,Streptococcus
121597,Streptococcus
121598,Streptococcus
121599,Streptococcus
121600,Streptococcus
121601,Streptococcus
121602,Streptococcus
121603,Streptococcus
121604,Streptococcus
121605,Streptococcus
121606,Streptococcus
121607,Streptococcus
121608,Streptococcus
121609,Streptococcus
121610,Streptococcus
121611,Streptococcus
121612,Streptococcus
121613,Streptococcus
121614,Streptococcus
121615,Streptococcus
121616,Streptococcus
121617,Streptococcus
121618,Streptococcus
121619,Streptococcus
121620,Streptococcus
121621,Streptococcus
121622,Streptococcus
121623,Streptococcus
121624,Streptococcus
121625,Streptococcus
121626,Streptococcus
121627,Streptococcus
121628,Streptococcus
121629,Streptococcus
121630,Streptococcus
121631,Streptococcus
121632,Streptococcus
121633,Streptococcus
121634,Streptococcus
121635,Streptococcus
121636,Streptococcus
121637,Streptococcus
121638,Streptococcus
121639,Streptococcus
121640,Streptococcus
121641,Streptococcus
121642,Streptococcus
121643,Streptococcus
121644,Streptococcus
121645,Streptococcus
121646,Streptococcus
121647,Streptococcus
121648,Streptococcus
121649,Streptococcus
121650,Streptococcus
121651,Streptococcus
121652,Streptococcus
121653,Streptococcus
121654,Streptococcus
121655,Streptococcus
121656,Streptococcus
121657,Streptococcus
121658,Streptococcus
121659,Streptococcus
121660,Streptococcus
121661,Streptococcus
121662,Streptococcus
121663,Streptococcus
121664,Streptococcus
121665,Streptococcus
121666,Streptococcus
121667,Streptococcus
121668,Streptococcus
121669,Streptococcus
121670,Streptococcus
121671,Streptococcus
121672,Streptococcus
121673,Streptococcus
121674,Streptococcus
121675,Streptococcus
121676,Streptococcus
121677,Streptococcus
121678,Streptococcus
121679,Streptococcus
121680,Streptococcus
121681,Streptococcus
121682,Streptococcus
121683,Streptococcus
121684,Streptococcus
121685,Streptococcus
121686,Streptococcus
121687,Streptococcus
121688,Streptococcus
121689,Streptococcus
121690,Streptococcus
121691,Streptococcus
121692,Streptococcus
121693,Streptococcus
121694,Streptococcus
121695,Streptococcus
121696,Streptococcus
121697,Streptococcus
121698,Streptococcus
121699,Streptococcus
121700,Streptococcus
121701,Streptococcus
121702,Streptococcus
121703,Streptococcus
121704,Streptococcus
121705,Streptococcus
121706,Streptococcus
121707,Streptococcus
121708,Streptococcus
121709,Streptococcus
121710,Streptococcus
121711,Streptococcus
121712,Streptococcus
121713,Streptococcus
121714,Streptococcus
121715,Streptococcus
121716,Streptococcus
121717,Streptococcus
121718,Streptococcus
121719,Streptococcus
121720,Streptococcus
121721,Streptococcus
121722,Streptococcus
121723,Streptococcus
121724,Streptococcus
121725,Streptococcus
121726,Streptococcus
121727,Streptococcus
121728,Streptococcus
121729,Streptococcus
121730,Streptococcus
121731,Streptococcus
121732,Streptococcus
121733,Streptococcus
121734,Streptococcus
121735,Streptococcus
121736,Streptococcus
121737,Streptococcus
121738,Streptococcus
121739,Streptococcus
121740,Streptococcus
121741,Streptococcus
121742,Streptococcus
121743,Streptococcus
121744,Streptococcus
121745,Streptococcus
121746,Streptococcus
121747,Streptococcus
121748,Streptococcus
121749,Streptococcus
121750,Streptococcus
121751,Streptococcus
121752,Streptococcus
121753,Streptococcus
121754,Streptococcus
121755,Streptococcus
121756,Streptococcus
121757,Streptococcus
121758,Streptococcus
121759,Streptococcus
121760,Streptococcus
121761,Streptococcus
121762,Streptococcus
121763,Streptococcus
121764,Streptococcus
121765,Streptococcus
121766,Streptococcus
121767,Streptococcus
121768,Streptococcus
121769,Streptococcus
121770,Streptococcus
121771,Streptococcus
121772,Streptococcus
121773,Streptococcus
121774,Streptococcus
121775,Streptococcus
121776,Streptococcus
121777,Streptococcus
121778,Streptococcus
121779,Streptococcus
121780,Streptococcus
121781,Streptococcus
121782,Streptococcus
121783,Streptococcus
121784,Streptococcus
121785,Streptococcus
121786,Streptococcus
121787,Streptococcus
121788,Streptococcus
121789,Streptococcus
121790,Streptococcus
121791,Streptococcus
121792,Streptococcus
121793,Streptococcus
121794,Streptococcus
121795,Streptococcus
121796,Streptococcus
121797,Streptococcus
121798,Streptococcus
121799,Streptococcus
121800,Streptococcus
121801,Streptococcus
121802,Streptococcus
121803,Streptococcus
121804,Streptococcus
121805,Streptococcus
121806,Streptococcus
121807,Streptococcus
121808,Streptococcus
121809,Streptococcus
121810,Streptococcus
121811,Streptococcus
121812,Streptococcus
121813,Streptococcus
121814,Streptococcus
121815,Streptococcus
121816,Streptococcus
121817,Streptococcus
121818,Streptococcus
121819,Streptococcus
121820,Streptococcus
121821,Streptococcus
121822,Streptococcus
121823,Streptococcus
121824,Streptococcus
121825,Streptococcus
121826,Streptococcus
121827,Streptococcus
121828,Streptococcus
121829,Streptococcus
121830,Streptococcus
121831,Streptococcus
121832,Streptococcus
121833,Streptococcus
121834,Streptococcus
121835,Streptococcus
121836,Streptococcus
121837,Streptococcus
121838,Streptococcus
121839,Streptococcus
121840,Streptococcus
121841,Streptococcus
121842,Streptococcus
121843,Streptococcus
121844,Streptococcus
121845,Streptococcus
121846,Streptococcus
121847,Streptococcus
121848,Streptococcus
121849,Streptococcus
121850,Streptococcus
121851,Streptococcus
121852,Streptococcus
121853,Streptococcus
121854,Streptococcus
121855,Streptococcus
121856,Streptococcus
121857,Streptococcus
121858,Streptococcus
121859,Streptococcus
121860,Streptococcus
121861,Streptococcus
121862,Streptococcus
121863,Streptococcus
121864,Streptococcus
121865,Streptococcus
121866,Streptococcus
121867,Streptococcus
121868,Streptococcus
121869,Streptococcus
121870,Streptococcus
121871,Streptococcus
121872,Streptococcus
121873,Streptococcus
121874,Streptococcus
121875,Streptococcus
121876,Streptococcus
121877,Streptococcus
121878,Streptococcus
121879,Streptococcus
121880,Streptococcus
121881,Streptococcus
121882,Streptococcus
121883,Streptococcus
121884,Streptococcus
121885,Streptococcus
121886,Streptococcus
121887,Streptococcus
121888,Streptococcus
121889,Streptococcus
121890,Streptococcus
121891,Streptococcus
121892,Streptococcus
121893,Streptococcus
121894,Streptococcus
121895,Streptococcus
121896,Streptococcus
121897,Streptococcus
121898,Streptococcus
121899,Streptococcus
121900,Streptococcus
121901,Streptococcus
121902,Streptococcus
121903,Streptococcus
121904,Streptococcus
121905,Streptococcus
121906,Streptococcus
121907,Streptococcus
121908,Streptococcus
121909,Streptococcus
121910,Streptococcus
121911,Streptococcus
121912,Streptococcus
121913,Streptococcus
121914,Streptococcus
121915,Streptococcus
121916,Streptococcus
121917,Streptococcus
121918,Streptococcus
121919,Streptococcus
121920,Streptococcus
121921,Streptococcus
121922,Streptococcus
121923,Streptococcus
121924,Streptococcus
121925,Streptococcus
121926,Streptococcus
121927,Streptococcus
121928,Streptococcus
121929,Streptococcus
121930,Streptococcus
121931,Streptococcus
121932,Streptococcus
121933,Streptococcus
121934,Streptococcus
121935,Streptococcus
121936,Streptococcus
121937,Streptococcus
121938,Streptococcus
121939,Streptococcus
121940,Streptococcus
121941,Streptococcus
121942,Streptococcus
121943,Streptococcus
121944,Streptococcus
121945,Streptococcus
121947,Streptococcus
121948,Streptococcus
121949,Streptococcus
121950,Streptococcus
121951,Streptococcus
121952,Streptococcus
121953,Streptococcus
121954,Streptococcus
121955,Streptococcus
121957,Streptococcus
121958,Streptococcus
121961,Streptococcus
121962,Streptococcus
121963,Streptococcus
121964,Streptococcus
121965,Streptococcus
121966,Streptococcus
121967,Streptococcus
121968,Streptococcus
121969,Streptococcus
121970,Streptococcus
121971,Streptococcus
121972,Streptococcus
121973,Streptococcus
121974,Streptococcus
121975,Streptococcus
121976,Streptococcus
121977,Streptococcus
121978,Streptococcus
121979,Streptococcus
121980,Streptococcus
121981,Streptococcus
121982,Streptococcus
121983,Streptococcus
121984,Streptococcus
121985,Streptococcus
121986,Streptococcus
121987,Streptococcus
121988,Streptococcus
121989,Streptococcus
121990,Streptococcus
121991,Streptococcus
121992,Streptococcus
121993,Streptococcus
121994,Streptococcus
121995,Streptococcus
121996,Streptococcus
121997,Streptococcus
121998,Streptococcus
121999,Streptococcus
122000,Streptococcus
122001,Streptococcus
122002,Streptococcus
122003,Streptococcus
122004,Streptococcus
122005,Streptococcus
122006,Streptococcus
122007,Streptococcus
122008,Streptococcus
122009,Streptococcus
122010,Streptococcus
122011,Streptococcus
122012,Streptococcus
122013,Streptococcus
122014,Streptococcus
122015,Streptococcus
122016,Streptococcus
122017,Streptococcus
122018,Streptococcus
122019,Streptococcus
122020,Streptococcus
122021,Streptococcus
122022,Streptococcus
122023,Streptococcus
122024,Streptococcus
122025,Streptococcus
122026,Streptococcus
122027,Streptococcus
122028,Streptococcus
122029,Streptococcus
122030,Streptococcus
122031,Streptococcus
122032,Streptococcus
122033,Streptococcus
122034,Streptococcus
122035,Streptococcus
122036,Streptococcus
122037,Streptococcus
122038,Streptococcus
122039,Streptococcus
122040,Streptococcus
122041,Streptococcus
122042,Streptococcus
122043,Streptococcus
122044,Streptococcus
122045,Streptococcus
122046,Streptococcus
122047,Streptococcus
122048,Streptococcus
122049,Streptococcus
122050,Streptococcus
122051,Streptococcus
122052,Streptococcus
122053,Streptococcus
122054,Streptococcus
122055,Streptococcus
122056,Streptococcus
122057,Streptococcus
122058,Streptococcus
122059,Streptococcus
122060,Streptococcus
122061,Streptococcus
122062,Streptococcus
122063,Streptococcus
122064,Streptococcus
122065,Streptococcus
122066,Streptococcus
122067,Streptococcus
122068,Streptococcus
122069,Streptococcus
122070,Streptococcus
122071,Streptococcus
122072,Streptococcus
122073,Streptococcus
122074,Streptococcus
122075,Streptococcus
122076,Streptococcus
122077,Streptococcus
122078,Streptococcus
122079,Streptococcus
122080,Streptococcus
122081,Streptococcus
122082,Streptococcus
122083,Streptococcus
122084,Streptococcus
122085,Streptococcus
122086,Streptococcus
122087,Streptococcus
122088,Streptococcus
122089,Streptococcus
122090,Streptococcus
122091,Streptococcus
122092,Streptococcus
122093,Streptococcus
122094,Streptococcus
122095,Streptococcus
122096,Streptococcus
122097,Streptococcus
122098,Streptococcus
122099,Streptococcus
122100,Streptococcus
122101,Streptococcus
122102,Streptococcus
122103,Streptococcus
122104,Streptococcus
122105,Streptococcus
122106,Streptococcus
122107,Streptococcus
122108,Streptococcus
122109,Streptococcus
122110,Streptococcus
122111,Streptococcus
122112,Streptococcus
122113,Streptococcus
122114,Streptococcus
122115,Streptococcus
122116,Streptococcus
122117,Streptococcus
122118,Streptococcus
122119,Streptococcus
122120,Streptococcus
122121,Streptococcus
122122,Streptococcus
122123,Streptococcus
122124,Streptococcus
122125,Streptococcus
122126,Streptococcus
122127,Streptococcus
122128,Streptococcus
122129,Streptococcus
122130,Streptococcus
122131,Streptococcus
122132,Streptococcus
122133,Streptococcus
122134,Streptococcus
122135,Streptococcus
122136,Streptococcus
122137,Streptococcus
122138,Streptococcus
122139,Streptococcus
122140,Streptococcus
122141,Streptococcus
122142,Streptococcus
122143,Streptococcus
122144,Streptococcus
122145,Streptococcus
122146,Streptococcus
122147,Streptococcus
122148,Streptococcus
122149,Streptococcus
122150,Streptococcus
122151,Streptococcus
122152,Streptococcus
122153,Streptococcus
122154,Streptococcus
122155,Streptococcus
122156,Streptococcus
122157,Streptococcus
122158,Streptococcus
122159,Streptococcus
122160,Streptococcus
122161,Streptococcus
122162,Streptococcus
122163,Streptococcus
122164,Streptococcus
122165,Streptococcus
122166,Streptococcus
122167,Streptococcus
122168,Streptococcus
122169,Streptococcus
122170,Streptococcus
122171,Streptococcus
122172,Streptococcus
122173,Streptococcus
122174,Streptococcus
122175,Streptococcus
122176,Streptococcus
122177,Streptococcus
122178,Streptococcus
122179,Streptococcus
122180,Streptococcus
122181,Streptococcus
122182,Streptococcus
122183,Streptococcus
122184,Streptococcus
122185,Streptococcus
122186,Streptococcus
122187,Streptococcus
122188,Streptococcus
122189,Streptococcus
122190,Streptococcus
122191,Streptococcus
122192,Streptococcus
122193,Streptococcus
122194,Streptococcus
122195,Streptococcus
122196,Streptococcus
122197,Streptococcus
122198,Streptococcus
122199,Streptococcus
122200,Streptococcus
122201,Streptococcus
122202,Streptococcus
122203,Streptococcus
122204,Streptococcus
122205,Streptococcus
122206,Streptococcus
122207,Streptococcus
122208,Streptococcus
122209,Streptococcus
122210,Streptococcus
122211,Streptococcus
122212,Streptococcus
122213,Streptococcus
122214,Streptococcus
122215,Streptococcus
122216,Streptococcus
122217,Streptococcus
122218,Streptococcus
122219,Streptococcus
122220,Streptococcus
122221,Streptococcus
122222,Streptococcus
122223,Streptococcus
122224,Streptococcus
122225,Streptococcus
122226,Streptococcus
122227,Streptococcus
122228,Streptococcus
122229,Streptococcus
122230,Streptococcus
122231,Streptococcus
122232,Streptococcus
122233,Streptococcus
122234,Streptococcus
122235,Streptococcus
122236,Streptococcus
122237,Streptococcus
122238,Streptococcus
122239,Streptococcus
122240,Streptococcus
122241,Streptococcus
122242,Streptococcus
122243,Streptococcus
122244,Streptococcus
122245,Streptococcus
122246,Streptococcus
122247,Streptococcus
122248,Streptococcus
122249,Streptococcus
122250,Streptococcus
122251,Streptococcus
122252,Streptococcus
122253,Streptococcus
122254,Streptococcus
122255,Streptococcus
122256,Streptococcus
122257,Streptococcus
122258,Streptococcus
122259,Streptococcus
122260,Streptococcus
122261,Streptococcus
122262,Streptococcus
122263,Streptococcus
122264,Streptococcus
122265,Streptococcus
122266,Streptococcus
122267,Streptococcus
122268,Streptococcus
122269,Streptococcus
122270,Streptococcus
122271,Streptococcus
122272,Streptococcus
122273,Streptococcus
122274,Streptococcus
122275,Streptococcus
122276,Streptococcus
122277,Streptococcus
122278,Streptococcus
122279,Streptococcus
122280,Streptococcus
122281,Streptococcus
122282,Streptococcus
122283,Streptococcus
122284,Streptococcus
122285,Streptococcus
122286,Streptococcus
122287,Streptococcus
122288,Streptococcus
122289,Streptococcus
122290,Streptococcus
122291,Streptococcus
122292,Streptococcus
122293,Streptococcus
122294,Streptococcus
122295,Streptococcus
122296,Streptococcus
122297,Streptococcus
122298,Streptococcus
122299,Streptococcus
122300,Streptococcus
122301,Streptococcus
122302,Streptococcus
122303,Streptococcus
122304,Streptococcus
122305,Streptococcus
122306,Streptococcus
122307,Streptococcus
122308,Streptococcus
122309,Streptococcus
122310,Streptococcus
122311,Streptococcus
122312,Streptococcus
122313,Streptococcus
122314,Streptococcus
122315,Streptococcus
122316,Streptococcus
122317,Streptococcus
122318,Streptococcus
122319,Streptococcus
122320,Streptococcus
122321,Streptococcus
122322,Streptococcus
122323,Streptococcus
122324,Streptococcus
122325,Streptococcus
122326,Streptococcus
122327,Streptococcus
122328,Streptococcus
122329,Streptococcus
122330,Streptococcus
122331,Streptococcus
122332,Streptococcus
122334,Streptococcus
122335,Streptococcus
122336,Streptococcus
122337,Streptococcus
122338,Streptococcus
122339,Streptococcus
122340,Streptococcus
122341,Streptococcus
122342,Streptococcus
122343,Streptococcus
122344,Streptococcus
122345,Streptococcus
122346,Streptococcus
122347,Streptococcus
122348,Streptococcus
122349,Streptococcus
122350,Streptococcus
122351,Streptococcus
122352,Streptococcus
122353,Streptococcus
122354,Streptococcus
122355,Streptococcus
122356,Streptococcus
122357,Streptococcus
122358,Streptococcus
122359,Streptococcus
122360,Streptococcus
122361,Streptococcus
122362,Streptococcus
122363,Streptococcus
122364,Streptococcus
122365,Streptococcus
122366,Streptococcus
122367,Streptococcus
122368,Streptococcus
122369,Streptococcus
122370,Streptococcus
122371,Streptococcus
122372,Streptococcus
122373,Streptococcus
122374,Streptococcus
122375,Streptococcus
122376,Streptococcus
122377,Streptococcus
122378,Streptococcus
122379,Streptococcus
122380,Streptococcus
122381,Streptococcus
122382,Streptococcus
122383,Streptococcus
122384,Streptococcus
122385,Streptococcus
122386,Streptococcus
122387,Streptococcus
122388,Streptococcus
122389,Streptococcus
122390,Streptococcus
122391,Streptococcus
122392,Streptococcus
122393,Streptococcus
122394,Streptococcus
122395,Streptococcus
122396,Streptococcus
122397,Streptococcus
122398,Streptococcus
122399,Streptococcus
122400,Streptococcus
122401,Streptococcus
122402,Streptococcus
122403,Streptococcus
122404,Streptococcus
122405,Streptococcus
122406,Streptococcus
122407,Streptococcus
122408,Streptococcus
122409,Streptococcus
122410,Streptococcus
122411,Streptococcus
122412,Streptococcus
122413,Streptococcus
122414,Streptococcus
122415,Streptococcus
122416,Streptococcus
122417,Streptococcus
122418,Streptococcus
122419,Streptococcus
122420,Streptococcus
122421,Streptococcus
122422,Streptococcus
122423,Streptococcus
122424,Streptococcus
122425,Streptococcus
122426,Streptococcus
122427,Streptococcus
122428,Streptococcus
122429,Streptococcus
122430,Streptococcus
122431,Streptococcus
122432,Streptococcus
122433,Streptococcus
122434,Streptococcus
122435,Streptococcus
122436,Streptococcus
122437,Streptococcus
122438,Streptococcus
122439,Streptococcus
122440,Streptococcus
122441,Streptococcus
122442,Streptococcus
122443,Streptococcus
122444,Streptococcus
122445,Streptococcus
122446,Streptococcus
122447,Streptococcus
122448,Streptococcus
122449,Streptococcus
122450,Streptococcus
122451,Streptococcus
122452,Streptococcus
122453,Streptococcus
122454,Streptococcus
122455,Streptococcus
122456,Streptococcus
122457,Streptococcus
122458,Streptococcus
122459,Streptococcus
122460,Streptococcus
122461,Streptococcus
122462,Streptococcus
122463,Streptococcus
122464,Streptococcus
122465,Streptococcus
122466,Streptococcus
122467,Streptococcus
122468,Streptococcus
122469,Streptococcus
122470,Streptococcus
122471,Streptococcus
122472,Streptococcus
122473,Streptococcus
122474,Streptococcus
122475,Streptococcus
122476,Streptococcus
122477,Streptococcus
122478,Streptococcus
122479,Streptococcus
122480,Streptococcus
122481,Streptococcus
122482,Streptococcus
122483,Streptococcus
122484,Streptococcus
122485,Streptococcus
122486,Streptococcus
122487,Streptococcus
122488,Streptococcus
122489,Streptococcus
122490,Streptococcus
122491,Streptococcus
122492,Streptococcus
122493,Streptococcus
122494,Streptococcus
122495,Streptococcus
122496,Streptococcus
122497,Streptococcus
122498,Streptococcus
122499,Streptococcus
122500,Streptococcus
122501,Streptococcus
122502,Streptococcus
122503,Streptococcus
122504,Streptococcus
122505,Streptococcus
122506,Streptococcus
122507,Streptococcus
122508,Streptococcus
122509,Streptococcus
122510,Streptococcus
122511,Streptococcus
122512,Streptococcus
122513,Streptococcus
122514,Streptococcus
122515,Streptococcus
122516,Streptococcus
122517,Streptococcus
122518,Streptococcus
122519,Streptococcus
122520,Streptococcus
122521,Streptococcus
122522,Streptococcus
122523,Streptococcus
122524,Streptococcus
122525,Streptococcus
122526,Streptococcus
122527,Streptococcus
122528,Streptococcus
122529,Streptococcus
122530,Streptococcus
122531,Streptococcus
122532,Streptococcus
122533,Streptococcus
122534,Streptococcus
122535,Streptococcus
122536,Streptococcus
122537,Streptococcus
122538,Streptococcus
122539,Streptococcus
122540,Streptococcus
122541,Streptococcus
122542,Streptococcus
122543,Streptococcus
122544,Streptococcus
122545,Streptococcus
122546,Streptococcus
122547,Streptococcus
122548,Streptococcus
122549,Streptococcus
122550,Streptococcus
122551,Streptococcus
122552,Streptococcus
122553,Streptococcus
122554,Streptococcus
122555,Streptococcus
122556,Streptococcus
122557,Streptococcus
122558,Streptococcus
122559,Streptococcus
122560,Streptococcus
122561,Streptococcus
122562,Streptococcus
122563,Streptococcus
122564,Streptococcus
122565,Streptococcus
122566,Streptococcus
122567,Streptococcus
122568,Streptococcus
122569,Streptococcus
122570,Streptococcus
122571,Streptococcus
122572,Streptococcus
122573,Streptococcus
122574,Streptococcus
122575,Streptococcus
122576,Streptococcus
122577,Streptococcus
122578,Streptococcus
122579,Streptococcus
122580,Streptococcus
122581,Streptococcus
122582,Streptococcus
122583,Streptococcus
122584,Streptococcus
122585,Streptococcus
122586,Streptococcus
122587,Streptococcus
122588,Streptococcus
122589,Streptococcus
122590,Streptococcus
122591,Streptococcus
122592,Streptococcus
122593,Streptococcus
122594,Streptococcus
122595,Streptococcus
122596,Streptococcus
122597,Streptococcus
122598,Streptococcus
122599,Streptococcus
122600,Streptococcus
122601,Streptococcus
122602,Streptococcus
122603,Streptococcus
122604,Streptococcus
122605,Streptococcus
122606,Streptococcus
122607,Streptococcus
122608,Streptococcus
122609,Streptococcus
122610,Streptococcus
122611,Streptococcus
122612,Streptococcus
122613,Streptococcus
122614,Streptococcus
122615,Streptococcus
122616,Streptococcus
122617,Streptococcus
122618,Streptococcus
122619,Streptococcus
122620,Streptococcus
122621,Streptococcus
122622,Streptococcus
122623,Streptococcus
122624,Streptococcus
122625,Streptococcus
122626,Streptococcus
122627,Streptococcus
122628,Streptococcus
122629,Streptococcus
122630,Streptococcus
122631,Streptococcus
122632,Streptococcus
122633,Streptococcus
122634,Streptococcus
122635,Streptococcus
122636,Streptococcus
122637,Streptococcus
122638,Streptococcus
122639,Streptococcus
122640,Streptococcus
122641,Streptococcus
122642,Streptococcus
122643,Streptococcus
122644,Streptococcus
122645,Streptococcus
122646,Streptococcus
122647,Streptococcus
122648,Streptococcus
122649,Streptococcus
122650,Streptococcus
122651,Streptococcus
122652,Streptococcus
122653,Streptococcus
122654,Streptococcus
122655,Streptococcus
122656,Streptococcus
122657,Streptococcus
122658,Streptococcus
122659,Streptococcus
122660,Streptococcus
122661,Streptococcus
122662,Streptococcus
122663,Streptococcus
122664,Streptococcus
122665,Streptococcus
122666,Streptococcus
122667,Streptococcus
122668,Streptococcus
122669,Streptococcus
122670,Streptococcus
122671,Streptococcus
122672,Streptococcus
122673,Streptococcus
122674,Streptococcus
122675,Streptococcus
122676,Streptococcus
122677,Streptococcus
122678,Streptococcus
122679,Streptococcus
122680,Streptococcus
122681,Streptococcus
122682,Streptococcus
122683,Streptococcus
122684,Streptococcus
122685,Streptococcus
122686,Streptococcus
122687,Streptococcus
122688,Streptococcus
122689,Streptococcus
122690,Streptococcus
122691,Streptococcus
122692,Streptococcus
122693,Streptococcus
122694,Streptococcus
122695,Streptococcus
122696,Streptococcus
122697,Streptococcus
122698,Streptococcus
122699,Streptococcus
122700,Streptococcus
122701,Streptococcus
122702,Streptococcus
122703,Streptococcus
122704,Streptococcus
122705,Streptococcus
122706,Streptococcus
122707,Streptococcus
122708,Streptococcus
122709,Streptococcus
122710,Streptococcus
122711,Streptococcus
122712,Streptococcus
122713,Streptococcus
122714,Streptococcus
122715,Streptococcus
122716,Streptococcus
122717,Streptococcus
122718,Streptococcus
122719,Streptococcus
122720,Streptococcus
122721,Streptococcus
122722,Streptococcus
122723,Streptococcus
122724,Streptococcus
122725,Streptococcus
122726,Streptococcus
122727,Streptococcus
122728,Streptococcus
122729,Streptococcus
122730,Streptococcus
122731,Streptococcus
122732,Streptococcus
122733,Streptococcus
122734,Streptococcus
122735,Streptococcus
122736,Streptococcus
122737,Streptococcus
122738,Streptococcus
122739,Streptococcus
122740,Streptococcus
122741,Streptococcus
122742,Streptococcus
122743,Streptococcus
122744,Streptococcus
122745,Streptococcus
122746,Streptococcus
122747,Streptococcus
122748,Streptococcus
122749,Streptococcus
122750,Streptococcus
122751,Streptococcus
122752,Streptococcus
122753,Streptococcus
122754,Streptococcus
122755,Streptococcus
122756,Streptococcus
122757,Streptococcus
122758,Streptococcus
122759,Streptococcus
122760,Streptococcus
122761,Streptococcus
122762,Streptococcus
122763,Streptococcus
122764,Streptococcus
122765,Streptococcus
122766,Streptococcus
122767,Streptococcus
122768,Streptococcus
122769,Streptococcus
122770,Streptococcus
122771,Streptococcus
122772,Streptococcus
122773,Streptococcus
122774,Streptococcus
122775,Streptococcus
122776,Streptococcus
122777,Streptococcus
122778,Streptococcus
122779,Streptococcus
122780,Streptococcus
122781,Streptococcus
122782,Streptococcus
122783,Streptococcus
122784,Streptococcus
122785,Streptococcus
122786,Streptococcus
122787,Streptococcus
122788,Streptococcus
122789,Streptococcus
122790,Streptococcus
122791,Streptococcus
122792,Streptococcus
122793,Streptococcus
122794,Streptococcus
122795,Streptococcus
122796,Streptococcus
122797,Streptococcus
122798,Streptococcus
122799,Streptococcus
122800,Streptococcus
122801,Streptococcus
122802,Streptococcus
122803,Streptococcus
122804,Streptococcus
122805,Streptococcus
122806,Streptococcus
122807,Streptococcus
122808,Streptococcus
122809,Streptococcus
122810,Streptococcus
122811,Streptococcus
122812,Streptococcus
122813,Streptococcus
122814,Streptococcus
122815,Streptococcus
122816,Streptococcus
122817,Streptococcus
122818,Streptococcus
122819,Streptococcus
122820,Streptococcus
122821,Streptococcus
122822,Streptococcus
122823,Streptococcus
122824,Streptococcus
122825,Streptococcus
122826,Streptococcus
122827,Streptococcus
122828,Streptococcus
122829,Streptococcus
122830,Streptococcus
122831,Streptococcus
122832,Streptococcus
122833,Streptococcus
122834,Streptococcus
122835,Streptococcus
122836,Streptococcus
122837,Streptococcus
122838,Streptococcus
122839,Streptococcus
122840,Streptococcus
122841,Streptococcus
122842,Streptococcus
122843,Streptococcus
122844,Streptococcus
122845,Streptococcus
122846,Streptococcus
122847,Streptococcus
122848,Streptococcus
122849,Streptococcus
122850,Streptococcus
122851,Streptococcus
122852,Streptococcus
122853,Streptococcus
122854,Streptococcus
122855,Streptococcus
122856,Streptococcus
122857,Streptococcus
122858,Streptococcus
122859,Streptococcus
122860,Streptococcus
122861,Streptococcus
122862,Streptococcus
122863,Streptococcus
122864,Streptococcus
122865,Streptococcus
122866,Streptococcus
122867,Streptococcus
122868,Streptococcus
122869,Streptococcus
122870,Streptococcus
122871,Streptococcus
122872,Streptococcus
122873,Streptococcus
122874,Streptococcus
122875,Streptococcus
122876,Streptococcus
122877,Streptococcus
122878,Streptococcus
122879,Streptococcus
122880,Streptococcus
122881,Streptococcus
122882,Streptococcus
122883,Streptococcus
122884,Streptococcus
122885,Streptococcus
122886,Streptococcus
122887,Streptococcus
122888,Streptococcus
122889,Streptococcus
122890,Streptococcus
122891,Streptococcus
122892,Streptococcus
122893,Streptococcus
122894,Streptococcus
122895,Streptococcus
122896,Streptococcus
122897,Streptococcus
122898,Streptococcus
122899,Streptococcus
122900,Streptococcus
122901,Streptococcus
122902,Streptococcus
122903,Streptococcus
122904,Streptococcus
122905,Streptococcus
122906,Streptococcus
122907,Streptococcus
122908,Streptococcus
122909,Streptococcus
122910,Streptococcus
122911,Streptococcus
122912,Streptococcus
122913,Streptococcus
122914,Streptococcus
122915,Streptococcus
122916,Streptococcus
122917,Streptococcus
122918,Streptococcus
122919,Streptococcus
122920,Streptococcus
122921,Streptococcus
122922,Streptococcus
122923,Streptococcus
122924,Streptococcus
122925,Streptococcus
122926,Streptococcus
122927,Streptococcus
122928,Streptococcus
122929,Streptococcus
122930,Streptococcus
122931,Streptococcus
122932,Streptococcus
122933,Streptococcus
122934,Streptococcus
122935,Streptococcus
122936,Streptococcus
122937,Streptococcus
122938,Streptococcus
122939,Streptococcus
122940,Streptococcus
122941,Streptococcus
122942,Streptococcus
122943,Streptococcus
122944,Streptococcus
122945,Streptococcus
122946,Streptococcus
122947,Streptococcus
122948,Streptococcus
122949,Streptococcus
122950,Streptococcus
122951,Streptococcus
122952,Streptococcus
122953,Streptococcus
122954,Streptococcus
122955,Streptococcus
122956,Streptococcus
122957,Streptococcus
122958,Streptococcus
122959,Streptococcus
122960,Streptococcus
122961,Streptococcus
122962,Streptococcus
122963,Streptococcus
122964,Streptococcus
122965,Streptococcus
122966,Streptococcus
122967,Streptococcus
122968,Streptococcus
122969,Streptococcus
122970,Streptococcus
122971,Streptococcus
122972,Streptococcus
122973,Streptococcus
122974,Streptococcus
122975,Streptococcus
122976,Streptococcus
122977,Streptococcus
122978,Streptococcus
122979,Streptococcus
122980,Streptococcus
122981,Streptococcus
122982,Streptococcus
122983,Streptococcus
122984,Streptococcus
122985,Streptococcus
122986,Streptococcus
122987,Streptococcus
122988,Streptococcus
122989,Streptococcus
122990,Streptococcus
122991,Streptococcus
122992,Streptococcus
122993,Streptococcus
122994,Streptococcus
122995,Streptococcus
122996,Streptococcus
122997,Streptococcus
122998,Streptococcus
122999,Streptococcus
123000,Streptococcus
123001,Streptococcus
123002,Streptococcus
123003,Streptococcus
123004,Streptococcus
123005,Streptococcus
123006,Streptococcus
123007,Streptococcus
123008,Streptococcus
123009,Streptococcus
123010,Streptococcus
123011,Streptococcus
123012,Streptococcus
123013,Streptococcus
123014,Streptococcus
123015,Streptococcus
123016,Streptococcus
123017,Streptococcus
123018,Streptococcus
123019,Streptococcus
123020,Streptococcus
123021,Streptococcus
123022,Streptococcus
123023,Streptococcus
123024,Streptococcus
123025,Streptococcus
123026,Streptococcus
123027,Streptococcus
123028,Streptococcus
123029,Streptococcus
123030,Streptococcus
123031,Streptococcus
123032,Streptococcus
123033,Streptococcus
123034,Streptococcus
123035,Streptococcus
123036,Streptococcus
123037,Streptococcus
123038,Streptococcus
123039,Streptococcus
123040,Streptococcus
123041,Streptococcus
123042,Streptococcus
123043,Streptococcus
123044,Streptococcus
123045,Streptococcus
123046,Streptococcus
123047,Streptococcus
123048,Streptococcus
123049,Streptococcus
123050,Streptococcus
123051,Streptococcus
123052,Streptococcus
123053,Streptococcus
123054,Streptococcus
123055,Streptococcus
123056,Streptococcus
123057,Streptococcus
123058,Streptococcus
123059,Streptococcus
123060,Streptococcus
123061,Streptococcus
123062,Streptococcus
123063,Streptococcus
123064,Streptococcus
123065,Streptococcus
123066,Streptococcus
123067,Streptococcus
123068,Streptococcus
123069,Streptococcus
123070,Streptococcus
123071,Streptococcus
123072,Streptococcus
123073,Streptococcus
123074,Streptococcus
123075,Streptococcus
123076,Streptococcus
123077,Streptococcus
123078,Streptococcus
123079,Streptococcus
123080,Streptococcus
123081,Streptococcus
123082,Streptococcus
123083,Streptococcus
123084,Streptococcus
123085,Streptococcus
123086,Streptococcus
123087,Streptococcus
123088,Streptococcus
123089,Streptococcus
123090,Streptococcus
123091,Streptococcus
123092,Streptococcus
123093,Streptococcus
123094,Streptococcus
123095,Streptococcus
123096,Streptococcus
123097,Streptococcus
123098,Streptococcus
123099,Streptococcus
123100,Streptococcus
123101,Streptococcus
123102,Streptococcus
123103,Streptococcus
123104,Streptococcus
123105,Streptococcus
123106,Streptococcus
123107,Streptococcus
123108,Streptococcus
123109,Streptococcus
123110,Streptococcus
123111,Streptococcus
123112,Streptococcus
123113,Streptococcus
123114,Streptococcus
123115,Streptococcus
123116,Streptococcus
123117,Streptococcus
123118,Streptococcus
123119,Streptococcus
123120,Streptococcus
123121,Streptococcus
123122,Streptococcus
123123,Streptococcus
123124,Streptococcus
123125,Streptococcus
123126,Streptococcus
123127,Streptococcus
123128,Streptococcus
123129,Streptococcus
123130,Streptococcus
123131,Streptococcus
123132,Streptococcus
123133,Streptococcus
123134,Streptococcus
123135,Streptococcus
123136,Streptococcus
123137,Streptococcus
123138,Streptococcus
123139,Streptococcus
123140,Streptococcus
123141,Streptococcus
123142,Streptococcus
123143,Streptococcus
123144,Streptococcus
123145,Streptococcus
123146,Streptococcus
123147,Streptococcus
123148,Streptococcus
123149,Streptococcus
123150,Streptococcus
123151,Streptococcus
123152,Streptococcus
123153,Streptococcus
123154,Streptococcus
123155,Streptococcus
123156,Streptococcus
123157,Streptococcus
123158,Streptococcus
123159,Streptococcus
123160,Streptococcus
123161,Streptococcus
123162,Streptococcus
123163,Streptococcus
123164,Streptococcus
123165,Streptococcus
123166,Streptococcus
123167,Streptococcus
123168,Streptococcus
123169,Streptococcus
123170,Streptococcus
123171,Streptococcus
123172,Streptococcus
123173,Streptococcus
123174,Streptococcus
123175,Streptococcus
123176,Streptococcus
123177,Streptococcus
123178,Streptococcus
123179,Streptococcus
123180,Streptococcus
123181,Streptococcus
123182,Streptococcus
123183,Streptococcus
123184,Streptococcus
123185,Streptococcus
123186,Streptococcus
123187,Streptococcus
123188,Streptococcus
123189,Streptococcus
123190,Streptococcus
123191,Streptococcus
123192,Streptococcus
123193,Streptococcus
123194,Streptococcus
123195,Streptococcus
123196,Streptococcus
123197,Streptococcus
123198,Streptococcus
123199,Streptococcus
123200,Streptococcus
123201,Streptococcus
123202,Streptococcus
123203,Streptococcus
123204,Streptococcus
123205,Streptococcus
123206,Streptococcus
123207,Streptococcus
123208,Streptococcus
123209,Streptococcus
123210,Streptococcus
123211,Streptococcus
123212,Streptococcus
123213,Streptococcus
123214,Streptococcus
123215,Streptococcus
123216,Streptococcus
123217,Streptococcus
123218,Streptococcus
123219,Streptococcus
123220,Streptococcus
123221,Streptococcus
123222,Streptococcus
123223,Streptococcus
123224,Streptococcus
123225,Streptococcus
123226,Streptococcus
123227,Streptococcus
123228,Streptococcus
123229,Streptococcus
123230,Streptococcus
123231,Streptococcus
123232,Streptococcus
123233,Streptococcus
123234,Streptococcus
123235,Streptococcus
123236,Streptococcus
123237,Streptococcus
123238,Streptococcus
123239,Streptococcus
123240,Streptococcus
123241,Streptococcus
123242,Streptococcus
123243,Streptococcus
123244,Streptococcus
123245,Streptococcus
123246,Streptococcus
123247,Streptococcus
123248,Streptococcus
123249,Streptococcus
123250,Streptococcus
123251,Streptococcus
123252,Streptococcus
123253,Streptococcus
123254,Streptococcus
123255,Streptococcus
123256,Streptococcus
123257,Streptococcus
123258,Streptococcus
123259,Streptococcus
123260,Streptococcus
123261,Streptococcus
123262,Streptococcus
123263,Streptococcus
123264,Streptococcus
123265,Streptococcus
123266,Streptococcus
123267,Streptococcus
123268,Streptococcus
123269,Streptococcus
123270,Streptococcus
123271,Streptococcus
123272,Streptococcus
123273,Streptococcus
123274,Streptococcus
123275,Streptococcus
123276,Streptococcus
123277,Streptococcus
123278,Streptococcus
123279,Streptococcus
123280,Streptococcus
123281,Streptococcus
123282,Streptococcus
123283,Streptococcus
123284,Streptococcus
123285,Streptococcus
123286,Streptococcus
123287,Streptococcus
123288,Streptococcus
123289,Streptococcus
123290,Streptococcus
123291,Streptococcus
123292,Streptococcus
123293,Streptococcus
123294,Streptococcus
123295,Streptococcus
123296,Streptococcus
123297,Streptococcus
123298,Streptococcus
123299,Streptococcus
123300,Streptococcus
123301,Streptococcus
123302,Streptococcus
123303,Streptococcus
123304,Streptococcus
123305,Streptococcus
123306,Streptococcus
123307,Streptococcus
123308,Streptococcus
123309,Streptococcus
123310,Streptococcus
123311,Streptococcus
123312,Streptococcus
123313,Streptococcus
123314,Streptococcus
123315,Streptococcus
123316,Streptococcus
123317,Streptococcus
123318,Streptococcus
123319,Streptococcus
123320,Streptococcus
123321,Streptococcus
123322,Streptococcus
123323,Streptococcus
123324,Streptococcus
123325,Streptococcus
123326,Streptococcus
123327,Streptococcus
123328,Streptococcus
123329,Streptococcus
123330,Streptococcus
123331,Streptococcus
123332,Streptococcus
123333,Streptococcus
123334,Streptococcus
123335,Streptococcus
123336,Streptococcus
123337,Streptococcus
123338,Streptococcus
123339,Streptococcus
123340,Streptococcus
123341,Streptococcus
123342,Streptococcus
123343,Streptococcus
123344,Streptococcus
123345,Streptococcus
123346,Streptococcus
123347,Streptococcus
123348,Streptococcus
123349,Streptococcus
123350,Streptococcus
123351,Streptococcus
123352,Streptococcus
123353,Streptococcus
123354,Streptococcus
123355,Streptococcus
123356,Streptococcus
123357,Streptococcus
123358,Streptococcus
123359,Streptococcus
123360,Streptococcus
123361,Streptococcus
123362,Streptococcus
123363,Streptococcus
123364,Streptococcus
123365,Streptococcus
123366,Streptococcus
123367,Streptococcus
123368,Streptococcus
123369,Streptococcus
123370,Streptococcus
123371,Streptococcus
123372,Streptococcus
123373,Streptococcus
123374,Streptococcus
123375,Streptococcus
123376,Streptococcus
123377,Streptococcus
123378,Streptococcus
123379,Streptococcus
123380,Streptococcus
123381,Streptococcus
123382,Streptococcus
123383,Streptococcus
123384,Streptococcus
123385,Streptococcus
123386,Streptococcus
123387,Streptococcus
123388,Streptococcus
123389,Streptococcus
123390,Streptococcus
123391,Streptococcus
123392,Streptococcus
123393,Streptococcus
123394,Streptococcus
123395,Streptococcus
123396,Streptococcus
123397,Streptococcus
123398,Streptococcus
123399,Streptococcus
123400,Streptococcus
123401,Streptococcus
123402,Streptococcus
123403,Streptococcus
123404,Streptococcus
123405,Streptococcus
123406,Streptococcus
123407,Streptococcus
123408,Streptococcus
123409,Streptococcus
123410,Streptococcus
123411,Streptococcus
123412,Streptococcus
123413,Streptococcus
123414,Streptococcus
123415,Streptococcus
123416,Streptococcus
123417,Streptococcus
123418,Streptococcus
123419,Streptococcus
123420,Streptococcus
123421,Streptococcus
123422,Streptococcus
123423,Streptococcus
123424,Streptococcus
123425,Streptococcus
123426,Streptococcus
123427,Streptococcus
123428,Streptococcus
123429,Streptococcus
123430,Streptococcus
123431,Streptococcus
123432,Streptococcus
123433,Streptococcus
123434,Streptococcus
123435,Streptococcus
123436,Streptococcus
123437,Streptococcus
123438,Streptococcus
123439,Streptococcus
123440,Streptococcus
123441,Streptococcus
123442,Streptococcus
123443,Streptococcus
123444,Streptococcus
123445,Streptococcus
123446,Streptococcus
123447,Streptococcus
123448,Streptococcus
123449,Streptococcus
123450,Streptococcus
123451,Streptococcus
123452,Streptococcus
123453,Streptococcus
123454,Streptococcus
123455,Streptococcus
123456,Streptococcus
123457,Streptococcus
123458,Streptococcus
123459,Streptococcus
123460,Streptococcus
123461,Streptococcus
123462,Streptococcus
123463,Streptococcus
123464,Streptococcus
123465,Streptococcus
123466,Streptococcus
123467,Streptococcus
123468,Streptococcus
123469,Streptococcus
123470,Streptococcus
123471,Streptococcus
123472,Streptococcus
123473,Streptococcus
123474,Streptococcus
123475,Streptococcus
123476,Streptococcus
123477,Streptococcus
123478,Streptococcus
123479,Streptococcus
123480,Streptococcus
123481,Streptococcus
123482,Streptococcus
123483,Streptococcus
123484,Streptococcus
123485,Streptococcus
123486,Streptococcus
123487,Streptococcus
123488,Streptococcus
123489,Streptococcus
123490,Streptococcus
123491,Streptococcus
123492,Streptococcus
123493,Streptococcus
123494,Streptococcus
123495,Streptococcus
123496,Streptococcus
123497,Streptococcus
123498,Streptococcus
123499,Streptococcus
123500,Streptococcus
123501,Streptococcus
123502,Streptococcus
123503,Streptococcus
123504,Streptococcus
123505,Streptococcus
123506,Streptococcus
123507,Streptococcus
123508,Streptococcus
123509,Streptococcus
123510,Streptococcus
123511,Streptococcus
123512,Streptococcus
123513,Streptococcus
123514,Streptococcus
123515,Streptococcus
123516,Streptococcus
123517,Streptococcus
123518,Streptococcus
123519,Streptococcus
123520,Streptococcus
123521,Streptococcus
123522,Streptococcus
123523,Streptococcus
123524,Streptococcus
123525,Streptococcus
123526,Streptococcus
123527,Streptococcus
123528,Streptococcus
123529,Streptococcus
123530,Streptococcus
123531,Streptococcus
123532,Streptococcus
123533,Streptococcus
123534,Streptococcus
123535,Streptococcus
123536,Streptococcus
123537,Streptococcus
123538,Streptococcus
123539,Streptococcus
123540,Streptococcus
123541,Streptococcus
123542,Streptococcus
123543,Streptococcus
123544,Streptococcus
123545,Streptococcus
123546,Streptococcus
123547,Streptococcus
123548,Streptococcus
123549,Streptococcus
123550,Streptococcus
123551,Streptococcus
123552,Streptococcus
123553,Streptococcus
123554,Streptococcus
123555,Streptococcus
123556,Streptococcus
123557,Streptococcus
123558,Streptococcus
123559,Streptococcus
123560,Streptococcus
123561,Streptococcus
123562,Streptococcus
123563,Streptococcus
123564,Streptococcus
123565,Streptococcus
123566,Streptococcus
123567,Streptococcus
123568,Streptococcus
123569,Streptococcus
123570,Streptococcus
123571,Streptococcus
123572,Streptococcus
123573,Streptococcus
123574,Streptococcus
123575,Streptococcus
123576,Streptococcus
123577,Streptococcus
123578,Streptococcus
123579,Streptococcus
123580,Streptococcus
123581,Streptococcus
123582,Streptococcus
123583,Streptococcus
123584,Streptococcus
123585,Streptococcus
123586,Streptococcus
123587,Streptococcus
123588,Streptococcus
123589,Streptococcus
123590,Streptococcus
123591,Streptococcus
123592,Streptococcus
123593,Streptococcus
123594,Streptococcus
123595,Streptococcus
123596,Streptococcus
123597,Streptococcus
123598,Streptococcus
123599,Streptococcus
123600,Streptococcus
123601,Streptococcus
123602,Streptococcus
123603,Streptococcus
123604,Streptococcus
123605,Streptococcus
123606,Streptococcus
123607,Streptococcus
123608,Streptococcus
123609,Streptococcus
123610,Streptococcus
123611,Streptococcus
123612,Streptococcus
123613,Streptococcus
123614,Streptococcus
123615,Streptococcus
123616,Streptococcus
123617,Streptococcus
123618,Streptococcus
123619,Streptococcus
123620,Streptococcus
123621,Streptococcus
123622,Streptococcus
123623,Streptococcus
123624,Streptococcus
123625,Streptococcus
123626,Streptococcus
123627,Streptococcus
123628,Streptococcus
123629,Streptococcus
123630,Streptococcus
123631,Streptococcus
123632,Streptococcus
123633,Streptococcus
123634,Streptococcus
123635,Streptococcus
123636,Streptococcus
123637,Streptococcus
123638,Streptococcus
123639,Streptococcus
123640,Streptococcus
123641,Streptococcus
123642,Streptococcus
123643,Streptococcus
123644,Streptococcus
123645,Streptococcus
123646,Streptococcus
123647,Streptococcus
123648,Streptococcus
123649,Streptococcus
123650,Streptococcus
123651,Streptococcus
123652,Streptococcus
123653,Streptococcus
123654,Streptococcus
123655,Streptococcus
123656,Streptococcus
123657,Streptococcus
123658,Streptococcus
123659,Streptococcus
123660,Streptococcus
123661,Streptococcus
123662,Streptococcus
123663,Streptococcus
123664,Streptococcus
123665,Streptococcus
123666,Streptococcus
123667,Streptococcus
123668,Streptococcus
123669,Streptococcus
123670,Streptococcus
123671,Streptococcus
123672,Streptococcus
123673,Streptococcus
123674,Streptococcus
123675,Streptococcus
123676,Streptococcus
123677,Streptococcus
123678,Streptococcus
123679,Streptococcus
123680,Streptococcus
123681,Streptococcus
123682,Streptococcus
123683,Streptococcus
123684,Streptococcus
123685,Streptococcus
123686,Streptococcus
123687,Streptococcus
123688,Streptococcus
123689,Streptococcus
123690,Streptococcus
123691,Streptococcus
123692,Streptococcus
123693,Streptococcus
123694,Streptococcus
123695,Streptococcus
123696,Streptococcus
123697,Streptococcus
123698,Streptococcus
123699,Streptococcus
123700,Streptococcus
123701,Streptococcus
123702,Streptococcus
123703,Streptococcus
123704,Streptococcus
123705,Streptococcus
123706,Streptococcus
123707,Streptococcus
123708,Streptococcus
123709,Streptococcus
123710,Streptococcus
123711,Streptococcus
123712,Streptococcus
123713,Streptococcus
123714,Streptococcus
123715,Streptococcus
123716,Streptococcus
123717,Streptococcus
123718,Streptococcus
123719,Streptococcus
123720,Streptococcus
123721,Streptococcus
123722,Streptococcus
123723,Streptococcus
123724,Streptococcus
123725,Streptococcus
123726,Streptococcus
123727,Streptococcus
123728,Streptococcus
123729,Streptococcus
123730,Streptococcus
123731,Streptococcus
123732,Streptococcus
123733,Streptococcus
123734,Streptococcus
123735,Streptococcus
123736,Streptococcus
123737,Streptococcus
123738,Streptococcus
123739,Streptococcus
123740,Streptococcus
123741,Streptococcus
123742,Streptococcus
123743,Streptococcus
123744,Streptococcus
123745,Streptococcus
123746,Streptococcus
123747,Streptococcus
123748,Streptococcus
123749,Streptococcus
123750,Streptococcus
123751,Streptococcus
123752,Streptococcus
123753,Streptococcus
123754,Streptococcus
123755,Streptococcus
123756,Streptococcus
123757,Streptococcus
123758,Streptococcus
123759,Streptococcus
123760,Streptococcus
123761,Streptococcus
123762,Streptococcus
123763,Streptococcus
123764,Streptococcus
123765,Streptococcus
123766,Streptococcus
123767,Streptococcus
123768,Streptococcus
123769,Streptococcus
123770,Streptococcus
123771,Streptococcus
123772,Streptococcus
123773,Streptococcus
123774,Streptococcus
123775,Streptococcus
123776,Streptococcus
123777,Streptococcus
123778,Streptococcus
123779,Streptococcus
123780,Streptococcus
123781,Streptococcus
123782,Streptococcus
123783,Streptococcus
123784,Streptococcus
123785,Streptococcus
123786,Streptococcus
123787,Streptococcus
123788,Streptococcus
123789,Streptococcus
123790,Streptococcus
123791,Streptococcus
123792,Streptococcus
123793,Streptococcus
123794,Streptococcus
123795,Streptococcus
123796,Streptococcus
123797,Streptococcus
123798,Streptococcus
123799,Streptococcus
123800,Streptococcus
123801,Streptococcus
123802,Streptococcus
123803,Streptococcus
123804,Streptococcus
123805,Streptococcus
123806,Streptococcus
123807,Streptococcus
123808,Streptococcus
123809,Streptococcus
123810,Streptococcus
123811,Streptococcus
123812,Streptococcus
123813,Streptococcus
123814,Streptococcus
123815,Streptococcus
123816,Streptococcus
123817,Streptococcus
123818,Streptococcus
123819,Streptococcus
123820,Streptococcus
123821,Streptococcus
123822,Streptococcus
123823,Streptococcus
123824,Streptococcus
123825,Streptococcus
123826,Streptococcus
123827,Streptococcus
123828,Streptococcus
123829,Streptococcus
123830,Streptococcus
123831,Streptococcus
123832,Streptococcus
123833,Streptococcus
123834,Streptococcus
123835,Streptococcus
123836,Streptococcus
123837,Streptococcus
123838,Streptococcus
123839,Streptococcus
123840,Streptococcus
123841,Streptococcus
123842,Streptococcus
123843,Streptococcus
123844,Streptococcus
123845,Streptococcus
123846,Streptococcus
123847,Streptococcus
123848,Streptococcus
123849,Streptococcus
123850,Streptococcus
123851,Streptococcus
123852,Streptococcus
123853,Streptococcus
123854,Streptococcus
123855,Streptococcus
123856,Streptococcus
123857,Streptococcus
123858,Streptococcus
123859,Streptococcus
123860,Streptococcus
123861,Streptococcus
123862,Streptococcus
123863,Streptococcus
123864,Streptococcus
123865,Streptococcus
123866,Streptococcus
123867,Streptococcus
123868,Streptococcus
123869,Streptococcus
123870,Streptococcus
123871,Streptococcus
123872,Streptococcus
123873,Streptococcus
123874,Streptococcus
123875,Streptococcus
123876,Streptococcus
123877,Streptococcus
123878,Streptococcus
123879,Streptococcus
123880,Streptococcus
123881,Streptococcus
123882,Streptococcus
123883,Streptococcus
123884,Streptococcus
123885,Streptococcus
123886,Streptococcus
123887,Streptococcus
123888,Streptococcus
123889,Streptococcus
123890,Streptococcus
123891,Streptococcus
123892,Streptococcus
123893,Streptococcus
123894,Streptococcus
123895,Streptococcus
123896,Streptococcus
123897,Streptococcus
123898,Streptococcus
123899,Streptococcus
123900,Streptococcus
123901,Streptococcus
123902,Streptococcus
123903,Streptococcus
123904,Streptococcus
123905,Streptococcus
123906,Streptococcus
123907,Streptococcus
123908,Streptococcus
123909,Streptococcus
123910,Streptococcus
123911,Streptococcus
123912,Streptococcus
123913,Streptococcus
123914,Streptococcus
123915,Streptococcus
123916,Streptococcus
123917,Streptococcus
123918,Streptococcus
123919,Streptococcus
123920,Streptococcus
123921,Streptococcus
123922,Streptococcus
123923,Streptococcus
123924,Streptococcus
123925,Streptococcus
123926,Streptococcus
123927,Streptococcus
123928,Streptococcus
123929,Streptococcus
123930,Streptococcus
123931,Streptococcus
123932,Streptococcus
123933,Streptococcus
123934,Streptococcus
123935,Streptococcus
123936,Streptococcus
123937,Streptococcus
123938,Streptococcus
123939,Streptococcus
123940,Streptococcus
123941,Streptococcus
123942,Streptococcus
123943,Streptococcus
123944,Streptococcus
123945,Streptococcus
123946,Streptococcus
123947,Streptococcus
123948,Streptococcus
123949,Streptococcus
123950,Streptococcus
123951,Streptococcus
123952,Streptococcus
123953,Streptococcus
123954,Streptococcus
123955,Streptococcus
123956,Streptococcus
123957,Streptococcus
123958,Streptococcus
123959,Streptococcus
123960,Streptococcus
123961,Streptococcus
123962,Streptococcus
123963,Streptococcus
123964,Streptococcus
123965,Streptococcus
123966,Streptococcus
123967,Streptococcus
123968,Streptococcus
123969,Streptococcus
123970,Streptococcus
123971,Streptococcus
123972,Streptococcus
123973,Streptococcus
123974,Streptococcus
123975,Streptococcus
123976,Streptococcus
123977,Streptococcus
123978,Streptococcus
123979,Streptococcus
123980,Streptococcus
123981,Streptococcus
123982,Streptococcus
123983,Streptococcus
123984,Streptococcus
123985,Streptococcus
123986,Streptococcus
123987,Streptococcus
123988,Streptococcus
123989,Streptococcus
123990,Streptococcus
123991,Streptococcus
123992,Streptococcus
123993,Streptococcus
123994,Streptococcus
123995,Streptococcus
123996,Streptococcus
123997,Streptococcus
123998,Streptococcus
123999,Streptococcus
124000,Streptococcus
124001,Streptococcus
124002,Streptococcus
124003,Streptococcus
124004,Streptococcus
124005,Streptococcus
124006,Streptococcus
124007,Streptococcus
124008,Streptococcus
124009,Streptococcus
124010,Streptococcus
124011,Streptococcus
124012,Streptococcus
124013,Streptococcus
124014,Streptococcus
124015,Streptococcus
124016,Streptococcus
124017,Streptococcus
124018,Streptococcus
124019,Streptococcus
124020,Streptococcus
124021,Streptococcus
124022,Streptococcus
124023,Streptococcus
124024,Streptococcus
124025,Streptococcus
124026,Streptococcus
124027,Streptococcus
124028,Streptococcus
124029,Streptococcus
124030,Streptococcus
124031,Streptococcus
124032,Streptococcus
124033,Streptococcus
124034,Streptococcus
124035,Streptococcus
124036,Streptococcus
124037,Streptococcus
124038,Streptococcus
124039,Streptococcus
124040,Streptococcus
124041,Streptococcus
124042,Streptococcus
124043,Streptococcus
124044,Streptococcus
124045,Streptococcus
124046,Streptococcus
124047,Streptococcus
124048,Streptococcus
124049,Streptococcus
124050,Streptococcus
124051,Streptococcus
124052,Streptococcus
124053,Streptococcus
124054,Streptococcus
124055,Streptococcus
124056,Streptococcus
124057,Streptococcus
124058,Streptococcus
124059,Streptococcus
124060,Streptococcus
124061,Streptococcus
124062,Streptococcus
124063,Streptococcus
124064,Streptococcus
124065,Streptococcus
124066,Streptococcus
124067,Streptococcus
124068,Streptococcus
124069,Streptococcus
124070,Streptococcus
124071,Streptococcus
124072,Streptococcus
124073,Streptococcus
124074,Streptococcus
124075,Streptococcus
124076,Streptococcus
124077,Streptococcus
124078,Streptococcus
124079,Streptococcus
124080,Streptococcus
124081,Streptococcus
124082,Streptococcus
124083,Streptococcus
124084,Streptococcus
124085,Streptococcus
124086,Streptococcus
124087,Streptococcus
124088,Streptococcus
124089,Streptococcus
124090,Streptococcus
124091,Streptococcus
124092,Streptococcus
124093,Streptococcus
124094,Streptococcus
124095,Streptococcus
124096,Streptococcus
124097,Streptococcus
124098,Streptococcus
124099,Streptococcus
124100,Streptococcus
124101,Streptococcus
124102,Streptococcus
124103,Streptococcus
124104,Streptococcus
124105,Streptococcus
124106,Streptococcus
124107,Streptococcus
124108,Streptococcus
124109,Streptococcus
124110,Streptococcus
124111,Streptococcus
124112,Streptococcus
124113,Streptococcus
124114,Streptococcus
124115,Streptococcus
124116,Streptococcus
124117,Streptococcus
124118,Streptococcus
124119,Streptococcus
124120,Streptococcus
124121,Streptococcus
124122,Streptococcus
124123,Streptococcus
124124,Streptococcus
124125,Streptococcus
124126,Streptococcus
124127,Streptococcus
124128,Streptococcus
124129,Streptococcus
124130,Streptococcus
124131,Streptococcus
124132,Streptococcus
124133,Streptococcus
124134,Streptococcus
124135,Streptococcus
124136,Streptococcus
124137,Streptococcus
124138,Streptococcus
124139,Streptococcus
124140,Streptococcus
124141,Streptococcus
124142,Streptococcus
124143,Streptococcus
124144,Streptococcus
124145,Streptococcus
124146,Streptococcus
124147,Streptococcus
124148,Streptococcus
124149,Streptococcus
124150,Streptococcus
124151,Streptococcus
124152,Streptococcus
124153,Streptococcus
124154,Streptococcus
124155,Streptococcus
124156,Streptococcus
124157,Streptococcus
124158,Streptococcus
124159,Streptococcus
124160,Streptococcus
124161,Streptococcus
124162,Streptococcus
124163,Streptococcus
124164,Streptococcus
124165,Streptococcus
124166,Streptococcus
124167,Streptococcus
124168,Streptococcus
124169,Streptococcus
124170,Streptococcus
124171,Streptococcus
124172,Streptococcus
124173,Streptococcus
124174,Streptococcus
124175,Streptococcus
124176,Streptococcus
124177,Streptococcus
124178,Streptococcus
124179,Streptococcus
124180,Streptococcus
124181,Streptococcus
124182,Streptococcus
124183,Streptococcus
124184,Streptococcus
124185,Streptococcus
124186,Streptococcus
124187,Streptococcus
124188,Streptococcus
124189,Streptococcus
124190,Streptococcus
124191,Streptococcus
124192,Streptococcus
124193,Streptococcus
124194,Streptococcus
124195,Streptococcus
124196,Streptococcus
124197,Streptococcus
124198,Streptococcus
124199,Streptococcus
124200,Streptococcus
124201,Streptococcus
124202,Streptococcus
124203,Streptococcus
124204,Streptococcus
124205,Streptococcus
124206,Streptococcus
124207,Streptococcus
124208,Streptococcus
124209,Streptococcus
124210,Streptococcus
124211,Streptococcus
124212,Streptococcus
124213,Streptococcus
124214,Streptococcus
124215,Streptococcus
124216,Streptococcus
124217,Streptococcus
124218,Streptococcus
124219,Streptococcus
124220,Streptococcus
124221,Streptococcus
124222,Streptococcus
124223,Streptococcus
124224,Streptococcus
124225,Streptococcus
124226,Streptococcus
124227,Streptococcus
124228,Streptococcus
124229,Streptococcus
124230,Streptococcus
124231,Streptococcus
124232,Streptococcus
124233,Streptococcus
124234,Streptococcus
124235,Streptococcus
124236,Streptococcus
124237,Streptococcus
124238,Streptococcus
124239,Streptococcus
124240,Streptococcus
124241,Streptococcus
124242,Streptococcus
124243,Streptococcus
124244,Streptococcus
124245,Streptococcus
124246,Streptococcus
124247,Streptococcus
124248,Streptococcus
124249,Streptococcus
124250,Streptococcus
124251,Streptococcus
124252,Streptococcus
124253,Streptococcus
124254,Streptococcus
124255,Streptococcus
124256,Streptococcus
124257,Streptococcus
124258,Streptococcus
124259,Streptococcus
124260,Streptococcus
124261,Streptococcus
124262,Streptococcus
124263,Streptococcus
124264,Streptococcus
124265,Streptococcus
124266,Streptococcus
124267,Streptococcus
124268,Streptococcus
124269,Streptococcus
124270,Streptococcus
124271,Streptococcus
124272,Streptococcus
124273,Streptococcus
124274,Streptococcus
124275,Streptococcus
124276,Streptococcus
124277,Streptococcus
124278,Streptococcus
124279,Streptococcus
124280,Streptococcus
124281,Streptococcus
124282,Streptococcus
124283,Streptococcus
124284,Streptococcus
124285,Streptococcus
124286,Streptococcus
124287,Streptococcus
124288,Streptococcus
124289,Streptococcus
124290,Streptococcus
124291,Streptococcus
124292,Streptococcus
124293,Streptococcus
124294,Streptococcus
124295,Streptococcus
124296,Streptococcus
124297,Streptococcus
124298,Streptococcus
124299,Streptococcus
124300,Streptococcus
124301,Streptococcus
124302,Streptococcus
124303,Streptococcus
124304,Streptococcus
124305,Streptococcus
124306,Streptococcus
124307,Streptococcus
124308,Streptococcus
124309,Streptococcus
124310,Streptococcus
124311,Streptococcus
124312,Streptococcus
124313,Streptococcus
124314,Streptococcus
124315,Streptococcus
124316,Streptococcus
124317,Streptococcus
124318,Streptococcus
124319,Streptococcus
124320,Streptococcus
124321,Streptococcus
124322,Streptococcus
124323,Streptococcus
124324,Streptococcus
124325,Streptococcus
124326,Streptococcus
124327,Streptococcus
124328,Streptococcus
124329,Streptococcus
124330,Streptococcus
124331,Streptococcus
124332,Streptococcus
124333,Streptococcus
124334,Streptococcus
124335,Streptococcus
124336,Streptococcus
124337,Streptococcus
124338,Streptococcus
124339,Streptococcus
124340,Streptococcus
124341,Streptococcus
124342,Streptococcus
124343,Streptococcus
124344,Streptococcus
124345,Streptococcus
124346,Streptococcus
124347,Streptococcus
124348,Streptococcus
124349,Streptococcus
124350,Streptococcus
124351,Streptococcus
124352,Streptococcus
124353,Streptococcus
124354,Streptococcus
124355,Streptococcus
124356,Streptococcus
124357,Streptococcus
124358,Streptococcus
124359,Streptococcus
124360,Streptococcus
124361,Streptococcus
124362,Streptococcus
124363,Streptococcus
124364,Streptococcus
124365,Streptococcus
124366,Streptococcus
124367,Streptococcus
124368,Streptococcus
124369,Streptococcus
124370,Streptococcus
124371,Streptococcus
124372,Streptococcus
124373,Streptococcus
124374,Streptococcus
124375,Streptococcus
124376,Streptococcus
124377,Streptococcus
124378,Streptococcus
124379,Streptococcus
124380,Streptococcus
124381,Streptococcus
124382,Streptococcus
124383,Streptococcus
124384,Streptococcus
124385,Streptococcus
124386,Streptococcus
124387,Streptococcus
124388,Streptococcus
124389,Streptococcus
124390,Streptococcus
124391,Streptococcus
124392,Streptococcus
124393,Streptococcus
124394,Streptococcus
124395,Streptococcus
124396,Streptococcus
124397,Streptococcus
124398,Streptococcus
124399,Streptococcus
124400,Streptococcus
124401,Streptococcus
124402,Streptococcus
124403,Streptococcus
124404,Streptococcus
124405,Streptococcus
124406,Streptococcus
124407,Streptococcus
124408,Streptococcus
124409,Streptococcus
124410,Streptococcus
124411,Streptococcus
124412,Streptococcus
124413,Streptococcus
124414,Streptococcus
124416,Streptococcus
124417,Streptococcus
124418,Streptococcus
124419,Streptococcus
124420,Streptococcus
124421,Streptococcus
124422,Streptococcus
124423,Streptococcus
124424,Streptococcus
124425,Streptococcus
124426,Streptococcus
124427,Streptococcus
124428,Streptococcus
124429,Streptococcus
124430,Streptococcus
124431,Streptococcus
124432,Streptococcus
124433,Streptococcus
124434,Streptococcus
124435,Streptococcus
124436,Streptococcus
124437,Streptococcus
124438,Streptococcus
124439,Streptococcus
124440,Streptococcus
124441,Streptococcus
124442,Streptococcus
124443,Streptococcus
124444,Streptococcus
124445,Streptococcus
124446,Streptococcus
124447,Streptococcus
124448,Streptococcus
124449,Streptococcus
124450,Streptococcus
124451,Streptococcus
124452,Streptococcus
124453,Streptococcus
124454,Streptococcus
124455,Streptococcus
124456,Streptococcus
124457,Streptococcus
124458,Streptococcus
124459,Streptococcus
124460,Streptococcus
124461,Streptococcus
124462,Streptococcus
124463,Streptococcus
124464,Streptococcus
124465,Streptococcus
124466,Streptococcus
124467,Streptococcus
124468,Streptococcus
124469,Streptococcus
124470,Streptococcus
124471,Streptococcus
124472,Streptococcus
124473,Streptococcus
124474,Streptococcus
124475,Streptococcus
124476,Streptococcus
124477,Streptococcus
124478,Streptococcus
124479,Streptococcus
124480,Streptococcus
124481,Streptococcus
124482,Streptococcus
124483,Streptococcus
124484,Streptococcus
124485,Streptococcus
124486,Streptococcus
124487,Streptococcus
124488,Streptococcus
124489,Streptococcus
124490,Streptococcus
124491,Streptococcus
124492,Streptococcus
124493,Streptococcus
124494,Streptococcus
124495,Streptococcus
124496,Streptococcus
124497,Streptococcus
124498,Streptococcus
124499,Streptococcus
124500,Streptococcus
124501,Streptococcus
124502,Streptococcus
124503,Streptococcus
124504,Streptococcus
124505,Streptococcus
124506,Streptococcus
124507,Streptococcus
124508,Streptococcus
124509,Streptococcus
124510,Streptococcus
124511,Streptococcus
124512,Streptococcus
124513,Streptococcus
124514,Streptococcus
124515,Streptococcus
124516,Streptococcus
124517,Streptococcus
124518,Streptococcus
124519,Streptococcus
124520,Streptococcus
124521,Streptococcus
124522,Streptococcus
124523,Streptococcus
124524,Streptococcus
124525,Streptococcus
124526,Streptococcus
124527,Streptococcus
124528,Streptococcus
124529,Streptococcus
124530,Streptococcus
124531,Streptococcus
124532,Streptococcus
124533,Streptococcus
124534,Streptococcus
124535,Streptococcus
124536,Streptococcus
124537,Streptococcus
124538,Streptococcus
124539,Streptococcus
124540,Streptococcus
124541,Streptococcus
124542,Streptococcus
124543,Streptococcus
124544,Streptococcus
124545,Streptococcus
124546,Streptococcus
124547,Streptococcus
124548,Streptococcus
124549,Streptococcus
124550,Streptococcus
124551,Streptococcus
124552,Streptococcus
124553,Streptococcus
124554,Streptococcus
124555,Streptococcus
124556,Streptococcus
124557,Streptococcus
124558,Streptococcus
124559,Streptococcus
124560,Streptococcus
124561,Streptococcus
124562,Streptococcus
124563,Streptococcus
124564,Streptococcus
124565,Streptococcus
124566,Streptococcus
124567,Streptococcus
124568,Streptococcus
124569,Streptococcus
124570,Streptococcus
124571,Streptococcus
124572,Streptococcus
124573,Streptococcus
124574,Streptococcus
124575,Streptococcus
124576,Streptococcus
124577,Streptococcus
124578,Streptococcus
124579,Streptococcus
124580,Streptococcus
124581,Streptococcus
124582,Streptococcus
124583,Streptococcus
124584,Streptococcus
124585,Streptococcus
124586,Streptococcus
124587,Streptococcus
124588,Streptococcus
124589,Streptococcus
124590,Streptococcus
124591,Streptococcus
124592,Streptococcus
124593,Streptococcus
124594,Streptococcus
124595,Streptococcus
124596,Streptococcus
124597,Streptococcus
124598,Streptococcus
124599,Streptococcus
124600,Streptococcus
124601,Streptococcus
124602,Streptococcus
124603,Streptococcus
124604,Streptococcus
124605,Streptococcus
124606,Streptococcus
124607,Streptococcus
124608,Streptococcus
124609,Streptococcus
124610,Streptococcus
124611,Streptococcus
124612,Streptococcus
124613,Streptococcus
124614,Streptococcus
124615,Streptococcus
124616,Streptococcus
124617,Streptococcus
124618,Streptococcus
124619,Streptococcus
124620,Streptococcus
124621,Streptococcus
124622,Streptococcus
124623,Streptococcus
124624,Streptococcus
124625,Streptococcus
124626,Streptococcus
124627,Streptococcus
124628,Streptococcus
124629,Streptococcus
124630,Streptococcus
124631,Streptococcus
124632,Streptococcus
124633,Streptococcus
124634,Streptococcus
124635,Streptococcus
124636,Streptococcus
124637,Streptococcus
124638,Streptococcus
124639,Streptococcus
124640,Streptococcus
124641,Streptococcus
124642,Streptococcus
124643,Streptococcus
124644,Streptococcus
124645,Streptococcus
124646,Streptococcus
124647,Streptococcus
124648,Streptococcus
124649,Streptococcus
124650,Streptococcus
124651,Streptococcus
124652,Streptococcus
124653,Streptococcus
124654,Streptococcus
124655,Streptococcus
124656,Streptococcus
124657,Streptococcus
124658,Streptococcus
124659,Streptococcus
124660,Streptococcus
124661,Streptococcus
124662,Streptococcus
124663,Streptococcus
124664,Streptococcus
124665,Streptococcus
124666,Streptococcus
124667,Streptococcus
124668,Streptococcus
124669,Streptococcus
124670,Streptococcus
124671,Streptococcus
124672,Streptococcus
124673,Streptococcus
124674,Streptococcus
124675,Streptococcus
124676,Streptococcus
124677,Streptococcus
124678,Streptococcus
124679,Streptococcus
124680,Streptococcus
124681,Streptococcus
124682,Streptococcus
124683,Streptococcus
124684,Streptococcus
124685,Streptococcus
124686,Streptococcus
124687,Streptococcus
124688,Streptococcus
124689,Streptococcus
124690,Streptococcus
124691,Streptococcus
124692,Streptococcus
124693,Streptococcus
124694,Streptococcus
124695,Streptococcus
124696,Streptococcus
124697,Streptococcus
124698,Streptococcus
124699,Streptococcus
124700,Streptococcus
124701,Streptococcus
124702,Streptococcus
124703,Streptococcus
124704,Streptococcus
124705,Streptococcus
124706,Streptococcus
124707,Streptococcus
124708,Streptococcus
124709,Streptococcus
124710,Streptococcus
124711,Streptococcus
124712,Streptococcus
124713,Streptococcus
124714,Streptococcus
124715,Streptococcus
124716,Streptococcus
124717,Streptococcus
124718,Streptococcus
124719,Streptococcus
124720,Streptococcus
124721,Streptococcus
124722,Streptococcus
124723,Streptococcus
124724,Streptococcus
124725,Streptococcus
124726,Streptococcus
124727,Streptococcus
124728,Streptococcus
124729,Streptococcus
124730,Streptococcus
124731,Streptococcus
124732,Streptococcus
124733,Streptococcus
124734,Streptococcus
124735,Streptococcus
124736,Streptococcus
124737,Streptococcus
124738,Streptococcus
124739,Streptococcus
124740,Streptococcus
124741,Streptococcus
124742,Streptococcus
124743,Streptococcus
124744,Streptococcus
124745,Streptococcus
124746,Streptococcus
124747,Streptococcus
124748,Streptococcus
124749,Streptococcus
124750,Streptococcus
124751,Streptococcus
124752,Streptococcus
124753,Streptococcus
124754,Streptococcus
124755,Streptococcus
124756,Streptococcus
124757,Streptococcus
124758,Streptococcus
124759,Streptococcus
124760,Streptococcus
124761,Streptococcus
124762,Streptococcus
124763,Streptococcus
124764,Streptococcus
124765,Streptococcus
124766,Streptococcus
124767,Streptococcus
124768,Streptococcus
124769,Streptococcus
124770,Streptococcus
124771,Streptococcus
124772,Streptococcus
124773,Streptococcus
124774,Streptococcus
124775,Streptococcus
124776,Streptococcus
124777,Streptococcus
124778,Streptococcus
124779,Streptococcus
124780,Streptococcus
124781,Streptococcus
124782,Streptococcus
124783,Streptococcus
124784,Streptococcus
124785,Streptococcus
124786,Streptococcus
124787,Streptococcus
124788,Streptococcus
124789,Streptococcus
124790,Streptococcus
124791,Streptococcus
124792,Streptococcus
124793,Streptococcus
124794,Streptococcus
124795,Streptococcus
124796,Streptococcus
124797,Streptococcus
124798,Streptococcus
124799,Streptococcus
124800,Streptococcus
124801,Streptococcus
124802,Streptococcus
124803,Streptococcus
124804,Streptococcus
124805,Streptococcus
124806,Streptococcus
124807,Streptococcus
124808,Streptococcus
124809,Streptococcus
124810,Streptococcus
124811,Streptococcus
124812,Streptococcus
124813,Streptococcus
124814,Streptococcus
124815,Streptococcus
124816,Streptococcus
124817,Streptococcus
124818,Streptococcus
124819,Streptococcus
124820,Streptococcus
124821,Streptococcus
124822,Streptococcus
124823,Streptococcus
124824,Streptococcus
124825,Streptococcus
124826,Streptococcus
124827,Streptococcus
124828,Streptococcus
124829,Streptococcus
124830,Streptococcus
124831,Streptococcus
124832,Streptococcus
124833,Streptococcus
124834,Streptococcus
124835,Streptococcus
124836,Streptococcus
124837,Streptococcus
124838,Streptococcus
124839,Streptococcus
124840,Streptococcus
124841,Streptococcus
124842,Streptococcus
124843,Streptococcus
124844,Streptococcus
124845,Streptococcus
124846,Streptococcus
124847,Streptococcus
124848,Streptococcus
124849,Streptococcus
124850,Streptococcus
124851,Streptococcus
124852,Streptococcus
124853,Streptococcus
124854,Streptococcus
124855,Streptococcus
124856,Streptococcus
124857,Streptococcus
124858,Streptococcus
124859,Streptococcus
124860,Streptococcus
124861,Streptococcus
124862,Streptococcus
124863,Streptococcus
124864,Streptococcus
124865,Streptococcus
124866,Streptococcus
124867,Streptococcus
124868,Streptococcus
124869,Streptococcus
124870,Streptococcus
124871,Streptococcus
124872,Streptococcus
124873,Streptococcus
124874,Streptococcus
124875,Streptococcus
124876,Streptococcus
124877,Streptococcus
124878,Streptococcus
124879,Streptococcus
124880,Streptococcus
124881,Streptococcus
124882,Streptococcus
124883,Streptococcus
124884,Streptococcus
124885,Streptococcus
124886,Streptococcus
124887,Streptococcus
124888,Streptococcus
124889,Streptococcus
124890,Streptococcus
124891,Streptococcus
124892,Streptococcus
124893,Streptococcus
124894,Streptococcus
124895,Streptococcus
124896,Streptococcus
124897,Streptococcus
124898,Streptococcus
124899,Streptococcus
124900,Streptococcus
124901,Streptococcus
124902,Streptococcus
124903,Streptococcus
124904,Streptococcus
124905,Streptococcus
124906,Streptococcus
124907,Streptococcus
124908,Streptococcus
124909,Streptococcus
124910,Streptococcus
124911,Streptococcus
124912,Streptococcus
124913,Streptococcus
124914,Streptococcus
124915,Streptococcus
124916,Streptococcus
124917,Streptococcus
124918,Streptococcus
124919,Streptococcus
124920,Streptococcus
124921,Streptococcus
124922,Streptococcus
124923,Streptococcus
124924,Streptococcus
124925,Streptococcus
124926,Streptococcus
124927,Streptococcus
124928,Streptococcus
124929,Streptococcus
124930,Streptococcus
124931,Streptococcus
124932,Streptococcus
124933,Streptococcus
124934,Streptococcus
124935,Streptococcus
124936,Streptococcus
124937,Streptococcus
124938,Streptococcus
124939,Streptococcus
124940,Streptococcus
124941,Streptococcus
124942,Streptococcus
124943,Streptococcus
124944,Streptococcus
124945,Streptococcus
124946,Streptococcus
124947,Streptococcus
124948,Streptococcus
124949,Streptococcus
124950,Streptococcus
124951,Streptococcus
124952,Streptococcus
124953,Streptococcus
124954,Streptococcus
124955,Streptococcus
124956,Streptococcus
124957,Streptococcus
124958,Streptococcus
124959,Streptococcus
124960,Streptococcus
124961,Streptococcus
124962,Streptococcus
124963,Streptococcus
124964,Streptococcus
124965,Streptococcus
124966,Streptococcus
124967,Streptococcus
124968,Streptococcus
124969,Streptococcus
124970,Streptococcus
124971,Streptococcus
124972,Streptococcus
124973,Streptococcus
124974,Streptococcus
124975,Streptococcus
124976,Streptococcus
124977,Streptococcus
124978,Streptococcus
124979,Streptococcus
124980,Streptococcus
124981,Streptococcus
124982,Streptococcus
124983,Streptococcus
124984,Streptococcus
124985,Streptococcus
124986,Streptococcus
124987,Streptococcus
124988,Streptococcus
124989,Streptococcus
124990,Streptococcus
124991,Streptococcus
124992,Streptococcus
124993,Streptococcus
124994,Streptococcus
124995,Streptococcus
124996,Streptococcus
124997,Streptococcus
124998,Streptococcus
124999,Streptococcus
125000,Streptococcus
125001,Streptococcus
125002,Streptococcus
125003,Streptococcus
125004,Streptococcus
125005,Streptococcus
125006,Streptococcus
125007,Streptococcus
125008,Streptococcus
125009,Streptococcus
125010,Streptococcus
125011,Streptococcus
125012,Streptococcus
125013,Streptococcus
125014,Streptococcus
125015,Streptococcus
125016,Streptococcus
125017,Streptococcus
125018,Streptococcus
125019,Streptococcus
125020,Streptococcus
125021,Streptococcus
125022,Streptococcus
125023,Streptococcus
125024,Streptococcus
125025,Streptococcus
125026,Streptococcus
125027,Streptococcus
125028,Streptococcus
125029,Streptococcus
125030,Streptococcus
125031,Streptococcus
125032,Streptococcus
125033,Streptococcus
125034,Streptococcus
125035,Streptococcus
125036,Streptococcus
125037,Streptococcus
125038,Streptococcus
125039,Streptococcus
125040,Streptococcus
125041,Streptococcus
125042,Streptococcus
125043,Streptococcus
125044,Streptococcus
125045,Streptococcus
125046,Streptococcus
125047,Streptococcus
125048,Streptococcus
125049,Streptococcus
125050,Streptococcus
125051,Streptococcus
125052,Streptococcus
125053,Streptococcus
125054,Streptococcus
125055,Streptococcus
125056,Streptococcus
125057,Streptococcus
125058,Streptococcus
125059,Streptococcus
125060,Streptococcus
125061,Streptococcus
125062,Streptococcus
125063,Streptococcus
125064,Streptococcus
125065,Streptococcus
125066,Streptococcus
125067,Streptococcus
125068,Streptococcus
125069,Streptococcus
125070,Streptococcus
125071,Streptococcus
125072,Streptococcus
125073,Streptococcus
125074,Streptococcus
125075,Streptococcus
125076,Streptococcus
125077,Streptococcus
125078,Streptococcus
125079,Streptococcus
125080,Streptococcus
125081,Streptococcus
125082,Streptococcus
125083,Streptococcus
125084,Streptococcus
125085,Streptococcus
125086,Streptococcus
125087,Streptococcus
125088,Streptococcus
125089,Streptococcus
125090,Streptococcus
125091,Streptococcus
125092,Streptococcus
125093,Streptococcus
125094,Streptococcus
125095,Streptococcus
125096,Streptococcus
125097,Streptococcus
125098,Streptococcus
125099,Streptococcus
125100,Streptococcus
125101,Streptococcus
125102,Streptococcus
125103,Streptococcus
125104,Streptococcus
125105,Streptococcus
125106,Streptococcus
125107,Streptococcus
125108,Streptococcus
125109,Streptococcus
125110,Streptococcus
125111,Streptococcus
125112,Streptococcus
125113,Streptococcus
125114,Streptococcus
125115,Streptococcus
125116,Streptococcus
125117,Streptococcus
125118,Streptococcus
125119,Streptococcus
125120,Streptococcus
125121,Streptococcus
125122,Streptococcus
125123,Streptococcus
125124,Streptococcus
125125,Streptococcus
125126,Streptococcus
125127,Streptococcus
125128,Streptococcus
125129,Streptococcus
125130,Streptococcus
125131,Streptococcus
125132,Streptococcus
125133,Streptococcus
125134,Streptococcus
125135,Streptococcus
125136,Streptococcus
125137,Streptococcus
125138,Streptococcus
125139,Streptococcus
125140,Streptococcus
125141,Streptococcus
125142,Streptococcus
125143,Streptococcus
125144,Streptococcus
125145,Streptococcus
125146,Streptococcus
125147,Streptococcus
125148,Streptococcus
125149,Streptococcus
125150,Streptococcus
125151,Streptococcus
125152,Streptococcus
125153,Streptococcus
125154,Streptococcus
125155,Streptococcus
125156,Streptococcus
125157,Streptococcus
125158,Streptococcus
125159,Streptococcus
125160,Streptococcus
125161,Streptococcus
125162,Streptococcus
125163,Streptococcus
125164,Streptococcus
125165,Streptococcus
125166,Streptococcus
125167,Streptococcus
125168,Streptococcus
125169,Streptococcus
125170,Streptococcus
125171,Streptococcus
125172,Streptococcus
125173,Streptococcus
125174,Streptococcus
125175,Streptococcus
125176,Streptococcus
125177,Streptococcus
125178,Streptococcus
125179,Streptococcus
125180,Streptococcus
125181,Streptococcus
125182,Streptococcus
125183,Streptococcus
125184,Streptococcus
125185,Streptococcus
125186,Streptococcus
125189,Streptococcus
125190,Streptococcus
125191,Streptococcus
125192,Streptococcus
125193,Streptococcus
125194,Streptococcus
125195,Streptococcus
125196,Streptococcus
125197,Streptococcus
125198,Streptococcus
125199,Streptococcus
125200,Streptococcus
125201,Streptococcus
125202,Streptococcus
125203,Streptococcus
125204,Streptococcus
125205,Streptococcus
125206,Streptococcus
125207,Streptococcus
125208,Streptococcus
125209,Streptococcus
125210,Streptococcus
125211,Streptococcus
125212,Streptococcus
125213,Streptococcus
125214,Streptococcus
125215,Streptococcus
125216,Streptococcus
125217,Streptococcus
125218,Streptococcus
125219,Streptococcus
125220,Streptococcus
125221,Streptococcus
125222,Streptococcus
125223,Streptococcus
125224,Streptococcus
125225,Streptococcus
125226,Streptococcus
125227,Streptococcus
125228,Streptococcus
125229,Streptococcus
125230,Streptococcus
125231,Streptococcus
125232,Streptococcus
125233,Streptococcus
125234,Streptococcus
125235,Streptococcus
125236,Streptococcus
125237,Streptococcus
125238,Streptococcus
125239,Streptococcus
125240,Streptococcus
125241,Streptococcus
125242,Streptococcus
125243,Streptococcus
125244,Streptococcus
125245,Streptococcus
125246,Streptococcus
125247,Streptococcus
125248,Streptococcus
125249,Streptococcus
125250,Streptococcus
125251,Streptococcus
125252,Streptococcus
125253,Streptococcus
125254,Streptococcus
125255,Streptococcus
125256,Streptococcus
125257,Streptococcus
125258,Streptococcus
125259,Streptococcus
125260,Streptococcus
125261,Streptococcus
125262,Streptococcus
125263,Streptococcus
125264,Streptococcus
125265,Streptococcus
125266,Streptococcus
125267,Streptococcus
125268,Streptococcus
125269,Streptococcus
125270,Streptococcus
125271,Streptococcus
125272,Streptococcus
125273,Streptococcus
125274,Streptococcus
125275,Streptococcus
125276,Streptococcus
125277,Streptococcus
125278,Streptococcus
125279,Streptococcus
125280,Streptococcus
125281,Streptococcus
125282,Streptococcus
125283,Streptococcus
125284,Streptococcus
125285,Streptococcus
125286,Streptococcus
125287,Streptococcus
125288,Streptococcus
125289,Streptococcus
125290,Streptococcus
125291,Streptococcus
125292,Streptococcus
125293,Streptococcus
125294,Streptococcus
125295,Streptococcus
125296,Streptococcus
125297,Streptococcus
125298,Streptococcus
125299,Streptococcus
125300,Streptococcus
125301,Streptococcus
125302,Streptococcus
125303,Streptococcus
125304,Streptococcus
125305,Streptococcus
125306,Streptococcus
125307,Streptococcus
125308,Streptococcus
125309,Streptococcus
125310,Streptococcus
125311,Streptococcus
125312,Streptococcus
125313,Streptococcus
125314,Streptococcus
125315,Streptococcus
125316,Streptococcus
125317,Streptococcus
125318,Streptococcus
125319,Streptococcus
125320,Streptococcus
125321,Streptococcus
125322,Streptococcus
125323,Streptococcus
125324,Streptococcus
125325,Streptococcus
125326,Streptococcus
125327,Streptococcus
125328,Streptococcus
125329,Streptococcus
125330,Streptococcus
125331,Streptococcus
125332,Streptococcus
125333,Streptococcus
125334,Streptococcus
125335,Streptococcus
125336,Streptococcus
125337,Streptococcus
125338,Streptococcus
125339,Streptococcus
125340,Streptococcus
125341,Streptococcus
125342,Streptococcus
125343,Streptococcus
125344,Streptococcus
125345,Streptococcus
125346,Streptococcus
125347,Streptococcus
125348,Streptococcus
125349,Streptococcus
125350,Streptococcus
125351,Streptococcus
125352,Streptococcus
125353,Streptococcus
125354,Streptococcus
125355,Streptococcus
125356,Streptococcus
125357,Streptococcus
125358,Streptococcus
125359,Streptococcus
125360,Streptococcus
125361,Streptococcus
125362,Streptococcus
125363,Streptococcus
125364,Streptococcus
125365,Streptococcus
125366,Streptococcus
125367,Streptococcus
125368,Streptococcus
125369,Streptococcus
125370,Streptococcus
125371,Streptococcus
125372,Streptococcus
125373,Streptococcus
125374,Streptococcus
125375,Streptococcus
125376,Streptococcus
125377,Streptococcus
125378,Streptococcus
125379,Streptococcus
125380,Streptococcus
125381,Streptococcus
125382,Streptococcus
125383,Streptococcus
125384,Streptococcus
125385,Streptococcus
125386,Streptococcus
125387,Streptococcus
125388,Streptococcus
125389,Streptococcus
125390,Streptococcus
125391,Streptococcus
125392,Streptococcus
125393,Streptococcus
125394,Streptococcus
125395,Streptococcus
125396,Streptococcus
125397,Streptococcus
125398,Streptococcus
125399,Streptococcus
125400,Streptococcus
125401,Streptococcus
125402,Streptococcus
125403,Streptococcus
125404,Streptococcus
125405,Streptococcus
125406,Streptococcus
125407,Streptococcus
125408,Streptococcus
125409,Streptococcus
125410,Streptococcus
125411,Streptococcus
125412,Streptococcus
125413,Streptococcus
125414,Streptococcus
125415,Streptococcus
125416,Streptococcus
125417,Streptococcus
125418,Streptococcus
125419,Streptococcus
125420,Streptococcus
125421,Streptococcus
125422,Streptococcus
125423,Streptococcus
125424,Streptococcus
125425,Streptococcus
125426,Streptococcus
125427,Streptococcus
125428,Streptococcus
125429,Streptococcus
125430,Streptococcus
125431,Streptococcus
125432,Streptococcus
125433,Streptococcus
125434,Streptococcus
125435,Streptococcus
125436,Streptococcus
125437,Streptococcus
125438,Streptococcus
125439,Streptococcus
125440,Streptococcus
125441,Streptococcus
125442,Streptococcus
125443,Streptococcus
125444,Streptococcus
125445,Streptococcus
125446,Streptococcus
125447,Streptococcus
125448,Streptococcus
125449,Streptococcus
125450,Streptococcus
125451,Streptococcus
125452,Streptococcus
125453,Streptococcus
125454,Streptococcus
125455,Streptococcus
125456,Streptococcus
125457,Streptococcus
125458,Streptococcus
125459,Streptococcus
125460,Streptococcus
125461,Streptococcus
125462,Streptococcus
125463,Streptococcus
125464,Streptococcus
125465,Streptococcus
125466,Streptococcus
125467,Streptococcus
125468,Streptococcus
125469,Streptococcus
125470,Streptococcus
125471,Streptococcus
125472,Streptococcus
125473,Streptococcus
125474,Streptococcus
125475,Streptococcus
125476,Streptococcus
125477,Streptococcus
125478,Streptococcus
125479,Streptococcus
125480,Streptococcus
125481,Streptococcus
125482,Streptococcus
125483,Streptococcus
125484,Streptococcus
125485,Streptococcus
125486,Streptococcus
125487,Streptococcus
125488,Streptococcus
125489,Streptococcus
125490,Streptococcus
125491,Streptococcus
125492,Streptococcus
125493,Streptococcus
125494,Streptococcus
125495,Streptococcus
125496,Streptococcus
125497,Streptococcus
125498,Streptococcus
125499,Streptococcus
125500,Streptococcus
125501,Streptococcus
125502,Streptococcus
125503,Streptococcus
125504,Streptococcus
125505,Streptococcus
125506,Streptococcus
125507,Streptococcus
125508,Streptococcus
125509,Streptococcus
125510,Streptococcus
125511,Streptococcus
125512,Streptococcus
125513,Streptococcus
125514,Streptococcus
125515,Streptococcus
125516,Streptococcus
125517,Streptococcus
125518,Streptococcus
125519,Streptococcus
125520,Streptococcus
125521,Streptococcus
125522,Streptococcus
125523,Streptococcus
125524,Streptococcus
125525,Streptococcus
125526,Streptococcus
125527,Streptococcus
125528,Streptococcus
125529,Streptococcus
125530,Streptococcus
125531,Streptococcus
125532,Streptococcus
125533,Streptococcus
125534,Streptococcus
125535,Streptococcus
125536,Streptococcus
125537,Streptococcus
125538,Streptococcus
125539,Streptococcus
125540,Streptococcus
125541,Streptococcus
125542,Streptococcus
125543,Streptococcus
125544,Streptococcus
125545,Streptococcus
125546,Streptococcus
125547,Streptococcus
125548,Streptococcus
125549,Streptococcus
125550,Streptococcus
125551,Streptococcus
125552,Streptococcus
125553,Streptococcus
125554,Streptococcus
125555,Streptococcus
125556,Streptococcus
125557,Streptococcus
125558,Streptococcus
125559,Streptococcus
125560,Streptococcus
125561,Streptococcus
125562,Streptococcus
125563,Streptococcus
125564,Streptococcus
125565,Streptococcus
125566,Streptococcus
125567,Streptococcus
125568,Streptococcus
125569,Streptococcus
125570,Streptococcus
125571,Streptococcus
125572,Streptococcus
125573,Streptococcus
125574,Streptococcus
125575,Streptococcus
125576,Streptococcus
125577,Streptococcus
125578,Streptococcus
125579,Streptococcus
125580,Streptococcus
125581,Streptococcus
125582,Streptococcus
125583,Streptococcus
125584,Streptococcus
125585,Streptococcus
125586,Streptococcus
125587,Streptococcus
125588,Streptococcus
125589,Streptococcus
125590,Streptococcus
125591,Streptococcus
125592,Streptococcus
125593,Streptococcus
125594,Streptococcus
125595,Streptococcus
125596,Streptococcus
125597,Streptococcus
125598,Streptococcus
125599,Streptococcus
125600,Streptococcus
125601,Streptococcus
125602,Streptococcus
125603,Streptococcus
125604,Streptococcus
125605,Streptococcus
125606,Streptococcus
125607,Streptococcus
125608,Streptococcus
125609,Streptococcus
125610,Streptococcus
125611,Streptococcus
125612,Streptococcus
125613,Streptococcus
125614,Streptococcus
125615,Streptococcus
125616,Streptococcus
125617,Streptococcus
125618,Streptococcus
125619,Streptococcus
125620,Streptococcus
125621,Streptococcus
125622,Streptococcus
125623,Streptococcus
125624,Streptococcus
125625,Streptococcus
125626,Streptococcus
125627,Streptococcus
125628,Streptococcus
125629,Streptococcus
125630,Streptococcus
125631,Streptococcus
125632,Streptococcus
125633,Streptococcus
125634,Streptococcus
125635,Streptococcus
125636,Streptococcus
125637,Streptococcus
125638,Streptococcus
125639,Streptococcus
125640,Streptococcus
125641,Streptococcus
125642,Streptococcus
125643,Streptococcus
125644,Streptococcus
125645,Streptococcus
125646,Streptococcus
125647,Streptococcus
125648,Streptococcus
125649,Streptococcus
125650,Streptococcus
125651,Streptococcus
125652,Streptococcus
125653,Streptococcus
125654,Streptococcus
125655,Streptococcus
125656,Streptococcus
125657,Streptococcus
125658,Streptococcus
125659,Streptococcus
125660,Streptococcus
125661,Streptococcus
125662,Streptococcus
125663,Streptococcus
125664,Streptococcus
125665,Streptococcus
125666,Streptococcus
125667,Streptococcus
125668,Streptococcus
125669,Streptococcus
125670,Streptococcus
125671,Streptococcus
125672,Streptococcus
125673,Streptococcus
125674,Streptococcus
125675,Streptococcus
125676,Streptococcus
125677,Streptococcus
125678,Streptococcus
125679,Streptococcus
125680,Streptococcus
125681,Streptococcus
125682,Streptococcus
125683,Streptococcus
125684,Streptococcus
125685,Streptococcus
125686,Streptococcus
125687,Streptococcus
125688,Streptococcus
125689,Streptococcus
125690,Streptococcus
125691,Streptococcus
125692,Streptococcus
125693,Streptococcus
125694,Streptococcus
125695,Streptococcus
125696,Streptococcus
125697,Streptococcus
125698,Streptococcus
125699,Streptococcus
125700,Streptococcus
125701,Streptococcus
125702,Streptococcus
125703,Streptococcus
125704,Streptococcus
125705,Streptococcus
125706,Streptococcus
125707,Streptococcus
125708,Streptococcus
125709,Streptococcus
125710,Streptococcus
125711,Streptococcus
125712,Streptococcus
125713,Streptococcus
125714,Streptococcus
125715,Streptococcus
125716,Streptococcus
125717,Streptococcus
125718,Streptococcus
125719,Streptococcus
125720,Streptococcus
125721,Streptococcus
125722,Streptococcus
125723,Streptococcus
125724,Streptococcus
125725,Streptococcus
125726,Streptococcus
125727,Streptococcus
125728,Streptococcus
125729,Streptococcus
125730,Streptococcus
125731,Streptococcus
125732,Streptococcus
125733,Streptococcus
125734,Streptococcus
125735,Streptococcus
125736,Streptococcus
125737,Streptococcus
125738,Streptococcus
125739,Streptococcus
125740,Streptococcus
125741,Streptococcus
125742,Streptococcus
125743,Streptococcus
125744,Streptococcus
125745,Streptococcus
125746,Streptococcus
125747,Streptococcus
125748,Streptococcus
125749,Streptococcus
125750,Streptococcus
125751,Streptococcus
125752,Streptococcus
125753,Streptococcus
125754,Streptococcus
125755,Streptococcus
125756,Streptococcus
125757,Streptococcus
125758,Streptococcus
125759,Streptococcus
125760,Streptococcus
125761,Streptococcus
125762,Streptococcus
125763,Streptococcus
125764,Streptococcus
125765,Streptococcus
125766,Streptococcus
125767,Streptococcus
125768,Streptococcus
125769,Streptococcus
125770,Streptococcus
125771,Streptococcus
125772,Streptococcus
125773,Streptococcus
125774,Streptococcus
125775,Streptococcus
125776,Streptococcus
125777,Streptococcus
125778,Streptococcus
125779,Streptococcus
125780,Streptococcus
125781,Streptococcus
125782,Streptococcus
125783,Streptococcus
125784,Streptococcus
125785,Streptococcus
125786,Streptococcus
125787,Streptococcus
125788,Streptococcus
125789,Streptococcus
125790,Streptococcus
125791,Streptococcus
125792,Streptococcus
125793,Streptococcus
125794,Streptococcus
125795,Streptococcus
125796,Streptococcus
125797,Streptococcus
125798,Streptococcus
125799,Streptococcus
125800,Streptococcus
125801,Streptococcus
125802,Streptococcus
125803,Streptococcus
125804,Streptococcus
125805,Streptococcus
125806,Streptococcus
125807,Streptococcus
125808,Streptococcus
125809,Streptococcus
125810,Streptococcus
125811,Streptococcus
125812,Streptococcus
125813,Streptococcus
125814,Streptococcus
125815,Streptococcus
125816,Streptococcus
125817,Streptococcus
125818,Streptococcus
125819,Streptococcus
125820,Streptococcus
125821,Streptococcus
125822,Streptococcus
125823,Streptococcus
125824,Streptococcus
125825,Streptococcus
125826,Streptococcus
125827,Streptococcus
125828,Streptococcus
125829,Streptococcus
125830,Streptococcus
125831,Streptococcus
125832,Streptococcus
125833,Streptococcus
125834,Streptococcus
125835,Streptococcus
125836,Streptococcus
125837,Streptococcus
125838,Streptococcus
125839,Streptococcus
125840,Streptococcus
125841,Streptococcus
125842,Streptococcus
125843,Streptococcus
125844,Streptococcus
125845,Streptococcus
125846,Streptococcus
125847,Streptococcus
125848,Streptococcus
125849,Streptococcus
125850,Streptococcus
125851,Streptococcus
125852,Streptococcus
125853,Streptococcus
125854,Streptococcus
125855,Streptococcus
125856,Streptococcus
125857,Streptococcus
125858,Streptococcus
125859,Streptococcus
125860,Streptococcus
125861,Streptococcus
125862,Streptococcus
125863,Streptococcus
125864,Streptococcus
125865,Streptococcus
125866,Streptococcus
125867,Streptococcus
125868,Streptococcus
125869,Streptococcus
125870,Streptococcus
125871,Streptococcus
125872,Streptococcus
125873,Streptococcus
125874,Streptococcus
125875,Streptococcus
125876,Streptococcus
125877,Streptococcus
125878,Streptococcus
125879,Streptococcus
125880,Streptococcus
125882,Streptococcus
125883,Streptococcus
125884,Streptococcus
125885,Streptococcus
125886,Streptococcus
125887,Streptococcus
125888,Streptococcus
125889,Streptococcus
125890,Streptococcus
125891,Streptococcus
125892,Streptococcus
125893,Streptococcus
125894,Streptococcus
125895,Streptococcus
125896,Streptococcus
125897,Streptococcus
125898,Streptococcus
125899,Streptococcus
125900,Streptococcus
125901,Streptococcus
125902,Streptococcus
125903,Streptococcus
125904,Streptococcus
125905,Streptococcus
125906,Streptococcus
125907,Streptococcus
125908,Streptococcus
125909,Streptococcus
125910,Streptococcus
125911,Streptococcus
125912,Streptococcus
125913,Streptococcus
125914,Streptococcus
125915,Streptococcus
125916,Streptococcus
125917,Streptococcus
125918,Streptococcus
125919,Streptococcus
125920,Streptococcus
125921,Streptococcus
125922,Streptococcus
125923,Streptococcus
125924,Streptococcus
125925,Streptococcus
125926,Streptococcus
125927,Streptococcus
125928,Streptococcus
125929,Streptococcus
125930,Streptococcus
125931,Streptococcus
125932,Streptococcus
125933,Streptococcus
125934,Streptococcus
125935,Streptococcus
125936,Streptococcus
125937,Streptococcus
125938,Streptococcus
125939,Streptococcus
125940,Streptococcus
125941,Streptococcus
125942,Streptococcus
125943,Streptococcus
125944,Streptococcus
125945,Streptococcus
125946,Streptococcus
125947,Streptococcus
125948,Streptococcus
125949,Streptococcus
125950,Streptococcus
125951,Streptococcus
125952,Streptococcus
125953,Streptococcus
125954,Streptococcus
125955,Streptococcus
125956,Streptococcus
125957,Streptococcus
125958,Streptococcus
125959,Streptococcus
125960,Streptococcus
125961,Streptococcus
125962,Streptococcus
125963,Streptococcus
125964,Streptococcus
125965,Streptococcus
125966,Streptococcus
125967,Streptococcus
125968,Streptococcus
125969,Streptococcus
125970,Streptococcus
125971,Streptococcus
125972,Streptococcus
125973,Streptococcus
125974,Streptococcus
125975,Streptococcus
125976,Streptococcus
125977,Streptococcus
125978,Streptococcus
125979,Streptococcus
125980,Streptococcus
125981,Streptococcus
125982,Streptococcus
125983,Streptococcus
125984,Streptococcus
125985,Streptococcus
125986,Streptococcus
125987,Streptococcus
125988,Streptococcus
125989,Streptococcus
125990,Streptococcus
125991,Streptococcus
125992,Streptococcus
125993,Streptococcus
125994,Streptococcus
125995,Streptococcus
125996,Streptococcus
125997,Streptococcus
125998,Streptococcus
125999,Streptococcus
126000,Streptococcus
126001,Streptococcus
126002,Streptococcus
126003,Streptococcus
126004,Streptococcus
126005,Streptococcus
126006,Streptococcus
126007,Streptococcus
126008,Streptococcus
126009,Streptococcus
126010,Streptococcus
126011,Streptococcus
126012,Streptococcus
126013,Streptococcus
126014,Streptococcus
126015,Streptococcus
126016,Streptococcus
126017,Streptococcus
126018,Streptococcus
126019,Streptococcus
126020,Streptococcus
126021,Streptococcus
126022,Streptococcus
126023,Streptococcus
126024,Streptococcus
126025,Streptococcus
126026,Streptococcus
126027,Streptococcus
126028,Streptococcus
126029,Streptococcus
126030,Streptococcus
126031,Streptococcus
126032,Streptococcus
126033,Streptococcus
126034,Streptococcus
126035,Streptococcus
126036,Streptococcus
126037,Streptococcus
126038,Streptococcus
126039,Streptococcus
126040,Streptococcus
126041,Streptococcus
126042,Streptococcus
126043,Streptococcus
126044,Streptococcus
126045,Streptococcus
126046,Streptococcus
126047,Streptococcus
126048,Streptococcus
126049,Streptococcus
126050,Streptococcus
126051,Streptococcus
126052,Streptococcus
126053,Streptococcus
126054,Streptococcus
126055,Streptococcus
126056,Streptococcus
126057,Streptococcus
126058,Streptococcus
126059,Streptococcus
126060,Streptococcus
126061,Streptococcus
126062,Streptococcus
126063,Streptococcus
126064,Streptococcus
126065,Streptococcus
126066,Streptococcus
126067,Streptococcus
126068,Streptococcus
126069,Streptococcus
126070,Streptococcus
126071,Streptococcus
126072,Streptococcus
126073,Streptococcus
126074,Streptococcus
126075,Streptococcus
126076,Streptococcus
126077,Streptococcus
126078,Streptococcus
126079,Streptococcus
126080,Streptococcus
126081,Streptococcus
126082,Streptococcus
126083,Streptococcus
126084,Streptococcus
126085,Streptococcus
126086,Streptococcus
126087,Streptococcus
126088,Streptococcus
126089,Streptococcus
126090,Streptococcus
126091,Streptococcus
126092,Streptococcus
126093,Streptococcus
126094,Streptococcus
126095,Streptococcus
126096,Streptococcus
126097,Streptococcus
126098,Streptococcus
126099,Streptococcus
126100,Streptococcus
126101,Streptococcus
126102,Streptococcus
126103,Streptococcus
126104,Streptococcus
126105,Streptococcus
126106,Streptococcus
126107,Streptococcus
126108,Streptococcus
126109,Streptococcus
126110,Streptococcus
126111,Streptococcus
126112,Streptococcus
126113,Streptococcus
126114,Streptococcus
126115,Streptococcus
126116,Streptococcus
126117,Streptococcus
126118,Streptococcus
126119,Streptococcus
126120,Streptococcus
126121,Streptococcus
126122,Streptococcus
126123,Streptococcus
126124,Streptococcus
126125,Streptococcus
126126,Streptococcus
126127,Streptococcus
126128,Streptococcus
126129,Streptococcus
126130,Streptococcus
126131,Streptococcus
126132,Streptococcus
126133,Streptococcus
126134,Streptococcus
126135,Streptococcus
126136,Streptococcus
126137,Streptococcus
126138,Streptococcus
126139,Streptococcus
126140,Streptococcus
126141,Streptococcus
126142,Streptococcus
126143,Streptococcus
126144,Streptococcus
126145,Streptococcus
126146,Streptococcus
126147,Streptococcus
126148,Streptococcus
126149,Streptococcus
126150,Streptococcus
126151,Streptococcus
126152,Streptococcus
126153,Streptococcus
126154,Streptococcus
126155,Streptococcus
126156,Streptococcus
126157,Streptococcus
126158,Streptococcus
126159,Streptococcus
126160,Streptococcus
126161,Streptococcus
126162,Streptococcus
126163,Streptococcus
126164,Streptococcus
126165,Streptococcus
126166,Streptococcus
126167,Streptococcus
126168,Streptococcus
126169,Streptococcus
126170,Streptococcus
126171,Streptococcus
126172,Streptococcus
126173,Streptococcus
126174,Streptococcus
126175,Streptococcus
126176,Streptococcus
126177,Streptococcus
126178,Streptococcus
126179,Streptococcus
126180,Streptococcus
126181,Streptococcus
126182,Streptococcus
126183,Streptococcus
126184,Streptococcus
126185,Streptococcus
126186,Streptococcus
126187,Streptococcus
126188,Streptococcus
126189,Streptococcus
126190,Streptococcus
126191,Streptococcus
126192,Streptococcus
126193,Streptococcus
126194,Streptococcus
126195,Streptococcus
126196,Streptococcus
126197,Streptococcus
126198,Streptococcus
126199,Streptococcus
126200,Streptococcus
126201,Streptococcus
126202,Streptococcus
126203,Streptococcus
126204,Streptococcus
126205,Streptococcus
126206,Streptococcus
126207,Streptococcus
126208,Streptococcus
126209,Streptococcus
126210,Streptococcus
126211,Streptococcus
126212,Streptococcus
126213,Streptococcus
126214,Streptococcus
126215,Streptococcus
126216,Streptococcus
126217,Streptococcus
126218,Streptococcus
126219,Streptococcus
126220,Streptococcus
126221,Streptococcus
126222,Streptococcus
126223,Streptococcus
126224,Streptococcus
126225,Streptococcus
126226,Streptococcus
126227,Streptococcus
126228,Streptococcus
126229,Streptococcus
126230,Streptococcus
126231,Streptococcus
126232,Streptococcus
126233,Streptococcus
126234,Streptococcus
126235,Streptococcus
126236,Streptococcus
126237,Streptococcus
126238,Streptococcus
126239,Streptococcus
126240,Streptococcus
126241,Streptococcus
126242,Streptococcus
126243,Streptococcus
126244,Streptococcus
126245,Streptococcus
126246,Streptococcus
126247,Streptococcus
126248,Streptococcus
126249,Streptococcus
126250,Streptococcus
126251,Streptococcus
126252,Streptococcus
126253,Streptococcus
126254,Streptococcus
126255,Streptococcus
126256,Streptococcus
126257,Streptococcus
126258,Streptococcus
126259,Streptococcus
126260,Streptococcus
126261,Streptococcus
126262,Streptococcus
126263,Streptococcus
126264,Streptococcus
126265,Streptococcus
126266,Streptococcus
126267,Streptococcus
126268,Streptococcus
126269,Streptococcus
126270,Streptococcus
126271,Streptococcus
126272,Streptococcus
126273,Streptococcus
126274,Streptococcus
126275,Streptococcus
126276,Streptococcus
126277,Streptococcus
126278,Streptococcus
126279,Streptococcus
126280,Streptococcus
126281,Streptococcus
126282,Streptococcus
126283,Streptococcus
126284,Streptococcus
126285,Streptococcus
126286,Streptococcus
126287,Streptococcus
126288,Streptococcus
126289,Streptococcus
126290,Streptococcus
126291,Streptococcus
126292,Streptococcus
126293,Streptococcus
126294,Streptococcus
126295,Streptococcus
126296,Streptococcus
126297,Streptococcus
126298,Streptococcus
126299,Streptococcus
126300,Streptococcus
126301,Streptococcus
126302,Streptococcus
126303,Streptococcus
126304,Streptococcus
126305,Streptococcus
126306,Streptococcus
126307,Streptococcus
126308,Streptococcus
126309,Streptococcus
126310,Streptococcus
126311,Streptococcus
126312,Streptococcus
126313,Streptococcus
126314,Streptococcus
126315,Streptococcus
126316,Streptococcus
126317,Streptococcus
126318,Streptococcus
126319,Streptococcus
126320,Streptococcus
126321,Streptococcus
126322,Streptococcus
126323,Streptococcus
126324,Streptococcus
126325,Streptococcus
126326,Streptococcus
126327,Streptococcus
126328,Streptococcus
126329,Streptococcus
126330,Streptococcus
126331,Streptococcus
126332,Streptococcus
126333,Streptococcus
126334,Streptococcus
126335,Streptococcus
126336,Streptococcus
126337,Streptococcus
126338,Streptococcus
126339,Streptococcus
126340,Streptococcus
126341,Streptococcus
126342,Streptococcus
126343,Streptococcus
126344,Streptococcus
126345,Streptococcus
126346,Streptococcus
126347,Streptococcus
126348,Streptococcus
126349,Streptococcus
126350,Streptococcus
126351,Streptococcus
126352,Streptococcus
126353,Streptococcus
126354,Streptococcus
126355,Streptococcus
126356,Streptococcus
126357,Streptococcus
126358,Streptococcus
126359,Streptococcus
126360,Streptococcus
126361,Streptococcus
126362,Streptococcus
126363,Streptococcus
126364,Streptococcus
126365,Streptococcus
126366,Streptococcus
126367,Streptococcus
126368,Streptococcus
126369,Streptococcus
126370,Streptococcus
126371,Streptococcus
126372,Streptococcus
126373,Streptococcus
126374,Streptococcus
126375,Streptococcus
126376,Streptococcus
126377,Streptococcus
126378,Streptococcus
126379,Streptococcus
126380,Streptococcus
126381,Streptococcus
126382,Streptococcus
126383,Streptococcus
126384,Streptococcus
126385,Streptococcus
126386,Streptococcus
126387,Streptococcus
126388,Streptococcus
126389,Streptococcus
126390,Streptococcus
126391,Streptococcus
126392,Streptococcus
126393,Streptococcus
126394,Streptococcus
126395,Streptococcus
126396,Streptococcus
126397,Streptococcus
126398,Streptococcus
126399,Streptococcus
126400,Streptococcus
126401,Streptococcus
126402,Streptococcus
126403,Streptococcus
126404,Streptococcus
126405,Streptococcus
126406,Streptococcus
126407,Streptococcus
126408,Streptococcus
126409,Streptococcus
126410,Streptococcus
126411,Streptococcus
126412,Streptococcus
126413,Streptococcus
126414,Streptococcus
126415,Streptococcus
126416,Streptococcus
126417,Streptococcus
126418,Streptococcus
126419,Streptococcus
126420,Streptococcus
126421,Streptococcus
126422,Streptococcus
126423,Streptococcus
126424,Streptococcus
126425,Streptococcus
126426,Streptococcus
126427,Streptococcus
126428,Streptococcus
126429,Streptococcus
126430,Streptococcus
126431,Streptococcus
126432,Streptococcus
126433,Streptococcus
126434,Streptococcus
126435,Streptococcus
126436,Streptococcus
126437,Streptococcus
126438,Streptococcus
126439,Streptococcus
126440,Streptococcus
126441,Streptococcus
126442,Streptococcus
126443,Streptococcus
126444,Streptococcus
126445,Streptococcus
126446,Streptococcus
126447,Streptococcus
126448,Streptococcus
126449,Streptococcus
126450,Streptococcus
126451,Streptococcus
126452,Streptococcus
126453,Streptococcus
126454,Streptococcus
126455,Streptococcus
126456,Streptococcus
126457,Streptococcus
126458,Streptococcus
126459,Streptococcus
126460,Streptococcus
126461,Streptococcus
126462,Streptococcus
126463,Streptococcus
126464,Streptococcus
126465,Streptococcus
126466,Streptococcus
126467,Streptococcus
126468,Streptococcus
126469,Streptococcus
126470,Streptococcus
126471,Streptococcus
126472,Streptococcus
126473,Streptococcus
126474,Streptococcus
126475,Streptococcus
126476,Streptococcus
126477,Streptococcus
126478,Streptococcus
126479,Streptococcus
126480,Streptococcus
126481,Streptococcus
126482,Streptococcus
126483,Streptococcus
126484,Streptococcus
126485,Streptococcus
126486,Streptococcus
126487,Streptococcus
126488,Streptococcus
126489,Streptococcus
126490,Streptococcus
126491,Streptococcus
126492,Streptococcus
126493,Streptococcus
126494,Streptococcus
126495,Streptococcus
126496,Streptococcus
126497,Streptococcus
126498,Streptococcus
126499,Streptococcus
126500,Streptococcus
126501,Streptococcus
126502,Streptococcus
126503,Streptococcus
126504,Streptococcus
126505,Streptococcus
126506,Streptococcus
126507,Streptococcus
126508,Streptococcus
126509,Streptococcus
126510,Streptococcus
126511,Streptococcus
126512,Streptococcus
126513,Streptococcus
126514,Streptococcus
126515,Streptococcus
126516,Streptococcus
126517,Streptococcus
126518,Streptococcus
126519,Streptococcus
126520,Streptococcus
126521,Streptococcus
126522,Streptococcus
126523,Streptococcus
126524,Streptococcus
126525,Streptococcus
126526,Streptococcus
126527,Streptococcus
126528,Streptococcus
126529,Streptococcus
126530,Streptococcus
126531,Streptococcus
126532,Streptococcus
126533,Streptococcus
126534,Streptococcus
126535,Streptococcus
126536,Streptococcus
126537,Streptococcus
126538,Streptococcus
126539,Streptococcus
126540,Streptococcus
126541,Streptococcus
126542,Streptococcus
126543,Streptococcus
126544,Streptococcus
126545,Streptococcus
126546,Streptococcus
126547,Streptococcus
126548,Streptococcus
126549,Streptococcus
126550,Streptococcus
126551,Streptococcus
126552,Streptococcus
126553,Streptococcus
126554,Streptococcus
126555,Streptococcus
126556,Streptococcus
126557,Streptococcus
126558,Streptococcus
126559,Streptococcus
126560,Streptococcus
126561,Streptococcus
126562,Streptococcus
126563,Streptococcus
126564,Streptococcus
126565,Streptococcus
126566,Streptococcus
126567,Streptococcus
126568,Streptococcus
126569,Streptococcus
126570,Streptococcus
126571,Streptococcus
126572,Streptococcus
126573,Streptococcus
126574,Streptococcus
126575,Streptococcus
126576,Streptococcus
126577,Streptococcus
126578,Streptococcus
126579,Streptococcus
126580,Streptococcus
126581,Streptococcus
126582,Streptococcus
126583,Streptococcus
126584,Streptococcus
126585,Streptococcus
126586,Streptococcus
126587,Streptococcus
126588,Streptococcus
126589,Streptococcus
126590,Streptococcus
126591,Streptococcus
126592,Streptococcus
126593,Streptococcus
126594,Streptococcus
126595,Streptococcus
126596,Streptococcus
126597,Streptococcus
126598,Streptococcus
126599,Streptococcus
126600,Streptococcus
126601,Streptococcus
126602,Streptococcus
126603,Streptococcus
126604,Streptococcus
126605,Streptococcus
126606,Streptococcus
126607,Streptococcus
126608,Streptococcus
126609,Streptococcus
126610,Streptococcus
126611,Streptococcus
126612,Streptococcus
126613,Streptococcus
126614,Streptococcus
126615,Streptococcus
126616,Streptococcus
126617,Streptococcus
126618,Streptococcus
126619,Streptococcus
126620,Streptococcus
126621,Streptococcus
126622,Streptococcus
126623,Streptococcus
126624,Streptococcus
126625,Streptococcus
126626,Streptococcus
126627,Streptococcus
126628,Streptococcus
126629,Streptococcus
126630,Streptococcus
126631,Streptococcus
126632,Streptococcus
126633,Streptococcus
126634,Streptococcus
126635,Streptococcus
126636,Streptococcus
126637,Streptococcus
126638,Streptococcus
126639,Streptococcus
126640,Streptococcus
126641,Streptococcus
126642,Streptococcus
126643,Streptococcus
126644,Streptococcus
126645,Streptococcus
126646,Streptococcus
126647,Streptococcus
126648,Streptococcus
126649,Streptococcus
126650,Streptococcus
126651,Streptococcus
126652,Streptococcus
126653,Streptococcus
126654,Streptococcus
126655,Streptococcus
126656,Streptococcus
126657,Streptococcus
126658,Streptococcus
126659,Streptococcus
126660,Streptococcus
126661,Streptococcus
126662,Streptococcus
126663,Streptococcus
126664,Streptococcus
126665,Streptococcus
126666,Streptococcus
126667,Streptococcus
126668,Streptococcus
126669,Streptococcus
126670,Streptococcus
126671,Streptococcus
126672,Streptococcus
126673,Streptococcus
126674,Streptococcus
126675,Streptococcus
126676,Streptococcus
126677,Streptococcus
126678,Streptococcus
126679,Streptococcus
126680,Streptococcus
126681,Streptococcus
126682,Streptococcus
126683,Streptococcus
126684,Streptococcus
126685,Streptococcus
126686,Streptococcus
126687,Streptococcus
126688,Streptococcus
126689,Streptococcus
126690,Streptococcus
126691,Streptococcus
126692,Streptococcus
126693,Streptococcus
126694,Streptococcus
126695,Streptococcus
126696,Streptococcus
126697,Streptococcus
126698,Streptococcus
126699,Streptococcus
126700,Streptococcus
126701,Streptococcus
126702,Streptococcus
126703,Streptococcus
126704,Streptococcus
126705,Streptococcus
126706,Streptococcus
126707,Streptococcus
126708,Streptococcus
126709,Streptococcus
126710,Streptococcus
126711,Streptococcus
126712,Streptococcus
126713,Streptococcus
126714,Streptococcus
126715,Streptococcus
126716,Streptococcus
126717,Streptococcus
126718,Streptococcus
126719,Streptococcus
126720,Streptococcus
126721,Streptococcus
126722,Streptococcus
126723,Streptococcus
126724,Streptococcus
126725,Streptococcus
126726,Streptococcus
126727,Streptococcus
126728,Streptococcus
126729,Streptococcus
126730,Streptococcus
126731,Streptococcus
126732,Streptococcus
126733,Streptococcus
126734,Streptococcus
126735,Streptococcus
126736,Streptococcus
126737,Streptococcus
126738,Streptococcus
126739,Streptococcus
126740,Streptococcus
126741,Streptococcus
126742,Streptococcus
126743,Streptococcus
126744,Streptococcus
126745,Streptococcus
126746,Streptococcus
126747,Streptococcus
126748,Streptococcus
126749,Streptococcus
126750,Streptococcus
126751,Streptococcus
126752,Streptococcus
126753,Streptococcus
126754,Streptococcus
126755,Streptococcus
126756,Streptococcus
126757,Streptococcus
126758,Streptococcus
126759,Streptococcus
126760,Streptococcus
126761,Streptococcus
126762,Streptococcus
126763,Streptococcus
126764,Streptococcus
126765,Streptococcus
126766,Streptococcus
126767,Streptococcus
126768,Streptococcus
126769,Streptococcus
126770,Streptococcus
126771,Streptococcus
126772,Streptococcus
126773,Streptococcus
126774,Streptococcus
126775,Streptococcus
126776,Streptococcus
126777,Streptococcus
126778,Streptococcus
126779,Streptococcus
126780,Streptococcus
126781,Streptococcus
126782,Streptococcus
126783,Streptococcus
126784,Streptococcus
126785,Streptococcus
126786,Streptococcus
126787,Streptococcus
126788,Streptococcus
126789,Streptococcus
126790,Streptococcus
126791,Streptococcus
126792,Streptococcus
126793,Streptococcus
126794,Streptococcus
126795,Streptococcus
126796,Streptococcus
126797,Streptococcus
126798,Streptococcus
126799,Streptococcus
126800,Streptococcus
126801,Streptococcus
126802,Streptococcus
126803,Streptococcus
126804,Streptococcus
126805,Streptococcus
126806,Streptococcus
126807,Streptococcus
126808,Streptococcus
126809,Streptococcus
126810,Streptococcus
126811,Streptococcus
126812,Streptococcus
126813,Streptococcus
126814,Streptococcus
126815,Streptococcus
126816,Streptococcus
126817,Streptococcus
126818,Streptococcus
126819,Streptococcus
126820,Streptococcus
126821,Streptococcus
126822,Streptococcus
126823,Streptococcus
126824,Streptococcus
126825,Streptococcus
126826,Streptococcus
126827,Streptococcus
126828,Streptococcus
126829,Streptococcus
126830,Streptococcus
126831,Streptococcus
126832,Streptococcus
126833,Streptococcus
126834,Streptococcus
126835,Streptococcus
126836,Streptococcus
126837,Streptococcus
126838,Streptococcus
126839,Streptococcus
126840,Streptococcus
126841,Streptococcus
126842,Streptococcus
126843,Streptococcus
126844,Streptococcus
126845,Streptococcus
126846,Streptococcus
126847,Streptococcus
126848,Streptococcus
126849,Streptococcus
126850,Streptococcus
126851,Streptococcus
126852,Streptococcus
126853,Streptococcus
126854,Streptococcus
126855,Streptococcus
126856,Streptococcus
126857,Streptococcus
126858,Streptococcus
126859,Streptococcus
126860,Streptococcus
126861,Streptococcus
126862,Streptococcus
126863,Streptococcus
126864,Streptococcus
126865,Streptococcus
126866,Streptococcus
126867,Streptococcus
126868,Streptococcus
126869,Streptococcus
126870,Streptococcus
126871,Streptococcus
126872,Streptococcus
126873,Streptococcus
126874,Streptococcus
126875,Streptococcus
126876,Streptococcus
126877,Streptococcus
126878,Streptococcus
126879,Streptococcus
126880,Streptococcus
126881,Streptococcus
126882,Streptococcus
126883,Streptococcus
126884,Streptococcus
126885,Streptococcus
126886,Streptococcus
126887,Streptococcus
126888,Streptococcus
126889,Streptococcus
126890,Streptococcus
126891,Streptococcus
126892,Streptococcus
126893,Streptococcus
126894,Streptococcus
126895,Streptococcus
126896,Streptococcus
126897,Streptococcus
126898,Streptococcus
126899,Streptococcus
126900,Streptococcus
126901,Streptococcus
126902,Streptococcus
126903,Streptococcus
126904,Streptococcus
126905,Streptococcus
126906,Streptococcus
126907,Streptococcus
126908,Streptococcus
126909,Streptococcus
126910,Streptococcus
126911,Streptococcus
126912,Streptococcus
126913,Streptococcus
126914,Streptococcus
126915,Streptococcus
126916,Streptococcus
126917,Streptococcus
126918,Streptococcus
126919,Streptococcus
126920,Streptococcus
126921,Streptococcus
126922,Streptococcus
126923,Streptococcus
126924,Streptococcus
126925,Streptococcus
126926,Streptococcus
126927,Streptococcus
126928,Streptococcus
126929,Streptococcus
126930,Streptococcus
126931,Streptococcus
126932,Streptococcus
126933,Streptococcus
126934,Streptococcus
126935,Streptococcus
126936,Streptococcus
126937,Streptococcus
126938,Streptococcus
126939,Streptococcus
126940,Streptococcus
126941,Streptococcus
126942,Streptococcus
126943,Streptococcus
126944,Streptococcus
126945,Streptococcus
126946,Streptococcus
126947,Streptococcus
126948,Streptococcus
126949,Streptococcus
126950,Streptococcus
126951,Streptococcus
126952,Streptococcus
126953,Streptococcus
126954,Streptococcus
126955,Streptococcus
126956,Streptococcus
126957,Streptococcus
126958,Streptococcus
126959,Streptococcus
126960,Streptococcus
126961,Streptococcus
126962,Streptococcus
126963,Streptococcus
126964,Streptococcus
126965,Streptococcus
126966,Streptococcus
126967,Streptococcus
126968,Streptococcus
126969,Streptococcus
126970,Streptococcus
126971,Streptococcus
126972,Streptococcus
126973,Streptococcus
126974,Streptococcus
126975,Streptococcus
126976,Streptococcus
126977,Streptococcus
126978,Streptococcus
126979,Streptococcus
126980,Streptococcus
126981,Streptococcus
126982,Streptococcus
126983,Streptococcus
126984,Streptococcus
126985,Streptococcus
126986,Streptococcus
126987,Streptococcus
126988,Streptococcus
126989,Streptococcus
126990,Streptococcus
126991,Streptococcus
126992,Streptococcus
126993,Streptococcus
126994,Streptococcus
126995,Streptococcus
126996,Streptococcus
126997,Streptococcus
126998,Streptococcus
126999,Streptococcus
127000,Streptococcus
127001,Streptococcus
127002,Streptococcus
127003,Streptococcus
127004,Streptococcus
127005,Streptococcus
127006,Streptococcus
127007,Streptococcus
127008,Streptococcus
127009,Streptococcus
127010,Streptococcus
127011,Streptococcus
127012,Streptococcus
127013,Streptococcus
127014,Streptococcus
127015,Streptococcus
127016,Streptococcus
127017,Streptococcus
127018,Streptococcus
127019,Streptococcus
127020,Streptococcus
127021,Streptococcus
127022,Streptococcus
127023,Streptococcus
127024,Streptococcus
127025,Streptococcus
127026,Streptococcus
127027,Streptococcus
127028,Streptococcus
127029,Streptococcus
127030,Streptococcus
127031,Streptococcus
127032,Streptococcus
127033,Streptococcus
127034,Streptococcus
127035,Streptococcus
127036,Streptococcus
127037,Streptococcus
127038,Streptococcus
127039,Streptococcus
127040,Streptococcus
127041,Streptococcus
127042,Streptococcus
127043,Streptococcus
127044,Streptococcus
127045,Streptococcus
127046,Streptococcus
127047,Streptococcus
127048,Streptococcus
127049,Streptococcus
127050,Streptococcus
127051,Streptococcus
127052,Streptococcus
127053,Streptococcus
127054,Streptococcus
127055,Streptococcus
127056,Streptococcus
127057,Streptococcus
127058,Streptococcus
127059,Streptococcus
127060,Streptococcus
127061,Streptococcus
127062,Streptococcus
127063,Streptococcus
127064,Streptococcus
127065,Streptococcus
127066,Streptococcus
127067,Streptococcus
127068,Streptococcus
127069,Streptococcus
127070,Streptococcus
127071,Streptococcus
127072,Streptococcus
127073,Streptococcus
127074,Streptococcus
127075,Streptococcus
127076,Streptococcus
127077,Streptococcus
127078,Streptococcus
127079,Streptococcus
127080,Streptococcus
127081,Streptococcus
127082,Streptococcus
127083,Streptococcus
127084,Streptococcus
127085,Streptococcus
127086,Streptococcus
127087,Streptococcus
127088,Streptococcus
127089,Streptococcus
127090,Streptococcus
127091,Streptococcus
127092,Streptococcus
127093,Streptococcus
127094,Streptococcus
127095,Streptococcus
127096,Streptococcus
127097,Streptococcus
127098,Streptococcus
127099,Streptococcus
127100,Streptococcus
127101,Streptococcus
127102,Streptococcus
127103,Streptococcus
127104,Streptococcus
127105,Streptococcus
127106,Streptococcus
127107,Streptococcus
127108,Streptococcus
127109,Streptococcus
127110,Streptococcus
127111,Streptococcus
127112,Streptococcus
127113,Streptococcus
127114,Streptococcus
127115,Streptococcus
127116,Streptococcus
127117,Streptococcus
127118,Streptococcus
127119,Streptococcus
127120,Streptococcus
127121,Streptococcus
127122,Streptococcus
127123,Streptococcus
127124,Streptococcus
127125,Streptococcus
127126,Streptococcus
127127,Streptococcus
127128,Streptococcus
127129,Streptococcus
127130,Streptococcus
127131,Streptococcus
127132,Streptococcus
127133,Streptococcus
127134,Streptococcus
127135,Streptococcus
127136,Streptococcus
127137,Streptococcus
127138,Streptococcus
127139,Streptococcus
127140,Streptococcus
127141,Streptococcus
127142,Streptococcus
127143,Streptococcus
127144,Streptococcus
127145,Streptococcus
127146,Streptococcus
127147,Streptococcus
127148,Streptococcus
127149,Streptococcus
127150,Streptococcus
127151,Streptococcus
127152,Streptococcus
127153,Streptococcus
127154,Streptococcus
127155,Streptococcus
127156,Streptococcus
127157,Streptococcus
127158,Streptococcus
127159,Streptococcus
127160,Streptococcus
127161,Streptococcus
127162,Streptococcus
127163,Streptococcus
127164,Streptococcus
127165,Streptococcus
127166,Streptococcus
127167,Streptococcus
127168,Streptococcus
127169,Streptococcus
127170,Streptococcus
127171,Streptococcus
127172,Streptococcus
127173,Streptococcus
127174,Streptococcus
127175,Streptococcus
127176,Streptococcus
127177,Streptococcus
127178,Streptococcus
127179,Streptococcus
127180,Streptococcus
127181,Streptococcus
127182,Streptococcus
127183,Streptococcus
127184,Streptococcus
127185,Streptococcus
127186,Streptococcus
127187,Streptococcus
127188,Streptococcus
127189,Streptococcus
127190,Streptococcus
127191,Streptococcus
127192,Streptococcus
127193,Streptococcus
127194,Streptococcus
127195,Streptococcus
127196,Streptococcus
127197,Streptococcus
127198,Streptococcus
127199,Streptococcus
127200,Streptococcus
127201,Streptococcus
127202,Streptococcus
127203,Streptococcus
127204,Streptococcus
127205,Streptococcus
127206,Streptococcus
127207,Streptococcus
127208,Streptococcus
127209,Streptococcus
127210,Streptococcus
127211,Streptococcus
127212,Streptococcus
127213,Streptococcus
127214,Streptococcus
127215,Streptococcus
127216,Streptococcus
127217,Streptococcus
127218,Streptococcus
127219,Streptococcus
127220,Streptococcus
127221,Streptococcus
127222,Streptococcus
127223,Streptococcus
127224,Streptococcus
127225,Streptococcus
127226,Streptococcus
127227,Streptococcus
127228,Streptococcus
127229,Streptococcus
127230,Streptococcus
127231,Streptococcus
127232,Streptococcus
127233,Streptococcus
127234,Streptococcus
127235,Streptococcus
127236,Streptococcus
127237,Streptococcus
127238,Streptococcus
127239,Streptococcus
127240,Streptococcus
127241,Streptococcus
127242,Streptococcus
127243,Streptococcus
127244,Streptococcus
127245,Streptococcus
127246,Streptococcus
127247,Streptococcus
127248,Streptococcus
127249,Streptococcus
127250,Streptococcus
127251,Streptococcus
127252,Streptococcus
127253,Streptococcus
127254,Streptococcus
127255,Streptococcus
127256,Streptococcus
127257,Streptococcus
127258,Streptococcus
127259,Streptococcus
127260,Streptococcus
127261,Streptococcus
127262,Streptococcus
127263,Streptococcus
127264,Streptococcus
127265,Streptococcus
127266,Streptococcus
127267,Streptococcus
127268,Streptococcus
127269,Streptococcus
127270,Streptococcus
127271,Streptococcus
127272,Streptococcus
127273,Streptococcus
127274,Streptococcus
127275,Streptococcus
127276,Streptococcus
127277,Streptococcus
127278,Streptococcus
127279,Streptococcus
127280,Streptococcus
127281,Streptococcus
127282,Streptococcus
127283,Streptococcus
127284,Streptococcus
127285,Streptococcus
127286,Streptococcus
127287,Streptococcus
127288,Streptococcus
127289,Streptococcus
127290,Streptococcus
127291,Streptococcus
127292,Streptococcus
127293,Streptococcus
127294,Streptococcus
127295,Streptococcus
127296,Streptococcus
127297,Streptococcus
127298,Streptococcus
127299,Streptococcus
127300,Streptococcus
127301,Streptococcus
127302,Streptococcus
127303,Streptococcus
127304,Streptococcus
127305,Streptococcus
127306,Streptococcus
127307,Streptococcus
127308,Streptococcus
127309,Streptococcus
127310,Streptococcus
127311,Streptococcus
127312,Streptococcus
127313,Streptococcus
127314,Streptococcus
127315,Streptococcus
127316,Streptococcus
127317,Streptococcus
127318,Streptococcus
127319,Streptococcus
127320,Streptococcus
127321,Streptococcus
127322,Streptococcus
127323,Streptococcus
127324,Streptococcus
127325,Streptococcus
127326,Streptococcus
127327,Streptococcus
127328,Streptococcus
127329,Streptococcus
127330,Streptococcus
127331,Streptococcus
127332,Streptococcus
127333,Streptococcus
127334,Streptococcus
127335,Streptococcus
127336,Streptococcus
127337,Streptococcus
127338,Streptococcus
127339,Streptococcus
127340,Streptococcus
127341,Streptococcus
127342,Streptococcus
127343,Streptococcus
127344,Streptococcus
127345,Streptococcus
127346,Streptococcus
127347,Streptococcus
127348,Streptococcus
127349,Streptococcus
127350,Streptococcus
127351,Streptococcus
127352,Streptococcus
127353,Streptococcus
127354,Streptococcus
127355,Streptococcus
127356,Streptococcus
127357,Streptococcus
127358,Streptococcus
127359,Streptococcus
127360,Streptococcus
127361,Streptococcus
127362,Streptococcus
127363,Streptococcus
127364,Streptococcus
127365,Streptococcus
127366,Streptococcus
127367,Streptococcus
127368,Streptococcus
127369,Streptococcus
127370,Streptococcus
127371,Streptococcus
127372,Streptococcus
127373,Streptococcus
127374,Streptococcus
127375,Streptococcus
127376,Streptococcus
127377,Streptococcus
127378,Streptococcus
127379,Streptococcus
127380,Streptococcus
127381,Streptococcus
127382,Streptococcus
127383,Streptococcus
127384,Streptococcus
127385,Streptococcus
127386,Streptococcus
127387,Streptococcus
127388,Streptococcus
127389,Streptococcus
127390,Streptococcus
127391,Streptococcus
127392,Streptococcus
127393,Streptococcus
127394,Streptococcus
127395,Streptococcus
127396,Streptococcus
127397,Streptococcus
127398,Streptococcus
127399,Streptococcus
127400,Streptococcus
127401,Streptococcus
127402,Streptococcus
127403,Streptococcus
127404,Streptococcus
127405,Streptococcus
127406,Streptococcus
127407,Streptococcus
127408,Streptococcus
127409,Streptococcus
127410,Streptococcus
127411,Streptococcus
127412,Streptococcus
127413,Streptococcus
127414,Streptococcus
127415,Streptococcus
127416,Streptococcus
127417,Streptococcus
127418,Streptococcus
127419,Streptococcus
127420,Streptococcus
127421,Streptococcus
127422,Streptococcus
127423,Streptococcus
127424,Streptococcus
127425,Streptococcus
127426,Streptococcus
127427,Streptococcus
127428,Streptococcus
127429,Streptococcus
127430,Streptococcus
127431,Streptococcus
127432,Streptococcus
127433,Streptococcus
127434,Streptococcus
127435,Streptococcus
127436,Streptococcus
127437,Streptococcus
127438,Streptococcus
127439,Streptococcus
127440,Streptococcus
127441,Streptococcus
127442,Streptococcus
127443,Streptococcus
127444,Streptococcus
127445,Streptococcus
127446,Streptococcus
127447,Streptococcus
127448,Streptococcus
127449,Streptococcus
127450,Streptococcus
127451,Streptococcus
127452,Streptococcus
127453,Streptococcus
127454,Streptococcus
127455,Streptococcus
127456,Streptococcus
127457,Streptococcus
127458,Streptococcus
127459,Streptococcus
127460,Streptococcus
127461,Streptococcus
127462,Streptococcus
127463,Streptococcus
127464,Streptococcus
127465,Streptococcus
127466,Streptococcus
127467,Streptococcus
127468,Streptococcus
127469,Streptococcus
127470,Streptococcus
127471,Streptococcus
127472,Streptococcus
127473,Streptococcus
127474,Streptococcus
127475,Streptococcus
127476,Streptococcus
127477,Streptococcus
127478,Streptococcus
127479,Streptococcus
127480,Streptococcus
127481,Streptococcus
127482,Streptococcus
127483,Streptococcus
127484,Streptococcus
127485,Streptococcus
127486,Streptococcus
127487,Streptococcus
127488,Streptococcus
127489,Streptococcus
127490,Streptococcus
127491,Streptococcus
127492,Streptococcus
127493,Streptococcus
127494,Streptococcus
127495,Streptococcus
127496,Streptococcus
127497,Streptococcus
127498,Streptococcus
127499,Streptococcus
127500,Streptococcus
127501,Streptococcus
127502,Streptococcus
127503,Streptococcus
127504,Streptococcus
127505,Streptococcus
127506,Streptococcus
127507,Streptococcus
127508,Streptococcus
127509,Streptococcus
127510,Streptococcus
127511,Streptococcus
127512,Streptococcus
127513,Streptococcus
127514,Streptococcus
127515,Streptococcus
127516,Streptococcus
127517,Streptococcus
127518,Streptococcus
127519,Streptococcus
127520,Streptococcus
127521,Streptococcus
127522,Streptococcus
127523,Streptococcus
127524,Streptococcus
127525,Streptococcus
127526,Streptococcus
127527,Streptococcus
127528,Streptococcus
127529,Streptococcus
127530,Streptococcus
127531,Streptococcus
127532,Streptococcus
127533,Streptococcus
127534,Streptococcus
127535,Streptococcus
127536,Streptococcus
127537,Streptococcus
127538,Streptococcus
127539,Streptococcus
127540,Streptococcus
127541,Streptococcus
127542,Streptococcus
127543,Streptococcus
127544,Streptococcus
127545,Streptococcus
127546,Streptococcus
127547,Streptococcus
127548,Streptococcus
127549,Streptococcus
127550,Streptococcus
127551,Streptococcus
127552,Streptococcus
127553,Streptococcus
127554,Streptococcus
127555,Streptococcus
127556,Streptococcus
127557,Streptococcus
127558,Streptococcus
127559,Streptococcus
127560,Streptococcus
127561,Streptococcus
127562,Streptococcus
127563,Streptococcus
127564,Streptococcus
127565,Streptococcus
127566,Streptococcus
127567,Streptococcus
127568,Streptococcus
127569,Streptococcus
127570,Streptococcus
127571,Streptococcus
127572,Streptococcus
127573,Streptococcus
127574,Streptococcus
127575,Streptococcus
127576,Streptococcus
127577,Streptococcus
127578,Streptococcus
127579,Streptococcus
127580,Streptococcus
127581,Streptococcus
127582,Streptococcus
127583,Streptococcus
127584,Streptococcus
127585,Streptococcus
127586,Streptococcus
127587,Streptococcus
127588,Streptococcus
127589,Streptococcus
127590,Streptococcus
127591,Streptococcus
127592,Streptococcus
127593,Streptococcus
127594,Streptococcus
127595,Streptococcus
127596,Streptococcus
127597,Streptococcus
127598,Streptococcus
127599,Streptococcus
127600,Streptococcus
127601,Streptococcus
127602,Streptococcus
127603,Streptococcus
127604,Streptococcus
127605,Streptococcus
127606,Streptococcus
127607,Streptococcus
127608,Streptococcus
127609,Streptococcus
127610,Streptococcus
127611,Streptococcus
127612,Streptococcus
127613,Streptococcus
127614,Streptococcus
127615,Streptococcus
127616,Streptococcus
127617,Streptococcus
127618,Streptococcus
127619,Streptococcus
127620,Streptococcus
127621,Streptococcus
127622,Streptococcus
127623,Streptococcus
127624,Streptococcus
127625,Streptococcus
127626,Streptococcus
127627,Streptococcus
127628,Streptococcus
127629,Streptococcus
127630,Streptococcus
127631,Streptococcus
127632,Streptococcus
127633,Streptococcus
127634,Streptococcus
127635,Streptococcus
127636,Streptococcus
127637,Streptococcus
127638,Streptococcus
127639,Streptococcus
127640,Streptococcus
127641,Streptococcus
127642,Streptococcus
127643,Streptococcus
127644,Streptococcus
127645,Streptococcus
127646,Streptococcus
127647,Streptococcus
127648,Streptococcus
127649,Streptococcus
127650,Streptococcus
127651,Streptococcus
127652,Streptococcus
127653,Streptococcus
127654,Streptococcus
127655,Streptococcus
127656,Streptococcus
127657,Streptococcus
127658,Streptococcus
127659,Streptococcus
127660,Streptococcus
127661,Streptococcus
127662,Streptococcus
127663,Streptococcus
127664,Streptococcus
127665,Streptococcus
127666,Streptococcus
127667,Streptococcus
127668,Streptococcus
127669,Streptococcus
127670,Streptococcus
127671,Streptococcus
127672,Streptococcus
127673,Streptococcus
127674,Streptococcus
127675,Streptococcus
127676,Streptococcus
127677,Streptococcus
127678,Streptococcus
127679,Streptococcus
127680,Streptococcus
127681,Streptococcus
127682,Streptococcus
127683,Streptococcus
127684,Streptococcus
127685,Streptococcus
127686,Streptococcus
127687,Streptococcus
127688,Streptococcus
127689,Streptococcus
127690,Streptococcus
127691,Streptococcus
127692,Streptococcus
127693,Streptococcus
127694,Streptococcus
127695,Streptococcus
127696,Streptococcus
127697,Streptococcus
127698,Streptococcus
127699,Streptococcus
127700,Streptococcus
127701,Streptococcus
127702,Streptococcus
127703,Streptococcus
127704,Streptococcus
127705,Streptococcus
127706,Streptococcus
127707,Streptococcus
127708,Streptococcus
127709,Streptococcus
127710,Streptococcus
127711,Streptococcus
127712,Streptococcus
127713,Streptococcus
127714,Streptococcus
127715,Streptococcus
127716,Streptococcus
127717,Streptococcus
127718,Streptococcus
127719,Streptococcus
127720,Streptococcus
127721,Streptococcus
127722,Streptococcus
127723,Streptococcus
127724,Streptococcus
127725,Streptococcus
127726,Streptococcus
127727,Streptococcus
127728,Streptococcus
127729,Streptococcus
127730,Streptococcus
127731,Streptococcus
127732,Streptococcus
127733,Streptococcus
127734,Streptococcus
127735,Streptococcus
127736,Streptococcus
127737,Streptococcus
127738,Streptococcus
127739,Streptococcus
127740,Streptococcus
127741,Streptococcus
127742,Streptococcus
127743,Streptococcus
127744,Streptococcus
127745,Streptococcus
127746,Streptococcus
127747,Streptococcus
127748,Streptococcus
127749,Streptococcus
127750,Streptococcus
127751,Streptococcus
127752,Streptococcus
127753,Streptococcus
127754,Streptococcus
127755,Streptococcus
127756,Streptococcus
127757,Streptococcus
127758,Streptococcus
127759,Streptococcus
127760,Streptococcus
127761,Streptococcus
127762,Streptococcus
127763,Streptococcus
127764,Streptococcus
127765,Streptococcus
127766,Streptococcus
127767,Streptococcus
127768,Streptococcus
127769,Streptococcus
127770,Streptococcus
127771,Streptococcus
127772,Streptococcus
127773,Streptococcus
127774,Streptococcus
127775,Streptococcus
127776,Streptococcus
127777,Streptococcus
127778,Streptococcus
127779,Streptococcus
127780,Streptococcus
127781,Streptococcus
127782,Streptococcus
127783,Streptococcus
127784,Streptococcus
127785,Streptococcus
127786,Streptococcus
127787,Streptococcus
127788,Streptococcus
127789,Streptococcus
127790,Streptococcus
127791,Streptococcus
127792,Streptococcus
127793,Streptococcus
127794,Streptococcus
127795,Streptococcus
127796,Streptococcus
127797,Streptococcus
127798,Streptococcus
127799,Streptococcus
127800,Streptococcus
127801,Streptococcus
127802,Streptococcus
127803,Streptococcus
127804,Streptococcus
127805,Streptococcus
127806,Streptococcus
127807,Streptococcus
127808,Streptococcus
127809,Streptococcus
127810,Streptococcus
127811,Streptococcus
127812,Streptococcus
127813,Streptococcus
127814,Streptococcus
127815,Streptococcus
127816,Streptococcus
127817,Streptococcus
127818,Streptococcus
127819,Streptococcus
127820,Streptococcus
127821,Streptococcus
127822,Streptococcus
127823,Streptococcus
127824,Streptococcus
127825,Streptococcus
127826,Streptococcus
127827,Streptococcus
127828,Streptococcus
127829,Streptococcus
127830,Streptococcus
127831,Streptococcus
127832,Streptococcus
127833,Streptococcus
127834,Streptococcus
127835,Streptococcus
127836,Streptococcus
127837,Streptococcus
127838,Streptococcus
127839,Streptococcus
127840,Streptococcus
127841,Streptococcus
127842,Streptococcus
127843,Streptococcus
127844,Streptococcus
127845,Streptococcus
127846,Streptococcus
127847,Streptococcus
127848,Streptococcus
127849,Streptococcus
127850,Streptococcus
127851,Streptococcus
127852,Streptococcus
127853,Streptococcus
127854,Streptococcus
127855,Streptococcus
127856,Streptococcus
127857,Streptococcus
127858,Streptococcus
127859,Streptococcus
127860,Streptococcus
127861,Streptococcus
127862,Streptococcus
127863,Streptococcus
127864,Streptococcus
127865,Streptococcus
127866,Streptococcus
127867,Streptococcus
127868,Streptococcus
127869,Streptococcus
127870,Streptococcus
127871,Streptococcus
127872,Streptococcus
127873,Streptococcus
127874,Streptococcus
127875,Streptococcus
127876,Streptococcus
127877,Streptococcus
127878,Streptococcus
127879,Streptococcus
127880,Streptococcus
127881,Streptococcus
127882,Streptococcus
127883,Streptococcus
127884,Streptococcus
127885,Streptococcus
127886,Streptococcus
127887,Streptococcus
127888,Streptococcus
127889,Streptococcus
127890,Streptococcus
127891,Streptococcus
127892,Streptococcus
127893,Streptococcus
127894,Streptococcus
127895,Streptococcus
127896,Streptococcus
127897,Streptococcus
127898,Streptococcus
127899,Streptococcus
127900,Streptococcus
127901,Streptococcus
127902,Streptococcus
127903,Streptococcus
127904,Streptococcus
127905,Streptococcus
127906,Streptococcus
127907,Streptococcus
127908,Streptococcus
127909,Streptococcus
127910,Streptococcus
127911,Streptococcus
127912,Streptococcus
127913,Streptococcus
127914,Streptococcus
127915,Streptococcus
127916,Streptococcus
127917,Streptococcus
127918,Streptococcus
127919,Streptococcus
127920,Streptococcus
127921,Streptococcus
127922,Streptococcus
127923,Streptococcus
127924,Streptococcus
127925,Streptococcus
127926,Streptococcus
127927,Streptococcus
127928,Streptococcus
127929,Streptococcus
127930,Streptococcus
127931,Streptococcus
127932,Streptococcus
127933,Streptococcus
127934,Streptococcus
127935,Streptococcus
127936,Streptococcus
127937,Streptococcus
127938,Streptococcus
127939,Streptococcus
127940,Streptococcus
127941,Streptococcus
127942,Streptococcus
127943,Streptococcus
127944,Streptococcus
127945,Streptococcus
127946,Streptococcus
127947,Streptococcus
127948,Streptococcus
127949,Streptococcus
127950,Streptococcus
127951,Streptococcus
127952,Streptococcus
127953,Streptococcus
127954,Streptococcus
127955,Streptococcus
127956,Streptococcus
127957,Streptococcus
127958,Streptococcus
127959,Streptococcus
127960,Streptococcus
127961,Streptococcus
127962,Streptococcus
127963,Streptococcus
127964,Streptococcus
127965,Streptococcus
127966,Streptococcus
127967,Streptococcus
127968,Streptococcus
127969,Streptococcus
127970,Streptococcus
127971,Streptococcus
127972,Streptococcus
127973,Streptococcus
127974,Streptococcus
127975,Streptococcus
127976,Streptococcus
127977,Streptococcus
127978,Streptococcus
127979,Streptococcus
127980,Streptococcus
127981,Streptococcus
127982,Streptococcus
127983,Streptococcus
127984,Streptococcus
127985,Streptococcus
127986,Streptococcus
127987,Streptococcus
127988,Streptococcus
127989,Streptococcus
127990,Streptococcus
127991,Streptococcus
127992,Streptococcus
127993,Streptococcus
127994,Streptococcus
127995,Streptococcus
127996,Streptococcus
127997,Streptococcus
127998,Streptococcus
127999,Streptococcus
128000,Streptococcus
128001,Streptococcus
128002,Streptococcus
128003,Streptococcus
128004,Streptococcus
128005,Streptococcus
128006,Streptococcus
128007,Streptococcus
128008,Streptococcus
128009,Streptococcus
128010,Streptococcus
128011,Streptococcus
128012,Streptococcus
128013,Streptococcus
128014,Streptococcus
128015,Streptococcus
128016,Streptococcus
128017,Streptococcus
128018,Streptococcus
128019,Streptococcus
128020,Streptococcus
128021,Streptococcus
128022,Streptococcus
128023,Streptococcus
128024,Streptococcus
128025,Streptococcus
128026,Streptococcus
128027,Streptococcus
128028,Streptococcus
128029,Streptococcus
128030,Streptococcus
128031,Streptococcus
128032,Streptococcus
128033,Streptococcus
128034,Streptococcus
128035,Streptococcus
128036,Streptococcus
128037,Streptococcus
128038,Streptococcus
128039,Streptococcus
128040,Streptococcus
128041,Streptococcus
128042,Streptococcus
128043,Streptococcus
128044,Streptococcus
128045,Streptococcus
128046,Streptococcus
128047,Streptococcus
128048,Streptococcus
128049,Streptococcus
128050,Streptococcus
128051,Streptococcus
128052,Streptococcus
128053,Streptococcus
128054,Streptococcus
128055,Streptococcus
128056,Streptococcus
128057,Streptococcus
128058,Streptococcus
128059,Streptococcus
128060,Streptococcus
128061,Streptococcus
128062,Streptococcus
128063,Streptococcus
128064,Streptococcus
128065,Streptococcus
128066,Streptococcus
128067,Streptococcus
128068,Streptococcus
128069,Streptococcus
128070,Streptococcus
128071,Streptococcus
128072,Streptococcus
128073,Streptococcus
128074,Streptococcus
128075,Streptococcus
128076,Streptococcus
128077,Streptococcus
128078,Streptococcus
128079,Streptococcus
128080,Streptococcus
128081,Streptococcus
128082,Streptococcus
128083,Streptococcus
128084,Streptococcus
128085,Streptococcus
128086,Streptococcus
128087,Streptococcus
128088,Streptococcus
128089,Streptococcus
128090,Streptococcus
128091,Streptococcus
128092,Streptococcus
128093,Streptococcus
128094,Streptococcus
128095,Streptococcus
128096,Streptococcus
128097,Streptococcus
128098,Streptococcus
128099,Streptococcus
128100,Streptococcus
128101,Streptococcus
128102,Streptococcus
128103,Streptococcus
128104,Streptococcus
128105,Streptococcus
128106,Streptococcus
128107,Streptococcus
128108,Streptococcus
128109,Streptococcus
128110,Streptococcus
128111,Streptococcus
128112,Streptococcus
128113,Streptococcus
128114,Streptococcus
128115,Streptococcus
128116,Streptococcus
128117,Streptococcus
128118,Streptococcus
128119,Streptococcus
128120,Streptococcus
128121,Streptococcus
128122,Streptococcus
128123,Streptococcus
128124,Streptococcus
128125,Streptococcus
128126,Streptococcus
128127,Streptococcus
128128,Streptococcus
128129,Streptococcus
128130,Streptococcus
128131,Streptococcus
128132,Streptococcus
128133,Streptococcus
128134,Streptococcus
128135,Streptococcus
128136,Streptococcus
128137,Streptococcus
128138,Streptococcus
128139,Streptococcus
128140,Streptococcus
128141,Streptococcus
128142,Streptococcus
128143,Streptococcus
128144,Streptococcus
128145,Streptococcus
128146,Streptococcus
128147,Streptococcus
128148,Streptococcus
128149,Streptococcus
128150,Streptococcus
128151,Streptococcus
128152,Streptococcus
128153,Streptococcus
128154,Streptococcus
128155,Streptococcus
128156,Streptococcus
128157,Streptococcus
128158,Streptococcus
128159,Streptococcus
128160,Streptococcus
128161,Streptococcus
128162,Streptococcus
128163,Streptococcus
128164,Streptococcus
128165,Streptococcus
128166,Streptococcus
128167,Streptococcus
128168,Streptococcus
128169,Streptococcus
128170,Streptococcus
128171,Streptococcus
128172,Streptococcus
128173,Streptococcus
128174,Streptococcus
128175,Streptococcus
128176,Streptococcus
128177,Streptococcus
128178,Streptococcus
128179,Streptococcus
128180,Streptococcus
128181,Streptococcus
128182,Streptococcus
128183,Streptococcus
128184,Streptococcus
128185,Streptococcus
128186,Streptococcus
128187,Streptococcus
128188,Streptococcus
128189,Streptococcus
128190,Streptococcus
128191,Streptococcus
128192,Streptococcus
128193,Streptococcus
128194,Streptococcus
128195,Streptococcus
128196,Streptococcus
128197,Streptococcus
128198,Streptococcus
128199,Streptococcus
128200,Streptococcus
128201,Streptococcus
128202,Streptococcus
128203,Streptococcus
128204,Streptococcus
128205,Streptococcus
128206,Streptococcus
128207,Streptococcus
128208,Streptococcus
128209,Streptococcus
128210,Streptococcus
128211,Streptococcus
128212,Streptococcus
128213,Streptococcus
128214,Streptococcus
128215,Streptococcus
128216,Streptococcus
128217,Streptococcus
128218,Streptococcus
128219,Streptococcus
128220,Streptococcus
128221,Streptococcus
128222,Streptococcus
128223,Streptococcus
128224,Streptococcus
128225,Streptococcus
128226,Streptococcus
128227,Streptococcus
128228,Streptococcus
128229,Streptococcus
128230,Streptococcus
128231,Streptococcus
128232,Streptococcus
128233,Streptococcus
128234,Streptococcus
128235,Streptococcus
128236,Streptococcus
128237,Streptococcus
128238,Streptococcus
128239,Streptococcus
128240,Streptococcus
128241,Streptococcus
128242,Streptococcus
128243,Streptococcus
128244,Streptococcus
128245,Streptococcus
128246,Streptococcus
128247,Streptococcus
128248,Streptococcus
128249,Streptococcus
128250,Streptococcus
128251,Streptococcus
128252,Streptococcus
128253,Streptococcus
128254,Streptococcus
128255,Streptococcus
128256,Streptococcus
128257,Streptococcus
128258,Streptococcus
128259,Streptococcus
128260,Streptococcus
128261,Streptococcus
128262,Streptococcus
128263,Streptococcus
128264,Streptococcus
128265,Streptococcus
128266,Streptococcus
128267,Streptococcus
128268,Streptococcus
128269,Streptococcus
128270,Streptococcus
128271,Streptococcus
128272,Streptococcus
128273,Streptococcus
128274,Streptococcus
128275,Streptococcus
128276,Streptococcus
128277,Streptococcus
128278,Streptococcus
128279,Streptococcus
128280,Streptococcus
128281,Streptococcus
128282,Streptococcus
128283,Streptococcus
128284,Streptococcus
128285,Streptococcus
128286,Streptococcus
128287,Streptococcus
128288,Streptococcus
128289,Streptococcus
128290,Streptococcus
128291,Streptococcus
128292,Streptococcus
128293,Streptococcus
128294,Streptococcus
128295,Streptococcus
128296,Streptococcus
128297,Streptococcus
128298,Streptococcus
128299,Streptococcus
128300,Streptococcus
128301,Streptococcus
128302,Streptococcus
128303,Streptococcus
128304,Streptococcus
128305,Streptococcus
128306,Streptococcus
128307,Streptococcus
128308,Streptococcus
128309,Streptococcus
128310,Streptococcus
128311,Streptococcus
128312,Streptococcus
128313,Streptococcus
128314,Streptococcus
128315,Streptococcus
128316,Streptococcus
128317,Streptococcus
128318,Streptococcus
128319,Streptococcus
128320,Streptococcus
128321,Streptococcus
128322,Streptococcus
128323,Streptococcus
128324,Streptococcus
128325,Streptococcus
128326,Streptococcus
128327,Streptococcus
128328,Streptococcus
128329,Streptococcus
128330,Streptococcus
128331,Streptococcus
128332,Streptococcus
128333,Streptococcus
128334,Streptococcus
128335,Streptococcus
128336,Streptococcus
128337,Streptococcus
128338,Streptococcus
128339,Streptococcus
128340,Streptococcus
128341,Streptococcus
128342,Streptococcus
128343,Streptococcus
128344,Streptococcus
128345,Streptococcus
128346,Streptococcus
128347,Streptococcus
128348,Streptococcus
128349,Streptococcus
128350,Streptococcus
128351,Streptococcus
128352,Streptococcus
128353,Streptococcus
128354,Streptococcus
128355,Streptococcus
128356,Streptococcus
128357,Streptococcus
128358,Streptococcus
128359,Streptococcus
128360,Streptococcus
128361,Streptococcus
128362,Streptococcus
128363,Streptococcus
128364,Streptococcus
128365,Streptococcus
128366,Streptococcus
128367,Streptococcus
128368,Streptococcus
128369,Streptococcus
128370,Streptococcus
128371,Streptococcus
128372,Streptococcus
128373,Streptococcus
128374,Streptococcus
128375,Streptococcus
128376,Streptococcus
128377,Streptococcus
128378,Streptococcus
128379,Streptococcus
128380,Streptococcus
128381,Streptococcus
128382,Streptococcus
128383,Streptococcus
128384,Streptococcus
128385,Streptococcus
128386,Streptococcus
128387,Streptococcus
128388,Streptococcus
128389,Streptococcus
128390,Streptococcus
128391,Streptococcus
128392,Streptococcus
128393,Streptococcus
128394,Streptococcus
128395,Streptococcus
128396,Streptococcus
128397,Streptococcus
128398,Streptococcus
128399,Streptococcus
128400,Streptococcus
128401,Streptococcus
128402,Streptococcus
128403,Streptococcus
128404,Streptococcus
128405,Streptococcus
128406,Streptococcus
128407,Streptococcus
128408,Streptococcus
128409,Streptococcus
128410,Streptococcus
128411,Streptococcus
128412,Streptococcus
128413,Streptococcus
128414,Streptococcus
128415,Streptococcus
128416,Streptococcus
128417,Streptococcus
128418,Streptococcus
128419,Streptococcus
128420,Streptococcus
128421,Streptococcus
128422,Streptococcus
128423,Streptococcus
128424,Streptococcus
128425,Streptococcus
128426,Streptococcus
128427,Streptococcus
128428,Streptococcus
128429,Streptococcus
128430,Streptococcus
128431,Streptococcus
128432,Streptococcus
128433,Streptococcus
128434,Streptococcus
128435,Streptococcus
128436,Streptococcus
128437,Streptococcus
128438,Streptococcus
128439,Streptococcus
128440,Streptococcus
128441,Streptococcus
128442,Streptococcus
128443,Streptococcus
128444,Streptococcus
128445,Streptococcus
128446,Streptococcus
128447,Streptococcus
128448,Streptococcus
128449,Streptococcus
128450,Streptococcus
128451,Streptococcus
128452,Streptococcus
128453,Streptococcus
128454,Streptococcus
128455,Streptococcus
128456,Streptococcus
128457,Streptococcus
128458,Streptococcus
128459,Streptococcus
128460,Streptococcus
128461,Streptococcus
128462,Streptococcus
128463,Streptococcus
128464,Streptococcus
128465,Streptococcus
128466,Streptococcus
128467,Streptococcus
128468,Streptococcus
128469,Streptococcus
128470,Streptococcus
128471,Streptococcus
128472,Streptococcus
128473,Streptococcus
128474,Streptococcus
128475,Streptococcus
128476,Streptococcus
128477,Streptococcus
128478,Streptococcus
128479,Streptococcus
128480,Streptococcus
128481,Streptococcus
128482,Streptococcus
128483,Streptococcus
128484,Streptococcus
128485,Streptococcus
128486,Streptococcus
128487,Streptococcus
128488,Streptococcus
128489,Streptococcus
128490,Streptococcus
128491,Streptococcus
128492,Streptococcus
128493,Streptococcus
128494,Streptococcus
128495,Streptococcus
128496,Streptococcus
128497,Streptococcus
128498,Streptococcus
128499,Streptococcus
128500,Streptococcus
128501,Streptococcus
128502,Streptococcus
128503,Streptococcus
128504,Streptococcus
128505,Streptococcus
128506,Streptococcus
128507,Streptococcus
128508,Streptococcus
128509,Streptococcus
128510,Streptococcus
128511,Streptococcus
128512,Streptococcus
128513,Streptococcus
128514,Streptococcus
128515,Streptococcus
128516,Streptococcus
128517,Streptococcus
128518,Streptococcus
128519,Streptococcus
128520,Streptococcus
128521,Streptococcus
128522,Streptococcus
128523,Streptococcus
128524,Streptococcus
128525,Streptococcus
128526,Streptococcus
128527,Streptococcus
128528,Streptococcus
128529,Streptococcus
128530,Streptococcus
128531,Streptococcus
128532,Streptococcus
128533,Streptococcus
128534,Streptococcus
128535,Streptococcus
128536,Streptococcus
128537,Streptococcus
128538,Streptococcus
128539,Streptococcus
128540,Streptococcus
128541,Streptococcus
128542,Streptococcus
128543,Streptococcus
128544,Streptococcus
128545,Streptococcus
128546,Streptococcus
128547,Streptococcus
128548,Streptococcus
128549,Streptococcus
128550,Streptococcus
128551,Streptococcus
128552,Streptococcus
128553,Streptococcus
128554,Streptococcus
128555,Streptococcus
128556,Streptococcus
128557,Streptococcus
128558,Streptococcus
128559,Streptococcus
128560,Streptococcus
128561,Streptococcus
128562,Streptococcus
128563,Streptococcus
128564,Streptococcus
128565,Streptococcus
128566,Streptococcus
128567,Streptococcus
128568,Streptococcus
128569,Streptococcus
128570,Streptococcus
128571,Streptococcus
128572,Streptococcus
128573,Streptococcus
128574,Streptococcus
128575,Streptococcus
128576,Streptococcus
128577,Streptococcus
128578,Streptococcus
128579,Streptococcus
128580,Streptococcus
128581,Streptococcus
128582,Streptococcus
128583,Streptococcus
128584,Streptococcus
128585,Streptococcus
128586,Streptococcus
128587,Streptococcus
128588,Streptococcus
128589,Streptococcus
128590,Streptococcus
128591,Streptococcus
128592,Streptococcus
128593,Streptococcus
128594,Streptococcus
128595,Streptococcus
128596,Streptococcus
128597,Streptococcus
128598,Streptococcus
128599,Streptococcus
128600,Streptococcus
128601,Streptococcus
128602,Streptococcus
128603,Streptococcus
128604,Streptococcus
128605,Streptococcus
128606,Streptococcus
128608,Streptococcus
128609,Streptococcus
128610,Streptococcus
128611,Streptococcus
128612,Streptococcus
128613,Streptococcus
128614,Streptococcus
128615,Streptococcus
128616,Streptococcus
128617,Streptococcus
128618,Streptococcus
128619,Streptococcus
128620,Streptococcus
128621,Streptococcus
128622,Streptococcus
128623,Streptococcus
128624,Streptococcus
128625,Streptococcus
128626,Streptococcus
128627,Streptococcus
128628,Streptococcus
128629,Streptococcus
128630,Streptococcus
128631,Streptococcus
128632,Streptococcus
128633,Streptococcus
128634,Streptococcus
128635,Streptococcus
128636,Streptococcus
128637,Streptococcus
128638,Streptococcus
128639,Streptococcus
128640,Streptococcus
128641,Streptococcus
128642,Streptococcus
128643,Streptococcus
128644,Streptococcus
128645,Streptococcus
128646,Streptococcus
128647,Streptococcus
128648,Streptococcus
128649,Streptococcus
128650,Streptococcus
128651,Streptococcus
128652,Streptococcus
128653,Streptococcus
128654,Streptococcus
128655,Streptococcus
128656,Streptococcus
128657,Streptococcus
128658,Streptococcus
128659,Streptococcus
128660,Streptococcus
128661,Streptococcus
128662,Streptococcus
128663,Streptococcus
128664,Streptococcus
128665,Streptococcus
128666,Streptococcus
128667,Streptococcus
128668,Streptococcus
128669,Streptococcus
128670,Streptococcus
128671,Streptococcus
128672,Streptococcus
128673,Streptococcus
128674,Streptococcus
128675,Streptococcus
128676,Streptococcus
128677,Streptococcus
128678,Streptococcus
128679,Streptococcus
128680,Streptococcus
128681,Streptococcus
128682,Streptococcus
128683,Streptococcus
128684,Streptococcus
128685,Streptococcus
128686,Streptococcus
128687,Streptococcus
128688,Streptococcus
128689,Streptococcus
128690,Streptococcus
128691,Streptococcus
128692,Streptococcus
128693,Streptococcus
128694,Streptococcus
128695,Streptococcus
128696,Streptococcus
128697,Streptococcus
128698,Streptococcus
128699,Streptococcus
128700,Streptococcus
128701,Streptococcus
128702,Streptococcus
128703,Streptococcus
128704,Streptococcus
128705,Streptococcus
128706,Streptococcus
128707,Streptococcus
128708,Streptococcus
128709,Streptococcus
128710,Streptococcus
128711,Streptococcus
128712,Streptococcus
128713,Streptococcus
128714,Streptococcus
128715,Streptococcus
128716,Streptococcus
128717,Streptococcus
128718,Streptococcus
128719,Streptococcus
128720,Streptococcus
128721,Streptococcus
128722,Streptococcus
128723,Streptococcus
128724,Streptococcus
128725,Streptococcus
128726,Streptococcus
128727,Streptococcus
128728,Streptococcus
128729,Streptococcus
128730,Streptococcus
128731,Streptococcus
128732,Streptococcus
128733,Streptococcus
128734,Streptococcus
128735,Streptococcus
128736,Streptococcus
128737,Streptococcus
128738,Streptococcus
128739,Streptococcus
128740,Streptococcus
128741,Streptococcus
128742,Streptococcus
128743,Streptococcus
128744,Streptococcus
128745,Streptococcus
128746,Streptococcus
128747,Streptococcus
128748,Streptococcus
128749,Streptococcus
128750,Streptococcus
128751,Streptococcus
128752,Streptococcus
128753,Streptococcus
128754,Streptococcus
128755,Streptococcus
128756,Streptococcus
128757,Streptococcus
128758,Streptococcus
128759,Streptococcus
128760,Streptococcus
128761,Streptococcus
128762,Streptococcus
128763,Streptococcus
128764,Streptococcus
128765,Streptococcus
128766,Streptococcus
128767,Streptococcus
128768,Streptococcus
128769,Streptococcus
128770,Streptococcus
128771,Streptococcus
128772,Streptococcus
128773,Streptococcus
128774,Streptococcus
128775,Streptococcus
128776,Streptococcus
128777,Streptococcus
128778,Streptococcus
128779,Streptococcus
128780,Streptococcus
128781,Streptococcus
128782,Streptococcus
128783,Streptococcus
128784,Streptococcus
128785,Streptococcus
128786,Streptococcus
128787,Streptococcus
128788,Streptococcus
128789,Streptococcus
128790,Streptococcus
128791,Streptococcus
128792,Streptococcus
128793,Streptococcus
128794,Streptococcus
128795,Streptococcus
128796,Streptococcus
128797,Streptococcus
128798,Streptococcus
128799,Streptococcus
128800,Streptococcus
128801,Streptococcus
128802,Streptococcus
128803,Streptococcus
128804,Streptococcus
128805,Streptococcus
128806,Streptococcus
128807,Streptococcus
128808,Streptococcus
128809,Streptococcus
128810,Streptococcus
128811,Streptococcus
128812,Streptococcus
128813,Streptococcus
128814,Streptococcus
128815,Streptococcus
128816,Streptococcus
128817,Streptococcus
128818,Streptococcus
128819,Streptococcus
128820,Streptococcus
128821,Streptococcus
128822,Streptococcus
128823,Streptococcus
128824,Streptococcus
128825,Streptococcus
128826,Streptococcus
128827,Streptococcus
128828,Streptococcus
128829,Streptococcus
128830,Streptococcus
128831,Streptococcus
128832,Streptococcus
128833,Streptococcus
128834,Streptococcus
128835,Streptococcus
128836,Streptococcus
128837,Streptococcus
128838,Streptococcus
128839,Streptococcus
128840,Streptococcus
128841,Streptococcus
128842,Streptococcus
128843,Streptococcus
128844,Streptococcus
128845,Streptococcus
128846,Streptococcus
128847,Streptococcus
128848,Streptococcus
128849,Streptococcus
128850,Streptococcus
128851,Streptococcus
128852,Streptococcus
128853,Streptococcus
128854,Streptococcus
128855,Streptococcus
128856,Streptococcus
128857,Streptococcus
128858,Streptococcus
128859,Streptococcus
128860,Streptococcus
128861,Streptococcus
128862,Streptococcus
128863,Streptococcus
128864,Streptococcus
128865,Streptococcus
128866,Streptococcus
128867,Streptococcus
128868,Streptococcus
128869,Streptococcus
128870,Streptococcus
128871,Streptococcus
128872,Streptococcus
128873,Streptococcus
128874,Streptococcus
128875,Streptococcus
128876,Streptococcus
128877,Streptococcus
128878,Streptococcus
128879,Streptococcus
128880,Streptococcus
128881,Streptococcus
128882,Streptococcus
128883,Streptococcus
128884,Streptococcus
128885,Streptococcus
128886,Streptococcus
128887,Streptococcus
128888,Streptococcus
128889,Streptococcus
128890,Streptococcus
128891,Streptococcus
128892,Streptococcus
128893,Streptococcus
128894,Streptococcus
128895,Streptococcus
128896,Streptococcus
128897,Streptococcus
128898,Streptococcus
128899,Streptococcus
128900,Streptococcus
128901,Streptococcus
128902,Streptococcus
128903,Streptococcus
128904,Streptococcus
128905,Streptococcus
128906,Streptococcus
128907,Streptococcus
128908,Streptococcus
128909,Streptococcus
128910,Streptococcus
128911,Streptococcus
128912,Streptococcus
128913,Streptococcus
128914,Streptococcus
128915,Streptococcus
128916,Streptococcus
128917,Streptococcus
128918,Streptococcus
128919,Streptococcus
128920,Streptococcus
128921,Streptococcus
128922,Streptococcus
128923,Streptococcus
128924,Streptococcus
128925,Streptococcus
128926,Streptococcus
128927,Streptococcus
128928,Streptococcus
128929,Streptococcus
128930,Streptococcus
128931,Streptococcus
128932,Streptococcus
128933,Streptococcus
128934,Streptococcus
128935,Streptococcus
128936,Streptococcus
128937,Streptococcus
128938,Streptococcus
128939,Streptococcus
128940,Streptococcus
128941,Streptococcus
128942,Streptococcus
128943,Streptococcus
128944,Streptococcus
128945,Streptococcus
128946,Streptococcus
128947,Streptococcus
128948,Streptococcus
128949,Streptococcus
128950,Streptococcus
128951,Streptococcus
128952,Streptococcus
128953,Streptococcus
128954,Streptococcus
128955,Streptococcus
128956,Streptococcus
128957,Streptococcus
128958,Streptococcus
128959,Streptococcus
128960,Streptococcus
128961,Streptococcus
128962,Streptococcus
128963,Streptococcus
128964,Streptococcus
128965,Streptococcus
128966,Streptococcus
128967,Streptococcus
128968,Streptococcus
128969,Streptococcus
128970,Streptococcus
128971,Streptococcus
128972,Streptococcus
128973,Streptococcus
128974,Streptococcus
128975,Streptococcus
128976,Streptococcus
128977,Streptococcus
128978,Streptococcus
128979,Streptococcus
128980,Streptococcus
128981,Streptococcus
128982,Streptococcus
128983,Streptococcus
128984,Streptococcus
128985,Streptococcus
128986,Streptococcus
128987,Streptococcus
128988,Streptococcus
128989,Streptococcus
128990,Streptococcus
128991,Streptococcus
128992,Streptococcus
128993,Streptococcus
128994,Streptococcus
128995,Streptococcus
128996,Streptococcus
128997,Streptococcus
128998,Streptococcus
128999,Streptococcus
129000,Streptococcus
129001,Streptococcus
129002,Streptococcus
129003,Streptococcus
129004,Streptococcus
129005,Streptococcus
129006,Streptococcus
129007,Streptococcus
129008,Streptococcus
129009,Streptococcus
129010,Streptococcus
129011,Streptococcus
129012,Streptococcus
129013,Streptococcus
129014,Streptococcus
129015,Streptococcus
129016,Streptococcus
129017,Streptococcus
129018,Streptococcus
129019,Streptococcus
129020,Streptococcus
129021,Streptococcus
129022,Streptococcus
129023,Streptococcus
129024,Streptococcus
129025,Streptococcus
129026,Streptococcus
129027,Streptococcus
129028,Streptococcus
129029,Streptococcus
129030,Streptococcus
129031,Streptococcus
129032,Streptococcus
129033,Streptococcus
129034,Streptococcus
129035,Streptococcus
129036,Streptococcus
129037,Streptococcus
129038,Streptococcus
129039,Streptococcus
129040,Streptococcus
129041,Streptococcus
129042,Streptococcus
129043,Streptococcus
129044,Streptococcus
129045,Streptococcus
129046,Streptococcus
129047,Streptococcus
129048,Streptococcus
129049,Streptococcus
129050,Streptococcus
129051,Streptococcus
129052,Streptococcus
129053,Streptococcus
129054,Streptococcus
129055,Streptococcus
129056,Streptococcus
129057,Streptococcus
129058,Streptococcus
129059,Streptococcus
129060,Streptococcus
129061,Streptococcus
129062,Streptococcus
129063,Streptococcus
129064,Streptococcus
129065,Streptococcus
129066,Streptococcus
129067,Streptococcus
129068,Streptococcus
129069,Streptococcus
129070,Streptococcus
129071,Streptococcus
129072,Streptococcus
129073,Streptococcus
129074,Streptococcus
129075,Streptococcus
129076,Streptococcus
129077,Streptococcus
129078,Streptococcus
129079,Streptococcus
129080,Streptococcus
129081,Streptococcus
129082,Streptococcus
129083,Streptococcus
129084,Streptococcus
129085,Streptococcus
129086,Streptococcus
129087,Streptococcus
129088,Streptococcus
129089,Streptococcus
129090,Streptococcus
129091,Streptococcus
129092,Streptococcus
129093,Streptococcus
129094,Streptococcus
129095,Streptococcus
129096,Streptococcus
129097,Streptococcus
129098,Streptococcus
129099,Streptococcus
129100,Streptococcus
129101,Streptococcus
129102,Streptococcus
129103,Streptococcus
129104,Streptococcus
129105,Streptococcus
129106,Streptococcus
129107,Streptococcus
129108,Streptococcus
129109,Streptococcus
129110,Streptococcus
129111,Streptococcus
129112,Streptococcus
129113,Streptococcus
129114,Streptococcus
129115,Streptococcus
129116,Streptococcus
129117,Streptococcus
129118,Streptococcus
129119,Streptococcus
129120,Streptococcus
129121,Streptococcus
129122,Streptococcus
129123,Streptococcus
129124,Streptococcus
129125,Streptococcus
129126,Streptococcus
129127,Streptococcus
129128,Streptococcus
129129,Streptococcus
129130,Streptococcus
129131,Streptococcus
129132,Streptococcus
129133,Streptococcus
129134,Streptococcus
129135,Streptococcus
129136,Streptococcus
129137,Streptococcus
129138,Streptococcus
129139,Streptococcus
129140,Streptococcus
129141,Streptococcus
129142,Streptococcus
129143,Streptococcus
129144,Streptococcus
129145,Streptococcus
129146,Streptococcus
129147,Streptococcus
129148,Streptococcus
129149,Streptococcus
129150,Streptococcus
129151,Streptococcus
129152,Streptococcus
129153,Streptococcus
129154,Streptococcus
129155,Streptococcus
129156,Streptococcus
129157,Streptococcus
129158,Streptococcus
129159,Streptococcus
129160,Streptococcus
129161,Streptococcus
129162,Streptococcus
129163,Streptococcus
129164,Streptococcus
129165,Streptococcus
129166,Streptococcus
129167,Streptococcus
129168,Streptococcus
129169,Streptococcus
129170,Streptococcus
129171,Streptococcus
129172,Streptococcus
129173,Streptococcus
129174,Streptococcus
129175,Streptococcus
129176,Streptococcus
129177,Streptococcus
129178,Streptococcus
129179,Streptococcus
129180,Streptococcus
129181,Streptococcus
129182,Streptococcus
129183,Streptococcus
129184,Streptococcus
129185,Streptococcus
129186,Streptococcus
129187,Streptococcus
129188,Streptococcus
129189,Streptococcus
129190,Streptococcus
129191,Streptococcus
129192,Streptococcus
129193,Streptococcus
129194,Streptococcus
129195,Streptococcus
129196,Streptococcus
129197,Streptococcus
129198,Streptococcus
129199,Streptococcus
129200,Streptococcus
129201,Streptococcus
129202,Streptococcus
129203,Streptococcus
129204,Streptococcus
129205,Streptococcus
129206,Streptococcus
129207,Streptococcus
129208,Streptococcus
129209,Streptococcus
129210,Streptococcus
129211,Streptococcus
129212,Streptococcus
129213,Streptococcus
129214,Streptococcus
129215,Streptococcus
129216,Streptococcus
129217,Streptococcus
129218,Streptococcus
129219,Streptococcus
129220,Streptococcus
129221,Streptococcus
129222,Streptococcus
129223,Streptococcus
129224,Streptococcus
129225,Streptococcus
129226,Streptococcus
129227,Streptococcus
129228,Streptococcus
129229,Streptococcus
129230,Streptococcus
129231,Streptococcus
129232,Streptococcus
129233,Streptococcus
129234,Streptococcus
129235,Streptococcus
129236,Streptococcus
129237,Streptococcus
129238,Streptococcus
129239,Streptococcus
129240,Streptococcus
129241,Streptococcus
129242,Streptococcus
129243,Streptococcus
129244,Streptococcus
129245,Streptococcus
129246,Streptococcus
129247,Streptococcus
129248,Streptococcus
129249,Streptococcus
129250,Streptococcus
129251,Streptococcus
129252,Streptococcus
129253,Streptococcus
129254,Streptococcus
129255,Streptococcus
129256,Streptococcus
129257,Streptococcus
129258,Streptococcus
129259,Streptococcus
129260,Streptococcus
129261,Streptococcus
129262,Streptococcus
129263,Streptococcus
129264,Streptococcus
129265,Streptococcus
129266,Streptococcus
129267,Streptococcus
129268,Streptococcus
129269,Streptococcus
129270,Streptococcus
129271,Streptococcus
129272,Streptococcus
129273,Streptococcus
129274,Streptococcus
129275,Streptococcus
129276,Streptococcus
129277,Streptococcus
129278,Streptococcus
129279,Streptococcus
129280,Streptococcus
129281,Streptococcus
129282,Streptococcus
129283,Streptococcus
129284,Streptococcus
129285,Streptococcus
129286,Streptococcus
129287,Streptococcus
129288,Streptococcus
129289,Streptococcus
129290,Streptococcus
129291,Streptococcus
129292,Streptococcus
129293,Streptococcus
129294,Streptococcus
129295,Streptococcus
129296,Streptococcus
129297,Streptococcus
129298,Streptococcus
129299,Streptococcus
129300,Streptococcus
129301,Streptococcus
129302,Streptococcus
129303,Streptococcus
129304,Streptococcus
129305,Streptococcus
129306,Streptococcus
129307,Streptococcus
129308,Streptococcus
129309,Streptococcus
129310,Streptococcus
129311,Streptococcus
129312,Streptococcus
129313,Streptococcus
129314,Streptococcus
129315,Streptococcus
129316,Streptococcus
129317,Streptococcus
129318,Streptococcus
129319,Streptococcus
129320,Streptococcus
129321,Streptococcus
129322,Streptococcus
129323,Streptococcus
129324,Streptococcus
129325,Streptococcus
129326,Streptococcus
129327,Streptococcus
129328,Streptococcus
129329,Streptococcus
129330,Streptococcus
129331,Streptococcus
129332,Streptococcus
129333,Streptococcus
129334,Streptococcus
129335,Streptococcus
129336,Streptococcus
129337,Streptococcus
129338,Streptococcus
129339,Streptococcus
129340,Streptococcus
129341,Streptococcus
129342,Streptococcus
129343,Streptococcus
129344,Streptococcus
129345,Streptococcus
129346,Streptococcus
129347,Streptococcus
129348,Streptococcus
129349,Streptococcus
129350,Streptococcus
129351,Streptococcus
129352,Streptococcus
129353,Streptococcus
129354,Streptococcus
129355,Streptococcus
129356,Streptococcus
129357,Streptococcus
129358,Streptococcus
129359,Streptococcus
129360,Streptococcus
129361,Streptococcus
129362,Streptococcus
129363,Streptococcus
129364,Streptococcus
129365,Streptococcus
129366,Streptococcus
129367,Streptococcus
129368,Streptococcus
129369,Streptococcus
129370,Streptococcus
129371,Streptococcus
129372,Streptococcus
129373,Streptococcus
129374,Streptococcus
129375,Streptococcus
129376,Streptococcus
129377,Streptococcus
129378,Streptococcus
129379,Streptococcus
129380,Streptococcus
129381,Streptococcus
129382,Streptococcus
129383,Streptococcus
129384,Streptococcus
129385,Streptococcus
129386,Streptococcus
129387,Streptococcus
129388,Streptococcus
129389,Streptococcus
129390,Streptococcus
129391,Streptococcus
129392,Streptococcus
129393,Streptococcus
129394,Streptococcus
129395,Streptococcus
129396,Streptococcus
129397,Streptococcus
129398,Streptococcus
129399,Streptococcus
129400,Streptococcus
129401,Streptococcus
129402,Streptococcus
129403,Streptococcus
129404,Streptococcus
129405,Streptococcus
129406,Streptococcus
129407,Streptococcus
129408,Streptococcus
129409,Streptococcus
129410,Streptococcus
129411,Streptococcus
129412,Streptococcus
129413,Streptococcus
129414,Streptococcus
129415,Streptococcus
129416,Streptococcus
129417,Streptococcus
129418,Streptococcus
129419,Streptococcus
129420,Streptococcus
129421,Streptococcus
129422,Streptococcus
129423,Streptococcus
129424,Streptococcus
129425,Streptococcus
129426,Streptococcus
129427,Streptococcus
129428,Streptococcus
129429,Streptococcus
129430,Streptococcus
129431,Streptococcus
129432,Streptococcus
129433,Streptococcus
129434,Streptococcus
129435,Streptococcus
129436,Streptococcus
129437,Streptococcus
129438,Streptococcus
129439,Streptococcus
129440,Streptococcus
129441,Streptococcus
129442,Streptococcus
129443,Streptococcus
129444,Streptococcus
129445,Streptococcus
129446,Streptococcus
129447,Streptococcus
129448,Streptococcus
129449,Streptococcus
129450,Streptococcus
129451,Streptococcus
129452,Streptococcus
129453,Streptococcus
129454,Streptococcus
129455,Streptococcus
129456,Streptococcus
129457,Streptococcus
129458,Streptococcus
129459,Streptococcus
129460,Streptococcus
129461,Streptococcus
129462,Streptococcus
129463,Streptococcus
129464,Streptococcus
129465,Streptococcus
129466,Streptococcus
129467,Streptococcus
129468,Streptococcus
129469,Streptococcus
129470,Streptococcus
129471,Streptococcus
129472,Streptococcus
129473,Streptococcus
129474,Streptococcus
129475,Streptococcus
129476,Streptococcus
129477,Streptococcus
129478,Streptococcus
129479,Streptococcus
129480,Streptococcus
129481,Streptococcus
129482,Streptococcus
129483,Streptococcus
129484,Streptococcus
129485,Streptococcus
129486,Streptococcus
129487,Streptococcus
129488,Streptococcus
129489,Streptococcus
129490,Streptococcus
129491,Streptococcus
129492,Streptococcus
129493,Streptococcus
129494,Streptococcus
129495,Streptococcus
129496,Streptococcus
129497,Streptococcus
129498,Streptococcus
129499,Streptococcus
129500,Streptococcus
129501,Streptococcus
129502,Streptococcus
129503,Streptococcus
129504,Streptococcus
129505,Streptococcus
129506,Streptococcus
129507,Streptococcus
129508,Streptococcus
129509,Streptococcus
129510,Streptococcus
129511,Streptococcus
129512,Streptococcus
129513,Streptococcus
129514,Streptococcus
129515,Streptococcus
129516,Streptococcus
129517,Streptococcus
129518,Streptococcus
129519,Streptococcus
129520,Streptococcus
129521,Streptococcus
129522,Streptococcus
129523,Streptococcus
129524,Streptococcus
129525,Streptococcus
129526,Streptococcus
129527,Streptococcus
129528,Streptococcus
129529,Streptococcus
129530,Streptococcus
129531,Streptococcus
129532,Streptococcus
129533,Streptococcus
129534,Streptococcus
129535,Streptococcus
129536,Streptococcus
129537,Streptococcus
129538,Streptococcus
129539,Streptococcus
129540,Streptococcus
129541,Streptococcus
129542,Streptococcus
129543,Streptococcus
129544,Streptococcus
129545,Streptococcus
129546,Streptococcus
129547,Streptococcus
129548,Streptococcus
129549,Streptococcus
129550,Streptococcus
129551,Streptococcus
129552,Streptococcus
129553,Streptococcus
129554,Streptococcus
129555,Streptococcus
129556,Streptococcus
129557,Streptococcus
129558,Streptococcus
129559,Streptococcus
129560,Streptococcus
129561,Streptococcus
142505,Streptococcus
142506,Streptococcus
142507,Streptococcus
142508,Streptococcus
142509,Streptococcus
142510,Streptococcus
142511,Streptococcus
142512,Streptococcus
142513,Streptococcus
142514,Streptococcus
142515,Streptococcus
142516,Streptococcus
142517,Streptococcus
142518,Streptococcus
142519,Streptococcus
142520,Streptococcus
142521,Streptococcus
5858,Campylobacter
5859,Campylobacter
5860,Campylobacter
5862,Campylobacter
5863,Campylobacter
5864,Campylobacter
5865,Campylobacter
5866,Campylobacter
5868,Campylobacter
5869,Campylobacter
5870,Campylobacter
5871,Campylobacter
5872,Campylobacter
5873,Campylobacter
5874,Campylobacter
5875,Campylobacter
5880,Campylobacter
5881,Campylobacter
5888,Campylobacter
5889,Campylobacter
5890,Campylobacter
5891,Campylobacter
5892,Campylobacter
5893,Campylobacter
5894,Campylobacter
5895,Campylobacter
5897,Campylobacter
5899,Campylobacter
5900,Campylobacter
5901,Campylobacter
5902,Campylobacter
5903,Campylobacter
5904,Campylobacter
5905,Campylobacter
5906,Campylobacter
5907,Campylobacter
5908,Campylobacter
5909,Campylobacter
5911,Campylobacter
5912,Campylobacter
5914,Campylobacter
5915,Campylobacter
5916,Campylobacter
5917,Campylobacter
5922,Campylobacter
5925,Campylobacter
5930,Campylobacter
5932,Campylobacter
5933,Campylobacter
5934,Campylobacter
5938,Campylobacter
5939,Campylobacter
5940,Campylobacter
5941,Campylobacter
5942,Campylobacter
5947,Campylobacter
5948,Campylobacter
5949,Campylobacter
5951,Campylobacter
5953,Campylobacter
5955,Campylobacter
5956,Campylobacter
5959,Campylobacter
5960,Campylobacter
5962,Campylobacter
5963,Campylobacter
5966,Campylobacter
5967,Campylobacter
5968,Campylobacter
5970,Campylobacter
5973,Campylobacter
5975,Campylobacter
5976,Campylobacter
5978,Campylobacter
5979,Campylobacter
5981,Campylobacter
5982,Campylobacter
5983,Campylobacter
5984,Campylobacter
5985,Campylobacter
5987,Campylobacter
5988,Campylobacter
5989,Campylobacter
5990,Campylobacter
5991,Campylobacter
5992,Campylobacter
5994,Campylobacter
5995,Campylobacter
5996,Campylobacter
5998,Campylobacter
5999,Campylobacter
6000,Campylobacter
6001,Campylobacter
6002,Campylobacter
6003,Campylobacter
6004,Campylobacter
6006,Campylobacter
6007,Campylobacter
6008,Campylobacter
6009,Campylobacter
6013,Campylobacter
6015,Campylobacter
6016,Campylobacter
6017,Campylobacter
6020,Campylobacter
6021,Campylobacter
6022,Campylobacter
6024,Campylobacter
6025,Campylobacter
6026,Campylobacter
6027,Campylobacter
6028,Campylobacter
6029,Campylobacter
6030,Campylobacter
6031,Campylobacter
6032,Campylobacter
6033,Campylobacter
6034,Campylobacter
6038,Campylobacter
6039,Campylobacter
6040,Campylobacter
6042,Campylobacter
6043,Campylobacter
6044,Campylobacter
6045,Campylobacter
6046,Campylobacter
6047,Campylobacter
6048,Campylobacter
6049,Campylobacter
6050,Campylobacter
6051,Campylobacter
6052,Campylobacter
6053,Campylobacter
6054,Campylobacter
6055,Campylobacter
6056,Campylobacter
6057,Campylobacter
6058,Campylobacter
6059,Campylobacter
6060,Campylobacter
6061,Campylobacter
6062,Campylobacter
6063,Campylobacter
6064,Campylobacter
6068,Campylobacter
6069,Campylobacter
6070,Campylobacter
6071,Campylobacter
6074,Campylobacter
6075,Campylobacter
6076,Campylobacter
6078,Campylobacter
6079,Campylobacter
6080,Campylobacter
6081,Campylobacter
6082,Campylobacter
6083,Campylobacter
6088,Campylobacter
6089,Campylobacter
6090,Campylobacter
6092,Campylobacter
6094,Campylobacter
6095,Campylobacter
6099,Campylobacter
6101,Campylobacter
6102,Campylobacter
6103,Campylobacter
6106,Campylobacter
6107,Campylobacter
6108,Campylobacter
6109,Campylobacter
6110,Campylobacter
6111,Campylobacter
6112,Campylobacter
6113,Campylobacter
6114,Campylobacter
6116,Campylobacter
6117,Campylobacter
6118,Campylobacter
6119,Campylobacter
6121,Campylobacter
6122,Campylobacter
6123,Campylobacter
6125,Campylobacter
6126,Campylobacter
6127,Campylobacter
6128,Campylobacter
6129,Campylobacter
6131,Campylobacter
6133,Campylobacter
6135,Campylobacter
6136,Campylobacter
6137,Campylobacter
6141,Campylobacter
6142,Campylobacter
6144,Campylobacter
6145,Campylobacter
6146,Campylobacter
6147,Campylobacter
6148,Campylobacter
6149,Campylobacter
6150,Campylobacter
6151,Campylobacter
6152,Campylobacter
6153,Campylobacter
6154,Campylobacter
6155,Campylobacter
6157,Campylobacter
6158,Campylobacter
6159,Campylobacter
6160,Campylobacter
6163,Campylobacter
6167,Campylobacter
6168,Campylobacter
6169,Campylobacter
6170,Campylobacter
6171,Campylobacter
6172,Campylobacter
6173,Campylobacter
6174,Campylobacter
6175,Campylobacter
6176,Campylobacter
6180,Campylobacter
6181,Campylobacter
6182,Campylobacter
6183,Campylobacter
6189,Campylobacter
6190,Campylobacter
6191,Campylobacter
6192,Campylobacter
6193,Campylobacter
6194,Campylobacter
6196,Campylobacter
6197,Campylobacter
6198,Campylobacter
6199,Campylobacter
6201,Campylobacter
6202,Campylobacter
6203,Campylobacter
6204,Campylobacter
6205,Campylobacter
6206,Campylobacter
6207,Campylobacter
6208,Campylobacter
6212,Campylobacter
6214,Campylobacter
6215,Campylobacter
6217,Campylobacter
6218,Campylobacter
6219,Campylobacter
6222,Campylobacter
6223,Campylobacter
6224,Campylobacter
6225,Campylobacter
6226,Campylobacter
6227,Campylobacter
6228,Campylobacter
6229,Campylobacter
6230,Campylobacter
6235,Campylobacter
6236,Campylobacter
6237,Campylobacter
6243,Campylobacter
6244,Campylobacter
6247,Campylobacter
6249,Campylobacter
6253,Campylobacter
6257,Campylobacter
6258,Campylobacter
6259,Campylobacter
6260,Campylobacter
6261,Campylobacter
6262,Campylobacter
6263,Campylobacter
6264,Campylobacter
6267,Campylobacter
6268,Campylobacter
6269,Campylobacter
6270,Campylobacter
6272,Campylobacter
6274,Campylobacter
6275,Campylobacter
6280,Campylobacter
6281,Campylobacter
6283,Campylobacter
6284,Campylobacter
6287,Campylobacter
6288,Campylobacter
6289,Campylobacter
6290,Campylobacter
6292,Campylobacter
6293,Campylobacter
6294,Campylobacter
6296,Campylobacter
6298,Campylobacter
6300,Campylobacter
6302,Campylobacter
6304,Campylobacter
6305,Campylobacter
6306,Campylobacter
6307,Campylobacter
6308,Campylobacter
6309,Campylobacter
6310,Campylobacter
6311,Campylobacter
6313,Campylobacter
6314,Campylobacter
6320,Campylobacter
6321,Campylobacter
6322,Campylobacter
6325,Campylobacter
6326,Campylobacter
6327,Campylobacter
6329,Campylobacter
6331,Campylobacter
6332,Campylobacter
6333,Campylobacter
6334,Campylobacter
6335,Campylobacter
6336,Campylobacter
6338,Campylobacter
6339,Campylobacter
6340,Campylobacter
6342,Campylobacter
6343,Campylobacter
6344,Campylobacter
6345,Campylobacter
6346,Campylobacter
6347,Campylobacter
6348,Campylobacter
6349,Campylobacter
6351,Campylobacter
6352,Campylobacter
6353,Campylobacter
6354,Campylobacter
6356,Campylobacter
6357,Campylobacter
6358,Campylobacter
6361,Campylobacter
6362,Campylobacter
6363,Campylobacter
6364,Campylobacter
6367,Campylobacter
6368,Campylobacter
6369,Campylobacter
6370,Campylobacter
6371,Campylobacter
6372,Campylobacter
6373,Campylobacter
6374,Campylobacter
6375,Campylobacter
6377,Campylobacter
6378,Campylobacter
6380,Campylobacter
6381,Campylobacter
6382,Campylobacter
6383,Campylobacter
6386,Campylobacter
6388,Campylobacter
6389,Campylobacter
6390,Campylobacter
6391,Campylobacter
6392,Campylobacter
6394,Campylobacter
6395,Campylobacter
6397,Campylobacter
6398,Campylobacter
6401,Campylobacter
6402,Campylobacter
6403,Campylobacter
6404,Campylobacter
6407,Campylobacter
6408,Campylobacter
6410,Campylobacter
6411,Campylobacter
6412,Campylobacter
6413,Campylobacter
6414,Campylobacter
6415,Campylobacter
6416,Campylobacter
6417,Campylobacter
6418,Campylobacter
6420,Campylobacter
6421,Campylobacter
6423,Campylobacter
6432,Campylobacter
6433,Campylobacter
6434,Campylobacter
6435,Campylobacter
6436,Campylobacter
6441,Campylobacter
6442,Campylobacter
6443,Campylobacter
6444,Campylobacter
6445,Campylobacter
6446,Campylobacter
6447,Campylobacter
6448,Campylobacter
6451,Campylobacter
6452,Campylobacter
6455,Campylobacter
6459,Campylobacter
6462,Campylobacter
6463,Campylobacter
6464,Campylobacter
6465,Campylobacter
6466,Campylobacter
10567,Campylobacter
10935,Campylobacter
12880,Campylobacter
12881,Campylobacter
12882,Campylobacter
12883,Campylobacter
12884,Campylobacter
12885,Campylobacter
12886,Campylobacter
12887,Campylobacter
12888,Campylobacter
12889,Campylobacter
12890,Campylobacter
12891,Campylobacter
12892,Campylobacter
12893,Campylobacter
12894,Campylobacter
12895,Campylobacter
12896,Campylobacter
12897,Campylobacter
12898,Campylobacter
12899,Campylobacter
12900,Campylobacter
12901,Campylobacter
12902,Campylobacter
12903,Campylobacter
12904,Campylobacter
12905,Campylobacter
12906,Campylobacter
12907,Campylobacter
12908,Campylobacter
12909,Campylobacter
12910,Campylobacter
12911,Campylobacter
12912,Campylobacter
12913,Campylobacter
12916,Campylobacter
12917,Campylobacter
12918,Campylobacter
12919,Campylobacter
12920,Campylobacter
12921,Campylobacter
12922,Campylobacter
12923,Campylobacter
12924,Campylobacter
12925,Campylobacter
12926,Campylobacter
13668,Campylobacter
13672,Campylobacter
13782,Campylobacter
14042,Campylobacter
14392,Campylobacter
14393,Campylobacter
14394,Campylobacter
14395,Campylobacter
14397,Campylobacter
14399,Campylobacter
14400,Campylobacter
14401,Campylobacter
14403,Campylobacter
14404,Campylobacter
14405,Campylobacter
14407,Campylobacter
14408,Campylobacter
14411,Campylobacter
14412,Campylobacter
14413,Campylobacter
14414,Campylobacter
14415,Campylobacter
14416,Campylobacter
14417,Campylobacter
14418,Campylobacter
14419,Campylobacter
14420,Campylobacter
14421,Campylobacter
14422,Campylobacter
14423,Campylobacter
14424,Campylobacter
14425,Campylobacter
14426,Campylobacter
14427,Campylobacter
14428,Campylobacter
14429,Campylobacter
14431,Campylobacter
14432,Campylobacter
14433,Campylobacter
14434,Campylobacter
14435,Campylobacter
14436,Campylobacter
14438,Campylobacter
14439,Campylobacter
14440,Campylobacter
14441,Campylobacter
14444,Campylobacter
14445,Campylobacter
14446,Campylobacter
14448,Campylobacter
14449,Campylobacter
14452,Campylobacter
14453,Campylobacter
14455,Campylobacter
14457,Campylobacter
14463,Campylobacter
14469,Campylobacter
14470,Campylobacter
14471,Campylobacter
14472,Campylobacter
14473,Campylobacter
14474,Campylobacter
14475,Campylobacter
14476,Campylobacter
14477,Campylobacter
14478,Campylobacter
14479,Campylobacter
14480,Campylobacter
14482,Campylobacter
14483,Campylobacter
14484,Campylobacter
14486,Campylobacter
14487,Campylobacter
14489,Campylobacter
14491,Campylobacter
14492,Campylobacter
14493,Campylobacter
14494,Campylobacter
14495,Campylobacter
14496,Campylobacter
14497,Campylobacter
14498,Campylobacter
14499,Campylobacter
14500,Campylobacter
14502,Campylobacter
14503,Campylobacter
14504,Campylobacter
14505,Campylobacter
14506,Campylobacter
14508,Campylobacter
14509,Campylobacter
14510,Campylobacter
14511,Campylobacter
14512,Campylobacter
14513,Campylobacter
14514,Campylobacter
14515,Campylobacter
14518,Campylobacter
14519,Campylobacter
14520,Campylobacter
14522,Campylobacter
14523,Campylobacter
14524,Campylobacter
14525,Campylobacter
14526,Campylobacter
14527,Campylobacter
14528,Campylobacter
14529,Campylobacter
14531,Campylobacter
14532,Campylobacter
14533,Campylobacter
14534,Campylobacter
14535,Campylobacter
14536,Campylobacter
14537,Campylobacter
14538,Campylobacter
14539,Campylobacter
14540,Campylobacter
14541,Campylobacter
14542,Campylobacter
14543,Campylobacter
14544,Campylobacter
14545,Campylobacter
14546,Campylobacter
14547,Campylobacter
14548,Campylobacter
14550,Campylobacter
14551,Campylobacter
14552,Campylobacter
14553,Campylobacter
14554,Campylobacter
14555,Campylobacter
14557,Campylobacter
14558,Campylobacter
14559,Campylobacter
14560,Campylobacter
14561,Campylobacter
14562,Campylobacter
14563,Campylobacter
14564,Campylobacter
14565,Campylobacter
14566,Campylobacter
14568,Campylobacter
14569,Campylobacter
14570,Campylobacter
14571,Campylobacter
14572,Campylobacter
14573,Campylobacter
14575,Campylobacter
14576,Campylobacter
14577,Campylobacter
14578,Campylobacter
14579,Campylobacter
14580,Campylobacter
14581,Campylobacter
14582,Campylobacter
14583,Campylobacter
14584,Campylobacter
14585,Campylobacter
14586,Campylobacter
14587,Campylobacter
14588,Campylobacter
14590,Campylobacter
14591,Campylobacter
14592,Campylobacter
14593,Campylobacter
14594,Campylobacter
14595,Campylobacter
14596,Campylobacter
14597,Campylobacter
14598,Campylobacter
14599,Campylobacter
14600,Campylobacter
14601,Campylobacter
14602,Campylobacter
14603,Campylobacter
14604,Campylobacter
14605,Campylobacter
14606,Campylobacter
14607,Campylobacter
14608,Campylobacter
14609,Campylobacter
14610,Campylobacter
14611,Campylobacter
14612,Campylobacter
14613,Campylobacter
14614,Campylobacter
14615,Campylobacter
14616,Campylobacter
14617,Campylobacter
14618,Campylobacter
14620,Campylobacter
14621,Campylobacter
14622,Campylobacter
14623,Campylobacter
14624,Campylobacter
14625,Campylobacter
14626,Campylobacter
14627,Campylobacter
14628,Campylobacter
14629,Campylobacter
14630,Campylobacter
14631,Campylobacter
14632,Campylobacter
14633,Campylobacter
14634,Campylobacter
14635,Campylobacter
14636,Campylobacter
14637,Campylobacter
14638,Campylobacter
14639,Campylobacter
14640,Campylobacter
14641,Campylobacter
14642,Campylobacter
14643,Campylobacter
14644,Campylobacter
14645,Campylobacter
14646,Campylobacter
14647,Campylobacter
14648,Campylobacter
14649,Campylobacter
14650,Campylobacter
14651,Campylobacter
14653,Campylobacter
14654,Campylobacter
14655,Campylobacter
14656,Campylobacter
14657,Campylobacter
14658,Campylobacter
14659,Campylobacter
14660,Campylobacter
14661,Campylobacter
14662,Campylobacter
14663,Campylobacter
14664,Campylobacter
14665,Campylobacter
14667,Campylobacter
14668,Campylobacter
14669,Campylobacter
14670,Campylobacter
14671,Campylobacter
14674,Campylobacter
14675,Campylobacter
14676,Campylobacter
14677,Campylobacter
14679,Campylobacter
14680,Campylobacter
14682,Campylobacter
14683,Campylobacter
14684,Campylobacter
14685,Campylobacter
14686,Campylobacter
14687,Campylobacter
14688,Campylobacter
14690,Campylobacter
14691,Campylobacter
14692,Campylobacter
14693,Campylobacter
14694,Campylobacter
14695,Campylobacter
14696,Campylobacter
14697,Campylobacter
14698,Campylobacter
14699,Campylobacter
14702,Campylobacter
14703,Campylobacter
14704,Campylobacter
14705,Campylobacter
14706,Campylobacter
14707,Campylobacter
14708,Campylobacter
14709,Campylobacter
14710,Campylobacter
14711,Campylobacter
14712,Campylobacter
14714,Campylobacter
14715,Campylobacter
14716,Campylobacter
14717,Campylobacter
14718,Campylobacter
14719,Campylobacter
14720,Campylobacter
14721,Campylobacter
14722,Campylobacter
14724,Campylobacter
14725,Campylobacter
14726,Campylobacter
14727,Campylobacter
14728,Campylobacter
14729,Campylobacter
14730,Campylobacter
14732,Campylobacter
14733,Campylobacter
14734,Campylobacter
14735,Campylobacter
14736,Campylobacter
14737,Campylobacter
14738,Campylobacter
14740,Campylobacter
14741,Campylobacter
14742,Campylobacter
14743,Campylobacter
14744,Campylobacter
14745,Campylobacter
14746,Campylobacter
14747,Campylobacter
14748,Campylobacter
14749,Campylobacter
14750,Campylobacter
14751,Campylobacter
14752,Campylobacter
14753,Campylobacter
14754,Campylobacter
14756,Campylobacter
14757,Campylobacter
14758,Campylobacter
14759,Campylobacter
14760,Campylobacter
14761,Campylobacter
14762,Campylobacter
14763,Campylobacter
14764,Campylobacter
14765,Campylobacter
14766,Campylobacter
14767,Campylobacter
14769,Campylobacter
14770,Campylobacter
14771,Campylobacter
14772,Campylobacter
14773,Campylobacter
14775,Campylobacter
14776,Campylobacter
14778,Campylobacter
14779,Campylobacter
14780,Campylobacter
14781,Campylobacter
14782,Campylobacter
14783,Campylobacter
14784,Campylobacter
14785,Campylobacter
14786,Campylobacter
14787,Campylobacter
14788,Campylobacter
14789,Campylobacter
14790,Campylobacter
14791,Campylobacter
14792,Campylobacter
14794,Campylobacter
14795,Campylobacter
14796,Campylobacter
14797,Campylobacter
14798,Campylobacter
14799,Campylobacter
14800,Campylobacter
14801,Campylobacter
14802,Campylobacter
14803,Campylobacter
14804,Campylobacter
14805,Campylobacter
14806,Campylobacter
14807,Campylobacter
14808,Campylobacter
14809,Campylobacter
14810,Campylobacter
14811,Campylobacter
14812,Campylobacter
14813,Campylobacter
14814,Campylobacter
14816,Campylobacter
14817,Campylobacter
14818,Campylobacter
14819,Campylobacter
14820,Campylobacter
14821,Campylobacter
14822,Campylobacter
14824,Campylobacter
14825,Campylobacter
14826,Campylobacter
14827,Campylobacter
14828,Campylobacter
14829,Campylobacter
14830,Campylobacter
14831,Campylobacter
14832,Campylobacter
14833,Campylobacter
14834,Campylobacter
14835,Campylobacter
14836,Campylobacter
14837,Campylobacter
14839,Campylobacter
14841,Campylobacter
14842,Campylobacter
14843,Campylobacter
14844,Campylobacter
14845,Campylobacter
14846,Campylobacter
14847,Campylobacter
14848,Campylobacter
14849,Campylobacter
14850,Campylobacter
14851,Campylobacter
14852,Campylobacter
14853,Campylobacter
14854,Campylobacter
14855,Campylobacter
14856,Campylobacter
14857,Campylobacter
14858,Campylobacter
14859,Campylobacter
14861,Campylobacter
14862,Campylobacter
14863,Campylobacter
14864,Campylobacter
14865,Campylobacter
14866,Campylobacter
14867,Campylobacter
14868,Campylobacter
14869,Campylobacter
14870,Campylobacter
14871,Campylobacter
14872,Campylobacter
14874,Campylobacter
14875,Campylobacter
14876,Campylobacter
14877,Campylobacter
14878,Campylobacter
14879,Campylobacter
14880,Campylobacter
14881,Campylobacter
14882,Campylobacter
14884,Campylobacter
14886,Campylobacter
14887,Campylobacter
14889,Campylobacter
14890,Campylobacter
14891,Campylobacter
14892,Campylobacter
14893,Campylobacter
14895,Campylobacter
14896,Campylobacter
14897,Campylobacter
14898,Campylobacter
14899,Campylobacter
14901,Campylobacter
14902,Campylobacter
14904,Campylobacter
14905,Campylobacter
14906,Campylobacter
14907,Campylobacter
14908,Campylobacter
14909,Campylobacter
14910,Campylobacter
14911,Campylobacter
14912,Campylobacter
14913,Campylobacter
14917,Campylobacter
14918,Campylobacter
14920,Campylobacter
14921,Campylobacter
14922,Campylobacter
14923,Campylobacter
14924,Campylobacter
14928,Campylobacter
14929,Campylobacter
14930,Campylobacter
14931,Campylobacter
14932,Campylobacter
14935,Campylobacter
14936,Campylobacter
14937,Campylobacter
14938,Campylobacter
14939,Campylobacter
14940,Campylobacter
14941,Campylobacter
14942,Campylobacter
14943,Campylobacter
14944,Campylobacter
14945,Campylobacter
14946,Campylobacter
14947,Campylobacter
14948,Campylobacter
14949,Campylobacter
14950,Campylobacter
14951,Campylobacter
14953,Campylobacter
14954,Campylobacter
14955,Campylobacter
14956,Campylobacter
14957,Campylobacter
14958,Campylobacter
14961,Campylobacter
14962,Campylobacter
14963,Campylobacter
14964,Campylobacter
14966,Campylobacter
14969,Campylobacter
14970,Campylobacter
14971,Campylobacter
14972,Campylobacter
14973,Campylobacter
14974,Campylobacter
14976,Campylobacter
14979,Campylobacter
14980,Campylobacter
14981,Campylobacter
14983,Campylobacter
14985,Campylobacter
14986,Campylobacter
14987,Campylobacter
14988,Campylobacter
14989,Campylobacter
14990,Campylobacter
14991,Campylobacter
14993,Campylobacter
14995,Campylobacter
14996,Campylobacter
14998,Campylobacter
15000,Campylobacter
15545,Campylobacter
15723,Campylobacter
15841,Campylobacter
16028,Campylobacter
16045,Campylobacter
16047,Campylobacter
16048,Campylobacter
16049,Campylobacter
16050,Campylobacter
16051,Campylobacter
16052,Campylobacter
16053,Campylobacter
16054,Campylobacter
16055,Campylobacter
16056,Campylobacter
16057,Campylobacter
16058,Campylobacter
16059,Campylobacter
16060,Campylobacter
16061,Campylobacter
16062,Campylobacter
16063,Campylobacter
16064,Campylobacter
16065,Campylobacter
16066,Campylobacter
16067,Campylobacter
16068,Campylobacter
16069,Campylobacter
16070,Campylobacter
16071,Campylobacter
16072,Campylobacter
16073,Campylobacter
16074,Campylobacter
16075,Campylobacter
16076,Campylobacter
16078,Campylobacter
16079,Campylobacter
16080,Campylobacter
16081,Campylobacter
16082,Campylobacter
16083,Campylobacter
16084,Campylobacter
16085,Campylobacter
16086,Campylobacter
16087,Campylobacter
16088,Campylobacter
16089,Campylobacter
16090,Campylobacter
16091,Campylobacter
16092,Campylobacter
16093,Campylobacter
16094,Campylobacter
16095,Campylobacter
16096,Campylobacter
16097,Campylobacter
16098,Campylobacter
16099,Campylobacter
16100,Campylobacter
16101,Campylobacter
16102,Campylobacter
16103,Campylobacter
16104,Campylobacter
16105,Campylobacter
16106,Campylobacter
16107,Campylobacter
16108,Campylobacter
16109,Campylobacter
16110,Campylobacter
16111,Campylobacter
16112,Campylobacter
16113,Campylobacter
16114,Campylobacter
16115,Campylobacter
16116,Campylobacter
16117,Campylobacter
16118,Campylobacter
16119,Campylobacter
16120,Campylobacter
16121,Campylobacter
16122,Campylobacter
16123,Campylobacter
16124,Campylobacter
16125,Campylobacter
16126,Campylobacter
16127,Campylobacter
16128,Campylobacter
16129,Campylobacter
16130,Campylobacter
16131,Campylobacter
16132,Campylobacter
16133,Campylobacter
16134,Campylobacter
16135,Campylobacter
16136,Campylobacter
16137,Campylobacter
16138,Campylobacter
16139,Campylobacter
16140,Campylobacter
16141,Campylobacter
16142,Campylobacter
16143,Campylobacter
16144,Campylobacter
16145,Campylobacter
16146,Campylobacter
16147,Campylobacter
16148,Campylobacter
16149,Campylobacter
16150,Campylobacter
16151,Campylobacter
16152,Campylobacter
16153,Campylobacter
16154,Campylobacter
16155,Campylobacter
16156,Campylobacter
16157,Campylobacter
16158,Campylobacter
16159,Campylobacter
16160,Campylobacter
16161,Campylobacter
16162,Campylobacter
16163,Campylobacter
16164,Campylobacter
16165,Campylobacter
16166,Campylobacter
16167,Campylobacter
16168,Campylobacter
16169,Campylobacter
16170,Campylobacter
16171,Campylobacter
16172,Campylobacter
16173,Campylobacter
16174,Campylobacter
16175,Campylobacter
16176,Campylobacter
16177,Campylobacter
16178,Campylobacter
16179,Campylobacter
16180,Campylobacter
16181,Campylobacter
16182,Campylobacter
16183,Campylobacter
16184,Campylobacter
16185,Campylobacter
16186,Campylobacter
16187,Campylobacter
16188,Campylobacter
16189,Campylobacter
16190,Campylobacter
16191,Campylobacter
16192,Campylobacter
16193,Campylobacter
16194,Campylobacter
16195,Campylobacter
16196,Campylobacter
16197,Campylobacter
16198,Campylobacter
16199,Campylobacter
16200,Campylobacter
16201,Campylobacter
16202,Campylobacter
16203,Campylobacter
16204,Campylobacter
16205,Campylobacter
16206,Campylobacter
16207,Campylobacter
16208,Campylobacter
16209,Campylobacter
16210,Campylobacter
16211,Campylobacter
16212,Campylobacter
16213,Campylobacter
16214,Campylobacter
16215,Campylobacter
16216,Campylobacter
16217,Campylobacter
16218,Campylobacter
16219,Campylobacter
16220,Campylobacter
16221,Campylobacter
16222,Campylobacter
16223,Campylobacter
16224,Campylobacter
16225,Campylobacter
16226,Campylobacter
16227,Campylobacter
16228,Campylobacter
16229,Campylobacter
16230,Campylobacter
16231,Campylobacter
16232,Campylobacter
16233,Campylobacter
16234,Campylobacter
16235,Campylobacter
16236,Campylobacter
16237,Campylobacter
16239,Campylobacter
16240,Campylobacter
16241,Campylobacter
16242,Campylobacter
16243,Campylobacter
16244,Campylobacter
16245,Campylobacter
16246,Campylobacter
16247,Campylobacter
16248,Campylobacter
16249,Campylobacter
16250,Campylobacter
16251,Campylobacter
16252,Campylobacter
16253,Campylobacter
16254,Campylobacter
16255,Campylobacter
16256,Campylobacter
16257,Campylobacter
16258,Campylobacter
16259,Campylobacter
16260,Campylobacter
16261,Campylobacter
16262,Campylobacter
16263,Campylobacter
16264,Campylobacter
16265,Campylobacter
16266,Campylobacter
16267,Campylobacter
16268,Campylobacter
16269,Campylobacter
16270,Campylobacter
16271,Campylobacter
16272,Campylobacter
16273,Campylobacter
16274,Campylobacter
16275,Campylobacter
16276,Campylobacter
16277,Campylobacter
16278,Campylobacter
16279,Campylobacter
16280,Campylobacter
16281,Campylobacter
16282,Campylobacter
16283,Campylobacter
16284,Campylobacter
16285,Campylobacter
16286,Campylobacter
16287,Campylobacter
16288,Campylobacter
16289,Campylobacter
16290,Campylobacter
16291,Campylobacter
16292,Campylobacter
16293,Campylobacter
16294,Campylobacter
16295,Campylobacter
16296,Campylobacter
16297,Campylobacter
16298,Campylobacter
16299,Campylobacter
16300,Campylobacter
16301,Campylobacter
16302,Campylobacter
16303,Campylobacter
16304,Campylobacter
16305,Campylobacter
16306,Campylobacter
16307,Campylobacter
16308,Campylobacter
16309,Campylobacter
16310,Campylobacter
16311,Campylobacter
16312,Campylobacter
16313,Campylobacter
16314,Campylobacter
16315,Campylobacter
16316,Campylobacter
16317,Campylobacter
16318,Campylobacter
16319,Campylobacter
16320,Campylobacter
16321,Campylobacter
16322,Campylobacter
16323,Campylobacter
16324,Campylobacter
16325,Campylobacter
16326,Campylobacter
16327,Campylobacter
16328,Campylobacter
16329,Campylobacter
16330,Campylobacter
16331,Campylobacter
16332,Campylobacter
16333,Campylobacter
16334,Campylobacter
16335,Campylobacter
16336,Campylobacter
16341,Campylobacter
16342,Campylobacter
16343,Campylobacter
16345,Campylobacter
16346,Campylobacter
16347,Campylobacter
16348,Campylobacter
16349,Campylobacter
16350,Campylobacter
16351,Campylobacter
16352,Campylobacter
16353,Campylobacter
16354,Campylobacter
16355,Campylobacter
16357,Campylobacter
16358,Campylobacter
16359,Campylobacter
16360,Campylobacter
16361,Campylobacter
16362,Campylobacter
16363,Campylobacter
16364,Campylobacter
16365,Campylobacter
16366,Campylobacter
16367,Campylobacter
16368,Campylobacter
16369,Campylobacter
16370,Campylobacter
16371,Campylobacter
16372,Campylobacter
16373,Campylobacter
16374,Campylobacter
16375,Campylobacter
16376,Campylobacter
16377,Campylobacter
16378,Campylobacter
16379,Campylobacter
16380,Campylobacter
16381,Campylobacter
16382,Campylobacter
16383,Campylobacter
16384,Campylobacter
16385,Campylobacter
16386,Campylobacter
16387,Campylobacter
16388,Campylobacter
16389,Campylobacter
16390,Campylobacter
18199,Campylobacter
18200,Campylobacter
18201,Campylobacter
18202,Campylobacter
18203,Campylobacter
18204,Campylobacter
18205,Campylobacter
18206,Campylobacter
18207,Campylobacter
18208,Campylobacter
18209,Campylobacter
18210,Campylobacter
18211,Campylobacter
18212,Campylobacter
18213,Campylobacter
18214,Campylobacter
18215,Campylobacter
18216,Campylobacter
18217,Campylobacter
18218,Campylobacter
18219,Campylobacter
18220,Campylobacter
18221,Campylobacter
18222,Campylobacter
18223,Campylobacter
18224,Campylobacter
18225,Campylobacter
18226,Campylobacter
18227,Campylobacter
18228,Campylobacter
18229,Campylobacter
18230,Campylobacter
18231,Campylobacter
18232,Campylobacter
18233,Campylobacter
18234,Campylobacter
18235,Campylobacter
18236,Campylobacter
18237,Campylobacter
18238,Campylobacter
18239,Campylobacter
18240,Campylobacter
18241,Campylobacter
18242,Campylobacter
18243,Campylobacter
18244,Campylobacter
18245,Campylobacter
18246,Campylobacter
18247,Campylobacter
18248,Campylobacter
18249,Campylobacter
18250,Campylobacter
18251,Campylobacter
18252,Campylobacter
18253,Campylobacter
18254,Campylobacter
18255,Campylobacter
18256,Campylobacter
18257,Campylobacter
18258,Campylobacter
18259,Campylobacter
18260,Campylobacter
18261,Campylobacter
18262,Campylobacter
18263,Campylobacter
18264,Campylobacter
18265,Campylobacter
18266,Campylobacter
18267,Campylobacter
18268,Campylobacter
18269,Campylobacter
18270,Campylobacter
18271,Campylobacter
18272,Campylobacter
18273,Campylobacter
18274,Campylobacter
18275,Campylobacter
18276,Campylobacter
18277,Campylobacter
18278,Campylobacter
18279,Campylobacter
18280,Campylobacter
18281,Campylobacter
18282,Campylobacter
18283,Campylobacter
18284,Campylobacter
18285,Campylobacter
18286,Campylobacter
18287,Campylobacter
18288,Campylobacter
18289,Campylobacter
18290,Campylobacter
18291,Campylobacter
18292,Campylobacter
18293,Campylobacter
18294,Campylobacter
18295,Campylobacter
18296,Campylobacter
18297,Campylobacter
18298,Campylobacter
18299,Campylobacter
18300,Campylobacter
18301,Campylobacter
18302,Campylobacter
18303,Campylobacter
18304,Campylobacter
18305,Campylobacter
18306,Campylobacter
18307,Campylobacter
18308,Campylobacter
18309,Campylobacter
18310,Campylobacter
18311,Campylobacter
18312,Campylobacter
18313,Campylobacter
18314,Campylobacter
18315,Campylobacter
18316,Campylobacter
18317,Campylobacter
18318,Campylobacter
18319,Campylobacter
18320,Campylobacter
18321,Campylobacter
18322,Campylobacter
18323,Campylobacter
18324,Campylobacter
18325,Campylobacter
18326,Campylobacter
18327,Campylobacter
18328,Campylobacter
18329,Campylobacter
18330,Campylobacter
18331,Campylobacter
18332,Campylobacter
18333,Campylobacter
18334,Campylobacter
18335,Campylobacter
18336,Campylobacter
18337,Campylobacter
18338,Campylobacter
18339,Campylobacter
18340,Campylobacter
18341,Campylobacter
18342,Campylobacter
18343,Campylobacter
18344,Campylobacter
18345,Campylobacter
18346,Campylobacter
18347,Campylobacter
18348,Campylobacter
18349,Campylobacter
18350,Campylobacter
18351,Campylobacter
18352,Campylobacter
18353,Campylobacter
18354,Campylobacter
18355,Campylobacter
18356,Campylobacter
18357,Campylobacter
18358,Campylobacter
18359,Campylobacter
18360,Campylobacter
18361,Campylobacter
18362,Campylobacter
18363,Campylobacter
18364,Campylobacter
18365,Campylobacter
18366,Campylobacter
18367,Campylobacter
18368,Campylobacter
18369,Campylobacter
18370,Campylobacter
18371,Campylobacter
18372,Campylobacter
18373,Campylobacter
18374,Campylobacter
18375,Campylobacter
18376,Campylobacter
18377,Campylobacter
18378,Campylobacter
18379,Campylobacter
18380,Campylobacter
18381,Campylobacter
18382,Campylobacter
18383,Campylobacter
18384,Campylobacter
18385,Campylobacter
18386,Campylobacter
18387,Campylobacter
18388,Campylobacter
18389,Campylobacter
18390,Campylobacter
18429,Campylobacter
18430,Campylobacter
18431,Campylobacter
18432,Campylobacter
18433,Campylobacter
18434,Campylobacter
18435,Campylobacter
18436,Campylobacter
18437,Campylobacter
18438,Campylobacter
18439,Campylobacter
18440,Campylobacter
18441,Campylobacter
18442,Campylobacter
18443,Campylobacter
18444,Campylobacter
18445,Campylobacter
18446,Campylobacter
18447,Campylobacter
18448,Campylobacter
18449,Campylobacter
18450,Campylobacter
18451,Campylobacter
18452,Campylobacter
18453,Campylobacter
18454,Campylobacter
18455,Campylobacter
18456,Campylobacter
18457,Campylobacter
18458,Campylobacter
18459,Campylobacter
18460,Campylobacter
18461,Campylobacter
18462,Campylobacter
18463,Campylobacter
18464,Campylobacter
18465,Campylobacter
18466,Campylobacter
18468,Campylobacter
18469,Campylobacter
21106,Campylobacter
21107,Campylobacter
21108,Campylobacter
21109,Campylobacter
21110,Campylobacter
21111,Campylobacter
21112,Campylobacter
21113,Campylobacter
21114,Campylobacter
21115,Campylobacter
21116,Campylobacter
21117,Campylobacter
21118,Campylobacter
21119,Campylobacter
21120,Campylobacter
21121,Campylobacter
21122,Campylobacter
21123,Campylobacter
21124,Campylobacter
21125,Campylobacter
21126,Campylobacter
21127,Campylobacter
21128,Campylobacter
21129,Campylobacter
21130,Campylobacter
21131,Campylobacter
21132,Campylobacter
21133,Campylobacter
21134,Campylobacter
21135,Campylobacter
21136,Campylobacter
21137,Campylobacter
21138,Campylobacter
21139,Campylobacter
21140,Campylobacter
21141,Campylobacter
21142,Campylobacter
21143,Campylobacter
21144,Campylobacter
21145,Campylobacter
21146,Campylobacter
21147,Campylobacter
21148,Campylobacter
21149,Campylobacter
21150,Campylobacter
21151,Campylobacter
21152,Campylobacter
21153,Campylobacter
21154,Campylobacter
21155,Campylobacter
21156,Campylobacter
21157,Campylobacter
21158,Campylobacter
21159,Campylobacter
21160,Campylobacter
21161,Campylobacter
21162,Campylobacter
21163,Campylobacter
21164,Campylobacter
21165,Campylobacter
21166,Campylobacter
21167,Campylobacter
21168,Campylobacter
21169,Campylobacter
21170,Campylobacter
21171,Campylobacter
21172,Campylobacter
21173,Campylobacter
21174,Campylobacter
21175,Campylobacter
21176,Campylobacter
21177,Campylobacter
21178,Campylobacter
21179,Campylobacter
21180,Campylobacter
21181,Campylobacter
21182,Campylobacter
21183,Campylobacter
21184,Campylobacter
21185,Campylobacter
21186,Campylobacter
21187,Campylobacter
21188,Campylobacter
21189,Campylobacter
21190,Campylobacter
21191,Campylobacter
21192,Campylobacter
21193,Campylobacter
21194,Campylobacter
21195,Campylobacter
21196,Campylobacter
21197,Campylobacter
21198,Campylobacter
21199,Campylobacter
21200,Campylobacter
21201,Campylobacter
21202,Campylobacter
21203,Campylobacter
21204,Campylobacter
21205,Campylobacter
21206,Campylobacter
21207,Campylobacter
21208,Campylobacter
21209,Campylobacter
21210,Campylobacter
21211,Campylobacter
21212,Campylobacter
21213,Campylobacter
21214,Campylobacter
21215,Campylobacter
21216,Campylobacter
21217,Campylobacter
21218,Campylobacter
21219,Campylobacter
21220,Campylobacter
21221,Campylobacter
21222,Campylobacter
21223,Campylobacter
21224,Campylobacter
21225,Campylobacter
21226,Campylobacter
21227,Campylobacter
21228,Campylobacter
21229,Campylobacter
21230,Campylobacter
21231,Campylobacter
21232,Campylobacter
21233,Campylobacter
21234,Campylobacter
21235,Campylobacter
21236,Campylobacter
21237,Campylobacter
21238,Campylobacter
21239,Campylobacter
21240,Campylobacter
21241,Campylobacter
21242,Campylobacter
21243,Campylobacter
21244,Campylobacter
21245,Campylobacter
21246,Campylobacter
21247,Campylobacter
21248,Campylobacter
21249,Campylobacter
21250,Campylobacter
21310,Campylobacter
21311,Campylobacter
21312,Campylobacter
21313,Campylobacter
21314,Campylobacter
21315,Campylobacter
21316,Campylobacter
21317,Campylobacter
21318,Campylobacter
21319,Campylobacter
21320,Campylobacter
21321,Campylobacter
21322,Campylobacter
21323,Campylobacter
21324,Campylobacter
21325,Campylobacter
21326,Campylobacter
21327,Campylobacter
21328,Campylobacter
21329,Campylobacter
21330,Campylobacter
21331,Campylobacter
21332,Campylobacter
21333,Campylobacter
21334,Campylobacter
21335,Campylobacter
21336,Campylobacter
21337,Campylobacter
21338,Campylobacter
21339,Campylobacter
21340,Campylobacter
21341,Campylobacter
21342,Campylobacter
21343,Campylobacter
21344,Campylobacter
21345,Campylobacter
21346,Campylobacter
21347,Campylobacter
21348,Campylobacter
21349,Campylobacter
21350,Campylobacter
21351,Campylobacter
21352,Campylobacter
21353,Campylobacter
21354,Campylobacter
21355,Campylobacter
21356,Campylobacter
21357,Campylobacter
21358,Campylobacter
21359,Campylobacter
21360,Campylobacter
21361,Campylobacter
21362,Campylobacter
21363,Campylobacter
21364,Campylobacter
21365,Campylobacter
21366,Campylobacter
21367,Campylobacter
21368,Campylobacter
21369,Campylobacter
21370,Campylobacter
21371,Campylobacter
21372,Campylobacter
21373,Campylobacter
21374,Campylobacter
21375,Campylobacter
21376,Campylobacter
21377,Campylobacter
21378,Campylobacter
21379,Campylobacter
21380,Campylobacter
21381,Campylobacter
21382,Campylobacter
21383,Campylobacter
21384,Campylobacter
21385,Campylobacter
21386,Campylobacter
21387,Campylobacter
21388,Campylobacter
21389,Campylobacter
21390,Campylobacter
21391,Campylobacter
21392,Campylobacter
21393,Campylobacter
21394,Campylobacter
21395,Campylobacter
21396,Campylobacter
21397,Campylobacter
21398,Campylobacter
21399,Campylobacter
21400,Campylobacter
21401,Campylobacter
21402,Campylobacter
21403,Campylobacter
21404,Campylobacter
21405,Campylobacter
21406,Campylobacter
21407,Campylobacter
21408,Campylobacter
21409,Campylobacter
21410,Campylobacter
21411,Campylobacter
21412,Campylobacter
21413,Campylobacter
21414,Campylobacter
21415,Campylobacter
21416,Campylobacter
21417,Campylobacter
21418,Campylobacter
21419,Campylobacter
21420,Campylobacter
21421,Campylobacter
21422,Campylobacter
21423,Campylobacter
21424,Campylobacter
21425,Campylobacter
21426,Campylobacter
21427,Campylobacter
21428,Campylobacter
21429,Campylobacter
21430,Campylobacter
21431,Campylobacter
21432,Campylobacter
21433,Campylobacter
21434,Campylobacter
21435,Campylobacter
21436,Campylobacter
21437,Campylobacter
21438,Campylobacter
21439,Campylobacter
21440,Campylobacter
21441,Campylobacter
21442,Campylobacter
21443,Campylobacter
21444,Campylobacter
21445,Campylobacter
21446,Campylobacter
21447,Campylobacter
21448,Campylobacter
21449,Campylobacter
21450,Campylobacter
21451,Campylobacter
21452,Campylobacter
21453,Campylobacter
21454,Campylobacter
21455,Campylobacter
21456,Campylobacter
21457,Campylobacter
21458,Campylobacter
21459,Campylobacter
21460,Campylobacter
21461,Campylobacter
21462,Campylobacter
21463,Campylobacter
21464,Campylobacter
21465,Campylobacter
21466,Campylobacter
21467,Campylobacter
21468,Campylobacter
21469,Campylobacter
21470,Campylobacter
21471,Campylobacter
21472,Campylobacter
21473,Campylobacter
21474,Campylobacter
21475,Campylobacter
21476,Campylobacter
21477,Campylobacter
21478,Campylobacter
21479,Campylobacter
21480,Campylobacter
21481,Campylobacter
21482,Campylobacter
21483,Campylobacter
21484,Campylobacter
21485,Campylobacter
21486,Campylobacter
21487,Campylobacter
21488,Campylobacter
21489,Campylobacter
21490,Campylobacter
21491,Campylobacter
21492,Campylobacter
21493,Campylobacter
21494,Campylobacter
21495,Campylobacter
21496,Campylobacter
21497,Campylobacter
21498,Campylobacter
21499,Campylobacter
21500,Campylobacter
21501,Campylobacter
21507,Campylobacter
21554,Campylobacter
21555,Campylobacter
21556,Campylobacter
21557,Campylobacter
21558,Campylobacter
21559,Campylobacter
21560,Campylobacter
21561,Campylobacter
21562,Campylobacter
21563,Campylobacter
21564,Campylobacter
21565,Campylobacter
21566,Campylobacter
21567,Campylobacter
21568,Campylobacter
21569,Campylobacter
21570,Campylobacter
21571,Campylobacter
21572,Campylobacter
21573,Campylobacter
21574,Campylobacter
21575,Campylobacter
21576,Campylobacter
21577,Campylobacter
21578,Campylobacter
21579,Campylobacter
21580,Campylobacter
21581,Campylobacter
21582,Campylobacter
21583,Campylobacter
21584,Campylobacter
21585,Campylobacter
21586,Campylobacter
21587,Campylobacter
21588,Campylobacter
21589,Campylobacter
21590,Campylobacter
21591,Campylobacter
21592,Campylobacter
21593,Campylobacter
21594,Campylobacter
21595,Campylobacter
21596,Campylobacter
21597,Campylobacter
21598,Campylobacter
21599,Campylobacter
21600,Campylobacter
22078,Campylobacter
22079,Campylobacter
22080,Campylobacter
22081,Campylobacter
22082,Campylobacter
22083,Campylobacter
22084,Campylobacter
22085,Campylobacter
22086,Campylobacter
22087,Campylobacter
22088,Campylobacter
22089,Campylobacter
22090,Campylobacter
22091,Campylobacter
22092,Campylobacter
22093,Campylobacter
22094,Campylobacter
22095,Campylobacter
22096,Campylobacter
22097,Campylobacter
22098,Campylobacter
22099,Campylobacter
22100,Campylobacter
22101,Campylobacter
22102,Campylobacter
22103,Campylobacter
22104,Campylobacter
22105,Campylobacter
22106,Campylobacter
22107,Campylobacter
22108,Campylobacter
22109,Campylobacter
22110,Campylobacter
22111,Campylobacter
22112,Campylobacter
22113,Campylobacter
22114,Campylobacter
22115,Campylobacter
22116,Campylobacter
22117,Campylobacter
22118,Campylobacter
22119,Campylobacter
22120,Campylobacter
22121,Campylobacter
22122,Campylobacter
22123,Campylobacter
22124,Campylobacter
22125,Campylobacter
22126,Campylobacter
22127,Campylobacter
22128,Campylobacter
22129,Campylobacter
22130,Campylobacter
22131,Campylobacter
22132,Campylobacter
22133,Campylobacter
22134,Campylobacter
22135,Campylobacter
22136,Campylobacter
22137,Campylobacter
22138,Campylobacter
22139,Campylobacter
22140,Campylobacter
22141,Campylobacter
22142,Campylobacter
22143,Campylobacter
22144,Campylobacter
22145,Campylobacter
22148,Campylobacter
22149,Campylobacter
22150,Campylobacter
22151,Campylobacter
22152,Campylobacter
22154,Campylobacter
22155,Campylobacter
22156,Campylobacter
22157,Campylobacter
22158,Campylobacter
22159,Campylobacter
22160,Campylobacter
22161,Campylobacter
22162,Campylobacter
22163,Campylobacter
22164,Campylobacter
22165,Campylobacter
22168,Campylobacter
22169,Campylobacter
22170,Campylobacter
22171,Campylobacter
22172,Campylobacter
22173,Campylobacter
22174,Campylobacter
22175,Campylobacter
22176,Campylobacter
22177,Campylobacter
22178,Campylobacter
22180,Campylobacter
22181,Campylobacter
22182,Campylobacter
22183,Campylobacter
22184,Campylobacter
22185,Campylobacter
22186,Campylobacter
22187,Campylobacter
22188,Campylobacter
22189,Campylobacter
22190,Campylobacter
22191,Campylobacter
22192,Campylobacter
22193,Campylobacter
22194,Campylobacter
22195,Campylobacter
22196,Campylobacter
22197,Campylobacter
22198,Campylobacter
22199,Campylobacter
22200,Campylobacter
22201,Campylobacter
22202,Campylobacter
22203,Campylobacter
22204,Campylobacter
22205,Campylobacter
22206,Campylobacter
22207,Campylobacter
22208,Campylobacter
22209,Campylobacter
22210,Campylobacter
22211,Campylobacter
22212,Campylobacter
22213,Campylobacter
22214,Campylobacter
22215,Campylobacter
22216,Campylobacter
22217,Campylobacter
22218,Campylobacter
22219,Campylobacter
22220,Campylobacter
22221,Campylobacter
22222,Campylobacter
22223,Campylobacter
22224,Campylobacter
22225,Campylobacter
22226,Campylobacter
22227,Campylobacter
22228,Campylobacter
22229,Campylobacter
22230,Campylobacter
22231,Campylobacter
22232,Campylobacter
22233,Campylobacter
22234,Campylobacter
22235,Campylobacter
22236,Campylobacter
22237,Campylobacter
22238,Campylobacter
22239,Campylobacter
22240,Campylobacter
22241,Campylobacter
22242,Campylobacter
22243,Campylobacter
22244,Campylobacter
22245,Campylobacter
22246,Campylobacter
22247,Campylobacter
22248,Campylobacter
22249,Campylobacter
22250,Campylobacter
22251,Campylobacter
22252,Campylobacter
22253,Campylobacter
22254,Campylobacter
22255,Campylobacter
22256,Campylobacter
22257,Campylobacter
22258,Campylobacter
22259,Campylobacter
22260,Campylobacter
22261,Campylobacter
22262,Campylobacter
22263,Campylobacter
22264,Campylobacter
22265,Campylobacter
22266,Campylobacter
22267,Campylobacter
22268,Campylobacter
22269,Campylobacter
22270,Campylobacter
22271,Campylobacter
22272,Campylobacter
22273,Campylobacter
22274,Campylobacter
22275,Campylobacter
22276,Campylobacter
22277,Campylobacter
22278,Campylobacter
22279,Campylobacter
22280,Campylobacter
22281,Campylobacter
22282,Campylobacter
22283,Campylobacter
22284,Campylobacter
22285,Campylobacter
22286,Campylobacter
22287,Campylobacter
22288,Campylobacter
22289,Campylobacter
22290,Campylobacter
22291,Campylobacter
22292,Campylobacter
22293,Campylobacter
22294,Campylobacter
22295,Campylobacter
22296,Campylobacter
22297,Campylobacter
22298,Campylobacter
22299,Campylobacter
22300,Campylobacter
22301,Campylobacter
22302,Campylobacter
22303,Campylobacter
22304,Campylobacter
22305,Campylobacter
22306,Campylobacter
22307,Campylobacter
22308,Campylobacter
22309,Campylobacter
22310,Campylobacter
22311,Campylobacter
22312,Campylobacter
22313,Campylobacter
22314,Campylobacter
22315,Campylobacter
22316,Campylobacter
22317,Campylobacter
22318,Campylobacter
22319,Campylobacter
22320,Campylobacter
22321,Campylobacter
22322,Campylobacter
22323,Campylobacter
22324,Campylobacter
22325,Campylobacter
22326,Campylobacter
22327,Campylobacter
22328,Campylobacter
22329,Campylobacter
22330,Campylobacter
22331,Campylobacter
22332,Campylobacter
22333,Campylobacter
22334,Campylobacter
22335,Campylobacter
22336,Campylobacter
22337,Campylobacter
22338,Campylobacter
22339,Campylobacter
22340,Campylobacter
22341,Campylobacter
22342,Campylobacter
22343,Campylobacter
22344,Campylobacter
22345,Campylobacter
22346,Campylobacter
22347,Campylobacter
22348,Campylobacter
22349,Campylobacter
22350,Campylobacter
22351,Campylobacter
22352,Campylobacter
22353,Campylobacter
22354,Campylobacter
22355,Campylobacter
22356,Campylobacter
22357,Campylobacter
22358,Campylobacter
22359,Campylobacter
22360,Campylobacter
22361,Campylobacter
22362,Campylobacter
22363,Campylobacter
22364,Campylobacter
22365,Campylobacter
22366,Campylobacter
22367,Campylobacter
22368,Campylobacter
22369,Campylobacter
22370,Campylobacter
22371,Campylobacter
22372,Campylobacter
22373,Campylobacter
22374,Campylobacter
22375,Campylobacter
22376,Campylobacter
22377,Campylobacter
22378,Campylobacter
22660,Campylobacter
22661,Campylobacter
22662,Campylobacter
22663,Campylobacter
22664,Campylobacter
22665,Campylobacter
22666,Campylobacter
22667,Campylobacter
22668,Campylobacter
22669,Campylobacter
22670,Campylobacter
22671,Campylobacter
22672,Campylobacter
22673,Campylobacter
22674,Campylobacter
22675,Campylobacter
22676,Campylobacter
22677,Campylobacter
22678,Campylobacter
22679,Campylobacter
22680,Campylobacter
22681,Campylobacter
22682,Campylobacter
22683,Campylobacter
22684,Campylobacter
22685,Campylobacter
22686,Campylobacter
22687,Campylobacter
22688,Campylobacter
22689,Campylobacter
22690,Campylobacter
22691,Campylobacter
22692,Campylobacter
22693,Campylobacter
22694,Campylobacter
22695,Campylobacter
22696,Campylobacter
22697,Campylobacter
22698,Campylobacter
22699,Campylobacter
22700,Campylobacter
22701,Campylobacter
22702,Campylobacter
22703,Campylobacter
22704,Campylobacter
22705,Campylobacter
22706,Campylobacter
22707,Campylobacter
22708,Campylobacter
22709,Campylobacter
22710,Campylobacter
22711,Campylobacter
22712,Campylobacter
22713,Campylobacter
22714,Campylobacter
22715,Campylobacter
22716,Campylobacter
22717,Campylobacter
22718,Campylobacter
22719,Campylobacter
22720,Campylobacter
22721,Campylobacter
22722,Campylobacter
22723,Campylobacter
22724,Campylobacter
22725,Campylobacter
22726,Campylobacter
22727,Campylobacter
22728,Campylobacter
22729,Campylobacter
22730,Campylobacter
22905,Campylobacter
23492,Campylobacter
23493,Campylobacter
23494,Campylobacter
23495,Campylobacter
23496,Campylobacter
23497,Campylobacter
23498,Campylobacter
23499,Campylobacter
23500,Campylobacter
23501,Campylobacter
23502,Campylobacter
23503,Campylobacter
23504,Campylobacter
23505,Campylobacter
23506,Campylobacter
23507,Campylobacter
23508,Campylobacter
23509,Campylobacter
23510,Campylobacter
23511,Campylobacter
23512,Campylobacter
23513,Campylobacter
23514,Campylobacter
23515,Campylobacter
23516,Campylobacter
23517,Campylobacter
23518,Campylobacter
23519,Campylobacter
23520,Campylobacter
23521,Campylobacter
23522,Campylobacter
23523,Campylobacter
23524,Campylobacter
23525,Campylobacter
23526,Campylobacter
23527,Campylobacter
23528,Campylobacter
23529,Campylobacter
23530,Campylobacter
23531,Campylobacter
23532,Campylobacter
23533,Campylobacter
23534,Campylobacter
23535,Campylobacter
23536,Campylobacter
23537,Campylobacter
23538,Campylobacter
23539,Campylobacter
23540,Campylobacter
23541,Campylobacter
23542,Campylobacter
23543,Campylobacter
23544,Campylobacter
23545,Campylobacter
23546,Campylobacter
23547,Campylobacter
23548,Campylobacter
23549,Campylobacter
23550,Campylobacter
23551,Campylobacter
23552,Campylobacter
23553,Campylobacter
23554,Campylobacter
23555,Campylobacter
23556,Campylobacter
23557,Campylobacter
23558,Campylobacter
23559,Campylobacter
23560,Campylobacter
23561,Campylobacter
23562,Campylobacter
23563,Campylobacter
23564,Campylobacter
23565,Campylobacter
23566,Campylobacter
23567,Campylobacter
23568,Campylobacter
23569,Campylobacter
23570,Campylobacter
23571,Campylobacter
23572,Campylobacter
23573,Campylobacter
23574,Campylobacter
23575,Campylobacter
23576,Campylobacter
23577,Campylobacter
23578,Campylobacter
23579,Campylobacter
23580,Campylobacter
23581,Campylobacter
23582,Campylobacter
23583,Campylobacter
23584,Campylobacter
23585,Campylobacter
23586,Campylobacter
23587,Campylobacter
23588,Campylobacter
23589,Campylobacter
23590,Campylobacter
23591,Campylobacter
23592,Campylobacter
23593,Campylobacter
23594,Campylobacter
23595,Campylobacter
23596,Campylobacter
23597,Campylobacter
23598,Campylobacter
23599,Campylobacter
23600,Campylobacter
23601,Campylobacter
23602,Campylobacter
23603,Campylobacter
23604,Campylobacter
23605,Campylobacter
23606,Campylobacter
23607,Campylobacter
23608,Campylobacter
23609,Campylobacter
23610,Campylobacter
23611,Campylobacter
23612,Campylobacter
23613,Campylobacter
23614,Campylobacter
23615,Campylobacter
23616,Campylobacter
23617,Campylobacter
23618,Campylobacter
23619,Campylobacter
23620,Campylobacter
23621,Campylobacter
23622,Campylobacter
23623,Campylobacter
23624,Campylobacter
23625,Campylobacter
23627,Campylobacter
23628,Campylobacter
23629,Campylobacter
23630,Campylobacter
23631,Campylobacter
23632,Campylobacter
23633,Campylobacter
23634,Campylobacter
23635,Campylobacter
23636,Campylobacter
23637,Campylobacter
23638,Campylobacter
23639,Campylobacter
23640,Campylobacter
23641,Campylobacter
23642,Campylobacter
23643,Campylobacter
23644,Campylobacter
23645,Campylobacter
23646,Campylobacter
23647,Campylobacter
23648,Campylobacter
23649,Campylobacter
23650,Campylobacter
23651,Campylobacter
23652,Campylobacter
23653,Campylobacter
23654,Campylobacter
23655,Campylobacter
23656,Campylobacter
23657,Campylobacter
23658,Campylobacter
23659,Campylobacter
23660,Campylobacter
23662,Campylobacter
23663,Campylobacter
23664,Campylobacter
23665,Campylobacter
23666,Campylobacter
23667,Campylobacter
23668,Campylobacter
23669,Campylobacter
23670,Campylobacter
23671,Campylobacter
23672,Campylobacter
23673,Campylobacter
23674,Campylobacter
23675,Campylobacter
23676,Campylobacter
23677,Campylobacter
23678,Campylobacter
23679,Campylobacter
23680,Campylobacter
23681,Campylobacter
23682,Campylobacter
23683,Campylobacter
23883,Campylobacter
23884,Campylobacter
23885,Campylobacter
23886,Campylobacter
23887,Campylobacter
23888,Campylobacter
23889,Campylobacter
23890,Campylobacter
23891,Campylobacter
23892,Campylobacter
23893,Campylobacter
23894,Campylobacter
23895,Campylobacter
23896,Campylobacter
23897,Campylobacter
23898,Campylobacter
23899,Campylobacter
23900,Campylobacter
23901,Campylobacter
23902,Campylobacter
23903,Campylobacter
23904,Campylobacter
23905,Campylobacter
23906,Campylobacter
23907,Campylobacter
23908,Campylobacter
23909,Campylobacter
23910,Campylobacter
23911,Campylobacter
23912,Campylobacter
23913,Campylobacter
23914,Campylobacter
23915,Campylobacter
23916,Campylobacter
23917,Campylobacter
23918,Campylobacter
23919,Campylobacter
23920,Campylobacter
23921,Campylobacter
23922,Campylobacter
23923,Campylobacter
23924,Campylobacter
23925,Campylobacter
23926,Campylobacter
23927,Campylobacter
23928,Campylobacter
23929,Campylobacter
23930,Campylobacter
23931,Campylobacter
23932,Campylobacter
23933,Campylobacter
23934,Campylobacter
23935,Campylobacter
23936,Campylobacter
23937,Campylobacter
23938,Campylobacter
23940,Campylobacter
23941,Campylobacter
23942,Campylobacter
23943,Campylobacter
23944,Campylobacter
23945,Campylobacter
23946,Campylobacter
23947,Campylobacter
23948,Campylobacter
23949,Campylobacter
23950,Campylobacter
23951,Campylobacter
23952,Campylobacter
23953,Campylobacter
23954,Campylobacter
23955,Campylobacter
23956,Campylobacter
23957,Campylobacter
23958,Campylobacter
23959,Campylobacter
23960,Campylobacter
23961,Campylobacter
23962,Campylobacter
23963,Campylobacter
23964,Campylobacter
23965,Campylobacter
23966,Campylobacter
23967,Campylobacter
23968,Campylobacter
23969,Campylobacter
23970,Campylobacter
23971,Campylobacter
23972,Campylobacter
23973,Campylobacter
23974,Campylobacter
23975,Campylobacter
23976,Campylobacter
23977,Campylobacter
23978,Campylobacter
23979,Campylobacter
23980,Campylobacter
23981,Campylobacter
23982,Campylobacter
23983,Campylobacter
23984,Campylobacter
23985,Campylobacter
23986,Campylobacter
23987,Campylobacter
23988,Campylobacter
23989,Campylobacter
23990,Campylobacter
23991,Campylobacter
23992,Campylobacter
23993,Campylobacter
23994,Campylobacter
23995,Campylobacter
23996,Campylobacter
23997,Campylobacter
23998,Campylobacter
23999,Campylobacter
24000,Campylobacter
24001,Campylobacter
24002,Campylobacter
24003,Campylobacter
24004,Campylobacter
24005,Campylobacter
24006,Campylobacter
24007,Campylobacter
24008,Campylobacter
24009,Campylobacter
24010,Campylobacter
24011,Campylobacter
24012,Campylobacter
24013,Campylobacter
24014,Campylobacter
24015,Campylobacter
24016,Campylobacter
24017,Campylobacter
24018,Campylobacter
24019,Campylobacter
24020,Campylobacter
24021,Campylobacter
24022,Campylobacter
24023,Campylobacter
24024,Campylobacter
24025,Campylobacter
24026,Campylobacter
24027,Campylobacter
24028,Campylobacter
24029,Campylobacter
24030,Campylobacter
24031,Campylobacter
24032,Campylobacter
24033,Campylobacter
24034,Campylobacter
24035,Campylobacter
24036,Campylobacter
24037,Campylobacter
24038,Campylobacter
24039,Campylobacter
24040,Campylobacter
24041,Campylobacter
24042,Campylobacter
24043,Campylobacter
24044,Campylobacter
24045,Campylobacter
24046,Campylobacter
24047,Campylobacter
24048,Campylobacter
24049,Campylobacter
24050,Campylobacter
24051,Campylobacter
24052,Campylobacter
24053,Campylobacter
24054,Campylobacter
24055,Campylobacter
24056,Campylobacter
24057,Campylobacter
24058,Campylobacter
24059,Campylobacter
24060,Campylobacter
24061,Campylobacter
24062,Campylobacter
24063,Campylobacter
24064,Campylobacter
24065,Campylobacter
24066,Campylobacter
24067,Campylobacter
24068,Campylobacter
24069,Campylobacter
24070,Campylobacter
24071,Campylobacter
24072,Campylobacter
24073,Campylobacter
24074,Campylobacter
24075,Campylobacter
24076,Campylobacter
24077,Campylobacter
24078,Campylobacter
24079,Campylobacter
24080,Campylobacter
24081,Campylobacter
24082,Campylobacter
24083,Campylobacter
24084,Campylobacter
24085,Campylobacter
24086,Campylobacter
24087,Campylobacter
24088,Campylobacter
24089,Campylobacter
24090,Campylobacter
24091,Campylobacter
24092,Campylobacter
24093,Campylobacter
24094,Campylobacter
24095,Campylobacter
24096,Campylobacter
24097,Campylobacter
24098,Campylobacter
24099,Campylobacter
24100,Campylobacter
24101,Campylobacter
24102,Campylobacter
24103,Campylobacter
24104,Campylobacter
24105,Campylobacter
24106,Campylobacter
24107,Campylobacter
24108,Campylobacter
24109,Campylobacter
24110,Campylobacter
24111,Campylobacter
24112,Campylobacter
24113,Campylobacter
24114,Campylobacter
24115,Campylobacter
24116,Campylobacter
24117,Campylobacter
24118,Campylobacter
24119,Campylobacter
24120,Campylobacter
24121,Campylobacter
24122,Campylobacter
24123,Campylobacter
24124,Campylobacter
24125,Campylobacter
24126,Campylobacter
24127,Campylobacter
24128,Campylobacter
24129,Campylobacter
24130,Campylobacter
24131,Campylobacter
24132,Campylobacter
24133,Campylobacter
24134,Campylobacter
24169,Campylobacter
24170,Campylobacter
24171,Campylobacter
24172,Campylobacter
24173,Campylobacter
24174,Campylobacter
24175,Campylobacter
24176,Campylobacter
24177,Campylobacter
24178,Campylobacter
24179,Campylobacter
24180,Campylobacter
24181,Campylobacter
24182,Campylobacter
24183,Campylobacter
24184,Campylobacter
24185,Campylobacter
24186,Campylobacter
24187,Campylobacter
24188,Campylobacter
24458,Campylobacter
24459,Campylobacter
24460,Campylobacter
24461,Campylobacter
24462,Campylobacter
24463,Campylobacter
24464,Campylobacter
24465,Campylobacter
24466,Campylobacter
24467,Campylobacter
24468,Campylobacter
24469,Campylobacter
24470,Campylobacter
24471,Campylobacter
24472,Campylobacter
24473,Campylobacter
24474,Campylobacter
24475,Campylobacter
24476,Campylobacter
24477,Campylobacter
24478,Campylobacter
24479,Campylobacter
24480,Campylobacter
24481,Campylobacter
24482,Campylobacter
24483,Campylobacter
24484,Campylobacter
24485,Campylobacter
24486,Campylobacter
24487,Campylobacter
24488,Campylobacter
24489,Campylobacter
24490,Campylobacter
24491,Campylobacter
24492,Campylobacter
24493,Campylobacter
24494,Campylobacter
24495,Campylobacter
24496,Campylobacter
24497,Campylobacter
24498,Campylobacter
24499,Campylobacter
24500,Campylobacter
24501,Campylobacter
24502,Campylobacter
24503,Campylobacter
24504,Campylobacter
24505,Campylobacter
24506,Campylobacter
24507,Campylobacter
24508,Campylobacter
24509,Campylobacter
24510,Campylobacter
24511,Campylobacter
24512,Campylobacter
24513,Campylobacter
24514,Campylobacter
24515,Campylobacter
24516,Campylobacter
24517,Campylobacter
24518,Campylobacter
24519,Campylobacter
24520,Campylobacter
24521,Campylobacter
24522,Campylobacter
24523,Campylobacter
24524,Campylobacter
24525,Campylobacter
24526,Campylobacter
24527,Campylobacter
24528,Campylobacter
24529,Campylobacter
24530,Campylobacter
24531,Campylobacter
24532,Campylobacter
24533,Campylobacter
24534,Campylobacter
24535,Campylobacter
24536,Campylobacter
24537,Campylobacter
24538,Campylobacter
24539,Campylobacter
24540,Campylobacter
24541,Campylobacter
24542,Campylobacter
24543,Campylobacter
24544,Campylobacter
24545,Campylobacter
24546,Campylobacter
24547,Campylobacter
24548,Campylobacter
24549,Campylobacter
24550,Campylobacter
24551,Campylobacter
24552,Campylobacter
24553,Campylobacter
24554,Campylobacter
24555,Campylobacter
24556,Campylobacter
24557,Campylobacter
24558,Campylobacter
24559,Campylobacter
24560,Campylobacter
24561,Campylobacter
24562,Campylobacter
24563,Campylobacter
24564,Campylobacter
24565,Campylobacter
24566,Campylobacter
24567,Campylobacter
24568,Campylobacter
24569,Campylobacter
24570,Campylobacter
24571,Campylobacter
24572,Campylobacter
24573,Campylobacter
24574,Campylobacter
24575,Campylobacter
24576,Campylobacter
24577,Campylobacter
24578,Campylobacter
24579,Campylobacter
24580,Campylobacter
24581,Campylobacter
24582,Campylobacter
24583,Campylobacter
24584,Campylobacter
24585,Campylobacter
24586,Campylobacter
24587,Campylobacter
24588,Campylobacter
24589,Campylobacter
24590,Campylobacter
24591,Campylobacter
24592,Campylobacter
24593,Campylobacter
24594,Campylobacter
24595,Campylobacter
24596,Campylobacter
24597,Campylobacter
24598,Campylobacter
24599,Campylobacter
24600,Campylobacter
24601,Campylobacter
24602,Campylobacter
24603,Campylobacter
24604,Campylobacter
24605,Campylobacter
24606,Campylobacter
24607,Campylobacter
24608,Campylobacter
24609,Campylobacter
24610,Campylobacter
24611,Campylobacter
24612,Campylobacter
24613,Campylobacter
24614,Campylobacter
24615,Campylobacter
24616,Campylobacter
24617,Campylobacter
24618,Campylobacter
24619,Campylobacter
24620,Campylobacter
24621,Campylobacter
24622,Campylobacter
24623,Campylobacter
24624,Campylobacter
24625,Campylobacter
24626,Campylobacter
24627,Campylobacter
24629,Campylobacter
24630,Campylobacter
24631,Campylobacter
24632,Campylobacter
24633,Campylobacter
24634,Campylobacter
24635,Campylobacter
24636,Campylobacter
24637,Campylobacter
24638,Campylobacter
24639,Campylobacter
24640,Campylobacter
24641,Campylobacter
24642,Campylobacter
24643,Campylobacter
24644,Campylobacter
24645,Campylobacter
24646,Campylobacter
24647,Campylobacter
24648,Campylobacter
24649,Campylobacter
24659,Campylobacter
24660,Campylobacter
24661,Campylobacter
24662,Campylobacter
24663,Campylobacter
24664,Campylobacter
24665,Campylobacter
24666,Campylobacter
24667,Campylobacter
24668,Campylobacter
24669,Campylobacter
24670,Campylobacter
24671,Campylobacter
24672,Campylobacter
24673,Campylobacter
24674,Campylobacter
24676,Campylobacter
24677,Campylobacter
24678,Campylobacter
24679,Campylobacter
24680,Campylobacter
24681,Campylobacter
24682,Campylobacter
24683,Campylobacter
24684,Campylobacter
24685,Campylobacter
24686,Campylobacter
24687,Campylobacter
24688,Campylobacter
24689,Campylobacter
24690,Campylobacter
24691,Campylobacter
24692,Campylobacter
24693,Campylobacter
24694,Campylobacter
24695,Campylobacter
24696,Campylobacter
24697,Campylobacter
24698,Campylobacter
24699,Campylobacter
24700,Campylobacter
24701,Campylobacter
24702,Campylobacter
24703,Campylobacter
24704,Campylobacter
24705,Campylobacter
24706,Campylobacter
24707,Campylobacter
24708,Campylobacter
24709,Campylobacter
24710,Campylobacter
24711,Campylobacter
24712,Campylobacter
24713,Campylobacter
24714,Campylobacter
24715,Campylobacter
24716,Campylobacter
24717,Campylobacter
24718,Campylobacter
24719,Campylobacter
24720,Campylobacter
24721,Campylobacter
24722,Campylobacter
24723,Campylobacter
24724,Campylobacter
24725,Campylobacter
24726,Campylobacter
24727,Campylobacter
24728,Campylobacter
24729,Campylobacter
24730,Campylobacter
24731,Campylobacter
24732,Campylobacter
24733,Campylobacter
24734,Campylobacter
24735,Campylobacter
24736,Campylobacter
24737,Campylobacter
24738,Campylobacter
24739,Campylobacter
24740,Campylobacter
24741,Campylobacter
24742,Campylobacter
24743,Campylobacter
24744,Campylobacter
24745,Campylobacter
24746,Campylobacter
24747,Campylobacter
24748,Campylobacter
24749,Campylobacter
24750,Campylobacter
24751,Campylobacter
24752,Campylobacter
24753,Campylobacter
24754,Campylobacter
24755,Campylobacter
24756,Campylobacter
24757,Campylobacter
24758,Campylobacter
24759,Campylobacter
24760,Campylobacter
24761,Campylobacter
24762,Campylobacter
24763,Campylobacter
24764,Campylobacter
24765,Campylobacter
24766,Campylobacter
24767,Campylobacter
24768,Campylobacter
24769,Campylobacter
24770,Campylobacter
24771,Campylobacter
24772,Campylobacter
24773,Campylobacter
24774,Campylobacter
24775,Campylobacter
24776,Campylobacter
24777,Campylobacter
24778,Campylobacter
24779,Campylobacter
24780,Campylobacter
24781,Campylobacter
24782,Campylobacter
24783,Campylobacter
24784,Campylobacter
24785,Campylobacter
24786,Campylobacter
24787,Campylobacter
24788,Campylobacter
24789,Campylobacter
24790,Campylobacter
24791,Campylobacter
24792,Campylobacter
24793,Campylobacter
24795,Campylobacter
24796,Campylobacter
24797,Campylobacter
24798,Campylobacter
24799,Campylobacter
24800,Campylobacter
24801,Campylobacter
24802,Campylobacter
24803,Campylobacter
24805,Campylobacter
24806,Campylobacter
24807,Campylobacter
24808,Campylobacter
24809,Campylobacter
24810,Campylobacter
24811,Campylobacter
24812,Campylobacter
24813,Campylobacter
24814,Campylobacter
24815,Campylobacter
24816,Campylobacter
24817,Campylobacter
24818,Campylobacter
24819,Campylobacter
24820,Campylobacter
24821,Campylobacter
24822,Campylobacter
24823,Campylobacter
24824,Campylobacter
24825,Campylobacter
24826,Campylobacter
24827,Campylobacter
24828,Campylobacter
24829,Campylobacter
24830,Campylobacter
24831,Campylobacter
24832,Campylobacter
24833,Campylobacter
24834,Campylobacter
24835,Campylobacter
24836,Campylobacter
24837,Campylobacter
24838,Campylobacter
24839,Campylobacter
24840,Campylobacter
24841,Campylobacter
24842,Campylobacter
24843,Campylobacter
24844,Campylobacter
24845,Campylobacter
24846,Campylobacter
24847,Campylobacter
24848,Campylobacter
24849,Campylobacter
24850,Campylobacter
24898,Campylobacter
24899,Campylobacter
24900,Campylobacter
24901,Campylobacter
24902,Campylobacter
24903,Campylobacter
24904,Campylobacter
24905,Campylobacter
24906,Campylobacter
24907,Campylobacter
24908,Campylobacter
24909,Campylobacter
24910,Campylobacter
24911,Campylobacter
24912,Campylobacter
24913,Campylobacter
24914,Campylobacter
24915,Campylobacter
24916,Campylobacter
24917,Campylobacter
24918,Campylobacter
24919,Campylobacter
24920,Campylobacter
24921,Campylobacter
24922,Campylobacter
24923,Campylobacter
24924,Campylobacter
24925,Campylobacter
24926,Campylobacter
24927,Campylobacter
24928,Campylobacter
24929,Campylobacter
24930,Campylobacter
24931,Campylobacter
24932,Campylobacter
24933,Campylobacter
24934,Campylobacter
24935,Campylobacter
24936,Campylobacter
24937,Campylobacter
24938,Campylobacter
24939,Campylobacter
24940,Campylobacter
24941,Campylobacter
24942,Campylobacter
24943,Campylobacter
24944,Campylobacter
24945,Campylobacter
24946,Campylobacter
24947,Campylobacter
24948,Campylobacter
24949,Campylobacter
24950,Campylobacter
24951,Campylobacter
24952,Campylobacter
24953,Campylobacter
24954,Campylobacter
24955,Campylobacter
24956,Campylobacter
24957,Campylobacter
24958,Campylobacter
24959,Campylobacter
24960,Campylobacter
24961,Campylobacter
24962,Campylobacter
24963,Campylobacter
24964,Campylobacter
24965,Campylobacter
24966,Campylobacter
24967,Campylobacter
24968,Campylobacter
24969,Campylobacter
24970,Campylobacter
24971,Campylobacter
24972,Campylobacter
24973,Campylobacter
24974,Campylobacter
24975,Campylobacter
24976,Campylobacter
24977,Campylobacter
24978,Campylobacter
24979,Campylobacter
24980,Campylobacter
24981,Campylobacter
24982,Campylobacter
24983,Campylobacter
24984,Campylobacter
24985,Campylobacter
24986,Campylobacter
24987,Campylobacter
24988,Campylobacter
24989,Campylobacter
24990,Campylobacter
24991,Campylobacter
24992,Campylobacter
24993,Campylobacter
24994,Campylobacter
24995,Campylobacter
24996,Campylobacter
24997,Campylobacter
24998,Campylobacter
24999,Campylobacter
25000,Campylobacter
25001,Campylobacter
25002,Campylobacter
25003,Campylobacter
25004,Campylobacter
25005,Campylobacter
25006,Campylobacter
25007,Campylobacter
25008,Campylobacter
25009,Campylobacter
25010,Campylobacter
25011,Campylobacter
25012,Campylobacter
25013,Campylobacter
25014,Campylobacter
25015,Campylobacter
25016,Campylobacter
25017,Campylobacter
25018,Campylobacter
25019,Campylobacter
25020,Campylobacter
25021,Campylobacter
25022,Campylobacter
25023,Campylobacter
25025,Campylobacter
25026,Campylobacter
25027,Campylobacter
25028,Campylobacter
25029,Campylobacter
25030,Campylobacter
25031,Campylobacter
25032,Campylobacter
25033,Campylobacter
25034,Campylobacter
25035,Campylobacter
25036,Campylobacter
25037,Campylobacter
25038,Campylobacter
25039,Campylobacter
25040,Campylobacter
25041,Campylobacter
25042,Campylobacter
25043,Campylobacter
25044,Campylobacter
25045,Campylobacter
25046,Campylobacter
25047,Campylobacter
25048,Campylobacter
25049,Campylobacter
25050,Campylobacter
25051,Campylobacter
25052,Campylobacter
25053,Campylobacter
25054,Campylobacter
25055,Campylobacter
25056,Campylobacter
25057,Campylobacter
25058,Campylobacter
25059,Campylobacter
25060,Campylobacter
25061,Campylobacter
25062,Campylobacter
25063,Campylobacter
25064,Campylobacter
25065,Campylobacter
25066,Campylobacter
25067,Campylobacter
25068,Campylobacter
25069,Campylobacter
25084,Campylobacter
25086,Campylobacter
25087,Campylobacter
25088,Campylobacter
25089,Campylobacter
25090,Campylobacter
25091,Campylobacter
25092,Campylobacter
25093,Campylobacter
25094,Campylobacter
25095,Campylobacter
25096,Campylobacter
25097,Campylobacter
25098,Campylobacter
25099,Campylobacter
25100,Campylobacter
25101,Campylobacter
25102,Campylobacter
25103,Campylobacter
25104,Campylobacter
25105,Campylobacter
25106,Campylobacter
25107,Campylobacter
25108,Campylobacter
25109,Campylobacter
25110,Campylobacter
25111,Campylobacter
25112,Campylobacter
25113,Campylobacter
25114,Campylobacter
25115,Campylobacter
25116,Campylobacter
25117,Campylobacter
25118,Campylobacter
25119,Campylobacter
25120,Campylobacter
25370,Campylobacter
25371,Campylobacter
25372,Campylobacter
25373,Campylobacter
25374,Campylobacter
25375,Campylobacter
25376,Campylobacter
25377,Campylobacter
25378,Campylobacter
25379,Campylobacter
25380,Campylobacter
25381,Campylobacter
25382,Campylobacter
25383,Campylobacter
25384,Campylobacter
25385,Campylobacter
25386,Campylobacter
25387,Campylobacter
25388,Campylobacter
25389,Campylobacter
25390,Campylobacter
25391,Campylobacter
25392,Campylobacter
25393,Campylobacter
25394,Campylobacter
25395,Campylobacter
25396,Campylobacter
25397,Campylobacter
25398,Campylobacter
25399,Campylobacter
25400,Campylobacter
25401,Campylobacter
25402,Campylobacter
25403,Campylobacter
25404,Campylobacter
25405,Campylobacter
25406,Campylobacter
25407,Campylobacter
25408,Campylobacter
25409,Campylobacter
25410,Campylobacter
25411,Campylobacter
25412,Campylobacter
25413,Campylobacter
25414,Campylobacter
25415,Campylobacter
25416,Campylobacter
25417,Campylobacter
25418,Campylobacter
25419,Campylobacter
25420,Campylobacter
25421,Campylobacter
25422,Campylobacter
25423,Campylobacter
25424,Campylobacter
25425,Campylobacter
25426,Campylobacter
25427,Campylobacter
25428,Campylobacter
25429,Campylobacter
25430,Campylobacter
25431,Campylobacter
25432,Campylobacter
25433,Campylobacter
25434,Campylobacter
25435,Campylobacter
25436,Campylobacter
25437,Campylobacter
25438,Campylobacter
25439,Campylobacter
25440,Campylobacter
25441,Campylobacter
25443,Campylobacter
25444,Campylobacter
25445,Campylobacter
25446,Campylobacter
25447,Campylobacter
25448,Campylobacter
25449,Campylobacter
25450,Campylobacter
25451,Campylobacter
25452,Campylobacter
25453,Campylobacter
25454,Campylobacter
25455,Campylobacter
25456,Campylobacter
25457,Campylobacter
25458,Campylobacter
25459,Campylobacter
25460,Campylobacter
25461,Campylobacter
25462,Campylobacter
25463,Campylobacter
25464,Campylobacter
25465,Campylobacter
25466,Campylobacter
25467,Campylobacter
25468,Campylobacter
25469,Campylobacter
25470,Campylobacter
25471,Campylobacter
25472,Campylobacter
25473,Campylobacter
25474,Campylobacter
25475,Campylobacter
25476,Campylobacter
25477,Campylobacter
25478,Campylobacter
25479,Campylobacter
25480,Campylobacter
25481,Campylobacter
25482,Campylobacter
25483,Campylobacter
25484,Campylobacter
25485,Campylobacter
25486,Campylobacter
25487,Campylobacter
25488,Campylobacter
25489,Campylobacter
25490,Campylobacter
25491,Campylobacter
25492,Campylobacter
25493,Campylobacter
25494,Campylobacter
25495,Campylobacter
25496,Campylobacter
25497,Campylobacter
25498,Campylobacter
25499,Campylobacter
25500,Campylobacter
25502,Campylobacter
25503,Campylobacter
25504,Campylobacter
25505,Campylobacter
25506,Campylobacter
25507,Campylobacter
25508,Campylobacter
25509,Campylobacter
25510,Campylobacter
25511,Campylobacter
25512,Campylobacter
25513,Campylobacter
25514,Campylobacter
25515,Campylobacter
25516,Campylobacter
25517,Campylobacter
25518,Campylobacter
25519,Campylobacter
25520,Campylobacter
25521,Campylobacter
25522,Campylobacter
25523,Campylobacter
25524,Campylobacter
25525,Campylobacter
25526,Campylobacter
25527,Campylobacter
25528,Campylobacter
25529,Campylobacter
25530,Campylobacter
25531,Campylobacter
25532,Campylobacter
25533,Campylobacter
25534,Campylobacter
25535,Campylobacter
25536,Campylobacter
25537,Campylobacter
25538,Campylobacter
25539,Campylobacter
25540,Campylobacter
25541,Campylobacter
25542,Campylobacter
25543,Campylobacter
25544,Campylobacter
25545,Campylobacter
25546,Campylobacter
25547,Campylobacter
25548,Campylobacter
25549,Campylobacter
25550,Campylobacter
25551,Campylobacter
25552,Campylobacter
25553,Campylobacter
25554,Campylobacter
25555,Campylobacter
25556,Campylobacter
25557,Campylobacter
25558,Campylobacter
25559,Campylobacter
25560,Campylobacter
25561,Campylobacter
25562,Campylobacter
25563,Campylobacter
25564,Campylobacter
25565,Campylobacter
25566,Campylobacter
25567,Campylobacter
25568,Campylobacter
25569,Campylobacter
25570,Campylobacter
25571,Campylobacter
25572,Campylobacter
25573,Campylobacter
25574,Campylobacter
25575,Campylobacter
25576,Campylobacter
25577,Campylobacter
25578,Campylobacter
25579,Campylobacter
25580,Campylobacter
25581,Campylobacter
25582,Campylobacter
25583,Campylobacter
25584,Campylobacter
25585,Campylobacter
25586,Campylobacter
25587,Campylobacter
25588,Campylobacter
25589,Campylobacter
25590,Campylobacter
25591,Campylobacter
25592,Campylobacter
25593,Campylobacter
25594,Campylobacter
25595,Campylobacter
25596,Campylobacter
25597,Campylobacter
25598,Campylobacter
25599,Campylobacter
25600,Campylobacter
25601,Campylobacter
25602,Campylobacter
25603,Campylobacter
25604,Campylobacter
25605,Campylobacter
25606,Campylobacter
25607,Campylobacter
25608,Campylobacter
25609,Campylobacter
25610,Campylobacter
25611,Campylobacter
25612,Campylobacter
25613,Campylobacter
25614,Campylobacter
25615,Campylobacter
25616,Campylobacter
25617,Campylobacter
25618,Campylobacter
25620,Campylobacter
25621,Campylobacter
25622,Campylobacter
25623,Campylobacter
25624,Campylobacter
25626,Campylobacter
25627,Campylobacter
25628,Campylobacter
25629,Campylobacter
25630,Campylobacter
25631,Campylobacter
25632,Campylobacter
25633,Campylobacter
25634,Campylobacter
25635,Campylobacter
25636,Campylobacter
25637,Campylobacter
25638,Campylobacter
25639,Campylobacter
25640,Campylobacter
25641,Campylobacter
25642,Campylobacter
25643,Campylobacter
25644,Campylobacter
25645,Campylobacter
25646,Campylobacter
25647,Campylobacter
25648,Campylobacter
25649,Campylobacter
25650,Campylobacter
25651,Campylobacter
25652,Campylobacter
25653,Campylobacter
25654,Campylobacter
25655,Campylobacter
25656,Campylobacter
25657,Campylobacter
27865,Campylobacter
27866,Campylobacter
27867,Campylobacter
27868,Campylobacter
27869,Campylobacter
27870,Campylobacter
27871,Campylobacter
27872,Campylobacter
27873,Campylobacter
27874,Campylobacter
27875,Campylobacter
27876,Campylobacter
27877,Campylobacter
27878,Campylobacter
27879,Campylobacter
27880,Campylobacter
27881,Campylobacter
27882,Campylobacter
27883,Campylobacter
27884,Campylobacter
27885,Campylobacter
27886,Campylobacter
27887,Campylobacter
27888,Campylobacter
27889,Campylobacter
27890,Campylobacter
27891,Campylobacter
27892,Campylobacter
27893,Campylobacter
27894,Campylobacter
27895,Campylobacter
27896,Campylobacter
27897,Campylobacter
27898,Campylobacter
27899,Campylobacter
27900,Campylobacter
27901,Campylobacter
27902,Campylobacter
27903,Campylobacter
27904,Campylobacter
27905,Campylobacter
27906,Campylobacter
27907,Campylobacter
27908,Campylobacter
27909,Campylobacter
27910,Campylobacter
27911,Campylobacter
27912,Campylobacter
27913,Campylobacter
27914,Campylobacter
27915,Campylobacter
27916,Campylobacter
27917,Campylobacter
27918,Campylobacter
27919,Campylobacter
27920,Campylobacter
27921,Campylobacter
27922,Campylobacter
27923,Campylobacter
27924,Campylobacter
27925,Campylobacter
27926,Campylobacter
27927,Campylobacter
27928,Campylobacter
27929,Campylobacter
27930,Campylobacter
27931,Campylobacter
27932,Campylobacter
27933,Campylobacter
27934,Campylobacter
27935,Campylobacter
27936,Campylobacter
27937,Campylobacter
27938,Campylobacter
27939,Campylobacter
27940,Campylobacter
27941,Campylobacter
27942,Campylobacter
27943,Campylobacter
27944,Campylobacter
27945,Campylobacter
27946,Campylobacter
27947,Campylobacter
27948,Campylobacter
27949,Campylobacter
27950,Campylobacter
27951,Campylobacter
27952,Campylobacter
27953,Campylobacter
27954,Campylobacter
27955,Campylobacter
27956,Campylobacter
27957,Campylobacter
27958,Campylobacter
27959,Campylobacter
27960,Campylobacter
27961,Campylobacter
27962,Campylobacter
27963,Campylobacter
27964,Campylobacter
27965,Campylobacter
27966,Campylobacter
27967,Campylobacter
27968,Campylobacter
27969,Campylobacter
27970,Campylobacter
27971,Campylobacter
27972,Campylobacter
27973,Campylobacter
27974,Campylobacter
27975,Campylobacter
27976,Campylobacter
27977,Campylobacter
27978,Campylobacter
27979,Campylobacter
27980,Campylobacter
27981,Campylobacter
27982,Campylobacter
27983,Campylobacter
27984,Campylobacter
27985,Campylobacter
27986,Campylobacter
27987,Campylobacter
27988,Campylobacter
27989,Campylobacter
27990,Campylobacter
27991,Campylobacter
27992,Campylobacter
27993,Campylobacter
27994,Campylobacter
27995,Campylobacter
27996,Campylobacter
27997,Campylobacter
27998,Campylobacter
27999,Campylobacter
28000,Campylobacter
28001,Campylobacter
28002,Campylobacter
28003,Campylobacter
28004,Campylobacter
28005,Campylobacter
28006,Campylobacter
28007,Campylobacter
28008,Campylobacter
28009,Campylobacter
28010,Campylobacter
28011,Campylobacter
28012,Campylobacter
28013,Campylobacter
28014,Campylobacter
28015,Campylobacter
28016,Campylobacter
28017,Campylobacter
28018,Campylobacter
28019,Campylobacter
28020,Campylobacter
28021,Campylobacter
28022,Campylobacter
28023,Campylobacter
28024,Campylobacter
28025,Campylobacter
28026,Campylobacter
28027,Campylobacter
28028,Campylobacter
28029,Campylobacter
28030,Campylobacter
28031,Campylobacter
28032,Campylobacter
28033,Campylobacter
28034,Campylobacter
28035,Campylobacter
28036,Campylobacter
28037,Campylobacter
28038,Campylobacter
28039,Campylobacter
28040,Campylobacter
28041,Campylobacter
28042,Campylobacter
28043,Campylobacter
28044,Campylobacter
28045,Campylobacter
28046,Campylobacter
28047,Campylobacter
28048,Campylobacter
28049,Campylobacter
28050,Campylobacter
28051,Campylobacter
28052,Campylobacter
28053,Campylobacter
28054,Campylobacter
28055,Campylobacter
28056,Campylobacter
28058,Campylobacter
28558,Campylobacter
28559,Campylobacter
28560,Campylobacter
28561,Campylobacter
28562,Campylobacter
28563,Campylobacter
28564,Campylobacter
28565,Campylobacter
28566,Campylobacter
28567,Campylobacter
28568,Campylobacter
28569,Campylobacter
28570,Campylobacter
28571,Campylobacter
28572,Campylobacter
28573,Campylobacter
28574,Campylobacter
28575,Campylobacter
28576,Campylobacter
28577,Campylobacter
28578,Campylobacter
28579,Campylobacter
28580,Campylobacter
28581,Campylobacter
28582,Campylobacter
28583,Campylobacter
28584,Campylobacter
28585,Campylobacter
28586,Campylobacter
28587,Campylobacter
28588,Campylobacter
28589,Campylobacter
28590,Campylobacter
28591,Campylobacter
28592,Campylobacter
28593,Campylobacter
28594,Campylobacter
28595,Campylobacter
28596,Campylobacter
28597,Campylobacter
28598,Campylobacter
28599,Campylobacter
28600,Campylobacter
28601,Campylobacter
28602,Campylobacter
28603,Campylobacter
28604,Campylobacter
28605,Campylobacter
28606,Campylobacter
28607,Campylobacter
28608,Campylobacter
28609,Campylobacter
28610,Campylobacter
28611,Campylobacter
28612,Campylobacter
28613,Campylobacter
28614,Campylobacter
28615,Campylobacter
28616,Campylobacter
28617,Campylobacter
28618,Campylobacter
28619,Campylobacter
28620,Campylobacter
28621,Campylobacter
28622,Campylobacter
28623,Campylobacter
28624,Campylobacter
28625,Campylobacter
28626,Campylobacter
28627,Campylobacter
28628,Campylobacter
28629,Campylobacter
28630,Campylobacter
28631,Campylobacter
28632,Campylobacter
28633,Campylobacter
28634,Campylobacter
28635,Campylobacter
28636,Campylobacter
28637,Campylobacter
28638,Campylobacter
28639,Campylobacter
28640,Campylobacter
28641,Campylobacter
28642,Campylobacter
28643,Campylobacter
28644,Campylobacter
28645,Campylobacter
28646,Campylobacter
28647,Campylobacter
28648,Campylobacter
28649,Campylobacter
28650,Campylobacter
28651,Campylobacter
28652,Campylobacter
28653,Campylobacter
28654,Campylobacter
28655,Campylobacter
28656,Campylobacter
28657,Campylobacter
28658,Campylobacter
28659,Campylobacter
28660,Campylobacter
28661,Campylobacter
28662,Campylobacter
28663,Campylobacter
28664,Campylobacter
28665,Campylobacter
28666,Campylobacter
28667,Campylobacter
28668,Campylobacter
28669,Campylobacter
28670,Campylobacter
28671,Campylobacter
28672,Campylobacter
28673,Campylobacter
28674,Campylobacter
28675,Campylobacter
28676,Campylobacter
28677,Campylobacter
28678,Campylobacter
28679,Campylobacter
28680,Campylobacter
28681,Campylobacter
28682,Campylobacter
28683,Campylobacter
28684,Campylobacter
28685,Campylobacter
28686,Campylobacter
28687,Campylobacter
28688,Campylobacter
28689,Campylobacter
28690,Campylobacter
28691,Campylobacter
28692,Campylobacter
28693,Campylobacter
28694,Campylobacter
28695,Campylobacter
28696,Campylobacter
28697,Campylobacter
28698,Campylobacter
28699,Campylobacter
28700,Campylobacter
28701,Campylobacter
28702,Campylobacter
28703,Campylobacter
28704,Campylobacter
28705,Campylobacter
28706,Campylobacter
28707,Campylobacter
28708,Campylobacter
28709,Campylobacter
28710,Campylobacter
28711,Campylobacter
28712,Campylobacter
28713,Campylobacter
28714,Campylobacter
28715,Campylobacter
28716,Campylobacter
28717,Campylobacter
28718,Campylobacter
28719,Campylobacter
28720,Campylobacter
28721,Campylobacter
28722,Campylobacter
28723,Campylobacter
28724,Campylobacter
28725,Campylobacter
28726,Campylobacter
28727,Campylobacter
28728,Campylobacter
28729,Campylobacter
28730,Campylobacter
28731,Campylobacter
28732,Campylobacter
28733,Campylobacter
28734,Campylobacter
28735,Campylobacter
28736,Campylobacter
28737,Campylobacter
28738,Campylobacter
28739,Campylobacter
28740,Campylobacter
28741,Campylobacter
28742,Campylobacter
28743,Campylobacter
28744,Campylobacter
28745,Campylobacter
28746,Campylobacter
28747,Campylobacter
28896,Campylobacter
28897,Campylobacter
28898,Campylobacter
28899,Campylobacter
28900,Campylobacter
28901,Campylobacter
28902,Campylobacter
28903,Campylobacter
28904,Campylobacter
28905,Campylobacter
28906,Campylobacter
28907,Campylobacter
28908,Campylobacter
28909,Campylobacter
28910,Campylobacter
28911,Campylobacter
28912,Campylobacter
28913,Campylobacter
28914,Campylobacter
28915,Campylobacter
28916,Campylobacter
28917,Campylobacter
28918,Campylobacter
28919,Campylobacter
28920,Campylobacter
28921,Campylobacter
28922,Campylobacter
28923,Campylobacter
28924,Campylobacter
28925,Campylobacter
28926,Campylobacter
28927,Campylobacter
28928,Campylobacter
28929,Campylobacter
28930,Campylobacter
28931,Campylobacter
28932,Campylobacter
28933,Campylobacter
28934,Campylobacter
28935,Campylobacter
28936,Campylobacter
28937,Campylobacter
28938,Campylobacter
28939,Campylobacter
28940,Campylobacter
28941,Campylobacter
28942,Campylobacter
28943,Campylobacter
28944,Campylobacter
28945,Campylobacter
28946,Campylobacter
28947,Campylobacter
28948,Campylobacter
28949,Campylobacter
28950,Campylobacter
28951,Campylobacter
28952,Campylobacter
28953,Campylobacter
28954,Campylobacter
28955,Campylobacter
28956,Campylobacter
28957,Campylobacter
28958,Campylobacter
28959,Campylobacter
28960,Campylobacter
28961,Campylobacter
28962,Campylobacter
28963,Campylobacter
28964,Campylobacter
28965,Campylobacter
28966,Campylobacter
28967,Campylobacter
28968,Campylobacter
28969,Campylobacter
28970,Campylobacter
28971,Campylobacter
28972,Campylobacter
28973,Campylobacter
28974,Campylobacter
28975,Campylobacter
28976,Campylobacter
28977,Campylobacter
28978,Campylobacter
28979,Campylobacter
28980,Campylobacter
28981,Campylobacter
28982,Campylobacter
28983,Campylobacter
28984,Campylobacter
28985,Campylobacter
28986,Campylobacter
28987,Campylobacter
28988,Campylobacter
28989,Campylobacter
28990,Campylobacter
28991,Campylobacter
28992,Campylobacter
28993,Campylobacter
28994,Campylobacter
28995,Campylobacter
28996,Campylobacter
28997,Campylobacter
28998,Campylobacter
28999,Campylobacter
29000,Campylobacter
29001,Campylobacter
29002,Campylobacter
29003,Campylobacter
29004,Campylobacter
29005,Campylobacter
29006,Campylobacter
29007,Campylobacter
29008,Campylobacter
29009,Campylobacter
29010,Campylobacter
29011,Campylobacter
29012,Campylobacter
29013,Campylobacter
29014,Campylobacter
29015,Campylobacter
29016,Campylobacter
29017,Campylobacter
29018,Campylobacter
29019,Campylobacter
29020,Campylobacter
29021,Campylobacter
29022,Campylobacter
29023,Campylobacter
29024,Campylobacter
29025,Campylobacter
29026,Campylobacter
29027,Campylobacter
29028,Campylobacter
29029,Campylobacter
29030,Campylobacter
29031,Campylobacter
29032,Campylobacter
29033,Campylobacter
29034,Campylobacter
29035,Campylobacter
29036,Campylobacter
29037,Campylobacter
29038,Campylobacter
29039,Campylobacter
29040,Campylobacter
29041,Campylobacter
29042,Campylobacter
29043,Campylobacter
29044,Campylobacter
29045,Campylobacter
29046,Campylobacter
29047,Campylobacter
29048,Campylobacter
29049,Campylobacter
29050,Campylobacter
29051,Campylobacter
29052,Campylobacter
29053,Campylobacter
29054,Campylobacter
29055,Campylobacter
29056,Campylobacter
29057,Campylobacter
29058,Campylobacter
29059,Campylobacter
29060,Campylobacter
29061,Campylobacter
29062,Campylobacter
29063,Campylobacter
29064,Campylobacter
29065,Campylobacter
29066,Campylobacter
29067,Campylobacter
29068,Campylobacter
29069,Campylobacter
29070,Campylobacter
29071,Campylobacter
29072,Campylobacter
29073,Campylobacter
29074,Campylobacter
29075,Campylobacter
29076,Campylobacter
29077,Campylobacter
29078,Campylobacter
29079,Campylobacter
29080,Campylobacter
29081,Campylobacter
29082,Campylobacter
29083,Campylobacter
29084,Campylobacter
29085,Campylobacter
29086,Campylobacter
29087,Campylobacter
29302,Campylobacter
29303,Campylobacter
29304,Campylobacter
29305,Campylobacter
29307,Campylobacter
29308,Campylobacter
29309,Campylobacter
29310,Campylobacter
29311,Campylobacter
29312,Campylobacter
29314,Campylobacter
29318,Campylobacter
29320,Campylobacter
29321,Campylobacter
29324,Campylobacter
29325,Campylobacter
29328,Campylobacter
29330,Campylobacter
29333,Campylobacter
29334,Campylobacter
29335,Campylobacter
29337,Campylobacter
29338,Campylobacter
29341,Campylobacter
29342,Campylobacter
29344,Campylobacter
29345,Campylobacter
29346,Campylobacter
29350,Campylobacter
29351,Campylobacter
29355,Campylobacter
29587,Campylobacter
29588,Campylobacter
29591,Campylobacter
29592,Campylobacter
29593,Campylobacter
29604,Campylobacter
29605,Campylobacter
29606,Campylobacter
29608,Campylobacter
29609,Campylobacter
29610,Campylobacter
29612,Campylobacter
29613,Campylobacter
29614,Campylobacter
29615,Campylobacter
29616,Campylobacter
29617,Campylobacter
29618,Campylobacter
29619,Campylobacter
29620,Campylobacter
29621,Campylobacter
29622,Campylobacter
29623,Campylobacter
29624,Campylobacter
29625,Campylobacter
29627,Campylobacter
29628,Campylobacter
29629,Campylobacter
29630,Campylobacter
29631,Campylobacter
29632,Campylobacter
29633,Campylobacter
29634,Campylobacter
29635,Campylobacter
29636,Campylobacter
29637,Campylobacter
29638,Campylobacter
29639,Campylobacter
29640,Campylobacter
29641,Campylobacter
29642,Campylobacter
29643,Campylobacter
29644,Campylobacter
29647,Campylobacter
29648,Campylobacter
29649,Campylobacter
29650,Campylobacter
29653,Campylobacter
29654,Campylobacter
29656,Campylobacter
29657,Campylobacter
29658,Campylobacter
29659,Campylobacter
29661,Campylobacter
29662,Campylobacter
29666,Campylobacter
29667,Campylobacter
29668,Campylobacter
29669,Campylobacter
29671,Campylobacter
29672,Campylobacter
29674,Campylobacter
29676,Campylobacter
29677,Campylobacter
29678,Campylobacter
29680,Campylobacter
29681,Campylobacter
29682,Campylobacter
29684,Campylobacter
29685,Campylobacter
29686,Campylobacter
29687,Campylobacter
29688,Campylobacter
29689,Campylobacter
29690,Campylobacter
29691,Campylobacter
29693,Campylobacter
29694,Campylobacter
29695,Campylobacter
29696,Campylobacter
29698,Campylobacter
29699,Campylobacter
29700,Campylobacter
29701,Campylobacter
29702,Campylobacter
29703,Campylobacter
29704,Campylobacter
29705,Campylobacter
29706,Campylobacter
29708,Campylobacter
29711,Campylobacter
29713,Campylobacter
29715,Campylobacter
29716,Campylobacter
29719,Campylobacter
29720,Campylobacter
29721,Campylobacter
29723,Campylobacter
29725,Campylobacter
29726,Campylobacter
29890,Campylobacter
29892,Campylobacter
29893,Campylobacter
30423,Campylobacter
30424,Campylobacter
30425,Campylobacter
30426,Campylobacter
30427,Campylobacter
30428,Campylobacter
30429,Campylobacter
30430,Campylobacter
30431,Campylobacter
30432,Campylobacter
30433,Campylobacter
30434,Campylobacter
30435,Campylobacter
30436,Campylobacter
30437,Campylobacter
30438,Campylobacter
30439,Campylobacter
30440,Campylobacter
30441,Campylobacter
30442,Campylobacter
30443,Campylobacter
30444,Campylobacter
30445,Campylobacter
30447,Campylobacter
30448,Campylobacter
30449,Campylobacter
30450,Campylobacter
30451,Campylobacter
30452,Campylobacter
30453,Campylobacter
30454,Campylobacter
30455,Campylobacter
30456,Campylobacter
30457,Campylobacter
30458,Campylobacter
30459,Campylobacter
30460,Campylobacter
30461,Campylobacter
30462,Campylobacter
30463,Campylobacter
30464,Campylobacter
30465,Campylobacter
30466,Campylobacter
30467,Campylobacter
30468,Campylobacter
30469,Campylobacter
30470,Campylobacter
30471,Campylobacter
30472,Campylobacter
30473,Campylobacter
30474,Campylobacter
30475,Campylobacter
30476,Campylobacter
30477,Campylobacter
30478,Campylobacter
30479,Campylobacter
30480,Campylobacter
30481,Campylobacter
30482,Campylobacter
30483,Campylobacter
30484,Campylobacter
30485,Campylobacter
30486,Campylobacter
30487,Campylobacter
30488,Campylobacter
30489,Campylobacter
30490,Campylobacter
30491,Campylobacter
30492,Campylobacter
30493,Campylobacter
30494,Campylobacter
30500,Campylobacter
30501,Campylobacter
30502,Campylobacter
30503,Campylobacter
30504,Campylobacter
30505,Campylobacter
30506,Campylobacter
30507,Campylobacter
30508,Campylobacter
30509,Campylobacter
30511,Campylobacter
30514,Campylobacter
30515,Campylobacter
30516,Campylobacter
30517,Campylobacter
30518,Campylobacter
30520,Campylobacter
30521,Campylobacter
30522,Campylobacter
30525,Campylobacter
30526,Campylobacter
30527,Campylobacter
30528,Campylobacter
30529,Campylobacter
30530,Campylobacter
30531,Campylobacter
30532,Campylobacter
30533,Campylobacter
30534,Campylobacter
30535,Campylobacter
30536,Campylobacter
30537,Campylobacter
30538,Campylobacter
30539,Campylobacter
30540,Campylobacter
30541,Campylobacter
30542,Campylobacter
30543,Campylobacter
30544,Campylobacter
30545,Campylobacter
30546,Campylobacter
30547,Campylobacter
30548,Campylobacter
30549,Campylobacter
30550,Campylobacter
30551,Campylobacter
30552,Campylobacter
30553,Campylobacter
30554,Campylobacter
30555,Campylobacter
30556,Campylobacter
30557,Campylobacter
30559,Campylobacter
30560,Campylobacter
30561,Campylobacter
30562,Campylobacter
30563,Campylobacter
30564,Campylobacter
30565,Campylobacter
30566,Campylobacter
30567,Campylobacter
30568,Campylobacter
30569,Campylobacter
30570,Campylobacter
30571,Campylobacter
30573,Campylobacter
30574,Campylobacter
30575,Campylobacter
30576,Campylobacter
30577,Campylobacter
30578,Campylobacter
30579,Campylobacter
30580,Campylobacter
30582,Campylobacter
30583,Campylobacter
30584,Campylobacter
30585,Campylobacter
30587,Campylobacter
30588,Campylobacter
30589,Campylobacter
30590,Campylobacter
30591,Campylobacter
30592,Campylobacter
30593,Campylobacter
30594,Campylobacter
30595,Campylobacter
30597,Campylobacter
30598,Campylobacter
30600,Campylobacter
30601,Campylobacter
30602,Campylobacter
30604,Campylobacter
30605,Campylobacter
30606,Campylobacter
30608,Campylobacter
30609,Campylobacter
30610,Campylobacter
30612,Campylobacter
30613,Campylobacter
30614,Campylobacter
30615,Campylobacter
30616,Campylobacter
30617,Campylobacter
30618,Campylobacter
30619,Campylobacter
30620,Campylobacter
30621,Campylobacter
30622,Campylobacter
30623,Campylobacter
30624,Campylobacter
30626,Campylobacter
30628,Campylobacter
30629,Campylobacter
30630,Campylobacter
30632,Campylobacter
30633,Campylobacter
30634,Campylobacter
30635,Campylobacter
30645,Campylobacter
30656,Campylobacter
30657,Campylobacter
30658,Campylobacter
30660,Campylobacter
30664,Campylobacter
30667,Campylobacter
30685,Campylobacter
30696,Campylobacter
30697,Campylobacter
30698,Campylobacter
30699,Campylobacter
30700,Campylobacter
30701,Campylobacter
30702,Campylobacter
30703,Campylobacter
30704,Campylobacter
30705,Campylobacter
30706,Campylobacter
30707,Campylobacter
30708,Campylobacter
30709,Campylobacter
30710,Campylobacter
30711,Campylobacter
30712,Campylobacter
30713,Campylobacter
30714,Campylobacter
30715,Campylobacter
30716,Campylobacter
30718,Campylobacter
30719,Campylobacter
30722,Campylobacter
30723,Campylobacter
30724,Campylobacter
30725,Campylobacter
30726,Campylobacter
30727,Campylobacter
30728,Campylobacter
30729,Campylobacter
30730,Campylobacter
30731,Campylobacter
30732,Campylobacter
30733,Campylobacter
30734,Campylobacter
30735,Campylobacter
30736,Campylobacter
30737,Campylobacter
30738,Campylobacter
30739,Campylobacter
30740,Campylobacter
30741,Campylobacter
30742,Campylobacter
30743,Campylobacter
30744,Campylobacter
30745,Campylobacter
30746,Campylobacter
30747,Campylobacter
30748,Campylobacter
30749,Campylobacter
30750,Campylobacter
30751,Campylobacter
30752,Campylobacter
30753,Campylobacter
30754,Campylobacter
30755,Campylobacter
30756,Campylobacter
30757,Campylobacter
30758,Campylobacter
30759,Campylobacter
30760,Campylobacter
30761,Campylobacter
30762,Campylobacter
30763,Campylobacter
30764,Campylobacter
30765,Campylobacter
30766,Campylobacter
30767,Campylobacter
30768,Campylobacter
30769,Campylobacter
30770,Campylobacter
30771,Campylobacter
30772,Campylobacter
30773,Campylobacter
30774,Campylobacter
30775,Campylobacter
30776,Campylobacter
30777,Campylobacter
30778,Campylobacter
30779,Campylobacter
30780,Campylobacter
30781,Campylobacter
30782,Campylobacter
30783,Campylobacter
30784,Campylobacter
30785,Campylobacter
30786,Campylobacter
30787,Campylobacter
30788,Campylobacter
30789,Campylobacter
30790,Campylobacter
30791,Campylobacter
30792,Campylobacter
30793,Campylobacter
30794,Campylobacter
30795,Campylobacter
30796,Campylobacter
30797,Campylobacter
30798,Campylobacter
30799,Campylobacter
30800,Campylobacter
30801,Campylobacter
30802,Campylobacter
30803,Campylobacter
30804,Campylobacter
30805,Campylobacter
30806,Campylobacter
30807,Campylobacter
30808,Campylobacter
30809,Campylobacter
30811,Campylobacter
30812,Campylobacter
30813,Campylobacter
30814,Campylobacter
30815,Campylobacter
30816,Campylobacter
30817,Campylobacter
30818,Campylobacter
30819,Campylobacter
30820,Campylobacter
30821,Campylobacter
30822,Campylobacter
30823,Campylobacter
30824,Campylobacter
30825,Campylobacter
30826,Campylobacter
30827,Campylobacter
30828,Campylobacter
30829,Campylobacter
30830,Campylobacter
30831,Campylobacter
30832,Campylobacter
30833,Campylobacter
30834,Campylobacter
30835,Campylobacter
30836,Campylobacter
30837,Campylobacter
30838,Campylobacter
30839,Campylobacter
30840,Campylobacter
30841,Campylobacter
30842,Campylobacter
30843,Campylobacter
30844,Campylobacter
30845,Campylobacter
30846,Campylobacter
30847,Campylobacter
30848,Campylobacter
30849,Campylobacter
30850,Campylobacter
30851,Campylobacter
30852,Campylobacter
30853,Campylobacter
30854,Campylobacter
30855,Campylobacter
30856,Campylobacter
30857,Campylobacter
30858,Campylobacter
30859,Campylobacter
30860,Campylobacter
30861,Campylobacter
30862,Campylobacter
30863,Campylobacter
30864,Campylobacter
30865,Campylobacter
30866,Campylobacter
30867,Campylobacter
30868,Campylobacter
30870,Campylobacter
30871,Campylobacter
30872,Campylobacter
30873,Campylobacter
30874,Campylobacter
30875,Campylobacter
30876,Campylobacter
30877,Campylobacter
30878,Campylobacter
30879,Campylobacter
30880,Campylobacter
30881,Campylobacter
30882,Campylobacter
30883,Campylobacter
30884,Campylobacter
30886,Campylobacter
30887,Campylobacter
30888,Campylobacter
30889,Campylobacter
30890,Campylobacter
30891,Campylobacter
30892,Campylobacter
30893,Campylobacter
30894,Campylobacter
30895,Campylobacter
30896,Campylobacter
30897,Campylobacter
30898,Campylobacter
30900,Campylobacter
30904,Campylobacter
30905,Campylobacter
30910,Campylobacter
30911,Campylobacter
30912,Campylobacter
30913,Campylobacter
30914,Campylobacter
30915,Campylobacter
30916,Campylobacter
30917,Campylobacter
30918,Campylobacter
30919,Campylobacter
30920,Campylobacter
30921,Campylobacter
30922,Campylobacter
30923,Campylobacter
30924,Campylobacter
30925,Campylobacter
30926,Campylobacter
30927,Campylobacter
30928,Campylobacter
30929,Campylobacter
30931,Campylobacter
30932,Campylobacter
30933,Campylobacter
30934,Campylobacter
30935,Campylobacter
30936,Campylobacter
30937,Campylobacter
30938,Campylobacter
30939,Campylobacter
30940,Campylobacter
30941,Campylobacter
30942,Campylobacter
30943,Campylobacter
30944,Campylobacter
30945,Campylobacter
30946,Campylobacter
30947,Campylobacter
30948,Campylobacter
30949,Campylobacter
30950,Campylobacter
30951,Campylobacter
30952,Campylobacter
30953,Campylobacter
30954,Campylobacter
30955,Campylobacter
30956,Campylobacter
30957,Campylobacter
30958,Campylobacter
30959,Campylobacter
30960,Campylobacter
30961,Campylobacter
30962,Campylobacter
30963,Campylobacter
30964,Campylobacter
30965,Campylobacter
30966,Campylobacter
30967,Campylobacter
30968,Campylobacter
30969,Campylobacter
30970,Campylobacter
30971,Campylobacter
30972,Campylobacter
30973,Campylobacter
30974,Campylobacter
30975,Campylobacter
30976,Campylobacter
30977,Campylobacter
30978,Campylobacter
30979,Campylobacter
30980,Campylobacter
30981,Campylobacter
30982,Campylobacter
30983,Campylobacter
30984,Campylobacter
30985,Campylobacter
30986,Campylobacter
30987,Campylobacter
30988,Campylobacter
30989,Campylobacter
30990,Campylobacter
30991,Campylobacter
30992,Campylobacter
30993,Campylobacter
30994,Campylobacter
30995,Campylobacter
30996,Campylobacter
30998,Campylobacter
30999,Campylobacter
31000,Campylobacter
31001,Campylobacter
31002,Campylobacter
31003,Campylobacter
31005,Campylobacter
31017,Campylobacter
31018,Campylobacter
31019,Campylobacter
31020,Campylobacter
31021,Campylobacter
31022,Campylobacter
31023,Campylobacter
31024,Campylobacter
31025,Campylobacter
31026,Campylobacter
31027,Campylobacter
31028,Campylobacter
31029,Campylobacter
31032,Campylobacter
31033,Campylobacter
31034,Campylobacter
31035,Campylobacter
31036,Campylobacter
31037,Campylobacter
31038,Campylobacter
31039,Campylobacter
31040,Campylobacter
31041,Campylobacter
31044,Campylobacter
31045,Campylobacter
31046,Campylobacter
31047,Campylobacter
31048,Campylobacter
31049,Campylobacter
31051,Campylobacter
31052,Campylobacter
31053,Campylobacter
31054,Campylobacter
31055,Campylobacter
31056,Campylobacter
31061,Campylobacter
31062,Campylobacter
31063,Campylobacter
31065,Campylobacter
31066,Campylobacter
31068,Campylobacter
31069,Campylobacter
31070,Campylobacter
31071,Campylobacter
31072,Campylobacter
31073,Campylobacter
31074,Campylobacter
31075,Campylobacter
31076,Campylobacter
31077,Campylobacter
31078,Campylobacter
31079,Campylobacter
31080,Campylobacter
31081,Campylobacter
31082,Campylobacter
31084,Campylobacter
31085,Campylobacter
31086,Campylobacter
31087,Campylobacter
31088,Campylobacter
31089,Campylobacter
31090,Campylobacter
31091,Campylobacter
31092,Campylobacter
31093,Campylobacter
31094,Campylobacter
31095,Campylobacter
31137,Campylobacter
31138,Campylobacter
31139,Campylobacter
31140,Campylobacter
31141,Campylobacter
31142,Campylobacter
31143,Campylobacter
31144,Campylobacter
31145,Campylobacter
31146,Campylobacter
31147,Campylobacter
31148,Campylobacter
31149,Campylobacter
31150,Campylobacter
31151,Campylobacter
31152,Campylobacter
31153,Campylobacter
31154,Campylobacter
31155,Campylobacter
31156,Campylobacter
31157,Campylobacter
31158,Campylobacter
31159,Campylobacter
31160,Campylobacter
31162,Campylobacter
31163,Campylobacter
31165,Campylobacter
31168,Campylobacter
31169,Campylobacter
31170,Campylobacter
31171,Campylobacter
31172,Campylobacter
31173,Campylobacter
31174,Campylobacter
31175,Campylobacter
31176,Campylobacter
31177,Campylobacter
31178,Campylobacter
31179,Campylobacter
31180,Campylobacter
31181,Campylobacter
31183,Campylobacter
31184,Campylobacter
31185,Campylobacter
31186,Campylobacter
31187,Campylobacter
31189,Campylobacter
31190,Campylobacter
31191,Campylobacter
31192,Campylobacter
31193,Campylobacter
31194,Campylobacter
31195,Campylobacter
31196,Campylobacter
31197,Campylobacter
31198,Campylobacter
31199,Campylobacter
31200,Campylobacter
31201,Campylobacter
31202,Campylobacter
31203,Campylobacter
31204,Campylobacter
31205,Campylobacter
31206,Campylobacter
31207,Campylobacter
31208,Campylobacter
31209,Campylobacter
31210,Campylobacter
31211,Campylobacter
31212,Campylobacter
31213,Campylobacter
31214,Campylobacter
31215,Campylobacter
31216,Campylobacter
31217,Campylobacter
31218,Campylobacter
31219,Campylobacter
31220,Campylobacter
31221,Campylobacter
31222,Campylobacter
31223,Campylobacter
31224,Campylobacter
31225,Campylobacter
31226,Campylobacter
31227,Campylobacter
31228,Campylobacter
31229,Campylobacter
31230,Campylobacter
31231,Campylobacter
31232,Campylobacter
31233,Campylobacter
31234,Campylobacter
31235,Campylobacter
31236,Campylobacter
31237,Campylobacter
31238,Campylobacter
31239,Campylobacter
31240,Campylobacter
31241,Campylobacter
31242,Campylobacter
31243,Campylobacter
31244,Campylobacter
31245,Campylobacter
31246,Campylobacter
31247,Campylobacter
31248,Campylobacter
31249,Campylobacter
31250,Campylobacter
31251,Campylobacter
31252,Campylobacter
31253,Campylobacter
31254,Campylobacter
31255,Campylobacter
31256,Campylobacter
31257,Campylobacter
31258,Campylobacter
31259,Campylobacter
31260,Campylobacter
31261,Campylobacter
31262,Campylobacter
31263,Campylobacter
31264,Campylobacter
31265,Campylobacter
31267,Campylobacter
31268,Campylobacter
31269,Campylobacter
31270,Campylobacter
31271,Campylobacter
31272,Campylobacter
31273,Campylobacter
31274,Campylobacter
31276,Campylobacter
31277,Campylobacter
31278,Campylobacter
31279,Campylobacter
31280,Campylobacter
31281,Campylobacter
31282,Campylobacter
31283,Campylobacter
31284,Campylobacter
31285,Campylobacter
31286,Campylobacter
31287,Campylobacter
31288,Campylobacter
31289,Campylobacter
31290,Campylobacter
31291,Campylobacter
31292,Campylobacter
31293,Campylobacter
31294,Campylobacter
31295,Campylobacter
31296,Campylobacter
31297,Campylobacter
31298,Campylobacter
31299,Campylobacter
31300,Campylobacter
31301,Campylobacter
31302,Campylobacter
31303,Campylobacter
31304,Campylobacter
31305,Campylobacter
31306,Campylobacter
31307,Campylobacter
31309,Campylobacter
31310,Campylobacter
31311,Campylobacter
31312,Campylobacter
31314,Campylobacter
31315,Campylobacter
31316,Campylobacter
31317,Campylobacter
31318,Campylobacter
31319,Campylobacter
31320,Campylobacter
31321,Campylobacter
31322,Campylobacter
31323,Campylobacter
31324,Campylobacter
31325,Campylobacter
31326,Campylobacter
31327,Campylobacter
31328,Campylobacter
31329,Campylobacter
31330,Campylobacter
31331,Campylobacter
31332,Campylobacter
31333,Campylobacter
31334,Campylobacter
31335,Campylobacter
31336,Campylobacter
31337,Campylobacter
31338,Campylobacter
31339,Campylobacter
31340,Campylobacter
31341,Campylobacter
31342,Campylobacter
31343,Campylobacter
31344,Campylobacter
31345,Campylobacter
31346,Campylobacter
31348,Campylobacter
31349,Campylobacter
31350,Campylobacter
31351,Campylobacter
31352,Campylobacter
31353,Campylobacter
31354,Campylobacter
31355,Campylobacter
31356,Campylobacter
31357,Campylobacter
31358,Campylobacter
31359,Campylobacter
31360,Campylobacter
31361,Campylobacter
31362,Campylobacter
31363,Campylobacter
31364,Campylobacter
31365,Campylobacter
31366,Campylobacter
31367,Campylobacter
31368,Campylobacter
31369,Campylobacter
31370,Campylobacter
31371,Campylobacter
31372,Campylobacter
31373,Campylobacter
31374,Campylobacter
31375,Campylobacter
31376,Campylobacter
31377,Campylobacter
31378,Campylobacter
31379,Campylobacter
31380,Campylobacter
31381,Campylobacter
31382,Campylobacter
31383,Campylobacter
31384,Campylobacter
31385,Campylobacter
31386,Campylobacter
31387,Campylobacter
31388,Campylobacter
31389,Campylobacter
31390,Campylobacter
31391,Campylobacter
31392,Campylobacter
31393,Campylobacter
31394,Campylobacter
31395,Campylobacter
31396,Campylobacter
31397,Campylobacter
31398,Campylobacter
31399,Campylobacter
31400,Campylobacter
31401,Campylobacter
31402,Campylobacter
31403,Campylobacter
31404,Campylobacter
31405,Campylobacter
31406,Campylobacter
31407,Campylobacter
31408,Campylobacter
31409,Campylobacter
31410,Campylobacter
31411,Campylobacter
31412,Campylobacter
31413,Campylobacter
31414,Campylobacter
31415,Campylobacter
31416,Campylobacter
31417,Campylobacter
31418,Campylobacter
31419,Campylobacter
31420,Campylobacter
31421,Campylobacter
31422,Campylobacter
31423,Campylobacter
31424,Campylobacter
31425,Campylobacter
31426,Campylobacter
31427,Campylobacter
31428,Campylobacter
31429,Campylobacter
31430,Campylobacter
31431,Campylobacter
31432,Campylobacter
31433,Campylobacter
31434,Campylobacter
31435,Campylobacter
31436,Campylobacter
31437,Campylobacter
31438,Campylobacter
31439,Campylobacter
31440,Campylobacter
31441,Campylobacter
31442,Campylobacter
31443,Campylobacter
31444,Campylobacter
31445,Campylobacter
31446,Campylobacter
31447,Campylobacter
31448,Campylobacter
31449,Campylobacter
31450,Campylobacter
31451,Campylobacter
31452,Campylobacter
31453,Campylobacter
31454,Campylobacter
31455,Campylobacter
31456,Campylobacter
31457,Campylobacter
31458,Campylobacter
31459,Campylobacter
31460,Campylobacter
31461,Campylobacter
31462,Campylobacter
31463,Campylobacter
31465,Campylobacter
31466,Campylobacter
31467,Campylobacter
31468,Campylobacter
31469,Campylobacter
31470,Campylobacter
31471,Campylobacter
31472,Campylobacter
31473,Campylobacter
31474,Campylobacter
31475,Campylobacter
31476,Campylobacter
31477,Campylobacter
31478,Campylobacter
31479,Campylobacter
31480,Campylobacter
31483,Campylobacter
31484,Campylobacter
31485,Campylobacter
31486,Campylobacter
31487,Campylobacter
31488,Campylobacter
31490,Campylobacter
31491,Campylobacter
31492,Campylobacter
31493,Campylobacter
31494,Campylobacter
31495,Campylobacter
31496,Campylobacter
31497,Campylobacter
31498,Campylobacter
31499,Campylobacter
31500,Campylobacter
31501,Campylobacter
31502,Campylobacter
31503,Campylobacter
31504,Campylobacter
31505,Campylobacter
31506,Campylobacter
31507,Campylobacter
31508,Campylobacter
31509,Campylobacter
31510,Campylobacter
31511,Campylobacter
31512,Campylobacter
31513,Campylobacter
31514,Campylobacter
31515,Campylobacter
31516,Campylobacter
31517,Campylobacter
31518,Campylobacter
31519,Campylobacter
32032,Campylobacter
32033,Campylobacter
32038,Campylobacter
32040,Campylobacter
32303,Campylobacter
32320,Campylobacter
32362,Campylobacter
32577,Campylobacter
32578,Campylobacter
32757,Campylobacter
32758,Campylobacter
32759,Campylobacter
32760,Campylobacter
32761,Campylobacter
32762,Campylobacter
32763,Campylobacter
32764,Campylobacter
32766,Campylobacter
32767,Campylobacter
32768,Campylobacter
32769,Campylobacter
32770,Campylobacter
32771,Campylobacter
32772,Campylobacter
32773,Campylobacter
32774,Campylobacter
32775,Campylobacter
32776,Campylobacter
32777,Campylobacter
32778,Campylobacter
32779,Campylobacter
32780,Campylobacter
32781,Campylobacter
32782,Campylobacter
32783,Campylobacter
32784,Campylobacter
32785,Campylobacter
32786,Campylobacter
32787,Campylobacter
32788,Campylobacter
32789,Campylobacter
32790,Campylobacter
32792,Campylobacter
32793,Campylobacter
32794,Campylobacter
32795,Campylobacter
32797,Campylobacter
32798,Campylobacter
32799,Campylobacter
32800,Campylobacter
32801,Campylobacter
32802,Campylobacter
32803,Campylobacter
32804,Campylobacter
32805,Campylobacter
32806,Campylobacter
32807,Campylobacter
32808,Campylobacter
32809,Campylobacter
32810,Campylobacter
32811,Campylobacter
32812,Campylobacter
32813,Campylobacter
32814,Campylobacter
32815,Campylobacter
32816,Campylobacter
32817,Campylobacter
32818,Campylobacter
32819,Campylobacter
32820,Campylobacter
32822,Campylobacter
32823,Campylobacter
32824,Campylobacter
32825,Campylobacter
32826,Campylobacter
32827,Campylobacter
32828,Campylobacter
32829,Campylobacter
32830,Campylobacter
32831,Campylobacter
32832,Campylobacter
32833,Campylobacter
32834,Campylobacter
32835,Campylobacter
32836,Campylobacter
32837,Campylobacter
32838,Campylobacter
32839,Campylobacter
32840,Campylobacter
32841,Campylobacter
32842,Campylobacter
32843,Campylobacter
32844,Campylobacter
32845,Campylobacter
32846,Campylobacter
32847,Campylobacter
32848,Campylobacter
32849,Campylobacter
32850,Campylobacter
32851,Campylobacter
32852,Campylobacter
32853,Campylobacter
32854,Campylobacter
32855,Campylobacter
32856,Campylobacter
32857,Campylobacter
32858,Campylobacter
32859,Campylobacter
32860,Campylobacter
32861,Campylobacter
32862,Campylobacter
32863,Campylobacter
32864,Campylobacter
32865,Campylobacter
32866,Campylobacter
32867,Campylobacter
32868,Campylobacter
32869,Campylobacter
32870,Campylobacter
32871,Campylobacter
32872,Campylobacter
32873,Campylobacter
32874,Campylobacter
32875,Campylobacter
32876,Campylobacter
32877,Campylobacter
32878,Campylobacter
32879,Campylobacter
32880,Campylobacter
32881,Campylobacter
32882,Campylobacter
32883,Campylobacter
32884,Campylobacter
32885,Campylobacter
32886,Campylobacter
32887,Campylobacter
32888,Campylobacter
32889,Campylobacter
32890,Campylobacter
32891,Campylobacter
32892,Campylobacter
32893,Campylobacter
32894,Campylobacter
32895,Campylobacter
32896,Campylobacter
32897,Campylobacter
32899,Campylobacter
32901,Campylobacter
32902,Campylobacter
32903,Campylobacter
32904,Campylobacter
32905,Campylobacter
32906,Campylobacter
32907,Campylobacter
32909,Campylobacter
32910,Campylobacter
32911,Campylobacter
32912,Campylobacter
32913,Campylobacter
32914,Campylobacter
32915,Campylobacter
32916,Campylobacter
32917,Campylobacter
32918,Campylobacter
32919,Campylobacter
32920,Campylobacter
32921,Campylobacter
32922,Campylobacter
32924,Campylobacter
32925,Campylobacter
32926,Campylobacter
32927,Campylobacter
32928,Campylobacter
32929,Campylobacter
32930,Campylobacter
32931,Campylobacter
32932,Campylobacter
32933,Campylobacter
32935,Campylobacter
32936,Campylobacter
32937,Campylobacter
32938,Campylobacter
32939,Campylobacter
32940,Campylobacter
32941,Campylobacter
33117,Campylobacter
33118,Campylobacter
33119,Campylobacter
33120,Campylobacter
33121,Campylobacter
33122,Campylobacter
33123,Campylobacter
33124,Campylobacter
33125,Campylobacter
33126,Campylobacter
33127,Campylobacter
33128,Campylobacter
33129,Campylobacter
33130,Campylobacter
33131,Campylobacter
33132,Campylobacter
33133,Campylobacter
34418,Campylobacter
34419,Campylobacter
34420,Campylobacter
34421,Campylobacter
34422,Campylobacter
34423,Campylobacter
34424,Campylobacter
34425,Campylobacter
34427,Campylobacter
34428,Campylobacter
34429,Campylobacter
34430,Campylobacter
34431,Campylobacter
34432,Campylobacter
34433,Campylobacter
34434,Campylobacter
34435,Campylobacter
34436,Campylobacter
34438,Campylobacter
34439,Campylobacter
34440,Campylobacter
34441,Campylobacter
34443,Campylobacter
34444,Campylobacter
34446,Campylobacter
34447,Campylobacter
34448,Campylobacter
34449,Campylobacter
34450,Campylobacter
34451,Campylobacter
34452,Campylobacter
34453,Campylobacter
34454,Campylobacter
34455,Campylobacter
34456,Campylobacter
34457,Campylobacter
34458,Campylobacter
34459,Campylobacter
34460,Campylobacter
34461,Campylobacter
34462,Campylobacter
34463,Campylobacter
34464,Campylobacter
34465,Campylobacter
34466,Campylobacter
34467,Campylobacter
34468,Campylobacter
34469,Campylobacter
34470,Campylobacter
34471,Campylobacter
34472,Campylobacter
34473,Campylobacter
34474,Campylobacter
34475,Campylobacter
34476,Campylobacter
34477,Campylobacter
34478,Campylobacter
34479,Campylobacter
34481,Campylobacter
34482,Campylobacter
34483,Campylobacter
34484,Campylobacter
34485,Campylobacter
34486,Campylobacter
34488,Campylobacter
34489,Campylobacter
34490,Campylobacter
34491,Campylobacter
34492,Campylobacter
34493,Campylobacter
34494,Campylobacter
34495,Campylobacter
34496,Campylobacter
34497,Campylobacter
34498,Campylobacter
34499,Campylobacter
34500,Campylobacter
34501,Campylobacter
34502,Campylobacter
34503,Campylobacter
34504,Campylobacter
34506,Campylobacter
34507,Campylobacter
34508,Campylobacter
34509,Campylobacter
34510,Campylobacter
34511,Campylobacter
34512,Campylobacter
34514,Campylobacter
34515,Campylobacter
34516,Campylobacter
34517,Campylobacter
34518,Campylobacter
34519,Campylobacter
34520,Campylobacter
34521,Campylobacter
34522,Campylobacter
34523,Campylobacter
34524,Campylobacter
34525,Campylobacter
34526,Campylobacter
34527,Campylobacter
34528,Campylobacter
34529,Campylobacter
34530,Campylobacter
34531,Campylobacter
43603,Campylobacter
43604,Campylobacter
43605,Campylobacter
43606,Campylobacter
43607,Campylobacter
43608,Campylobacter
43609,Campylobacter
43610,Campylobacter
43611,Campylobacter
43612,Campylobacter
43613,Campylobacter
43614,Campylobacter
43615,Campylobacter
43616,Campylobacter
43617,Campylobacter
43625,Campylobacter
43665,Campylobacter
43668,Campylobacter
43669,Campylobacter
43671,Campylobacter
43674,Campylobacter
43677,Campylobacter
43678,Campylobacter
43679,Campylobacter
43682,Campylobacter
43683,Campylobacter
43684,Campylobacter
43685,Campylobacter
43689,Campylobacter
43690,Campylobacter
43692,Campylobacter
43694,Campylobacter
43695,Campylobacter
43699,Campylobacter
43702,Campylobacter
43706,Campylobacter
43707,Campylobacter
43709,Campylobacter
43711,Campylobacter
43712,Campylobacter
43714,Campylobacter
43715,Campylobacter
43717,Campylobacter
43720,Campylobacter
43721,Campylobacter
43722,Campylobacter
43732,Campylobacter
43734,Campylobacter
43736,Campylobacter
43737,Campylobacter
43741,Campylobacter
43743,Campylobacter
43748,Campylobacter
43754,Campylobacter
43755,Campylobacter
43756,Campylobacter
43757,Campylobacter
43760,Campylobacter
43761,Campylobacter
43762,Campylobacter
43764,Campylobacter
43765,Campylobacter
43767,Campylobacter
43772,Campylobacter
43779,Campylobacter
43780,Campylobacter
43784,Campylobacter
43790,Campylobacter
43791,Campylobacter
43792,Campylobacter
43797,Campylobacter
43801,Campylobacter
43806,Campylobacter
43807,Campylobacter
43809,Campylobacter
43810,Campylobacter
43811,Campylobacter
43813,Campylobacter
43824,Campylobacter
43825,Campylobacter
43828,Campylobacter
43833,Campylobacter
43836,Campylobacter
43837,Campylobacter
43840,Campylobacter
43843,Campylobacter
43844,Campylobacter
43847,Campylobacter
43849,Campylobacter
43850,Campylobacter
43852,Campylobacter
43855,Campylobacter
43857,Campylobacter
43858,Campylobacter
43859,Campylobacter
43860,Campylobacter
43862,Campylobacter
43865,Campylobacter
43867,Campylobacter
43870,Campylobacter
43871,Campylobacter
43876,Campylobacter
43878,Campylobacter
43882,Campylobacter
43885,Campylobacter
43887,Campylobacter
43891,Campylobacter
43893,Campylobacter
43895,Campylobacter
47292,Campylobacter
47294,Campylobacter
47295,Campylobacter
47302,Campylobacter
47303,Campylobacter
47304,Campylobacter
47306,Campylobacter
47312,Campylobacter
47315,Campylobacter
47316,Campylobacter
47322,Campylobacter
47324,Campylobacter
47326,Campylobacter
47329,Campylobacter
47331,Campylobacter
47332,Campylobacter
47333,Campylobacter
47334,Campylobacter
47335,Campylobacter
47337,Campylobacter
47340,Campylobacter
47342,Campylobacter
47345,Campylobacter
47352,Campylobacter
47353,Campylobacter
47354,Campylobacter
47355,Campylobacter
47356,Campylobacter
47359,Campylobacter
47361,Campylobacter
47508,Campylobacter
47512,Campylobacter
47696,Campylobacter
47699,Campylobacter
47700,Campylobacter
47701,Campylobacter
47703,Campylobacter
47706,Campylobacter
47712,Campylobacter
47713,Campylobacter
47715,Campylobacter
47716,Campylobacter
47721,Campylobacter
47722,Campylobacter
47730,Campylobacter
47731,Campylobacter
47733,Campylobacter
47736,Campylobacter
47737,Campylobacter
47739,Campylobacter
47743,Campylobacter
47748,Campylobacter
47752,Campylobacter
47753,Campylobacter
47756,Campylobacter
47759,Campylobacter
47762,Campylobacter
47763,Campylobacter
47764,Campylobacter
47769,Campylobacter
47770,Campylobacter
47776,Campylobacter
47779,Campylobacter
47787,Campylobacter
47789,Campylobacter
47791,Campylobacter
47864,Campylobacter
47866,Campylobacter
47868,Campylobacter
47871,Campylobacter
47885,Campylobacter
47887,Campylobacter
47890,Campylobacter
47892,Campylobacter
47893,Campylobacter
47894,Campylobacter
47898,Campylobacter
47900,Campylobacter
47906,Campylobacter
47907,Campylobacter
47908,Campylobacter
47917,Campylobacter
47921,Campylobacter
47930,Campylobacter
47938,Campylobacter
47943,Campylobacter
47965,Campylobacter
47968,Campylobacter
48449,Campylobacter
50134,Campylobacter
50136,Campylobacter
50140,Campylobacter
50144,Campylobacter
50145,Campylobacter
50151,Campylobacter
50152,Campylobacter
50161,Campylobacter
50162,Campylobacter
50163,Campylobacter
50164,Campylobacter
50165,Campylobacter
50201,Campylobacter
50202,Campylobacter
50209,Campylobacter
50210,Campylobacter
50217,Campylobacter
50221,Campylobacter
50222,Campylobacter
50224,Campylobacter
50225,Campylobacter
50239,Campylobacter
50240,Campylobacter
50241,Campylobacter
50255,Campylobacter
50256,Campylobacter
50258,Campylobacter
50259,Campylobacter
50266,Campylobacter
50269,Campylobacter
50273,Campylobacter
50275,Campylobacter
50276,Campylobacter
50289,Campylobacter
50290,Campylobacter
50293,Campylobacter
50302,Campylobacter
50303,Campylobacter
50305,Campylobacter
50306,Campylobacter
50307,Campylobacter
50308,Campylobacter
50309,Campylobacter
50321,Campylobacter
50322,Campylobacter
50323,Campylobacter
50324,Campylobacter
50330,Campylobacter
50331,Campylobacter
50332,Campylobacter
50333,Campylobacter
50334,Campylobacter
50335,Campylobacter
50341,Campylobacter
50346,Campylobacter
50348,Campylobacter
50349,Campylobacter
50352,Campylobacter
50353,Campylobacter
50467,Campylobacter
50469,Campylobacter
50470,Campylobacter
50471,Campylobacter
50472,Campylobacter
50473,Campylobacter
50474,Campylobacter
50475,Campylobacter
50476,Campylobacter
50484,Campylobacter
50499,Campylobacter
50500,Campylobacter
50501,Campylobacter
50502,Campylobacter
50503,Campylobacter
50504,Campylobacter
50506,Campylobacter
50507,Campylobacter
50508,Campylobacter
50509,Campylobacter
50510,Campylobacter
50516,Campylobacter
50517,Campylobacter
50518,Campylobacter
50526,Campylobacter
50527,Campylobacter
50528,Campylobacter
50530,Campylobacter
50541,Campylobacter
50542,Campylobacter
50543,Campylobacter
50544,Campylobacter
50563,Campylobacter
50564,Campylobacter
50572,Campylobacter
50577,Campylobacter
50592,Campylobacter
50599,Campylobacter
50605,Campylobacter
50606,Campylobacter
50608,Campylobacter
50609,Campylobacter
50610,Campylobacter
50611,Campylobacter
50612,Campylobacter
50617,Campylobacter
50618,Campylobacter
50635,Campylobacter
50636,Campylobacter
50637,Campylobacter
50638,Campylobacter
50673,Campylobacter
50744,Campylobacter
50745,Campylobacter
50749,Campylobacter
50750,Campylobacter
50751,Campylobacter
50844,Campylobacter
50910,Campylobacter
50912,Campylobacter
50913,Campylobacter
50914,Campylobacter
50915,Campylobacter
50916,Campylobacter
50917,Campylobacter
50921,Campylobacter
50938,Campylobacter
51070,Campylobacter
51071,Campylobacter
51074,Campylobacter
51110,Campylobacter
51112,Campylobacter
51278,Campylobacter
51302,Campylobacter
51380,Campylobacter
51381,Campylobacter
51382,Campylobacter
51383,Campylobacter
51384,Campylobacter
51385,Campylobacter
51386,Campylobacter
51387,Campylobacter
51388,Campylobacter
51394,Campylobacter
51395,Campylobacter
51396,Campylobacter
51397,Campylobacter
51406,Campylobacter
51407,Campylobacter
51408,Campylobacter
51409,Campylobacter
51410,Campylobacter
51414,Campylobacter
51430,Campylobacter
51685,Campylobacter
51707,Campylobacter
51708,Campylobacter
51709,Campylobacter
51710,Campylobacter
51711,Campylobacter
51715,Campylobacter
51716,Campylobacter
51717,Campylobacter
51718,Campylobacter
51757,Campylobacter
51879,Campylobacter
56194,Campylobacter
56218,Campylobacter
56258,Campylobacter
56271,Campylobacter
56287,Campylobacter
56303,Campylobacter
56311,Campylobacter
56325,Campylobacter
56523,Campylobacter
56526,Campylobacter
56529,Campylobacter
56530,Campylobacter
56531,Campylobacter
56532,Campylobacter
56548,Campylobacter
56549,Campylobacter
56552,Campylobacter
56553,Campylobacter
56558,Campylobacter
56559,Campylobacter
56560,Campylobacter
56564,Campylobacter
56565,Campylobacter
56566,Campylobacter
56567,Campylobacter
56568,Campylobacter
56569,Campylobacter
56570,Campylobacter
56571,Campylobacter
56586,Campylobacter
56587,Campylobacter
56588,Campylobacter
56589,Campylobacter
56590,Campylobacter
56591,Campylobacter
56592,Campylobacter
56982,Campylobacter
56991,Campylobacter
56992,Campylobacter
56993,Campylobacter
56994,Campylobacter
56995,Campylobacter
56996,Campylobacter
56997,Campylobacter
56998,Campylobacter
56999,Campylobacter
57195,Campylobacter
57196,Campylobacter
57197,Campylobacter
57198,Campylobacter
57199,Campylobacter
57200,Campylobacter
57215,Campylobacter
57216,Campylobacter
57224,Campylobacter
57225,Campylobacter
57226,Campylobacter
57227,Campylobacter
57228,Campylobacter
57229,Campylobacter
57230,Campylobacter
57233,Campylobacter
57234,Campylobacter
57239,Campylobacter
57240,Campylobacter
57241,Campylobacter
57242,Campylobacter
57243,Campylobacter
57276,Campylobacter
57277,Campylobacter
57278,Campylobacter
57279,Campylobacter
57280,Campylobacter
57281,Campylobacter
57282,Campylobacter
57283,Campylobacter
57288,Campylobacter
57306,Campylobacter
57308,Campylobacter
57309,Campylobacter
57331,Campylobacter
57332,Campylobacter
57333,Campylobacter
57334,Campylobacter
57335,Campylobacter
57338,Campylobacter
57339,Campylobacter
57340,Campylobacter
57341,Campylobacter
57349,Campylobacter
57350,Campylobacter
57351,Campylobacter
57352,Campylobacter
57359,Campylobacter
57365,Campylobacter
57366,Campylobacter
57368,Campylobacter
57369,Campylobacter
57372,Campylobacter
57373,Campylobacter
57380,Campylobacter
57389,Campylobacter
57391,Campylobacter
57392,Campylobacter
57396,Campylobacter
57397,Campylobacter
57398,Campylobacter
57399,Campylobacter
57400,Campylobacter
57401,Campylobacter
57402,Campylobacter
57403,Campylobacter
57404,Campylobacter
57405,Campylobacter
57406,Campylobacter
57407,Campylobacter
57410,Campylobacter
57411,Campylobacter
57412,Campylobacter
57648,Campylobacter
57649,Campylobacter
57650,Campylobacter
57651,Campylobacter
57652,Campylobacter
57653,Campylobacter
57654,Campylobacter
57655,Campylobacter
57798,Campylobacter
57799,Campylobacter
58054,Campylobacter
58074,Campylobacter
58076,Campylobacter
58083,Campylobacter
58084,Campylobacter
58216,Campylobacter
58218,Campylobacter
58219,Campylobacter
58220,Campylobacter
58230,Campylobacter
58231,Campylobacter
58232,Campylobacter
58233,Campylobacter
58235,Campylobacter
58237,Campylobacter
58238,Campylobacter
58240,Campylobacter
58242,Campylobacter
58244,Campylobacter
58245,Campylobacter
58249,Campylobacter
58250,Campylobacter
58251,Campylobacter
58252,Campylobacter
58256,Campylobacter
58258,Campylobacter
58260,Campylobacter
58263,Campylobacter
58268,Campylobacter
58269,Campylobacter
58270,Campylobacter
58275,Campylobacter
58276,Campylobacter
58277,Campylobacter
58278,Campylobacter
58279,Campylobacter
58280,Campylobacter
58285,Campylobacter
58286,Campylobacter
58287,Campylobacter
58288,Campylobacter
58291,Campylobacter
58293,Campylobacter
58304,Campylobacter
58306,Campylobacter
58308,Campylobacter
58341,Campylobacter
58345,Campylobacter
58346,Campylobacter
58347,Campylobacter
58350,Campylobacter
58352,Campylobacter
58353,Campylobacter
58356,Campylobacter
58357,Campylobacter
58359,Campylobacter
58360,Campylobacter
58368,Campylobacter
58371,Campylobacter
58372,Campylobacter
58373,Campylobacter
58376,Campylobacter
58379,Campylobacter
58380,Campylobacter
58384,Campylobacter
58391,Campylobacter
58393,Campylobacter
58396,Campylobacter
58398,Campylobacter
58399,Campylobacter
58400,Campylobacter
58402,Campylobacter
58403,Campylobacter
58406,Campylobacter
58407,Campylobacter
58408,Campylobacter
58413,Campylobacter
58414,Campylobacter
58422,Campylobacter
58423,Campylobacter
58428,Campylobacter
58430,Campylobacter
58433,Campylobacter
58434,Campylobacter
58435,Campylobacter
58437,Campylobacter
58439,Campylobacter
58440,Campylobacter
58448,Campylobacter
58449,Campylobacter
58454,Campylobacter
58456,Campylobacter
58461,Campylobacter
58462,Campylobacter
58463,Campylobacter
58996,Campylobacter
58997,Campylobacter
58998,Campylobacter
59001,Campylobacter
59003,Campylobacter
59008,Campylobacter
59009,Campylobacter
59013,Campylobacter
59014,Campylobacter
59015,Campylobacter
59020,Campylobacter
59021,Campylobacter
59029,Campylobacter
59030,Campylobacter
59031,Campylobacter
59032,Campylobacter
59033,Campylobacter
59034,Campylobacter
59035,Campylobacter
59036,Campylobacter
59037,Campylobacter
59038,Campylobacter
59039,Campylobacter
59040,Campylobacter
59400,Campylobacter
59402,Campylobacter
59403,Campylobacter
59405,Campylobacter
59410,Campylobacter
59411,Campylobacter
59412,Campylobacter
59417,Campylobacter
59419,Campylobacter
59420,Campylobacter
59421,Campylobacter
59422,Campylobacter
59423,Campylobacter
59427,Campylobacter
59428,Campylobacter
59429,Campylobacter
59439,Campylobacter
59440,Campylobacter
59441,Campylobacter
59442,Campylobacter
59443,Campylobacter
59444,Campylobacter
59473,Campylobacter
59474,Campylobacter
59475,Campylobacter
59476,Campylobacter
59477,Campylobacter
59478,Campylobacter
59482,Campylobacter
59483,Campylobacter
59485,Campylobacter
59486,Campylobacter
59491,Campylobacter
59492,Campylobacter
59495,Campylobacter
59501,Campylobacter
59502,Campylobacter
59503,Campylobacter
59506,Campylobacter
59507,Campylobacter
59508,Campylobacter
59509,Campylobacter
59510,Campylobacter
59520,Campylobacter
59523,Campylobacter
59524,Campylobacter
59525,Campylobacter
59526,Campylobacter
59527,Campylobacter
59535,Campylobacter
59540,Campylobacter
59541,Campylobacter
59542,Campylobacter
59548,Campylobacter
59549,Campylobacter
59555,Campylobacter
59556,Campylobacter
59557,Campylobacter
59564,Campylobacter
59565,Campylobacter
59573,Campylobacter
59578,Campylobacter
59579,Campylobacter
59580,Campylobacter
59581,Campylobacter
59582,Campylobacter
59596,Campylobacter
59597,Campylobacter
59598,Campylobacter
59599,Campylobacter
59600,Campylobacter
59601,Campylobacter
59602,Campylobacter
59603,Campylobacter
59604,Campylobacter
59612,Campylobacter
59621,Campylobacter
59623,Campylobacter
59627,Campylobacter
59630,Campylobacter
59631,Campylobacter
59632,Campylobacter
59633,Campylobacter
59634,Campylobacter
59635,Campylobacter
59636,Campylobacter
59637,Campylobacter
59639,Campylobacter
59640,Campylobacter
59649,Campylobacter
59650,Campylobacter
59651,Campylobacter
59652,Campylobacter
59665,Campylobacter
59666,Campylobacter
59667,Campylobacter
59668,Campylobacter
59669,Campylobacter
59670,Campylobacter
59671,Campylobacter
59672,Campylobacter
59673,Campylobacter
59674,Campylobacter
59683,Campylobacter
59684,Campylobacter
59685,Campylobacter
59686,Campylobacter
59687,Campylobacter
59688,Campylobacter
59689,Campylobacter
59690,Campylobacter
59702,Campylobacter
59707,Campylobacter
59732,Campylobacter
59733,Campylobacter
59734,Campylobacter
59735,Campylobacter
59736,Campylobacter
59740,Campylobacter
59741,Campylobacter
59743,Campylobacter
59744,Campylobacter
59745,Campylobacter
59746,Campylobacter
59748,Campylobacter
59752,Campylobacter
59754,Campylobacter
59755,Campylobacter
59759,Campylobacter
59762,Campylobacter
59763,Campylobacter
59765,Campylobacter
59767,Campylobacter
59769,Campylobacter
59771,Campylobacter
59773,Campylobacter
59776,Campylobacter
59777,Campylobacter
59778,Campylobacter
59779,Campylobacter
59782,Campylobacter
59783,Campylobacter
59784,Campylobacter
59785,Campylobacter
59786,Campylobacter
59787,Campylobacter
59788,Campylobacter
59789,Campylobacter
59791,Campylobacter
59792,Campylobacter
59794,Campylobacter
59796,Campylobacter
59797,Campylobacter
59799,Campylobacter
59800,Campylobacter
59801,Campylobacter
59803,Campylobacter
59804,Campylobacter
59805,Campylobacter
59806,Campylobacter
59807,Campylobacter
59809,Campylobacter
59810,Campylobacter
59811,Campylobacter
59812,Campylobacter
59813,Campylobacter
60470,Campylobacter
60472,Campylobacter
61091,Campylobacter
61093,Campylobacter
61097,Campylobacter
61101,Campylobacter
61102,Campylobacter
61105,Campylobacter
61106,Campylobacter
61107,Campylobacter
61108,Campylobacter
61110,Campylobacter
61115,Campylobacter
61118,Campylobacter
61121,Campylobacter
61123,Campylobacter
61125,Campylobacter
61126,Campylobacter
61128,Campylobacter
61132,Campylobacter
61135,Campylobacter
61136,Campylobacter
61137,Campylobacter
61138,Campylobacter
61139,Campylobacter
61140,Campylobacter
61142,Campylobacter
61143,Campylobacter
61144,Campylobacter
61148,Campylobacter
61149,Campylobacter
61151,Campylobacter
61152,Campylobacter
61154,Campylobacter
61155,Campylobacter
61158,Campylobacter
61160,Campylobacter
61161,Campylobacter
61162,Campylobacter
61163,Campylobacter
61165,Campylobacter
61166,Campylobacter
61167,Campylobacter
61168,Campylobacter
61171,Campylobacter
61173,Campylobacter
61174,Campylobacter
61175,Campylobacter
61176,Campylobacter
61177,Campylobacter
61178,Campylobacter
61180,Campylobacter
61181,Campylobacter
61183,Campylobacter
61184,Campylobacter
61190,Campylobacter
61191,Campylobacter
61194,Campylobacter
61195,Campylobacter
61196,Campylobacter
61198,Campylobacter
61199,Campylobacter
61200,Campylobacter
61201,Campylobacter
61202,Campylobacter
61206,Campylobacter
61213,Campylobacter
61214,Campylobacter
61216,Campylobacter
61219,Campylobacter
61222,Campylobacter
61223,Campylobacter
61225,Campylobacter
61227,Campylobacter
61229,Campylobacter
61230,Campylobacter
61232,Campylobacter
61234,Campylobacter
61237,Campylobacter
61238,Campylobacter
61239,Campylobacter
61240,Campylobacter
61242,Campylobacter
61243,Campylobacter
61244,Campylobacter
61246,Campylobacter
61247,Campylobacter
61248,Campylobacter
61249,Campylobacter
61250,Campylobacter
61253,Campylobacter
61254,Campylobacter
61255,Campylobacter
61256,Campylobacter
61257,Campylobacter
61258,Campylobacter
61259,Campylobacter
61261,Campylobacter
61263,Campylobacter
61264,Campylobacter
61265,Campylobacter
61273,Campylobacter
61274,Campylobacter
61275,Campylobacter
61276,Campylobacter
61277,Campylobacter
61278,Campylobacter
61279,Campylobacter
61281,Campylobacter
61285,Campylobacter
61287,Campylobacter
61288,Campylobacter
61292,Campylobacter
61295,Campylobacter
61301,Campylobacter
61309,Campylobacter
61311,Campylobacter
61312,Campylobacter
61315,Campylobacter
61316,Campylobacter
61317,Campylobacter
61318,Campylobacter
61319,Campylobacter
61322,Campylobacter
61325,Campylobacter
61327,Campylobacter
61331,Campylobacter
61334,Campylobacter
61339,Campylobacter
61343,Campylobacter
61344,Campylobacter
61346,Campylobacter
61352,Campylobacter
61353,Campylobacter
61355,Campylobacter
61359,Campylobacter
61365,Campylobacter
61383,Campylobacter
61389,Campylobacter
61390,Campylobacter
61392,Campylobacter
61395,Campylobacter
61397,Campylobacter
61403,Campylobacter
62585,Campylobacter
62589,Campylobacter
62591,Campylobacter
62592,Campylobacter
62596,Campylobacter
62598,Campylobacter
62599,Campylobacter
62600,Campylobacter
62601,Campylobacter
62606,Campylobacter
62608,Campylobacter
62613,Campylobacter
62614,Campylobacter
62615,Campylobacter
62618,Campylobacter
62626,Campylobacter
62632,Campylobacter
62633,Campylobacter
62634,Campylobacter
62635,Campylobacter
62637,Campylobacter
62639,Campylobacter
62640,Campylobacter
62643,Campylobacter
62644,Campylobacter
62646,Campylobacter
62651,Campylobacter
62652,Campylobacter
62653,Campylobacter
62656,Campylobacter
62657,Campylobacter
62668,Campylobacter
62671,Campylobacter
62672,Campylobacter
62675,Campylobacter
62677,Campylobacter
62678,Campylobacter
62681,Campylobacter
62684,Campylobacter
62688,Campylobacter
62691,Campylobacter
62694,Campylobacter
62695,Campylobacter
62701,Campylobacter
62706,Campylobacter
62707,Campylobacter
62708,Campylobacter
62710,Campylobacter
62711,Campylobacter
62719,Campylobacter
62722,Campylobacter
62724,Campylobacter
62727,Campylobacter
62733,Campylobacter
62736,Campylobacter
62737,Campylobacter
62739,Campylobacter
62741,Campylobacter
62744,Campylobacter
62746,Campylobacter
62747,Campylobacter
62749,Campylobacter
62750,Campylobacter
62754,Campylobacter
62756,Campylobacter
62757,Campylobacter
62760,Campylobacter
62762,Campylobacter
62768,Campylobacter
62769,Campylobacter
62772,Campylobacter
62773,Campylobacter
62775,Campylobacter
62780,Campylobacter
62782,Campylobacter
62784,Campylobacter
62787,Campylobacter
62790,Campylobacter
62791,Campylobacter
62793,Campylobacter
62794,Campylobacter
62796,Campylobacter
62800,Campylobacter
62801,Campylobacter
62803,Campylobacter
62807,Campylobacter
62809,Campylobacter
62810,Campylobacter
62811,Campylobacter
62813,Campylobacter
62815,Campylobacter
62816,Campylobacter
62818,Campylobacter
62819,Campylobacter
62820,Campylobacter
62823,Campylobacter
62826,Campylobacter
62827,Campylobacter
62828,Campylobacter
62829,Campylobacter
62831,Campylobacter
62838,Campylobacter
62839,Campylobacter
62840,Campylobacter
62841,Campylobacter
62842,Campylobacter
62843,Campylobacter
62846,Campylobacter
62849,Campylobacter
62850,Campylobacter
62852,Campylobacter
62855,Campylobacter
62857,Campylobacter
62858,Campylobacter
62859,Campylobacter
62860,Campylobacter
62862,Campylobacter
62863,Campylobacter
62866,Campylobacter
62867,Campylobacter
62870,Campylobacter
62871,Campylobacter
62873,Campylobacter
62875,Campylobacter
62876,Campylobacter
62878,Campylobacter
62879,Campylobacter
62880,Campylobacter
62882,Campylobacter
62883,Campylobacter
62884,Campylobacter
62895,Campylobacter
62897,Campylobacter
62900,Campylobacter
62903,Campylobacter
62904,Campylobacter
62905,Campylobacter
62906,Campylobacter
62915,Campylobacter
62918,Campylobacter
62919,Campylobacter
62920,Campylobacter
62921,Campylobacter
62922,Campylobacter
62923,Campylobacter
62924,Campylobacter
62928,Campylobacter
62930,Campylobacter
62931,Campylobacter
62933,Campylobacter
62937,Campylobacter
62939,Campylobacter
62941,Campylobacter
62942,Campylobacter
62943,Campylobacter
62945,Campylobacter
62946,Campylobacter
62947,Campylobacter
62948,Campylobacter
62949,Campylobacter
62953,Campylobacter
62957,Campylobacter
62958,Campylobacter
62962,Campylobacter
69220,Campylobacter
69224,Campylobacter
69225,Campylobacter
69227,Campylobacter
69237,Campylobacter
69242,Campylobacter
69249,Campylobacter
69251,Campylobacter
69252,Campylobacter
69256,Campylobacter
69258,Campylobacter
69259,Campylobacter
69261,Campylobacter
69264,Campylobacter
69269,Campylobacter
69272,Campylobacter
69273,Campylobacter
69275,Campylobacter
69278,Campylobacter
69287,Campylobacter
69289,Campylobacter
69292,Campylobacter
69293,Campylobacter
69294,Campylobacter
69295,Campylobacter
69296,Campylobacter
69297,Campylobacter
69300,Campylobacter
69302,Campylobacter
69303,Campylobacter
69304,Campylobacter
69307,Campylobacter
69310,Campylobacter
69313,Campylobacter
69315,Campylobacter
69316,Campylobacter
69319,Campylobacter
69322,Campylobacter
69323,Campylobacter
69324,Campylobacter
69325,Campylobacter
69328,Campylobacter
69329,Campylobacter
69331,Campylobacter
69332,Campylobacter
69333,Campylobacter
69334,Campylobacter
69339,Campylobacter
69342,Campylobacter
69350,Campylobacter
69352,Campylobacter
69356,Campylobacter
69357,Campylobacter
69358,Campylobacter
69360,Campylobacter
69362,Campylobacter
69364,Campylobacter
69365,Campylobacter
69367,Campylobacter
69369,Campylobacter
69370,Campylobacter
69372,Campylobacter
69373,Campylobacter
69374,Campylobacter
69375,Campylobacter
69378,Campylobacter
69379,Campylobacter
69383,Campylobacter
69385,Campylobacter
69387,Campylobacter
69395,Campylobacter
69398,Campylobacter
69400,Campylobacter
69407,Campylobacter
69410,Campylobacter
69411,Campylobacter
69412,Campylobacter
69414,Campylobacter
69415,Campylobacter
69416,Campylobacter
69417,Campylobacter
69418,Campylobacter
69420,Campylobacter
69421,Campylobacter
69422,Campylobacter
69423,Campylobacter
69424,Campylobacter
69425,Campylobacter
69427,Campylobacter
69430,Campylobacter
69435,Campylobacter
69436,Campylobacter
69438,Campylobacter
69441,Campylobacter
69444,Campylobacter
69447,Campylobacter
69453,Campylobacter
69458,Campylobacter
69459,Campylobacter
69463,Campylobacter
69473,Campylobacter
69474,Campylobacter
69477,Campylobacter
69478,Campylobacter
69479,Campylobacter
69481,Campylobacter
69482,Campylobacter
69484,Campylobacter
69488,Campylobacter
69491,Campylobacter
69503,Campylobacter
69506,Campylobacter
69509,Campylobacter
69510,Campylobacter
69511,Campylobacter
69513,Campylobacter
69514,Campylobacter
69515,Campylobacter
69658,Campylobacter
69659,Campylobacter
69660,Campylobacter
69661,Campylobacter
69662,Campylobacter
69663,Campylobacter
69664,Campylobacter
69665,Campylobacter
69666,Campylobacter
69667,Campylobacter
69668,Campylobacter
69669,Campylobacter
69670,Campylobacter
69671,Campylobacter
69672,Campylobacter
69673,Campylobacter
69674,Campylobacter
77577,Campylobacter
77947,Campylobacter
77959,Campylobacter
78075,Campylobacter