ISO.3,species,bias_score_1990,prevalence_score_1990,bias_score_2023,prevalence_score_2023
ASM,Enterococcus_faecium,4,1,3,3
ASM,Staphylococcus_aureus,4,2,4,3
ASM,Klebsiella_pneumoniae,4,2,3,3
ASM,Acinetobacter_baumannii,4,2,4,4
ASM,Pseudomonas_aeruginosa,4,2,4,4
ASM,Enterobacter_cloacae,4,2,4,4
ASM,Neisseria_meningitidis,2,1,1,1
ASM,Listeria_monocytogenes,2,1,1,1
ASM,Corynebacterium_diphtheriae,2,1,1,1
ASM,Bacillus_cereus,2,1,1,1
ASM,Vibrio_cholerae,1,1,1,1
ASM,Neisseria_gonorrhoeae,3,2,2,2
ASM,Treponema_pallidum,2,1,1,1
ASM,Streptococcus_pneumoniae,2,2,1,1
ASM,Leptospira_interrogans,2,1,1,1
ASM,Helicobacter_pylori,2,1,1,1
ASM,Escherichia_coli,4,2,3,3
ASM,Chlamydia_trachomatis,2,1,1,1
ASM,Burkholderia_contaminans,2,2,1,2
ASM,Vibrio_parahaemolyticus,2,2,1,3
ASM,Streptococcus_agalactiae,2,1,1,1
ASM,Streptococcus_suis,2,1,1,1
ASM,Mycobacterium_abscessus,2,1,1,1
ASM,Mycobacterium_massiliense,2,1,1,1
ASM,Mammalicoccus_sciuri,2,1,1,1
ASM,Klebsiella_variicola,4,2,3,3
ASM,Haemophilus_influenzae,2,1,1,1
ASM,Haemophilus_haemolyticus,2,1,1,1
ASM,Haemophilus_parainfluenzae,2,1,1,1
ASM,Enterococcus_faecalis,4,2,3,3
ASM,Dichelobacter_nodosus,2,1,1,1
ASM,Cronobacter_malonaticus,2,2,1,2
ASM,Cronobacter_sakazakii,2,2,1,2
ASM,Clostridium_perfringens,2,2,1,2
ASM,Campylobacter_jejuni,2,2,1,2
ASM,Campylobacter_coli,2,2,1,2
ASM,Burkholderia_pseudomallei,2,2,1,2
ASM,Burkholderia_ambifaria,2,2,1,2
ASM,Burkholderia_cenocepacia,2,2,1,2
ASM,Burkholderia_cepacia,2,2,1,2
ASM,Burkholderia_multivorans,2,2,1,2
ASM,Burkholderia_ubonensis,2,2,1,2
ASM,Bordetella_parapertussis,2,1,1,1
ASM,Acinetobacter_nosocomialis,4,2,4,4
ASM,Acinetobacter_pittii,4,2,4,4
ASM,Listeria_innocua,2,1,1,1
ASM,Cronobacter_turicensis,2,2,1,2
ASM,Clostridium_chauvoei,2,1,1,1
ASM,Borrelia_bavariensis,2,1,1,1
ASM,Salmonella_enterica,3,2,2,2
ASM,Yersinia_enterocolitica,2,2,1,3
ASM,Neisseria_lactamica,2,1,1,1
ASM,Leptospira_borgpetersenii,2,1,1,1
ASM,Burkholderia_vietnamiensis,2,2,1,2
ASM,Streptococcus_uberis,2,1,1,1
ASM,Cronobacter_dublinensis,2,2,1,2
ASM,Chlamydia_abortus,2,1,1,1
ASM,Bordetella_pertussis,2,1,1,1
ASM,Borrelia_garinii,2,1,1,1
ASM,Neisseria_cinerea,2,1,1,1
ASM,Bordetella_bronchiseptica,2,1,1,1
ASM,Mycobacterium_bovis,2,1,1,1
ASM,Shigella_flexneri,4,2,3,3
ASM,Mycobacterium_tuberculosis,2,2,1,1
AND,Enterococcus_faecium,4,1,3,3
AND,Staphylococcus_aureus,4,2,4,3
AND,Klebsiella_pneumoniae,4,2,3,3
AND,Acinetobacter_baumannii,4,2,4,4
AND,Pseudomonas_aeruginosa,4,2,4,4
AND,Enterobacter_cloacae,4,2,4,4
AND,Neisseria_meningitidis,3,1,1,1
AND,Listeria_monocytogenes,3,1,1,1
AND,Corynebacterium_diphtheriae,3,1,1,1
AND,Bacillus_cereus,3,1,1,1
AND,Vibrio_cholerae,1,1,1,1
AND,Neisseria_gonorrhoeae,3,2,2,2
AND,Treponema_pallidum,3,1,1,1
AND,Streptococcus_pneumoniae,2,2,1,1
AND,Leptospira_interrogans,3,1,1,1
AND,Helicobacter_pylori,3,1,1,1
AND,Escherichia_coli,4,2,3,3
AND,Chlamydia_trachomatis,3,1,1,1
AND,Burkholderia_contaminans,3,2,1,2
AND,Vibrio_parahaemolyticus,3,2,1,3
AND,Streptococcus_agalactiae,3,1,1,1
AND,Streptococcus_suis,3,1,1,1
AND,Mycobacterium_abscessus,3,1,1,1
AND,Mycobacterium_massiliense,3,1,1,1
AND,Mammalicoccus_sciuri,3,1,1,1
AND,Klebsiella_variicola,4,2,3,3
AND,Haemophilus_influenzae,3,1,1,1
AND,Haemophilus_haemolyticus,3,1,1,1
AND,Haemophilus_parainfluenzae,3,1,1,1
AND,Enterococcus_faecalis,4,2,3,3
AND,Dichelobacter_nodosus,3,1,1,1
AND,Cronobacter_malonaticus,3,2,1,2
AND,Cronobacter_sakazakii,3,2,1,2
AND,Clostridium_perfringens,3,2,1,2
AND,Campylobacter_jejuni,3,2,1,2
AND,Campylobacter_coli,3,2,1,2
AND,Burkholderia_pseudomallei,3,2,1,2
AND,Burkholderia_ambifaria,3,2,1,2
AND,Burkholderia_cenocepacia,3,2,1,2
AND,Burkholderia_cepacia,3,2,1,2
AND,Burkholderia_multivorans,3,2,1,2
AND,Burkholderia_ubonensis,3,2,1,2
AND,Bordetella_parapertussis,3,1,1,1
AND,Acinetobacter_nosocomialis,4,2,4,4
AND,Acinetobacter_pittii,4,2,4,4
AND,Listeria_innocua,3,1,1,1
AND,Cronobacter_turicensis,3,2,1,2
AND,Clostridium_chauvoei,3,1,1,1
AND,Borrelia_bavariensis,3,1,1,1
AND,Salmonella_enterica,3,2,2,2
AND,Yersinia_enterocolitica,3,2,1,3
AND,Neisseria_lactamica,3,1,1,1
AND,Leptospira_borgpetersenii,3,1,1,1
AND,Burkholderia_vietnamiensis,3,2,1,2
AND,Streptococcus_uberis,3,1,1,1
AND,Cronobacter_dublinensis,3,2,1,2
AND,Chlamydia_abortus,3,1,1,1
AND,Bordetella_pertussis,3,1,1,1
AND,Borrelia_garinii,3,1,1,1
AND,Neisseria_cinerea,3,1,1,1
AND,Bordetella_bronchiseptica,3,1,1,1
AND,Mycobacterium_bovis,3,1,1,1
AND,Shigella_flexneri,4,2,3,3
AND,Mycobacterium_tuberculosis,2,2,1,1
ATG,Enterococcus_faecium,4,1,3,3
ATG,Staphylococcus_aureus,4,2,4,3
ATG,Klebsiella_pneumoniae,4,2,3,3
ATG,Acinetobacter_baumannii,4,2,4,4
ATG,Pseudomonas_aeruginosa,4,2,4,4
ATG,Enterobacter_cloacae,4,2,4,4
ATG,Neisseria_meningitidis,2,1,1,1
ATG,Listeria_monocytogenes,2,1,1,1
ATG,Corynebacterium_diphtheriae,2,1,1,1
ATG,Bacillus_cereus,2,1,1,1
ATG,Vibrio_cholerae,1,1,1,1
ATG,Neisseria_gonorrhoeae,3,2,2,2
ATG,Treponema_pallidum,2,1,1,1
ATG,Streptococcus_pneumoniae,2,2,1,1
ATG,Leptospira_interrogans,2,1,1,1
ATG,Helicobacter_pylori,2,1,1,1
ATG,Escherichia_coli,4,2,3,3
ATG,Chlamydia_trachomatis,2,1,1,1
ATG,Burkholderia_contaminans,2,2,1,2
ATG,Vibrio_parahaemolyticus,2,2,1,3
ATG,Streptococcus_agalactiae,2,1,1,1
ATG,Streptococcus_suis,2,1,1,1
ATG,Mycobacterium_abscessus,2,1,1,1
ATG,Mycobacterium_massiliense,2,1,1,1
ATG,Mammalicoccus_sciuri,2,1,1,1
ATG,Klebsiella_variicola,4,2,3,3
ATG,Haemophilus_influenzae,2,1,1,1
ATG,Haemophilus_haemolyticus,2,1,1,1
ATG,Haemophilus_parainfluenzae,2,1,1,1
ATG,Enterococcus_faecalis,4,2,3,3
ATG,Dichelobacter_nodosus,2,1,1,1
ATG,Cronobacter_malonaticus,2,2,1,2
ATG,Cronobacter_sakazakii,2,2,1,2
ATG,Clostridium_perfringens,2,2,1,2
ATG,Campylobacter_jejuni,2,2,1,2
ATG,Campylobacter_coli,2,2,1,2
ATG,Burkholderia_pseudomallei,2,2,1,2
ATG,Burkholderia_ambifaria,2,2,1,2
ATG,Burkholderia_cenocepacia,2,2,1,2
ATG,Burkholderia_cepacia,2,2,1,2
ATG,Burkholderia_multivorans,2,2,1,2
ATG,Burkholderia_ubonensis,2,2,1,2
ATG,Bordetella_parapertussis,2,1,1,1
ATG,Acinetobacter_nosocomialis,4,2,4,4
ATG,Acinetobacter_pittii,4,2,4,4
ATG,Listeria_innocua,2,1,1,1
ATG,Cronobacter_turicensis,2,2,1,2
ATG,Clostridium_chauvoei,2,1,1,1
ATG,Borrelia_bavariensis,2,1,1,1
ATG,Salmonella_enterica,3,2,2,2
ATG,Yersinia_enterocolitica,2,2,1,3
ATG,Neisseria_lactamica,2,1,1,1
ATG,Leptospira_borgpetersenii,2,1,1,1
ATG,Burkholderia_vietnamiensis,2,2,1,2
ATG,Streptococcus_uberis,2,1,1,1
ATG,Cronobacter_dublinensis,2,2,1,2
ATG,Chlamydia_abortus,2,1,1,1
ATG,Bordetella_pertussis,2,1,1,1
ATG,Borrelia_garinii,2,1,1,1
ATG,Neisseria_cinerea,2,1,1,1
ATG,Bordetella_bronchiseptica,2,1,1,1
ATG,Mycobacterium_bovis,2,1,1,1
ATG,Shigella_flexneri,4,2,3,3
ATG,Mycobacterium_tuberculosis,2,2,1,1
ABW,Enterococcus_faecium,4,1,3,3
ABW,Staphylococcus_aureus,4,2,4,3
ABW,Klebsiella_pneumoniae,4,2,3,3
ABW,Acinetobacter_baumannii,4,2,4,4
ABW,Pseudomonas_aeruginosa,4,2,4,4
ABW,Enterobacter_cloacae,4,2,4,4
ABW,Neisseria_meningitidis,3,1,1,1
ABW,Listeria_monocytogenes,3,1,1,1
ABW,Corynebacterium_diphtheriae,3,1,1,1
ABW,Bacillus_cereus,3,1,1,1
ABW,Vibrio_cholerae,1,1,1,1
ABW,Neisseria_gonorrhoeae,3,2,2,2
ABW,Treponema_pallidum,3,1,1,1
ABW,Streptococcus_pneumoniae,2,2,1,1
ABW,Leptospira_interrogans,3,1,1,1
ABW,Helicobacter_pylori,3,1,1,1
ABW,Escherichia_coli,4,2,3,3
ABW,Chlamydia_trachomatis,3,1,1,1
ABW,Burkholderia_contaminans,3,2,1,2
ABW,Vibrio_parahaemolyticus,3,2,1,3
ABW,Streptococcus_agalactiae,3,1,1,1
ABW,Streptococcus_suis,3,1,1,1
ABW,Mycobacterium_abscessus,3,1,1,1
ABW,Mycobacterium_massiliense,3,1,1,1
ABW,Mammalicoccus_sciuri,3,1,1,1
ABW,Klebsiella_variicola,4,2,3,3
ABW,Haemophilus_influenzae,3,1,1,1
ABW,Haemophilus_haemolyticus,3,1,1,1
ABW,Haemophilus_parainfluenzae,3,1,1,1
ABW,Enterococcus_faecalis,4,2,3,3
ABW,Dichelobacter_nodosus,3,1,1,1
ABW,Cronobacter_malonaticus,3,2,1,2
ABW,Cronobacter_sakazakii,3,2,1,2
ABW,Clostridium_perfringens,3,2,1,2
ABW,Campylobacter_jejuni,3,2,1,2
ABW,Campylobacter_coli,3,2,1,2
ABW,Burkholderia_pseudomallei,3,2,1,2
ABW,Burkholderia_ambifaria,3,2,1,2
ABW,Burkholderia_cenocepacia,3,2,1,2
ABW,Burkholderia_cepacia,3,2,1,2
ABW,Burkholderia_multivorans,3,2,1,2
ABW,Burkholderia_ubonensis,3,2,1,2
ABW,Bordetella_parapertussis,3,1,1,1
ABW,Acinetobacter_nosocomialis,4,2,4,4
ABW,Acinetobacter_pittii,4,2,4,4
ABW,Listeria_innocua,3,1,1,1
ABW,Cronobacter_turicensis,3,2,1,2
ABW,Clostridium_chauvoei,3,1,1,1
ABW,Borrelia_bavariensis,3,1,1,1
ABW,Salmonella_enterica,3,2,2,2
ABW,Yersinia_enterocolitica,3,2,1,3
ABW,Neisseria_lactamica,3,1,1,1
ABW,Leptospira_borgpetersenii,3,1,1,1
ABW,Burkholderia_vietnamiensis,3,2,1,2
ABW,Streptococcus_uberis,3,1,1,1
ABW,Cronobacter_dublinensis,3,2,1,2
ABW,Chlamydia_abortus,3,1,1,1
ABW,Bordetella_pertussis,3,1,1,1
ABW,Borrelia_garinii,3,1,1,1
ABW,Neisseria_cinerea,3,1,1,1
ABW,Bordetella_bronchiseptica,3,1,1,1
ABW,Mycobacterium_bovis,3,1,1,1
ABW,Shigella_flexneri,4,2,3,3
ABW,Mycobacterium_tuberculosis,2,2,1,1
AUS,Enterococcus_faecium,4,1,3,3
AUS,Staphylococcus_aureus,4,3,4,3
AUS,Klebsiella_pneumoniae,4,2,3,3
AUS,Acinetobacter_baumannii,4,2,4,4
AUS,Pseudomonas_aeruginosa,4,2,4,4
AUS,Enterobacter_cloacae,4,2,4,4
AUS,Neisseria_meningitidis,2,1,1,1
AUS,Listeria_monocytogenes,2,1,1,1
AUS,Corynebacterium_diphtheriae,2,1,1,1
AUS,Bacillus_cereus,2,1,1,1
AUS,Vibrio_cholerae,1,1,1,1
AUS,Neisseria_gonorrhoeae,3,2,2,2
AUS,Treponema_pallidum,2,1,1,1
AUS,Streptococcus_pneumoniae,2,2,1,1
AUS,Leptospira_interrogans,2,1,1,1
AUS,Helicobacter_pylori,2,1,1,1
AUS,Escherichia_coli,4,2,3,3
AUS,Chlamydia_trachomatis,2,1,1,1
AUS,Burkholderia_contaminans,2,2,1,2
AUS,Vibrio_parahaemolyticus,2,2,1,3
AUS,Streptococcus_agalactiae,2,1,1,1
AUS,Streptococcus_suis,2,1,1,1
AUS,Mycobacterium_abscessus,2,1,1,1
AUS,Mycobacterium_massiliense,2,1,1,1
AUS,Mammalicoccus_sciuri,2,1,1,1
AUS,Klebsiella_variicola,4,2,3,3
AUS,Haemophilus_influenzae,2,1,1,1
AUS,Haemophilus_haemolyticus,2,1,1,1
AUS,Haemophilus_parainfluenzae,2,1,1,1
AUS,Enterococcus_faecalis,4,2,3,3
AUS,Dichelobacter_nodosus,2,1,1,1
AUS,Cronobacter_malonaticus,2,2,1,2
AUS,Cronobacter_sakazakii,2,2,1,2
AUS,Clostridium_perfringens,2,2,1,2
AUS,Campylobacter_jejuni,2,2,1,2
AUS,Campylobacter_coli,2,2,1,2
AUS,Burkholderia_pseudomallei,2,2,1,2
AUS,Burkholderia_ambifaria,2,2,1,2
AUS,Burkholderia_cenocepacia,2,2,1,2
AUS,Burkholderia_cepacia,2,2,1,2
AUS,Burkholderia_multivorans,2,2,1,2
AUS,Burkholderia_ubonensis,2,2,1,2
AUS,Bordetella_parapertussis,2,1,1,1
AUS,Acinetobacter_nosocomialis,4,2,4,4
AUS,Acinetobacter_pittii,4,2,4,4
AUS,Listeria_innocua,2,1,1,1
AUS,Cronobacter_turicensis,2,2,1,2
AUS,Clostridium_chauvoei,2,1,1,1
AUS,Borrelia_bavariensis,2,1,1,1
AUS,Salmonella_enterica,3,2,2,2
AUS,Yersinia_enterocolitica,2,2,1,3
AUS,Neisseria_lactamica,2,1,1,1
AUS,Leptospira_borgpetersenii,2,1,1,1
AUS,Burkholderia_vietnamiensis,2,2,1,2
AUS,Streptococcus_uberis,2,1,1,1
AUS,Cronobacter_dublinensis,2,2,1,2
AUS,Chlamydia_abortus,2,1,1,1
AUS,Bordetella_pertussis,2,1,1,1
AUS,Borrelia_garinii,2,1,1,1
AUS,Neisseria_cinerea,2,1,1,1
AUS,Bordetella_bronchiseptica,2,1,1,1
AUS,Mycobacterium_bovis,2,1,1,1
AUS,Shigella_flexneri,4,2,3,3
AUS,Mycobacterium_tuberculosis,2,2,1,1
AUT,Enterococcus_faecium,4,1,3,3
AUT,Staphylococcus_aureus,4,2,4,3
AUT,Klebsiella_pneumoniae,4,2,3,3
AUT,Acinetobacter_baumannii,4,2,4,4
AUT,Pseudomonas_aeruginosa,4,2,4,4
AUT,Enterobacter_cloacae,4,2,4,4
AUT,Neisseria_meningitidis,2,1,1,1
AUT,Listeria_monocytogenes,2,1,1,1
AUT,Corynebacterium_diphtheriae,2,1,1,1
AUT,Bacillus_cereus,2,1,1,1
AUT,Vibrio_cholerae,1,1,1,1
AUT,Neisseria_gonorrhoeae,3,2,2,2
AUT,Treponema_pallidum,2,1,1,1
AUT,Streptococcus_pneumoniae,2,2,1,1
AUT,Leptospira_interrogans,2,1,1,1
AUT,Helicobacter_pylori,2,1,1,1
AUT,Escherichia_coli,4,2,3,3
AUT,Chlamydia_trachomatis,2,1,1,1
AUT,Burkholderia_contaminans,2,2,1,2
AUT,Vibrio_parahaemolyticus,2,2,1,3
AUT,Streptococcus_agalactiae,2,1,1,1
AUT,Streptococcus_suis,2,1,1,1
AUT,Mycobacterium_abscessus,2,1,1,1
AUT,Mycobacterium_massiliense,2,1,1,1
AUT,Mammalicoccus_sciuri,2,1,1,1
AUT,Klebsiella_variicola,4,2,3,3
AUT,Haemophilus_influenzae,2,1,1,1
AUT,Haemophilus_haemolyticus,2,1,1,1
AUT,Haemophilus_parainfluenzae,2,1,1,1
AUT,Enterococcus_faecalis,4,2,3,3
AUT,Dichelobacter_nodosus,2,1,1,1
AUT,Cronobacter_malonaticus,2,2,1,2
AUT,Cronobacter_sakazakii,2,2,1,2
AUT,Clostridium_perfringens,2,2,1,2
AUT,Campylobacter_jejuni,2,2,1,2
AUT,Campylobacter_coli,2,2,1,2
AUT,Burkholderia_pseudomallei,2,2,1,2
AUT,Burkholderia_ambifaria,2,2,1,2
AUT,Burkholderia_cenocepacia,2,2,1,2
AUT,Burkholderia_cepacia,2,2,1,2
AUT,Burkholderia_multivorans,2,2,1,2
AUT,Burkholderia_ubonensis,2,2,1,2
AUT,Bordetella_parapertussis,2,1,1,1
AUT,Acinetobacter_nosocomialis,4,2,4,4
AUT,Acinetobacter_pittii,4,2,4,4
AUT,Listeria_innocua,2,1,1,1
AUT,Cronobacter_turicensis,2,2,1,2
AUT,Clostridium_chauvoei,2,1,1,1
AUT,Borrelia_bavariensis,2,1,1,1
AUT,Salmonella_enterica,3,2,2,2
AUT,Yersinia_enterocolitica,2,2,1,3
AUT,Neisseria_lactamica,2,1,1,1
AUT,Leptospira_borgpetersenii,2,1,1,1
AUT,Burkholderia_vietnamiensis,2,2,1,2
AUT,Streptococcus_uberis,2,1,1,1
AUT,Cronobacter_dublinensis,2,2,1,2
AUT,Chlamydia_abortus,2,1,1,1
AUT,Bordetella_pertussis,2,1,1,1
AUT,Borrelia_garinii,2,1,1,1
AUT,Neisseria_cinerea,2,1,1,1
AUT,Bordetella_bronchiseptica,2,1,1,1
AUT,Mycobacterium_bovis,2,1,1,1
AUT,Shigella_flexneri,4,2,3,3
AUT,Mycobacterium_tuberculosis,2,2,1,1
BHS,Enterococcus_faecium,4,1,3,3
BHS,Staphylococcus_aureus,4,2,4,3
BHS,Klebsiella_pneumoniae,4,2,3,3
BHS,Acinetobacter_baumannii,4,2,4,4
BHS,Pseudomonas_aeruginosa,4,2,4,4
BHS,Enterobacter_cloacae,4,2,4,4
BHS,Neisseria_meningitidis,2,1,1,1
BHS,Listeria_monocytogenes,2,1,1,1
BHS,Corynebacterium_diphtheriae,2,1,1,1
BHS,Bacillus_cereus,2,1,1,1
BHS,Vibrio_cholerae,1,1,1,1
BHS,Neisseria_gonorrhoeae,3,2,2,2
BHS,Treponema_pallidum,2,1,1,1
BHS,Streptococcus_pneumoniae,2,2,1,1
BHS,Leptospira_interrogans,2,1,1,1
BHS,Helicobacter_pylori,2,1,1,1
BHS,Escherichia_coli,4,2,3,3
BHS,Chlamydia_trachomatis,2,1,1,1
BHS,Burkholderia_contaminans,2,2,1,2
BHS,Vibrio_parahaemolyticus,2,2,1,3
BHS,Streptococcus_agalactiae,2,1,1,1
BHS,Streptococcus_suis,2,1,1,1
BHS,Mycobacterium_abscessus,2,1,1,1
BHS,Mycobacterium_massiliense,2,1,1,1
BHS,Mammalicoccus_sciuri,2,1,1,1
BHS,Klebsiella_variicola,4,2,3,3
BHS,Haemophilus_influenzae,2,1,1,1
BHS,Haemophilus_haemolyticus,2,1,1,1
BHS,Haemophilus_parainfluenzae,2,1,1,1
BHS,Enterococcus_faecalis,4,2,3,3
BHS,Dichelobacter_nodosus,2,1,1,1
BHS,Cronobacter_malonaticus,2,2,1,2
BHS,Cronobacter_sakazakii,2,2,1,2
BHS,Clostridium_perfringens,2,2,1,2
BHS,Campylobacter_jejuni,2,2,1,2
BHS,Campylobacter_coli,2,2,1,2
BHS,Burkholderia_pseudomallei,2,2,1,2
BHS,Burkholderia_ambifaria,2,2,1,2
BHS,Burkholderia_cenocepacia,2,2,1,2
BHS,Burkholderia_cepacia,2,2,1,2
BHS,Burkholderia_multivorans,2,2,1,2
BHS,Burkholderia_ubonensis,2,2,1,2
BHS,Bordetella_parapertussis,2,1,1,1
BHS,Acinetobacter_nosocomialis,4,2,4,4
BHS,Acinetobacter_pittii,4,2,4,4
BHS,Listeria_innocua,2,1,1,1
BHS,Cronobacter_turicensis,2,2,1,2
BHS,Clostridium_chauvoei,2,1,1,1
BHS,Borrelia_bavariensis,2,1,1,1
BHS,Salmonella_enterica,3,2,2,2
BHS,Yersinia_enterocolitica,2,2,1,3
BHS,Neisseria_lactamica,2,1,1,1
BHS,Leptospira_borgpetersenii,2,1,1,1
BHS,Burkholderia_vietnamiensis,2,2,1,2
BHS,Streptococcus_uberis,2,1,1,1
BHS,Cronobacter_dublinensis,2,2,1,2
BHS,Chlamydia_abortus,2,1,1,1
BHS,Bordetella_pertussis,2,1,1,1
BHS,Borrelia_garinii,2,1,1,1
BHS,Neisseria_cinerea,2,1,1,1
BHS,Bordetella_bronchiseptica,2,1,1,1
BHS,Mycobacterium_bovis,2,1,1,1
BHS,Shigella_flexneri,4,2,3,3
BHS,Mycobacterium_tuberculosis,2,2,1,1
BHR,Enterococcus_faecium,4,1,3,3
BHR,Staphylococcus_aureus,4,2,4,3
BHR,Klebsiella_pneumoniae,4,2,3,3
BHR,Acinetobacter_baumannii,4,2,4,4
BHR,Pseudomonas_aeruginosa,4,2,4,4
BHR,Enterobacter_cloacae,4,2,4,4
BHR,Neisseria_meningitidis,2,1,1,1
BHR,Listeria_monocytogenes,2,1,1,1
BHR,Corynebacterium_diphtheriae,2,1,1,1
BHR,Bacillus_cereus,2,1,1,1
BHR,Vibrio_cholerae,1,1,1,1
BHR,Neisseria_gonorrhoeae,3,2,2,2
BHR,Treponema_pallidum,2,1,1,1
BHR,Streptococcus_pneumoniae,2,2,1,1
BHR,Leptospira_interrogans,2,1,1,1
BHR,Helicobacter_pylori,2,1,1,1
BHR,Escherichia_coli,4,2,3,3
BHR,Chlamydia_trachomatis,2,1,1,1
BHR,Burkholderia_contaminans,2,2,1,2
BHR,Vibrio_parahaemolyticus,2,2,1,3
BHR,Streptococcus_agalactiae,2,1,1,1
BHR,Streptococcus_suis,2,1,1,1
BHR,Mycobacterium_abscessus,2,1,1,1
BHR,Mycobacterium_massiliense,2,1,1,1
BHR,Mammalicoccus_sciuri,2,1,1,1
BHR,Klebsiella_variicola,4,2,3,3
BHR,Haemophilus_influenzae,2,1,1,1
BHR,Haemophilus_haemolyticus,2,1,1,1
BHR,Haemophilus_parainfluenzae,2,1,1,1
BHR,Enterococcus_faecalis,4,2,3,3
BHR,Dichelobacter_nodosus,2,1,1,1
BHR,Cronobacter_malonaticus,2,2,1,2
BHR,Cronobacter_sakazakii,2,2,1,2
BHR,Clostridium_perfringens,2,2,1,2
BHR,Campylobacter_jejuni,2,2,1,2
BHR,Campylobacter_coli,2,2,1,2
BHR,Burkholderia_pseudomallei,2,2,1,2
BHR,Burkholderia_ambifaria,2,2,1,2
BHR,Burkholderia_cenocepacia,2,2,1,2
BHR,Burkholderia_cepacia,2,2,1,2
BHR,Burkholderia_multivorans,2,2,1,2
BHR,Burkholderia_ubonensis,2,2,1,2
BHR,Bordetella_parapertussis,2,1,1,1
BHR,Acinetobacter_nosocomialis,4,2,4,4
BHR,Acinetobacter_pittii,4,2,4,4
BHR,Listeria_innocua,2,1,1,1
BHR,Cronobacter_turicensis,2,2,1,2
BHR,Clostridium_chauvoei,2,1,1,1
BHR,Borrelia_bavariensis,2,1,1,1
BHR,Salmonella_enterica,3,2,2,2
BHR,Yersinia_enterocolitica,2,2,1,3
BHR,Neisseria_lactamica,2,1,1,1
BHR,Leptospira_borgpetersenii,2,1,1,1
BHR,Burkholderia_vietnamiensis,2,2,1,2
BHR,Streptococcus_uberis,2,1,1,1
BHR,Cronobacter_dublinensis,2,2,1,2
BHR,Chlamydia_abortus,2,1,1,1
BHR,Bordetella_pertussis,2,1,1,1
BHR,Borrelia_garinii,2,1,1,1
BHR,Neisseria_cinerea,2,1,1,1
BHR,Bordetella_bronchiseptica,2,1,1,1
BHR,Mycobacterium_bovis,2,1,1,1
BHR,Shigella_flexneri,4,2,3,3
BHR,Mycobacterium_tuberculosis,2,2,1,1
BRB,Enterococcus_faecium,4,1,3,3
BRB,Staphylococcus_aureus,4,2,4,3
BRB,Klebsiella_pneumoniae,4,2,3,3
BRB,Acinetobacter_baumannii,4,2,4,4
BRB,Pseudomonas_aeruginosa,4,2,4,4
BRB,Enterobacter_cloacae,4,2,4,4
BRB,Neisseria_meningitidis,2,1,1,1
BRB,Listeria_monocytogenes,2,1,1,1
BRB,Corynebacterium_diphtheriae,2,1,1,1
BRB,Bacillus_cereus,2,1,1,1
BRB,Vibrio_cholerae,1,1,1,1
BRB,Neisseria_gonorrhoeae,3,2,2,2
BRB,Treponema_pallidum,2,1,1,1
BRB,Streptococcus_pneumoniae,2,2,1,1
BRB,Leptospira_interrogans,2,1,1,1
BRB,Helicobacter_pylori,2,1,1,1
BRB,Escherichia_coli,4,2,3,3
BRB,Chlamydia_trachomatis,2,1,1,1
BRB,Burkholderia_contaminans,2,2,1,2
BRB,Vibrio_parahaemolyticus,2,2,1,3
BRB,Streptococcus_agalactiae,2,1,1,1
BRB,Streptococcus_suis,2,1,1,1
BRB,Mycobacterium_abscessus,2,1,1,1
BRB,Mycobacterium_massiliense,2,1,1,1
BRB,Mammalicoccus_sciuri,2,1,1,1
BRB,Klebsiella_variicola,4,2,3,3
BRB,Haemophilus_influenzae,2,1,1,1
BRB,Haemophilus_haemolyticus,2,1,1,1
BRB,Haemophilus_parainfluenzae,2,1,1,1
BRB,Enterococcus_faecalis,4,2,3,3
BRB,Dichelobacter_nodosus,2,1,1,1
BRB,Cronobacter_malonaticus,2,2,1,2
BRB,Cronobacter_sakazakii,2,2,1,2
BRB,Clostridium_perfringens,2,2,1,2
BRB,Campylobacter_jejuni,2,2,1,2
BRB,Campylobacter_coli,2,2,1,2
BRB,Burkholderia_pseudomallei,2,2,1,2
BRB,Burkholderia_ambifaria,2,2,1,2
BRB,Burkholderia_cenocepacia,2,2,1,2
BRB,Burkholderia_cepacia,2,2,1,2
BRB,Burkholderia_multivorans,2,2,1,2
BRB,Burkholderia_ubonensis,2,2,1,2
BRB,Bordetella_parapertussis,2,1,1,1
BRB,Acinetobacter_nosocomialis,4,2,4,4
BRB,Acinetobacter_pittii,4,2,4,4
BRB,Listeria_innocua,2,1,1,1
BRB,Cronobacter_turicensis,2,2,1,2
BRB,Clostridium_chauvoei,2,1,1,1
BRB,Borrelia_bavariensis,2,1,1,1
BRB,Salmonella_enterica,3,2,2,2
BRB,Yersinia_enterocolitica,2,2,1,3
BRB,Neisseria_lactamica,2,1,1,1
BRB,Leptospira_borgpetersenii,2,1,1,1
BRB,Burkholderia_vietnamiensis,2,2,1,2
BRB,Streptococcus_uberis,2,1,1,1
BRB,Cronobacter_dublinensis,2,2,1,2
BRB,Chlamydia_abortus,2,1,1,1
BRB,Bordetella_pertussis,2,1,1,1
BRB,Borrelia_garinii,2,1,1,1
BRB,Neisseria_cinerea,2,1,1,1
BRB,Bordetella_bronchiseptica,2,1,1,1
BRB,Mycobacterium_bovis,2,1,1,1
BRB,Shigella_flexneri,4,2,3,3
BRB,Mycobacterium_tuberculosis,2,2,1,1
BEL,Enterococcus_faecium,3,1,2,2
BEL,Staphylococcus_aureus,4,2,3,3
BEL,Klebsiella_pneumoniae,3,2,2,2
BEL,Acinetobacter_baumannii,4,2,3,3
BEL,Pseudomonas_aeruginosa,4,2,3,3
BEL,Enterobacter_cloacae,4,2,3,3
BEL,Neisseria_meningitidis,2,1,1,1
BEL,Listeria_monocytogenes,2,1,1,1
BEL,Corynebacterium_diphtheriae,2,1,1,1
BEL,Bacillus_cereus,2,1,1,1
BEL,Vibrio_cholerae,1,1,1,1
BEL,Neisseria_gonorrhoeae,3,2,2,2
BEL,Treponema_pallidum,2,1,1,1
BEL,Streptococcus_pneumoniae,2,2,1,1
BEL,Leptospira_interrogans,2,1,1,1
BEL,Helicobacter_pylori,2,1,1,1
BEL,Escherichia_coli,4,2,3,3
BEL,Chlamydia_trachomatis,2,1,1,1
BEL,Burkholderia_contaminans,2,2,1,2
BEL,Vibrio_parahaemolyticus,2,2,1,3
BEL,Streptococcus_agalactiae,2,1,1,1
BEL,Streptococcus_suis,2,1,1,1
BEL,Mycobacterium_abscessus,2,1,1,1
BEL,Mycobacterium_massiliense,2,1,1,1
BEL,Mammalicoccus_sciuri,2,1,1,1
BEL,Klebsiella_variicola,4,2,3,3
BEL,Haemophilus_influenzae,2,1,1,1
BEL,Haemophilus_haemolyticus,2,1,1,1
BEL,Haemophilus_parainfluenzae,2,1,1,1
BEL,Enterococcus_faecalis,4,2,3,3
BEL,Dichelobacter_nodosus,2,1,1,1
BEL,Cronobacter_malonaticus,2,2,1,2
BEL,Cronobacter_sakazakii,2,2,1,2
BEL,Clostridium_perfringens,2,2,1,2
BEL,Campylobacter_jejuni,2,2,1,2
BEL,Campylobacter_coli,2,2,1,2
BEL,Burkholderia_pseudomallei,2,2,1,2
BEL,Burkholderia_ambifaria,2,2,1,2
BEL,Burkholderia_cenocepacia,2,2,1,2
BEL,Burkholderia_cepacia,2,2,1,2
BEL,Burkholderia_multivorans,2,2,1,2
BEL,Burkholderia_ubonensis,2,2,1,2
BEL,Bordetella_parapertussis,2,1,1,1
BEL,Acinetobacter_nosocomialis,4,2,4,4
BEL,Acinetobacter_pittii,4,2,4,4
BEL,Listeria_innocua,2,1,1,1
BEL,Cronobacter_turicensis,2,2,1,2
BEL,Clostridium_chauvoei,2,1,1,1
BEL,Borrelia_bavariensis,2,1,1,1
BEL,Salmonella_enterica,3,2,2,2
BEL,Yersinia_enterocolitica,2,2,1,3
BEL,Neisseria_lactamica,2,1,1,1
BEL,Leptospira_borgpetersenii,2,1,1,1
BEL,Burkholderia_vietnamiensis,2,2,1,2
BEL,Streptococcus_uberis,2,1,1,1
BEL,Cronobacter_dublinensis,2,2,1,2
BEL,Chlamydia_abortus,2,1,1,1
BEL,Bordetella_pertussis,2,1,1,1
BEL,Borrelia_garinii,2,1,1,1
BEL,Neisseria_cinerea,2,1,1,1
BEL,Bordetella_bronchiseptica,2,1,1,1
BEL,Mycobacterium_bovis,2,1,1,1
BEL,Shigella_flexneri,4,2,3,3
BEL,Mycobacterium_tuberculosis,2,2,1,1
BMU,Enterococcus_faecium,4,1,3,3
BMU,Staphylococcus_aureus,4,2,4,3
BMU,Klebsiella_pneumoniae,4,2,3,3
BMU,Acinetobacter_baumannii,4,2,4,4
BMU,Pseudomonas_aeruginosa,4,2,4,4
BMU,Enterobacter_cloacae,4,2,4,4
BMU,Neisseria_meningitidis,3,1,1,1
BMU,Listeria_monocytogenes,3,1,1,1
BMU,Corynebacterium_diphtheriae,3,1,1,1
BMU,Bacillus_cereus,3,1,1,1
BMU,Vibrio_cholerae,1,1,1,1
BMU,Neisseria_gonorrhoeae,3,2,2,2
BMU,Treponema_pallidum,3,1,1,1
BMU,Streptococcus_pneumoniae,2,2,1,1
BMU,Leptospira_interrogans,3,1,1,1
BMU,Helicobacter_pylori,3,1,1,1
BMU,Escherichia_coli,4,2,3,3
BMU,Chlamydia_trachomatis,3,1,1,1
BMU,Burkholderia_contaminans,3,2,1,2
BMU,Vibrio_parahaemolyticus,3,2,1,3
BMU,Streptococcus_agalactiae,3,1,1,1
BMU,Streptococcus_suis,3,1,1,1
BMU,Mycobacterium_abscessus,3,1,1,1
BMU,Mycobacterium_massiliense,3,1,1,1
BMU,Mammalicoccus_sciuri,3,1,1,1
BMU,Klebsiella_variicola,4,2,3,3
BMU,Haemophilus_influenzae,3,1,1,1
BMU,Haemophilus_haemolyticus,3,1,1,1
BMU,Haemophilus_parainfluenzae,3,1,1,1
BMU,Enterococcus_faecalis,4,2,3,3
BMU,Dichelobacter_nodosus,3,1,1,1
BMU,Cronobacter_malonaticus,3,2,1,2
BMU,Cronobacter_sakazakii,3,2,1,2
BMU,Clostridium_perfringens,3,2,1,2
BMU,Campylobacter_jejuni,3,2,1,2
BMU,Campylobacter_coli,3,2,1,2
BMU,Burkholderia_pseudomallei,3,2,1,2
BMU,Burkholderia_ambifaria,3,2,1,2
BMU,Burkholderia_cenocepacia,3,2,1,2
BMU,Burkholderia_cepacia,3,2,1,2
BMU,Burkholderia_multivorans,3,2,1,2
BMU,Burkholderia_ubonensis,3,2,1,2
BMU,Bordetella_parapertussis,3,1,1,1
BMU,Acinetobacter_nosocomialis,4,2,4,4
BMU,Acinetobacter_pittii,4,2,4,4
BMU,Listeria_innocua,3,1,1,1
BMU,Cronobacter_turicensis,3,2,1,2
BMU,Clostridium_chauvoei,3,1,1,1
BMU,Borrelia_bavariensis,3,1,1,1
BMU,Salmonella_enterica,3,2,2,2
BMU,Yersinia_enterocolitica,3,2,1,3
BMU,Neisseria_lactamica,3,1,1,1
BMU,Leptospira_borgpetersenii,3,1,1,1
BMU,Burkholderia_vietnamiensis,3,2,1,2
BMU,Streptococcus_uberis,3,1,1,1
BMU,Cronobacter_dublinensis,3,2,1,2
BMU,Chlamydia_abortus,3,1,1,1
BMU,Bordetella_pertussis,3,1,1,1
BMU,Borrelia_garinii,3,1,1,1
BMU,Neisseria_cinerea,3,1,1,1
BMU,Bordetella_bronchiseptica,3,1,1,1
BMU,Mycobacterium_bovis,3,1,1,1
BMU,Shigella_flexneri,4,2,3,3
BMU,Mycobacterium_tuberculosis,2,2,1,1
VGB,Enterococcus_faecium,4,1,3,3
VGB,Staphylococcus_aureus,4,2,4,3
VGB,Klebsiella_pneumoniae,4,2,3,3
VGB,Acinetobacter_baumannii,4,2,4,4
VGB,Pseudomonas_aeruginosa,4,2,4,4
VGB,Enterobacter_cloacae,4,2,4,4
VGB,Neisseria_meningitidis,2,1,1,1
VGB,Listeria_monocytogenes,2,1,1,1
VGB,Corynebacterium_diphtheriae,2,1,1,1
VGB,Bacillus_cereus,2,1,1,1
VGB,Vibrio_cholerae,1,1,1,1
VGB,Neisseria_gonorrhoeae,3,2,2,2
VGB,Treponema_pallidum,2,1,1,1
VGB,Streptococcus_pneumoniae,2,2,1,1
VGB,Leptospira_interrogans,2,1,1,1
VGB,Helicobacter_pylori,2,1,1,1
VGB,Escherichia_coli,4,2,3,3
VGB,Chlamydia_trachomatis,2,1,1,1
VGB,Burkholderia_contaminans,2,2,1,2
VGB,Vibrio_parahaemolyticus,2,2,1,3
VGB,Streptococcus_agalactiae,2,1,1,1
VGB,Streptococcus_suis,2,1,1,1
VGB,Mycobacterium_abscessus,2,1,1,1
VGB,Mycobacterium_massiliense,2,1,1,1
VGB,Mammalicoccus_sciuri,2,1,1,1
VGB,Klebsiella_variicola,4,2,3,3
VGB,Haemophilus_influenzae,2,1,1,1
VGB,Haemophilus_haemolyticus,2,1,1,1
VGB,Haemophilus_parainfluenzae,2,1,1,1
VGB,Enterococcus_faecalis,4,2,3,3
VGB,Dichelobacter_nodosus,2,1,1,1
VGB,Cronobacter_malonaticus,2,2,1,2
VGB,Cronobacter_sakazakii,2,2,1,2
VGB,Clostridium_perfringens,2,2,1,2
VGB,Campylobacter_jejuni,2,2,1,2
VGB,Campylobacter_coli,2,2,1,2
VGB,Burkholderia_pseudomallei,2,2,1,2
VGB,Burkholderia_ambifaria,2,2,1,2
VGB,Burkholderia_cenocepacia,2,2,1,2
VGB,Burkholderia_cepacia,2,2,1,2
VGB,Burkholderia_multivorans,2,2,1,2
VGB,Burkholderia_ubonensis,2,2,1,2
VGB,Bordetella_parapertussis,2,1,1,1
VGB,Acinetobacter_nosocomialis,4,2,4,4
VGB,Acinetobacter_pittii,4,2,4,4
VGB,Listeria_innocua,2,1,1,1
VGB,Cronobacter_turicensis,2,2,1,2
VGB,Clostridium_chauvoei,2,1,1,1
VGB,Borrelia_bavariensis,2,1,1,1
VGB,Salmonella_enterica,3,2,2,2
VGB,Yersinia_enterocolitica,2,2,1,3
VGB,Neisseria_lactamica,2,1,1,1
VGB,Leptospira_borgpetersenii,2,1,1,1
VGB,Burkholderia_vietnamiensis,2,2,1,2
VGB,Streptococcus_uberis,2,1,1,1
VGB,Cronobacter_dublinensis,2,2,1,2
VGB,Chlamydia_abortus,2,1,1,1
VGB,Bordetella_pertussis,2,1,1,1
VGB,Borrelia_garinii,2,1,1,1
VGB,Neisseria_cinerea,2,1,1,1
VGB,Bordetella_bronchiseptica,2,1,1,1
VGB,Mycobacterium_bovis,2,1,1,1
VGB,Shigella_flexneri,4,2,3,3
VGB,Mycobacterium_tuberculosis,2,2,1,1
BRN,Enterococcus_faecium,4,1,3,3
BRN,Staphylococcus_aureus,4,2,4,3
BRN,Klebsiella_pneumoniae,4,2,3,3
BRN,Acinetobacter_baumannii,4,2,4,4
BRN,Pseudomonas_aeruginosa,4,2,4,4
BRN,Enterobacter_cloacae,4,2,4,4
BRN,Neisseria_meningitidis,2,1,1,1
BRN,Listeria_monocytogenes,2,1,1,1
BRN,Corynebacterium_diphtheriae,2,1,1,1
BRN,Bacillus_cereus,2,1,1,1
BRN,Vibrio_cholerae,1,1,1,1
BRN,Neisseria_gonorrhoeae,3,2,2,2
BRN,Treponema_pallidum,2,1,1,1
BRN,Streptococcus_pneumoniae,2,2,1,1
BRN,Leptospira_interrogans,2,1,1,1
BRN,Helicobacter_pylori,2,1,1,1
BRN,Escherichia_coli,4,2,3,3
BRN,Chlamydia_trachomatis,2,1,1,1
BRN,Burkholderia_contaminans,2,2,1,2
BRN,Vibrio_parahaemolyticus,2,2,1,3
BRN,Streptococcus_agalactiae,2,1,1,1
BRN,Streptococcus_suis,2,1,1,1
BRN,Mycobacterium_abscessus,2,1,1,1
BRN,Mycobacterium_massiliense,2,1,1,1
BRN,Mammalicoccus_sciuri,2,1,1,1
BRN,Klebsiella_variicola,4,2,3,3
BRN,Haemophilus_influenzae,2,1,1,1
BRN,Haemophilus_haemolyticus,2,1,1,1
BRN,Haemophilus_parainfluenzae,2,1,1,1
BRN,Enterococcus_faecalis,4,2,3,3
BRN,Dichelobacter_nodosus,2,1,1,1
BRN,Cronobacter_malonaticus,2,2,1,2
BRN,Cronobacter_sakazakii,2,2,1,2
BRN,Clostridium_perfringens,2,2,1,2
BRN,Campylobacter_jejuni,2,2,1,2
BRN,Campylobacter_coli,2,2,1,2
BRN,Burkholderia_pseudomallei,2,2,1,2
BRN,Burkholderia_ambifaria,2,2,1,2
BRN,Burkholderia_cenocepacia,2,2,1,2
BRN,Burkholderia_cepacia,2,2,1,2
BRN,Burkholderia_multivorans,2,2,1,2
BRN,Burkholderia_ubonensis,2,2,1,2
BRN,Bordetella_parapertussis,2,1,1,1
BRN,Acinetobacter_nosocomialis,4,2,4,4
BRN,Acinetobacter_pittii,4,2,4,4
BRN,Listeria_innocua,2,1,1,1
BRN,Cronobacter_turicensis,2,2,1,2
BRN,Clostridium_chauvoei,2,1,1,1
BRN,Borrelia_bavariensis,2,1,1,1
BRN,Salmonella_enterica,3,2,2,2
BRN,Yersinia_enterocolitica,2,2,1,3
BRN,Neisseria_lactamica,2,1,1,1
BRN,Leptospira_borgpetersenii,2,1,1,1
BRN,Burkholderia_vietnamiensis,2,2,1,2
BRN,Streptococcus_uberis,2,1,1,1
BRN,Cronobacter_dublinensis,2,2,1,2
BRN,Chlamydia_abortus,2,1,1,1
BRN,Bordetella_pertussis,2,1,1,1
BRN,Borrelia_garinii,2,1,1,1
BRN,Neisseria_cinerea,2,1,1,1
BRN,Bordetella_bronchiseptica,2,1,1,1
BRN,Mycobacterium_bovis,2,1,1,1
BRN,Shigella_flexneri,4,2,3,3
BRN,Mycobacterium_tuberculosis,2,2,1,1
BGR,Enterococcus_faecium,4,1,3,3
BGR,Staphylococcus_aureus,4,2,4,3
BGR,Klebsiella_pneumoniae,4,2,3,3
BGR,Acinetobacter_baumannii,4,2,4,4
BGR,Pseudomonas_aeruginosa,4,2,4,4
BGR,Enterobacter_cloacae,4,2,4,4
BGR,Neisseria_meningitidis,2,1,1,1
BGR,Listeria_monocytogenes,2,1,1,1
BGR,Corynebacterium_diphtheriae,2,1,1,1
BGR,Bacillus_cereus,2,1,1,1
BGR,Vibrio_cholerae,1,1,1,1
BGR,Neisseria_gonorrhoeae,3,2,2,2
BGR,Treponema_pallidum,2,1,1,1
BGR,Streptococcus_pneumoniae,2,2,1,1
BGR,Leptospira_interrogans,2,1,1,1
BGR,Helicobacter_pylori,2,1,1,1
BGR,Escherichia_coli,4,2,3,3
BGR,Chlamydia_trachomatis,2,1,1,1
BGR,Burkholderia_contaminans,2,2,1,2
BGR,Vibrio_parahaemolyticus,2,2,1,3
BGR,Streptococcus_agalactiae,2,1,1,1
BGR,Streptococcus_suis,2,1,1,1
BGR,Mycobacterium_abscessus,2,1,1,1
BGR,Mycobacterium_massiliense,2,1,1,1
BGR,Mammalicoccus_sciuri,2,1,1,1
BGR,Klebsiella_variicola,4,2,3,3
BGR,Haemophilus_influenzae,2,1,1,1
BGR,Haemophilus_haemolyticus,2,1,1,1
BGR,Haemophilus_parainfluenzae,2,1,1,1
BGR,Enterococcus_faecalis,4,2,3,3
BGR,Dichelobacter_nodosus,2,1,1,1
BGR,Cronobacter_malonaticus,2,2,1,2
BGR,Cronobacter_sakazakii,2,2,1,2
BGR,Clostridium_perfringens,2,2,1,2
BGR,Campylobacter_jejuni,2,2,1,2
BGR,Campylobacter_coli,2,2,1,2
BGR,Burkholderia_pseudomallei,2,2,1,2
BGR,Burkholderia_ambifaria,2,2,1,2
BGR,Burkholderia_cenocepacia,2,2,1,2
BGR,Burkholderia_cepacia,2,2,1,2
BGR,Burkholderia_multivorans,2,2,1,2
BGR,Burkholderia_ubonensis,2,2,1,2
BGR,Bordetella_parapertussis,2,1,1,1
BGR,Acinetobacter_nosocomialis,4,2,4,4
BGR,Acinetobacter_pittii,4,2,4,4
BGR,Listeria_innocua,2,1,1,1
BGR,Cronobacter_turicensis,2,2,1,2
BGR,Clostridium_chauvoei,2,1,1,1
BGR,Borrelia_bavariensis,2,1,1,1
BGR,Salmonella_enterica,3,2,2,2
BGR,Yersinia_enterocolitica,2,2,1,3
BGR,Neisseria_lactamica,2,1,1,1
BGR,Leptospira_borgpetersenii,2,1,1,1
BGR,Burkholderia_vietnamiensis,2,2,1,2
BGR,Streptococcus_uberis,2,1,1,1
BGR,Cronobacter_dublinensis,2,2,1,2
BGR,Chlamydia_abortus,2,1,1,1
BGR,Bordetella_pertussis,2,1,1,1
BGR,Borrelia_garinii,2,1,1,1
BGR,Neisseria_cinerea,2,1,1,1
BGR,Bordetella_bronchiseptica,2,1,1,1
BGR,Mycobacterium_bovis,2,1,1,1
BGR,Shigella_flexneri,4,2,3,3
BGR,Mycobacterium_tuberculosis,2,2,1,1
CAN,Enterococcus_faecium,4,1,3,3
CAN,Staphylococcus_aureus,4,2,4,3
CAN,Klebsiella_pneumoniae,4,2,3,3
CAN,Acinetobacter_baumannii,4,2,4,4
CAN,Pseudomonas_aeruginosa,4,2,4,4
CAN,Enterobacter_cloacae,4,2,4,4
CAN,Neisseria_meningitidis,2,1,1,1
CAN,Listeria_monocytogenes,2,1,1,1
CAN,Corynebacterium_diphtheriae,2,1,1,1
CAN,Bacillus_cereus,2,1,1,1
CAN,Vibrio_cholerae,1,1,1,1
CAN,Neisseria_gonorrhoeae,3,2,2,2
CAN,Treponema_pallidum,2,1,1,1
CAN,Streptococcus_pneumoniae,2,2,1,1
CAN,Leptospira_interrogans,2,1,1,1
CAN,Helicobacter_pylori,2,1,1,1
CAN,Escherichia_coli,4,2,3,3
CAN,Chlamydia_trachomatis,2,1,1,1
CAN,Burkholderia_contaminans,2,2,1,2
CAN,Vibrio_parahaemolyticus,2,2,1,3
CAN,Streptococcus_agalactiae,2,1,1,1
CAN,Streptococcus_suis,2,1,1,1
CAN,Mycobacterium_abscessus,2,1,1,1
CAN,Mycobacterium_massiliense,2,1,1,1
CAN,Mammalicoccus_sciuri,2,1,1,1
CAN,Klebsiella_variicola,4,2,3,3
CAN,Haemophilus_influenzae,2,1,1,1
CAN,Haemophilus_haemolyticus,2,1,1,1
CAN,Haemophilus_parainfluenzae,2,1,1,1
CAN,Enterococcus_faecalis,4,2,3,3
CAN,Dichelobacter_nodosus,2,1,1,1
CAN,Cronobacter_malonaticus,2,2,1,2
CAN,Cronobacter_sakazakii,2,2,1,2
CAN,Clostridium_perfringens,2,2,1,2
CAN,Campylobacter_jejuni,2,2,1,2
CAN,Campylobacter_coli,2,2,1,2
CAN,Burkholderia_pseudomallei,2,2,1,2
CAN,Burkholderia_ambifaria,2,2,1,2
CAN,Burkholderia_cenocepacia,2,2,1,2
CAN,Burkholderia_cepacia,2,2,1,2
CAN,Burkholderia_multivorans,2,2,1,2
CAN,Burkholderia_ubonensis,2,2,1,2
CAN,Bordetella_parapertussis,2,1,1,1
CAN,Acinetobacter_nosocomialis,4,2,4,4
CAN,Acinetobacter_pittii,4,2,4,4
CAN,Listeria_innocua,2,1,1,1
CAN,Cronobacter_turicensis,2,2,1,2
CAN,Clostridium_chauvoei,2,1,1,1
CAN,Borrelia_bavariensis,2,1,1,1
CAN,Salmonella_enterica,3,2,2,2
CAN,Yersinia_enterocolitica,2,2,1,3
CAN,Neisseria_lactamica,2,1,1,1
CAN,Leptospira_borgpetersenii,2,1,1,1
CAN,Burkholderia_vietnamiensis,2,2,1,2
CAN,Streptococcus_uberis,2,1,1,1
CAN,Cronobacter_dublinensis,2,2,1,2
CAN,Chlamydia_abortus,2,1,1,1
CAN,Bordetella_pertussis,2,1,1,1
CAN,Borrelia_garinii,2,1,1,1
CAN,Neisseria_cinerea,2,1,1,1
CAN,Bordetella_bronchiseptica,2,1,1,1
CAN,Mycobacterium_bovis,2,1,1,1
CAN,Shigella_flexneri,4,2,3,3
CAN,Mycobacterium_tuberculosis,2,2,1,1
CYM,Enterococcus_faecium,4,1,3,3
CYM,Staphylococcus_aureus,4,2,4,3
CYM,Klebsiella_pneumoniae,4,2,3,3
CYM,Acinetobacter_baumannii,4,2,4,4
CYM,Pseudomonas_aeruginosa,4,2,4,4
CYM,Enterobacter_cloacae,4,2,4,4
CYM,Neisseria_meningitidis,3,1,1,1
CYM,Listeria_monocytogenes,3,1,1,1
CYM,Corynebacterium_diphtheriae,3,1,1,1
CYM,Bacillus_cereus,3,1,1,1
CYM,Vibrio_cholerae,1,1,1,1
CYM,Neisseria_gonorrhoeae,3,2,2,2
CYM,Treponema_pallidum,3,1,1,1
CYM,Streptococcus_pneumoniae,2,2,1,1
CYM,Leptospira_interrogans,3,1,1,1
CYM,Helicobacter_pylori,3,1,1,1
CYM,Escherichia_coli,4,2,3,3
CYM,Chlamydia_trachomatis,3,1,1,1
CYM,Burkholderia_contaminans,3,2,1,2
CYM,Vibrio_parahaemolyticus,3,2,1,3
CYM,Streptococcus_agalactiae,3,1,1,1
CYM,Streptococcus_suis,3,1,1,1
CYM,Mycobacterium_abscessus,3,1,1,1
CYM,Mycobacterium_massiliense,3,1,1,1
CYM,Mammalicoccus_sciuri,3,1,1,1
CYM,Klebsiella_variicola,4,2,3,3
CYM,Haemophilus_influenzae,3,1,1,1
CYM,Haemophilus_haemolyticus,3,1,1,1
CYM,Haemophilus_parainfluenzae,3,1,1,1
CYM,Enterococcus_faecalis,4,2,3,3
CYM,Dichelobacter_nodosus,3,1,1,1
CYM,Cronobacter_malonaticus,3,2,1,2
CYM,Cronobacter_sakazakii,3,2,1,2
CYM,Clostridium_perfringens,3,2,1,2
CYM,Campylobacter_jejuni,3,2,1,2
CYM,Campylobacter_coli,3,2,1,2
CYM,Burkholderia_pseudomallei,3,2,1,2
CYM,Burkholderia_ambifaria,3,2,1,2
CYM,Burkholderia_cenocepacia,3,2,1,2
CYM,Burkholderia_cepacia,3,2,1,2
CYM,Burkholderia_multivorans,3,2,1,2
CYM,Burkholderia_ubonensis,3,2,1,2
CYM,Bordetella_parapertussis,3,1,1,1
CYM,Acinetobacter_nosocomialis,4,2,4,4
CYM,Acinetobacter_pittii,4,2,4,4
CYM,Listeria_innocua,3,1,1,1
CYM,Cronobacter_turicensis,3,2,1,2
CYM,Clostridium_chauvoei,3,1,1,1
CYM,Borrelia_bavariensis,3,1,1,1
CYM,Salmonella_enterica,3,2,2,2
CYM,Yersinia_enterocolitica,3,2,1,3
CYM,Neisseria_lactamica,3,1,1,1
CYM,Leptospira_borgpetersenii,3,1,1,1
CYM,Burkholderia_vietnamiensis,3,2,1,2
CYM,Streptococcus_uberis,3,1,1,1
CYM,Cronobacter_dublinensis,3,2,1,2
CYM,Chlamydia_abortus,3,1,1,1
CYM,Bordetella_pertussis,3,1,1,1
CYM,Borrelia_garinii,3,1,1,1
CYM,Neisseria_cinerea,3,1,1,1
CYM,Bordetella_bronchiseptica,3,1,1,1
CYM,Mycobacterium_bovis,3,1,1,1
CYM,Shigella_flexneri,4,2,3,3
CYM,Mycobacterium_tuberculosis,2,2,1,1
CHL,Enterococcus_faecium,4,1,3,3
CHL,Staphylococcus_aureus,4,2,4,3
CHL,Klebsiella_pneumoniae,4,2,3,3
CHL,Acinetobacter_baumannii,4,2,4,4
CHL,Pseudomonas_aeruginosa,4,2,4,4
CHL,Enterobacter_cloacae,4,2,4,4
CHL,Neisseria_meningitidis,2,1,1,1
CHL,Listeria_monocytogenes,2,1,1,1
CHL,Corynebacterium_diphtheriae,2,1,1,1
CHL,Bacillus_cereus,2,1,1,1
CHL,Vibrio_cholerae,1,1,1,1
CHL,Neisseria_gonorrhoeae,3,2,2,2
CHL,Treponema_pallidum,2,1,1,1
CHL,Streptococcus_pneumoniae,2,2,1,1
CHL,Leptospira_interrogans,2,1,1,1
CHL,Helicobacter_pylori,2,1,1,1
CHL,Escherichia_coli,4,2,3,3
CHL,Chlamydia_trachomatis,2,1,1,1
CHL,Burkholderia_contaminans,2,2,1,2
CHL,Vibrio_parahaemolyticus,2,2,1,3
CHL,Streptococcus_agalactiae,2,1,1,1
CHL,Streptococcus_suis,2,1,1,1
CHL,Mycobacterium_abscessus,2,1,1,1
CHL,Mycobacterium_massiliense,2,1,1,1
CHL,Mammalicoccus_sciuri,2,1,1,1
CHL,Klebsiella_variicola,4,2,3,3
CHL,Haemophilus_influenzae,2,1,1,1
CHL,Haemophilus_haemolyticus,2,1,1,1
CHL,Haemophilus_parainfluenzae,2,1,1,1
CHL,Enterococcus_faecalis,4,2,3,3
CHL,Dichelobacter_nodosus,2,1,1,1
CHL,Cronobacter_malonaticus,2,2,1,2
CHL,Cronobacter_sakazakii,2,2,1,2
CHL,Clostridium_perfringens,2,2,1,2
CHL,Campylobacter_jejuni,2,2,1,2
CHL,Campylobacter_coli,2,2,1,2
CHL,Burkholderia_pseudomallei,2,2,1,2
CHL,Burkholderia_ambifaria,2,2,1,2
CHL,Burkholderia_cenocepacia,2,2,1,2
CHL,Burkholderia_cepacia,2,2,1,2
CHL,Burkholderia_multivorans,2,2,1,2
CHL,Burkholderia_ubonensis,2,2,1,2
CHL,Bordetella_parapertussis,2,1,1,1
CHL,Acinetobacter_nosocomialis,4,2,4,4
CHL,Acinetobacter_pittii,4,2,4,4
CHL,Listeria_innocua,2,1,1,1
CHL,Cronobacter_turicensis,2,2,1,2
CHL,Clostridium_chauvoei,2,1,1,1
CHL,Borrelia_bavariensis,2,1,1,1
CHL,Salmonella_enterica,3,2,2,2
CHL,Yersinia_enterocolitica,2,2,1,3
CHL,Neisseria_lactamica,2,1,1,1
CHL,Leptospira_borgpetersenii,2,1,1,1
CHL,Burkholderia_vietnamiensis,2,2,1,2
CHL,Streptococcus_uberis,2,1,1,1
CHL,Cronobacter_dublinensis,2,2,1,2
CHL,Chlamydia_abortus,2,1,1,1
CHL,Bordetella_pertussis,2,1,1,1
CHL,Borrelia_garinii,2,1,1,1
CHL,Neisseria_cinerea,2,1,1,1
CHL,Bordetella_bronchiseptica,2,1,1,1
CHL,Mycobacterium_bovis,2,1,1,1
CHL,Shigella_flexneri,4,2,3,3
CHL,Mycobacterium_tuberculosis,2,2,1,1
CRI,Enterococcus_faecium,4,1,3,3
CRI,Staphylococcus_aureus,4,2,4,3
CRI,Klebsiella_pneumoniae,4,2,3,3
CRI,Acinetobacter_baumannii,4,2,4,4
CRI,Pseudomonas_aeruginosa,4,2,4,4
CRI,Enterobacter_cloacae,4,2,4,4
CRI,Neisseria_meningitidis,2,1,1,1
CRI,Listeria_monocytogenes,2,1,1,1
CRI,Corynebacterium_diphtheriae,2,1,1,1
CRI,Bacillus_cereus,2,1,1,1
CRI,Vibrio_cholerae,1,1,1,1
CRI,Neisseria_gonorrhoeae,3,2,2,2
CRI,Treponema_pallidum,2,1,1,1
CRI,Streptococcus_pneumoniae,2,2,1,1
CRI,Leptospira_interrogans,2,1,1,1
CRI,Helicobacter_pylori,2,1,1,1
CRI,Escherichia_coli,4,2,3,3
CRI,Chlamydia_trachomatis,2,1,1,1
CRI,Burkholderia_contaminans,2,2,1,2
CRI,Vibrio_parahaemolyticus,2,2,1,3
CRI,Streptococcus_agalactiae,2,1,1,1
CRI,Streptococcus_suis,2,1,1,1
CRI,Mycobacterium_abscessus,2,1,1,1
CRI,Mycobacterium_massiliense,2,1,1,1
CRI,Mammalicoccus_sciuri,2,1,1,1
CRI,Klebsiella_variicola,4,2,3,3
CRI,Haemophilus_influenzae,2,1,1,1
CRI,Haemophilus_haemolyticus,2,1,1,1
CRI,Haemophilus_parainfluenzae,2,1,1,1
CRI,Enterococcus_faecalis,4,2,3,3
CRI,Dichelobacter_nodosus,2,1,1,1
CRI,Cronobacter_malonaticus,2,2,1,2
CRI,Cronobacter_sakazakii,2,2,1,2
CRI,Clostridium_perfringens,2,2,1,2
CRI,Campylobacter_jejuni,2,2,1,2
CRI,Campylobacter_coli,2,2,1,2
CRI,Burkholderia_pseudomallei,2,2,1,2
CRI,Burkholderia_ambifaria,2,2,1,2
CRI,Burkholderia_cenocepacia,2,2,1,2
CRI,Burkholderia_cepacia,2,2,1,2
CRI,Burkholderia_multivorans,2,2,1,2
CRI,Burkholderia_ubonensis,2,2,1,2
CRI,Bordetella_parapertussis,2,1,1,1
CRI,Acinetobacter_nosocomialis,4,2,4,4
CRI,Acinetobacter_pittii,4,2,4,4
CRI,Listeria_innocua,2,1,1,1
CRI,Cronobacter_turicensis,2,2,1,2
CRI,Clostridium_chauvoei,2,1,1,1
CRI,Borrelia_bavariensis,2,1,1,1
CRI,Salmonella_enterica,3,2,2,2
CRI,Yersinia_enterocolitica,2,2,1,3
CRI,Neisseria_lactamica,2,1,1,1
CRI,Leptospira_borgpetersenii,2,1,1,1
CRI,Burkholderia_vietnamiensis,2,2,1,2
CRI,Streptococcus_uberis,2,1,1,1
CRI,Cronobacter_dublinensis,2,2,1,2
CRI,Chlamydia_abortus,2,1,1,1
CRI,Bordetella_pertussis,2,1,1,1
CRI,Borrelia_garinii,2,1,1,1
CRI,Neisseria_cinerea,2,1,1,1
CRI,Bordetella_bronchiseptica,2,1,1,1
CRI,Mycobacterium_bovis,2,1,1,1
CRI,Shigella_flexneri,4,2,3,3
CRI,Mycobacterium_tuberculosis,2,2,1,1
HRV,Enterococcus_faecium,4,1,3,3
HRV,Staphylococcus_aureus,4,2,4,3
HRV,Klebsiella_pneumoniae,4,2,3,3
HRV,Acinetobacter_baumannii,4,2,4,4
HRV,Pseudomonas_aeruginosa,4,2,4,4
HRV,Enterobacter_cloacae,4,2,4,4
HRV,Neisseria_meningitidis,2,1,1,1
HRV,Listeria_monocytogenes,2,1,1,1
HRV,Corynebacterium_diphtheriae,2,1,1,1
HRV,Bacillus_cereus,2,1,1,1
HRV,Vibrio_cholerae,1,1,1,1
HRV,Neisseria_gonorrhoeae,3,2,2,2
HRV,Treponema_pallidum,2,1,1,1
HRV,Streptococcus_pneumoniae,2,2,1,1
HRV,Leptospira_interrogans,2,1,1,1
HRV,Helicobacter_pylori,2,1,1,1
HRV,Escherichia_coli,4,2,3,3
HRV,Chlamydia_trachomatis,2,1,1,1
HRV,Burkholderia_contaminans,2,2,1,2
HRV,Vibrio_parahaemolyticus,2,2,1,3
HRV,Streptococcus_agalactiae,2,1,1,1
HRV,Streptococcus_suis,2,1,1,1
HRV,Mycobacterium_abscessus,2,1,1,1
HRV,Mycobacterium_massiliense,2,1,1,1
HRV,Mammalicoccus_sciuri,2,1,1,1
HRV,Klebsiella_variicola,4,2,3,3
HRV,Haemophilus_influenzae,2,1,1,1
HRV,Haemophilus_haemolyticus,2,1,1,1
HRV,Haemophilus_parainfluenzae,2,1,1,1
HRV,Enterococcus_faecalis,4,2,3,3
HRV,Dichelobacter_nodosus,2,1,1,1
HRV,Cronobacter_malonaticus,2,2,1,2
HRV,Cronobacter_sakazakii,2,2,1,2
HRV,Clostridium_perfringens,2,2,1,2
HRV,Campylobacter_jejuni,2,2,1,2
HRV,Campylobacter_coli,2,2,1,2
HRV,Burkholderia_pseudomallei,2,2,1,2
HRV,Burkholderia_ambifaria,2,2,1,2
HRV,Burkholderia_cenocepacia,2,2,1,2
HRV,Burkholderia_cepacia,2,2,1,2
HRV,Burkholderia_multivorans,2,2,1,2
HRV,Burkholderia_ubonensis,2,2,1,2
HRV,Bordetella_parapertussis,2,1,1,1
HRV,Acinetobacter_nosocomialis,4,2,4,4
HRV,Acinetobacter_pittii,4,2,4,4
HRV,Listeria_innocua,2,1,1,1
HRV,Cronobacter_turicensis,2,2,1,2
HRV,Clostridium_chauvoei,2,1,1,1
HRV,Borrelia_bavariensis,2,1,1,1
HRV,Salmonella_enterica,3,2,2,2
HRV,Yersinia_enterocolitica,2,2,1,3
HRV,Neisseria_lactamica,2,1,1,1
HRV,Leptospira_borgpetersenii,2,1,1,1
HRV,Burkholderia_vietnamiensis,2,2,1,2
HRV,Streptococcus_uberis,2,1,1,1
HRV,Cronobacter_dublinensis,2,2,1,2
HRV,Chlamydia_abortus,2,1,1,1
HRV,Bordetella_pertussis,2,1,1,1
HRV,Borrelia_garinii,2,1,1,1
HRV,Neisseria_cinerea,2,1,1,1
HRV,Bordetella_bronchiseptica,2,1,1,1
HRV,Mycobacterium_bovis,2,1,1,1
HRV,Shigella_flexneri,4,2,3,3
HRV,Mycobacterium_tuberculosis,2,2,1,1
CUW,Enterococcus_faecium,4,1,3,3
CUW,Staphylococcus_aureus,4,2,4,3
CUW,Klebsiella_pneumoniae,4,2,3,3
CUW,Acinetobacter_baumannii,4,2,4,4
CUW,Pseudomonas_aeruginosa,4,2,4,4
CUW,Enterobacter_cloacae,4,2,4,4
CUW,Neisseria_meningitidis,2,1,1,1
CUW,Listeria_monocytogenes,2,1,1,1
CUW,Corynebacterium_diphtheriae,2,1,1,1
CUW,Bacillus_cereus,2,1,1,1
CUW,Vibrio_cholerae,1,1,1,1
CUW,Neisseria_gonorrhoeae,3,2,2,2
CUW,Treponema_pallidum,2,1,1,1
CUW,Streptococcus_pneumoniae,2,2,1,1
CUW,Leptospira_interrogans,2,1,1,1
CUW,Helicobacter_pylori,2,1,1,1
CUW,Escherichia_coli,4,2,3,3
CUW,Chlamydia_trachomatis,2,1,1,1
CUW,Burkholderia_contaminans,2,2,1,2
CUW,Vibrio_parahaemolyticus,2,2,1,3
CUW,Streptococcus_agalactiae,2,1,1,1
CUW,Streptococcus_suis,2,1,1,1
CUW,Mycobacterium_abscessus,2,1,1,1
CUW,Mycobacterium_massiliense,2,1,1,1
CUW,Mammalicoccus_sciuri,2,1,1,1
CUW,Klebsiella_variicola,4,2,3,3
CUW,Haemophilus_influenzae,2,1,1,1
CUW,Haemophilus_haemolyticus,2,1,1,1
CUW,Haemophilus_parainfluenzae,2,1,1,1
CUW,Enterococcus_faecalis,4,2,3,3
CUW,Dichelobacter_nodosus,2,1,1,1
CUW,Cronobacter_malonaticus,2,2,1,2
CUW,Cronobacter_sakazakii,2,2,1,2
CUW,Clostridium_perfringens,2,2,1,2
CUW,Campylobacter_jejuni,2,2,1,2
CUW,Campylobacter_coli,2,2,1,2
CUW,Burkholderia_pseudomallei,2,2,1,2
CUW,Burkholderia_ambifaria,2,2,1,2
CUW,Burkholderia_cenocepacia,2,2,1,2
CUW,Burkholderia_cepacia,2,2,1,2
CUW,Burkholderia_multivorans,2,2,1,2
CUW,Burkholderia_ubonensis,2,2,1,2
CUW,Bordetella_parapertussis,2,1,1,1
CUW,Acinetobacter_nosocomialis,4,2,4,4
CUW,Acinetobacter_pittii,4,2,4,4
CUW,Listeria_innocua,2,1,1,1
CUW,Cronobacter_turicensis,2,2,1,2
CUW,Clostridium_chauvoei,2,1,1,1
CUW,Borrelia_bavariensis,2,1,1,1
CUW,Salmonella_enterica,3,2,2,2
CUW,Yersinia_enterocolitica,2,2,1,3
CUW,Neisseria_lactamica,2,1,1,1
CUW,Leptospira_borgpetersenii,2,1,1,1
CUW,Burkholderia_vietnamiensis,2,2,1,2
CUW,Streptococcus_uberis,2,1,1,1
CUW,Cronobacter_dublinensis,2,2,1,2
CUW,Chlamydia_abortus,2,1,1,1
CUW,Bordetella_pertussis,2,1,1,1
CUW,Borrelia_garinii,2,1,1,1
CUW,Neisseria_cinerea,2,1,1,1
CUW,Bordetella_bronchiseptica,2,1,1,1
CUW,Mycobacterium_bovis,2,1,1,1
CUW,Shigella_flexneri,4,2,3,3
CUW,Mycobacterium_tuberculosis,2,2,1,1
CYP,Enterococcus_faecium,4,1,3,3
CYP,Staphylococcus_aureus,4,2,4,3
CYP,Klebsiella_pneumoniae,4,2,3,3
CYP,Acinetobacter_baumannii,4,2,4,4
CYP,Pseudomonas_aeruginosa,4,2,4,4
CYP,Enterobacter_cloacae,4,2,4,4
CYP,Neisseria_meningitidis,2,1,1,1
CYP,Listeria_monocytogenes,2,1,1,1
CYP,Corynebacterium_diphtheriae,2,1,1,1
CYP,Bacillus_cereus,2,1,1,1
CYP,Vibrio_cholerae,1,1,1,1
CYP,Neisseria_gonorrhoeae,3,2,2,2
CYP,Treponema_pallidum,2,1,1,1
CYP,Streptococcus_pneumoniae,2,2,1,1
CYP,Leptospira_interrogans,2,1,1,1
CYP,Helicobacter_pylori,2,1,1,1
CYP,Escherichia_coli,4,2,3,3
CYP,Chlamydia_trachomatis,2,1,1,1
CYP,Burkholderia_contaminans,2,2,1,2
CYP,Vibrio_parahaemolyticus,2,2,1,3
CYP,Streptococcus_agalactiae,2,1,1,1
CYP,Streptococcus_suis,2,1,1,1
CYP,Mycobacterium_abscessus,2,1,1,1
CYP,Mycobacterium_massiliense,2,1,1,1
CYP,Mammalicoccus_sciuri,2,1,1,1
CYP,Klebsiella_variicola,4,2,3,3
CYP,Haemophilus_influenzae,2,1,1,1
CYP,Haemophilus_haemolyticus,2,1,1,1
CYP,Haemophilus_parainfluenzae,2,1,1,1
CYP,Enterococcus_faecalis,4,2,3,3
CYP,Dichelobacter_nodosus,2,1,1,1
CYP,Cronobacter_malonaticus,2,2,1,2
CYP,Cronobacter_sakazakii,2,2,1,2
CYP,Clostridium_perfringens,2,2,1,2
CYP,Campylobacter_jejuni,2,2,1,2
CYP,Campylobacter_coli,2,2,1,2
CYP,Burkholderia_pseudomallei,2,2,1,2
CYP,Burkholderia_ambifaria,2,2,1,2
CYP,Burkholderia_cenocepacia,2,2,1,2
CYP,Burkholderia_cepacia,2,2,1,2
CYP,Burkholderia_multivorans,2,2,1,2
CYP,Burkholderia_ubonensis,2,2,1,2
CYP,Bordetella_parapertussis,2,1,1,1
CYP,Acinetobacter_nosocomialis,4,2,4,4
CYP,Acinetobacter_pittii,4,2,4,4
CYP,Listeria_innocua,2,1,1,1
CYP,Cronobacter_turicensis,2,2,1,2
CYP,Clostridium_chauvoei,2,1,1,1
CYP,Borrelia_bavariensis,2,1,1,1
CYP,Salmonella_enterica,3,2,2,2
CYP,Yersinia_enterocolitica,2,2,1,3
CYP,Neisseria_lactamica,2,1,1,1
CYP,Leptospira_borgpetersenii,2,1,1,1
CYP,Burkholderia_vietnamiensis,2,2,1,2
CYP,Streptococcus_uberis,2,1,1,1
CYP,Cronobacter_dublinensis,2,2,1,2
CYP,Chlamydia_abortus,2,1,1,1
CYP,Bordetella_pertussis,2,1,1,1
CYP,Borrelia_garinii,2,1,1,1
CYP,Neisseria_cinerea,2,1,1,1
CYP,Bordetella_bronchiseptica,2,1,1,1
CYP,Mycobacterium_bovis,2,1,1,1
CYP,Shigella_flexneri,4,2,3,3
CYP,Mycobacterium_tuberculosis,2,2,1,1
CZE,Enterococcus_faecium,4,1,3,3
CZE,Staphylococcus_aureus,4,2,4,3
CZE,Klebsiella_pneumoniae,4,2,3,3
CZE,Acinetobacter_baumannii,4,2,4,4
CZE,Pseudomonas_aeruginosa,4,2,4,4
CZE,Enterobacter_cloacae,4,2,4,4
CZE,Neisseria_meningitidis,2,1,1,1
CZE,Listeria_monocytogenes,2,1,1,1
CZE,Corynebacterium_diphtheriae,2,1,1,1
CZE,Bacillus_cereus,2,1,1,1
CZE,Vibrio_cholerae,1,1,1,1
CZE,Neisseria_gonorrhoeae,3,2,2,2
CZE,Treponema_pallidum,2,1,1,1
CZE,Streptococcus_pneumoniae,2,2,1,1
CZE,Leptospira_interrogans,2,1,1,1
CZE,Helicobacter_pylori,2,1,1,1
CZE,Escherichia_coli,4,2,3,3
CZE,Chlamydia_trachomatis,2,1,1,1
CZE,Burkholderia_contaminans,2,2,1,2
CZE,Vibrio_parahaemolyticus,2,2,1,3
CZE,Streptococcus_agalactiae,2,1,1,1
CZE,Streptococcus_suis,2,1,1,1
CZE,Mycobacterium_abscessus,2,1,1,1
CZE,Mycobacterium_massiliense,2,1,1,1
CZE,Mammalicoccus_sciuri,2,1,1,1
CZE,Klebsiella_variicola,4,2,3,3
CZE,Haemophilus_influenzae,2,1,1,1
CZE,Haemophilus_haemolyticus,2,1,1,1
CZE,Haemophilus_parainfluenzae,2,1,1,1
CZE,Enterococcus_faecalis,4,2,3,3
CZE,Dichelobacter_nodosus,2,1,1,1
CZE,Cronobacter_malonaticus,2,2,1,2
CZE,Cronobacter_sakazakii,2,2,1,2
CZE,Clostridium_perfringens,2,2,1,2
CZE,Campylobacter_jejuni,2,2,1,2
CZE,Campylobacter_coli,2,2,1,2
CZE,Burkholderia_pseudomallei,2,2,1,2
CZE,Burkholderia_ambifaria,2,2,1,2
CZE,Burkholderia_cenocepacia,2,2,1,2
CZE,Burkholderia_cepacia,2,2,1,2
CZE,Burkholderia_multivorans,2,2,1,2
CZE,Burkholderia_ubonensis,2,2,1,2
CZE,Bordetella_parapertussis,2,1,1,1
CZE,Acinetobacter_nosocomialis,4,2,4,4
CZE,Acinetobacter_pittii,4,2,4,4
CZE,Listeria_innocua,2,1,1,1
CZE,Cronobacter_turicensis,2,2,1,2
CZE,Clostridium_chauvoei,2,1,1,1
CZE,Borrelia_bavariensis,2,1,1,1
CZE,Salmonella_enterica,3,2,2,2
CZE,Yersinia_enterocolitica,2,2,1,3
CZE,Neisseria_lactamica,2,1,1,1
CZE,Leptospira_borgpetersenii,2,1,1,1
CZE,Burkholderia_vietnamiensis,2,2,1,2
CZE,Streptococcus_uberis,2,1,1,1
CZE,Cronobacter_dublinensis,2,2,1,2
CZE,Chlamydia_abortus,2,1,1,1
CZE,Bordetella_pertussis,2,1,1,1
CZE,Borrelia_garinii,2,1,1,1
CZE,Neisseria_cinerea,2,1,1,1
CZE,Bordetella_bronchiseptica,2,1,1,1
CZE,Mycobacterium_bovis,2,1,1,1
CZE,Shigella_flexneri,4,2,3,3
CZE,Mycobacterium_tuberculosis,2,2,1,1
DNK,Enterococcus_faecium,3,1,2,2
DNK,Staphylococcus_aureus,4,2,3,3
DNK,Klebsiella_pneumoniae,3,2,2,2
DNK,Acinetobacter_baumannii,4,2,3,3
DNK,Pseudomonas_aeruginosa,4,2,3,3
DNK,Enterobacter_cloacae,4,2,3,3
DNK,Neisseria_meningitidis,2,1,1,1
DNK,Listeria_monocytogenes,2,1,1,1
DNK,Corynebacterium_diphtheriae,2,1,1,1
DNK,Bacillus_cereus,2,1,1,1
DNK,Vibrio_cholerae,1,1,1,1
DNK,Neisseria_gonorrhoeae,3,2,2,2
DNK,Treponema_pallidum,2,1,1,1
DNK,Streptococcus_pneumoniae,2,2,1,1
DNK,Leptospira_interrogans,2,1,1,1
DNK,Helicobacter_pylori,2,1,1,1
DNK,Escherichia_coli,4,2,3,3
DNK,Chlamydia_trachomatis,2,1,1,1
DNK,Burkholderia_contaminans,2,2,1,2
DNK,Vibrio_parahaemolyticus,2,2,1,3
DNK,Streptococcus_agalactiae,2,1,1,1
DNK,Streptococcus_suis,2,1,1,1
DNK,Mycobacterium_abscessus,2,1,1,1
DNK,Mycobacterium_massiliense,2,1,1,1
DNK,Mammalicoccus_sciuri,2,1,1,1
DNK,Klebsiella_variicola,4,2,3,3
DNK,Haemophilus_influenzae,2,1,1,1
DNK,Haemophilus_haemolyticus,2,1,1,1
DNK,Haemophilus_parainfluenzae,2,1,1,1
DNK,Enterococcus_faecalis,4,2,3,3
DNK,Dichelobacter_nodosus,2,1,1,1
DNK,Cronobacter_malonaticus,2,2,1,2
DNK,Cronobacter_sakazakii,2,2,1,2
DNK,Clostridium_perfringens,2,2,1,2
DNK,Campylobacter_jejuni,2,2,1,2
DNK,Campylobacter_coli,2,2,1,2
DNK,Burkholderia_pseudomallei,2,2,1,2
DNK,Burkholderia_ambifaria,2,2,1,2
DNK,Burkholderia_cenocepacia,2,2,1,2
DNK,Burkholderia_cepacia,2,2,1,2
DNK,Burkholderia_multivorans,2,2,1,2
DNK,Burkholderia_ubonensis,2,2,1,2
DNK,Bordetella_parapertussis,2,1,1,1
DNK,Acinetobacter_nosocomialis,4,2,4,4
DNK,Acinetobacter_pittii,4,2,4,4
DNK,Listeria_innocua,2,1,1,1
DNK,Cronobacter_turicensis,2,2,1,2
DNK,Clostridium_chauvoei,2,1,1,1
DNK,Borrelia_bavariensis,2,1,1,1
DNK,Salmonella_enterica,3,2,2,2
DNK,Yersinia_enterocolitica,2,2,1,3
DNK,Neisseria_lactamica,2,1,1,1
DNK,Leptospira_borgpetersenii,2,1,1,1
DNK,Burkholderia_vietnamiensis,2,2,1,2
DNK,Streptococcus_uberis,2,1,1,1
DNK,Cronobacter_dublinensis,2,2,1,2
DNK,Chlamydia_abortus,2,1,1,1
DNK,Bordetella_pertussis,2,1,1,1
DNK,Borrelia_garinii,2,1,1,1
DNK,Neisseria_cinerea,2,1,1,1
DNK,Bordetella_bronchiseptica,2,1,1,1
DNK,Mycobacterium_bovis,2,1,1,1
DNK,Shigella_flexneri,4,2,3,3
DNK,Mycobacterium_tuberculosis,2,2,1,1
EST,Enterococcus_faecium,4,1,3,3
EST,Staphylococcus_aureus,4,2,4,3
EST,Klebsiella_pneumoniae,4,2,3,3
EST,Acinetobacter_baumannii,4,2,4,4
EST,Pseudomonas_aeruginosa,4,2,4,4
EST,Enterobacter_cloacae,4,2,4,4
EST,Neisseria_meningitidis,2,1,1,1
EST,Listeria_monocytogenes,2,1,1,1
EST,Corynebacterium_diphtheriae,2,1,1,1
EST,Bacillus_cereus,2,1,1,1
EST,Vibrio_cholerae,1,1,1,1
EST,Neisseria_gonorrhoeae,3,2,2,2
EST,Treponema_pallidum,2,1,1,1
EST,Streptococcus_pneumoniae,2,2,1,1
EST,Leptospira_interrogans,2,1,1,1
EST,Helicobacter_pylori,2,1,1,1
EST,Escherichia_coli,4,2,3,3
EST,Chlamydia_trachomatis,2,1,1,1
EST,Burkholderia_contaminans,2,2,1,2
EST,Vibrio_parahaemolyticus,2,2,1,3
EST,Streptococcus_agalactiae,2,1,1,1
EST,Streptococcus_suis,2,1,1,1
EST,Mycobacterium_abscessus,2,1,1,1
EST,Mycobacterium_massiliense,2,1,1,1
EST,Mammalicoccus_sciuri,2,1,1,1
EST,Klebsiella_variicola,4,2,3,3
EST,Haemophilus_influenzae,2,1,1,1
EST,Haemophilus_haemolyticus,2,1,1,1
EST,Haemophilus_parainfluenzae,2,1,1,1
EST,Enterococcus_faecalis,4,2,3,3
EST,Dichelobacter_nodosus,2,1,1,1
EST,Cronobacter_malonaticus,2,2,1,2
EST,Cronobacter_sakazakii,2,2,1,2
EST,Clostridium_perfringens,2,2,1,2
EST,Campylobacter_jejuni,2,2,1,2
EST,Campylobacter_coli,2,2,1,2
EST,Burkholderia_pseudomallei,2,2,1,2
EST,Burkholderia_ambifaria,2,2,1,2
EST,Burkholderia_cenocepacia,2,2,1,2
EST,Burkholderia_cepacia,2,2,1,2
EST,Burkholderia_multivorans,2,2,1,2
EST,Burkholderia_ubonensis,2,2,1,2
EST,Bordetella_parapertussis,2,1,1,1
EST,Acinetobacter_nosocomialis,4,2,4,4
EST,Acinetobacter_pittii,4,2,4,4
EST,Listeria_innocua,2,1,1,1
EST,Cronobacter_turicensis,2,2,1,2
EST,Clostridium_chauvoei,2,1,1,1
EST,Borrelia_bavariensis,2,1,1,1
EST,Salmonella_enterica,3,2,2,2
EST,Yersinia_enterocolitica,2,2,1,3
EST,Neisseria_lactamica,2,1,1,1
EST,Leptospira_borgpetersenii,2,1,1,1
EST,Burkholderia_vietnamiensis,2,2,1,2
EST,Streptococcus_uberis,2,1,1,1
EST,Cronobacter_dublinensis,2,2,1,2
EST,Chlamydia_abortus,2,1,1,1
EST,Bordetella_pertussis,2,1,1,1
EST,Borrelia_garinii,2,1,1,1
EST,Neisseria_cinerea,2,1,1,1
EST,Bordetella_bronchiseptica,2,1,1,1
EST,Mycobacterium_bovis,2,1,1,1
EST,Shigella_flexneri,4,2,3,3
EST,Mycobacterium_tuberculosis,2,2,1,1
FRO,Enterococcus_faecium,4,1,3,3
FRO,Staphylococcus_aureus,4,2,4,3
FRO,Klebsiella_pneumoniae,4,2,3,3
FRO,Acinetobacter_baumannii,4,2,4,4
FRO,Pseudomonas_aeruginosa,4,2,4,4
FRO,Enterobacter_cloacae,4,2,4,4
FRO,Neisseria_meningitidis,2,1,1,1
FRO,Listeria_monocytogenes,2,1,1,1
FRO,Corynebacterium_diphtheriae,2,1,1,1
FRO,Bacillus_cereus,2,1,1,1
FRO,Vibrio_cholerae,1,1,1,1
FRO,Neisseria_gonorrhoeae,3,2,2,2
FRO,Treponema_pallidum,2,1,1,1
FRO,Streptococcus_pneumoniae,2,2,1,1
FRO,Leptospira_interrogans,2,1,1,1
FRO,Helicobacter_pylori,2,1,1,1
FRO,Escherichia_coli,4,2,3,3
FRO,Chlamydia_trachomatis,2,1,1,1
FRO,Burkholderia_contaminans,2,2,1,2
FRO,Vibrio_parahaemolyticus,2,2,1,3
FRO,Streptococcus_agalactiae,2,1,1,1
FRO,Streptococcus_suis,2,1,1,1
FRO,Mycobacterium_abscessus,2,1,1,1
FRO,Mycobacterium_massiliense,2,1,1,1
FRO,Mammalicoccus_sciuri,2,1,1,1
FRO,Klebsiella_variicola,4,2,3,3
FRO,Haemophilus_influenzae,2,1,1,1
FRO,Haemophilus_haemolyticus,2,1,1,1
FRO,Haemophilus_parainfluenzae,2,1,1,1
FRO,Enterococcus_faecalis,4,2,3,3
FRO,Dichelobacter_nodosus,2,1,1,1
FRO,Cronobacter_malonaticus,2,2,1,2
FRO,Cronobacter_sakazakii,2,2,1,2
FRO,Clostridium_perfringens,2,2,1,2
FRO,Campylobacter_jejuni,2,2,1,2
FRO,Campylobacter_coli,2,2,1,2
FRO,Burkholderia_pseudomallei,2,2,1,2
FRO,Burkholderia_ambifaria,2,2,1,2
FRO,Burkholderia_cenocepacia,2,2,1,2
FRO,Burkholderia_cepacia,2,2,1,2
FRO,Burkholderia_multivorans,2,2,1,2
FRO,Burkholderia_ubonensis,2,2,1,2
FRO,Bordetella_parapertussis,2,1,1,1
FRO,Acinetobacter_nosocomialis,4,2,4,4
FRO,Acinetobacter_pittii,4,2,4,4
FRO,Listeria_innocua,2,1,1,1
FRO,Cronobacter_turicensis,2,2,1,2
FRO,Clostridium_chauvoei,2,1,1,1
FRO,Borrelia_bavariensis,2,1,1,1
FRO,Salmonella_enterica,3,2,2,2
FRO,Yersinia_enterocolitica,2,2,1,3
FRO,Neisseria_lactamica,2,1,1,1
FRO,Leptospira_borgpetersenii,2,1,1,1
FRO,Burkholderia_vietnamiensis,2,2,1,2
FRO,Streptococcus_uberis,2,1,1,1
FRO,Cronobacter_dublinensis,2,2,1,2
FRO,Chlamydia_abortus,2,1,1,1
FRO,Bordetella_pertussis,2,1,1,1
FRO,Borrelia_garinii,2,1,1,1
FRO,Neisseria_cinerea,2,1,1,1
FRO,Bordetella_bronchiseptica,2,1,1,1
FRO,Mycobacterium_bovis,2,1,1,1
FRO,Shigella_flexneri,4,2,3,3
FRO,Mycobacterium_tuberculosis,2,2,1,1
FIN,Enterococcus_faecium,3,1,2,2
FIN,Staphylococcus_aureus,4,2,3,3
FIN,Klebsiella_pneumoniae,3,2,2,2
FIN,Acinetobacter_baumannii,4,2,3,3
FIN,Pseudomonas_aeruginosa,4,2,3,3
FIN,Enterobacter_cloacae,4,2,3,3
FIN,Neisseria_meningitidis,2,1,1,1
FIN,Listeria_monocytogenes,2,1,1,1
FIN,Corynebacterium_diphtheriae,2,1,1,1
FIN,Bacillus_cereus,2,1,1,1
FIN,Vibrio_cholerae,1,1,1,1
FIN,Neisseria_gonorrhoeae,3,2,2,2
FIN,Treponema_pallidum,2,1,1,1
FIN,Streptococcus_pneumoniae,2,2,1,1
FIN,Leptospira_interrogans,2,1,1,1
FIN,Helicobacter_pylori,2,1,1,1
FIN,Escherichia_coli,4,2,3,3
FIN,Chlamydia_trachomatis,2,1,1,1
FIN,Burkholderia_contaminans,2,2,1,2
FIN,Vibrio_parahaemolyticus,2,2,1,3
FIN,Streptococcus_agalactiae,2,1,1,1
FIN,Streptococcus_suis,2,1,1,1
FIN,Mycobacterium_abscessus,2,1,1,1
FIN,Mycobacterium_massiliense,2,1,1,1
FIN,Mammalicoccus_sciuri,2,1,1,1
FIN,Klebsiella_variicola,4,2,3,3
FIN,Haemophilus_influenzae,2,1,1,1
FIN,Haemophilus_haemolyticus,2,1,1,1
FIN,Haemophilus_parainfluenzae,2,1,1,1
FIN,Enterococcus_faecalis,4,2,3,3
FIN,Dichelobacter_nodosus,2,1,1,1
FIN,Cronobacter_malonaticus,2,2,1,2
FIN,Cronobacter_sakazakii,2,2,1,2
FIN,Clostridium_perfringens,2,2,1,2
FIN,Campylobacter_jejuni,2,2,1,2
FIN,Campylobacter_coli,2,2,1,2
FIN,Burkholderia_pseudomallei,2,2,1,2
FIN,Burkholderia_ambifaria,2,2,1,2
FIN,Burkholderia_cenocepacia,2,2,1,2
FIN,Burkholderia_cepacia,2,2,1,2
FIN,Burkholderia_multivorans,2,2,1,2
FIN,Burkholderia_ubonensis,2,2,1,2
FIN,Bordetella_parapertussis,2,1,1,1
FIN,Acinetobacter_nosocomialis,4,2,4,4
FIN,Acinetobacter_pittii,4,2,4,4
FIN,Listeria_innocua,2,1,1,1
FIN,Cronobacter_turicensis,2,2,1,2
FIN,Clostridium_chauvoei,2,1,1,1
FIN,Borrelia_bavariensis,2,1,1,1
FIN,Salmonella_enterica,3,2,2,2
FIN,Yersinia_enterocolitica,2,2,1,3
FIN,Neisseria_lactamica,2,1,1,1
FIN,Leptospira_borgpetersenii,2,1,1,1
FIN,Burkholderia_vietnamiensis,2,2,1,2
FIN,Streptococcus_uberis,2,1,1,1
FIN,Cronobacter_dublinensis,2,2,1,2
FIN,Chlamydia_abortus,2,1,1,1
FIN,Bordetella_pertussis,2,1,1,1
FIN,Borrelia_garinii,2,1,1,1
FIN,Neisseria_cinerea,2,1,1,1
FIN,Bordetella_bronchiseptica,2,1,1,1
FIN,Mycobacterium_bovis,2,1,1,1
FIN,Shigella_flexneri,4,2,3,3
FIN,Mycobacterium_tuberculosis,2,2,1,1
FRA,Enterococcus_faecium,3,1,2,2
FRA,Staphylococcus_aureus,4,2,3,3
FRA,Klebsiella_pneumoniae,3,2,2,2
FRA,Acinetobacter_baumannii,4,2,3,3
FRA,Pseudomonas_aeruginosa,4,2,3,3
FRA,Enterobacter_cloacae,4,2,3,3
FRA,Neisseria_meningitidis,2,1,1,1
FRA,Listeria_monocytogenes,2,1,1,1
FRA,Corynebacterium_diphtheriae,2,1,1,1
FRA,Bacillus_cereus,2,1,1,1
FRA,Vibrio_cholerae,1,1,1,1
FRA,Neisseria_gonorrhoeae,3,2,2,2
FRA,Treponema_pallidum,2,1,1,1
FRA,Streptococcus_pneumoniae,2,2,1,1
FRA,Leptospira_interrogans,2,1,1,1
FRA,Helicobacter_pylori,2,1,1,1
FRA,Escherichia_coli,4,2,3,3
FRA,Chlamydia_trachomatis,2,1,1,1
FRA,Burkholderia_contaminans,2,2,1,2
FRA,Vibrio_parahaemolyticus,2,2,1,3
FRA,Streptococcus_agalactiae,2,1,1,1
FRA,Streptococcus_suis,2,1,1,1
FRA,Mycobacterium_abscessus,2,1,1,1
FRA,Mycobacterium_massiliense,2,1,1,1
FRA,Mammalicoccus_sciuri,2,1,1,1
FRA,Klebsiella_variicola,4,2,3,3
FRA,Haemophilus_influenzae,2,1,1,1
FRA,Haemophilus_haemolyticus,2,1,1,1
FRA,Haemophilus_parainfluenzae,2,1,1,1
FRA,Enterococcus_faecalis,4,2,3,3
FRA,Dichelobacter_nodosus,2,1,1,1
FRA,Cronobacter_malonaticus,2,2,1,2
FRA,Cronobacter_sakazakii,2,2,1,2
FRA,Clostridium_perfringens,2,2,1,2
FRA,Campylobacter_jejuni,2,2,1,2
FRA,Campylobacter_coli,2,2,1,2
FRA,Burkholderia_pseudomallei,2,2,1,2
FRA,Burkholderia_ambifaria,2,2,1,2
FRA,Burkholderia_cenocepacia,2,2,1,2
FRA,Burkholderia_cepacia,2,2,1,2
FRA,Burkholderia_multivorans,2,2,1,2
FRA,Burkholderia_ubonensis,2,2,1,2
FRA,Bordetella_parapertussis,2,1,1,1
FRA,Acinetobacter_nosocomialis,4,2,4,4
FRA,Acinetobacter_pittii,4,2,4,4
FRA,Listeria_innocua,2,1,1,1
FRA,Cronobacter_turicensis,2,2,1,2
FRA,Clostridium_chauvoei,2,1,1,1
FRA,Borrelia_bavariensis,2,1,1,1
FRA,Salmonella_enterica,3,2,2,2
FRA,Yersinia_enterocolitica,2,2,1,3
FRA,Neisseria_lactamica,2,1,1,1
FRA,Leptospira_borgpetersenii,2,1,1,1
FRA,Burkholderia_vietnamiensis,2,2,1,2
FRA,Streptococcus_uberis,2,1,1,1
FRA,Cronobacter_dublinensis,2,2,1,2
FRA,Chlamydia_abortus,2,1,1,1
FRA,Bordetella_pertussis,2,1,1,1
FRA,Borrelia_garinii,2,1,1,1
FRA,Neisseria_cinerea,2,1,1,1
FRA,Bordetella_bronchiseptica,2,1,1,1
FRA,Mycobacterium_bovis,2,1,1,1
FRA,Shigella_flexneri,4,2,3,3
FRA,Mycobacterium_tuberculosis,2,2,1,1
GUF,Enterococcus_faecium,4,1,3,3
GUF,Staphylococcus_aureus,4,2,4,3
GUF,Klebsiella_pneumoniae,4,2,3,3
GUF,Acinetobacter_baumannii,4,2,4,4
GUF,Pseudomonas_aeruginosa,4,2,4,4
GUF,Enterobacter_cloacae,4,2,4,4
GUF,Neisseria_meningitidis,2,1,1,1
GUF,Listeria_monocytogenes,2,1,1,1
GUF,Corynebacterium_diphtheriae,2,1,1,1
GUF,Bacillus_cereus,2,1,1,1
GUF,Vibrio_cholerae,1,1,1,1
GUF,Neisseria_gonorrhoeae,3,2,2,2
GUF,Treponema_pallidum,2,1,1,1
GUF,Streptococcus_pneumoniae,2,2,1,1
GUF,Leptospira_interrogans,2,1,1,1
GUF,Helicobacter_pylori,2,1,1,1
GUF,Escherichia_coli,4,2,3,3
GUF,Chlamydia_trachomatis,2,1,1,1
GUF,Burkholderia_contaminans,2,2,1,2
GUF,Vibrio_parahaemolyticus,2,2,1,3
GUF,Streptococcus_agalactiae,2,1,1,1
GUF,Streptococcus_suis,2,1,1,1
GUF,Mycobacterium_abscessus,2,1,1,1
GUF,Mycobacterium_massiliense,2,1,1,1
GUF,Mammalicoccus_sciuri,2,1,1,1
GUF,Klebsiella_variicola,4,2,3,3
GUF,Haemophilus_influenzae,2,1,1,1
GUF,Haemophilus_haemolyticus,2,1,1,1
GUF,Haemophilus_parainfluenzae,2,1,1,1
GUF,Enterococcus_faecalis,4,2,3,3
GUF,Dichelobacter_nodosus,2,1,1,1
GUF,Cronobacter_malonaticus,2,2,1,2
GUF,Cronobacter_sakazakii,2,2,1,2
GUF,Clostridium_perfringens,2,2,1,2
GUF,Campylobacter_jejuni,2,2,1,2
GUF,Campylobacter_coli,2,2,1,2
GUF,Burkholderia_pseudomallei,2,2,1,2
GUF,Burkholderia_ambifaria,2,2,1,2
GUF,Burkholderia_cenocepacia,2,2,1,2
GUF,Burkholderia_cepacia,2,2,1,2
GUF,Burkholderia_multivorans,2,2,1,2
GUF,Burkholderia_ubonensis,2,2,1,2
GUF,Bordetella_parapertussis,2,1,1,1
GUF,Acinetobacter_nosocomialis,4,2,4,4
GUF,Acinetobacter_pittii,4,2,4,4
GUF,Listeria_innocua,2,1,1,1
GUF,Cronobacter_turicensis,2,2,1,2
GUF,Clostridium_chauvoei,2,1,1,1
GUF,Borrelia_bavariensis,2,1,1,1
GUF,Salmonella_enterica,3,2,2,2
GUF,Yersinia_enterocolitica,2,2,1,3
GUF,Neisseria_lactamica,2,1,1,1
GUF,Leptospira_borgpetersenii,2,1,1,1
GUF,Burkholderia_vietnamiensis,2,2,1,2
GUF,Streptococcus_uberis,2,1,1,1
GUF,Cronobacter_dublinensis,2,2,1,2
GUF,Chlamydia_abortus,2,1,1,1
GUF,Bordetella_pertussis,2,1,1,1
GUF,Borrelia_garinii,2,1,1,1
GUF,Neisseria_cinerea,2,1,1,1
GUF,Bordetella_bronchiseptica,2,1,1,1
GUF,Mycobacterium_bovis,2,1,1,1
GUF,Shigella_flexneri,4,2,3,3
GUF,Mycobacterium_tuberculosis,2,2,1,1
PYF,Enterococcus_faecium,4,1,3,3
PYF,Staphylococcus_aureus,4,2,4,3
PYF,Klebsiella_pneumoniae,4,2,3,3
PYF,Acinetobacter_baumannii,4,2,4,4
PYF,Pseudomonas_aeruginosa,4,2,4,4
PYF,Enterobacter_cloacae,4,2,4,4
PYF,Neisseria_meningitidis,2,1,1,1
PYF,Listeria_monocytogenes,2,1,1,1
PYF,Corynebacterium_diphtheriae,2,1,1,1
PYF,Bacillus_cereus,2,1,1,1
PYF,Vibrio_cholerae,1,1,1,1
PYF,Neisseria_gonorrhoeae,3,2,2,2
PYF,Treponema_pallidum,2,1,1,1
PYF,Streptococcus_pneumoniae,2,2,1,1
PYF,Leptospira_interrogans,2,1,1,1
PYF,Helicobacter_pylori,2,1,1,1
PYF,Escherichia_coli,4,2,3,3
PYF,Chlamydia_trachomatis,2,1,1,1
PYF,Burkholderia_contaminans,2,2,1,2
PYF,Vibrio_parahaemolyticus,2,2,1,3
PYF,Streptococcus_agalactiae,2,1,1,1
PYF,Streptococcus_suis,2,1,1,1
PYF,Mycobacterium_abscessus,2,1,1,1
PYF,Mycobacterium_massiliense,2,1,1,1
PYF,Mammalicoccus_sciuri,2,1,1,1
PYF,Klebsiella_variicola,4,2,3,3
PYF,Haemophilus_influenzae,2,1,1,1
PYF,Haemophilus_haemolyticus,2,1,1,1
PYF,Haemophilus_parainfluenzae,2,1,1,1
PYF,Enterococcus_faecalis,4,2,3,3
PYF,Dichelobacter_nodosus,2,1,1,1
PYF,Cronobacter_malonaticus,2,2,1,2
PYF,Cronobacter_sakazakii,2,2,1,2
PYF,Clostridium_perfringens,2,2,1,2
PYF,Campylobacter_jejuni,2,2,1,2
PYF,Campylobacter_coli,2,2,1,2
PYF,Burkholderia_pseudomallei,2,2,1,2
PYF,Burkholderia_ambifaria,2,2,1,2
PYF,Burkholderia_cenocepacia,2,2,1,2
PYF,Burkholderia_cepacia,2,2,1,2
PYF,Burkholderia_multivorans,2,2,1,2
PYF,Burkholderia_ubonensis,2,2,1,2
PYF,Bordetella_parapertussis,2,1,1,1
PYF,Acinetobacter_nosocomialis,4,2,4,4
PYF,Acinetobacter_pittii,4,2,4,4
PYF,Listeria_innocua,2,1,1,1
PYF,Cronobacter_turicensis,2,2,1,2
PYF,Clostridium_chauvoei,2,1,1,1
PYF,Borrelia_bavariensis,2,1,1,1
PYF,Salmonella_enterica,3,2,2,2
PYF,Yersinia_enterocolitica,2,2,1,3
PYF,Neisseria_lactamica,2,1,1,1
PYF,Leptospira_borgpetersenii,2,1,1,1
PYF,Burkholderia_vietnamiensis,2,2,1,2
PYF,Streptococcus_uberis,2,1,1,1
PYF,Cronobacter_dublinensis,2,2,1,2
PYF,Chlamydia_abortus,2,1,1,1
PYF,Bordetella_pertussis,2,1,1,1
PYF,Borrelia_garinii,2,1,1,1
PYF,Neisseria_cinerea,2,1,1,1
PYF,Bordetella_bronchiseptica,2,1,1,1
PYF,Mycobacterium_bovis,2,1,1,1
PYF,Shigella_flexneri,4,2,3,3
PYF,Mycobacterium_tuberculosis,2,2,1,1
ATF,Enterococcus_faecium,4,1,3,3
ATF,Staphylococcus_aureus,4,2,4,3
ATF,Klebsiella_pneumoniae,4,2,3,3
ATF,Acinetobacter_baumannii,4,2,4,4
ATF,Pseudomonas_aeruginosa,4,2,4,4
ATF,Enterobacter_cloacae,4,2,4,4
ATF,Neisseria_meningitidis,2,1,1,1
ATF,Listeria_monocytogenes,2,1,1,1
ATF,Corynebacterium_diphtheriae,2,1,1,1
ATF,Bacillus_cereus,2,1,1,1
ATF,Vibrio_cholerae,1,1,1,1
ATF,Neisseria_gonorrhoeae,3,2,2,2
ATF,Treponema_pallidum,2,1,1,1
ATF,Streptococcus_pneumoniae,2,2,1,1
ATF,Leptospira_interrogans,2,1,1,1
ATF,Helicobacter_pylori,2,1,1,1
ATF,Escherichia_coli,4,2,3,3
ATF,Chlamydia_trachomatis,2,1,1,1
ATF,Burkholderia_contaminans,2,2,1,2
ATF,Vibrio_parahaemolyticus,2,2,1,3
ATF,Streptococcus_agalactiae,2,1,1,1
ATF,Streptococcus_suis,2,1,1,1
ATF,Mycobacterium_abscessus,2,1,1,1
ATF,Mycobacterium_massiliense,2,1,1,1
ATF,Mammalicoccus_sciuri,2,1,1,1
ATF,Klebsiella_variicola,4,2,3,3
ATF,Haemophilus_influenzae,2,1,1,1
ATF,Haemophilus_haemolyticus,2,1,1,1
ATF,Haemophilus_parainfluenzae,2,1,1,1
ATF,Enterococcus_faecalis,4,2,3,3
ATF,Dichelobacter_nodosus,2,1,1,1
ATF,Cronobacter_malonaticus,2,2,1,2
ATF,Cronobacter_sakazakii,2,2,1,2
ATF,Clostridium_perfringens,2,2,1,2
ATF,Campylobacter_jejuni,2,2,1,2
ATF,Campylobacter_coli,2,2,1,2
ATF,Burkholderia_pseudomallei,2,2,1,2
ATF,Burkholderia_ambifaria,2,2,1,2
ATF,Burkholderia_cenocepacia,2,2,1,2
ATF,Burkholderia_cepacia,2,2,1,2
ATF,Burkholderia_multivorans,2,2,1,2
ATF,Burkholderia_ubonensis,2,2,1,2
ATF,Bordetella_parapertussis,2,1,1,1
ATF,Acinetobacter_nosocomialis,4,2,4,4
ATF,Acinetobacter_pittii,4,2,4,4
ATF,Listeria_innocua,2,1,1,1
ATF,Cronobacter_turicensis,2,2,1,2
ATF,Clostridium_chauvoei,2,1,1,1
ATF,Borrelia_bavariensis,2,1,1,1
ATF,Salmonella_enterica,3,2,2,2
ATF,Yersinia_enterocolitica,2,2,1,3
ATF,Neisseria_lactamica,2,1,1,1
ATF,Leptospira_borgpetersenii,2,1,1,1
ATF,Burkholderia_vietnamiensis,2,2,1,2
ATF,Streptococcus_uberis,2,1,1,1
ATF,Cronobacter_dublinensis,2,2,1,2
ATF,Chlamydia_abortus,2,1,1,1
ATF,Bordetella_pertussis,2,1,1,1
ATF,Borrelia_garinii,2,1,1,1
ATF,Neisseria_cinerea,2,1,1,1
ATF,Bordetella_bronchiseptica,2,1,1,1
ATF,Mycobacterium_bovis,2,1,1,1
ATF,Shigella_flexneri,4,2,3,3
ATF,Mycobacterium_tuberculosis,2,2,1,1
DEU,Enterococcus_faecium,3,1,2,2
DEU,Staphylococcus_aureus,4,2,3,3
DEU,Klebsiella_pneumoniae,3,2,2,2
DEU,Acinetobacter_baumannii,4,2,3,3
DEU,Pseudomonas_aeruginosa,4,2,3,3
DEU,Enterobacter_cloacae,4,2,3,3
DEU,Neisseria_meningitidis,2,1,1,1
DEU,Listeria_monocytogenes,2,1,1,1
DEU,Corynebacterium_diphtheriae,2,1,1,1
DEU,Bacillus_cereus,2,1,1,1
DEU,Vibrio_cholerae,1,1,1,1
DEU,Neisseria_gonorrhoeae,3,2,2,2
DEU,Treponema_pallidum,2,1,1,1
DEU,Streptococcus_pneumoniae,2,2,1,1
DEU,Leptospira_interrogans,2,1,1,1
DEU,Helicobacter_pylori,2,1,1,1
DEU,Escherichia_coli,4,2,3,3
DEU,Chlamydia_trachomatis,2,1,1,1
DEU,Burkholderia_contaminans,2,2,1,2
DEU,Vibrio_parahaemolyticus,2,2,1,3
DEU,Streptococcus_agalactiae,2,1,1,1
DEU,Streptococcus_suis,2,1,1,1
DEU,Mycobacterium_abscessus,2,1,1,1
DEU,Mycobacterium_massiliense,2,1,1,1
DEU,Mammalicoccus_sciuri,2,1,1,1
DEU,Klebsiella_variicola,4,2,3,3
DEU,Haemophilus_influenzae,2,1,1,1
DEU,Haemophilus_haemolyticus,2,1,1,1
DEU,Haemophilus_parainfluenzae,2,1,1,1
DEU,Enterococcus_faecalis,4,2,3,3
DEU,Dichelobacter_nodosus,2,1,1,1
DEU,Cronobacter_malonaticus,2,2,1,2
DEU,Cronobacter_sakazakii,2,2,1,2
DEU,Clostridium_perfringens,2,2,1,2
DEU,Campylobacter_jejuni,2,2,1,2
DEU,Campylobacter_coli,2,2,1,2
DEU,Burkholderia_pseudomallei,2,2,1,2
DEU,Burkholderia_ambifaria,2,2,1,2
DEU,Burkholderia_cenocepacia,2,2,1,2
DEU,Burkholderia_cepacia,2,2,1,2
DEU,Burkholderia_multivorans,2,2,1,2
DEU,Burkholderia_ubonensis,2,2,1,2
DEU,Bordetella_parapertussis,2,1,1,1
DEU,Acinetobacter_nosocomialis,4,2,4,4
DEU,Acinetobacter_pittii,4,2,4,4
DEU,Listeria_innocua,2,1,1,1
DEU,Cronobacter_turicensis,2,2,1,2
DEU,Clostridium_chauvoei,2,1,1,1
DEU,Borrelia_bavariensis,2,1,1,1
DEU,Salmonella_enterica,3,2,2,2
DEU,Yersinia_enterocolitica,2,2,1,3
DEU,Neisseria_lactamica,2,1,1,1
DEU,Leptospira_borgpetersenii,2,1,1,1
DEU,Burkholderia_vietnamiensis,2,2,1,2
DEU,Streptococcus_uberis,2,1,1,1
DEU,Cronobacter_dublinensis,2,2,1,2
DEU,Chlamydia_abortus,2,1,1,1
DEU,Bordetella_pertussis,2,1,1,1
DEU,Borrelia_garinii,2,1,1,1
DEU,Neisseria_cinerea,2,1,1,1
DEU,Bordetella_bronchiseptica,2,1,1,1
DEU,Mycobacterium_bovis,2,1,1,1
DEU,Shigella_flexneri,4,2,3,3
DEU,Mycobacterium_tuberculosis,2,2,1,1
GIB,Enterococcus_faecium,4,1,3,3
GIB,Staphylococcus_aureus,4,2,4,3
GIB,Klebsiella_pneumoniae,4,2,3,3
GIB,Acinetobacter_baumannii,4,2,4,4
GIB,Pseudomonas_aeruginosa,4,2,4,4
GIB,Enterobacter_cloacae,4,2,4,4
GIB,Neisseria_meningitidis,2,1,1,1
GIB,Listeria_monocytogenes,2,1,1,1
GIB,Corynebacterium_diphtheriae,2,1,1,1
GIB,Bacillus_cereus,2,1,1,1
GIB,Vibrio_cholerae,1,1,1,1
GIB,Neisseria_gonorrhoeae,3,2,2,2
GIB,Treponema_pallidum,2,1,1,1
GIB,Streptococcus_pneumoniae,2,2,1,1
GIB,Leptospira_interrogans,2,1,1,1
GIB,Helicobacter_pylori,2,1,1,1
GIB,Escherichia_coli,4,2,3,3
GIB,Chlamydia_trachomatis,2,1,1,1
GIB,Burkholderia_contaminans,2,2,1,2
GIB,Vibrio_parahaemolyticus,2,2,1,3
GIB,Streptococcus_agalactiae,2,1,1,1
GIB,Streptococcus_suis,2,1,1,1
GIB,Mycobacterium_abscessus,2,1,1,1
GIB,Mycobacterium_massiliense,2,1,1,1
GIB,Mammalicoccus_sciuri,2,1,1,1
GIB,Klebsiella_variicola,4,2,3,3
GIB,Haemophilus_influenzae,2,1,1,1
GIB,Haemophilus_haemolyticus,2,1,1,1
GIB,Haemophilus_parainfluenzae,2,1,1,1
GIB,Enterococcus_faecalis,4,2,3,3
GIB,Dichelobacter_nodosus,2,1,1,1
GIB,Cronobacter_malonaticus,2,2,1,2
GIB,Cronobacter_sakazakii,2,2,1,2
GIB,Clostridium_perfringens,2,2,1,2
GIB,Campylobacter_jejuni,2,2,1,2
GIB,Campylobacter_coli,2,2,1,2
GIB,Burkholderia_pseudomallei,2,2,1,2
GIB,Burkholderia_ambifaria,2,2,1,2
GIB,Burkholderia_cenocepacia,2,2,1,2
GIB,Burkholderia_cepacia,2,2,1,2
GIB,Burkholderia_multivorans,2,2,1,2
GIB,Burkholderia_ubonensis,2,2,1,2
GIB,Bordetella_parapertussis,2,1,1,1
GIB,Acinetobacter_nosocomialis,4,2,4,4
GIB,Acinetobacter_pittii,4,2,4,4
GIB,Listeria_innocua,2,1,1,1
GIB,Cronobacter_turicensis,2,2,1,2
GIB,Clostridium_chauvoei,2,1,1,1
GIB,Borrelia_bavariensis,2,1,1,1
GIB,Salmonella_enterica,3,2,2,2
GIB,Yersinia_enterocolitica,2,2,1,3
GIB,Neisseria_lactamica,2,1,1,1
GIB,Leptospira_borgpetersenii,2,1,1,1
GIB,Burkholderia_vietnamiensis,2,2,1,2
GIB,Streptococcus_uberis,2,1,1,1
GIB,Cronobacter_dublinensis,2,2,1,2
GIB,Chlamydia_abortus,2,1,1,1
GIB,Bordetella_pertussis,2,1,1,1
GIB,Borrelia_garinii,2,1,1,1
GIB,Neisseria_cinerea,2,1,1,1
GIB,Bordetella_bronchiseptica,2,1,1,1
GIB,Mycobacterium_bovis,2,1,1,1
GIB,Shigella_flexneri,4,2,3,3
GIB,Mycobacterium_tuberculosis,2,2,1,1
GRC,Enterococcus_faecium,4,1,3,3
GRC,Staphylococcus_aureus,4,2,4,3
GRC,Klebsiella_pneumoniae,4,2,3,3
GRC,Acinetobacter_baumannii,4,2,4,4
GRC,Pseudomonas_aeruginosa,4,2,4,4
GRC,Enterobacter_cloacae,4,2,4,4
GRC,Neisseria_meningitidis,2,1,1,1
GRC,Listeria_monocytogenes,2,1,1,1
GRC,Corynebacterium_diphtheriae,2,1,1,1
GRC,Bacillus_cereus,2,1,1,1
GRC,Vibrio_cholerae,1,1,1,1
GRC,Neisseria_gonorrhoeae,3,2,2,2
GRC,Treponema_pallidum,2,1,1,1
GRC,Streptococcus_pneumoniae,2,2,1,1
GRC,Leptospira_interrogans,2,1,1,1
GRC,Helicobacter_pylori,2,1,1,1
GRC,Escherichia_coli,4,2,3,3
GRC,Chlamydia_trachomatis,2,1,1,1
GRC,Burkholderia_contaminans,2,2,1,2
GRC,Vibrio_parahaemolyticus,2,2,1,3
GRC,Streptococcus_agalactiae,2,1,1,1
GRC,Streptococcus_suis,2,1,1,1
GRC,Mycobacterium_abscessus,2,1,1,1
GRC,Mycobacterium_massiliense,2,1,1,1
GRC,Mammalicoccus_sciuri,2,1,1,1
GRC,Klebsiella_variicola,4,2,3,3
GRC,Haemophilus_influenzae,2,1,1,1
GRC,Haemophilus_haemolyticus,2,1,1,1
GRC,Haemophilus_parainfluenzae,2,1,1,1
GRC,Enterococcus_faecalis,4,2,3,3
GRC,Dichelobacter_nodosus,2,1,1,1
GRC,Cronobacter_malonaticus,2,2,1,2
GRC,Cronobacter_sakazakii,2,2,1,2
GRC,Clostridium_perfringens,2,2,1,2
GRC,Campylobacter_jejuni,2,2,1,2
GRC,Campylobacter_coli,2,2,1,2
GRC,Burkholderia_pseudomallei,2,2,1,2
GRC,Burkholderia_ambifaria,2,2,1,2
GRC,Burkholderia_cenocepacia,2,2,1,2
GRC,Burkholderia_cepacia,2,2,1,2
GRC,Burkholderia_multivorans,2,2,1,2
GRC,Burkholderia_ubonensis,2,2,1,2
GRC,Bordetella_parapertussis,2,1,1,1
GRC,Acinetobacter_nosocomialis,4,2,4,4
GRC,Acinetobacter_pittii,4,2,4,4
GRC,Listeria_innocua,2,1,1,1
GRC,Cronobacter_turicensis,2,2,1,2
GRC,Clostridium_chauvoei,2,1,1,1
GRC,Borrelia_bavariensis,2,1,1,1
GRC,Salmonella_enterica,3,2,2,2
GRC,Yersinia_enterocolitica,2,2,1,3
GRC,Neisseria_lactamica,2,1,1,1
GRC,Leptospira_borgpetersenii,2,1,1,1
GRC,Burkholderia_vietnamiensis,2,2,1,2
GRC,Streptococcus_uberis,2,1,1,1
GRC,Cronobacter_dublinensis,2,2,1,2
GRC,Chlamydia_abortus,2,1,1,1
GRC,Bordetella_pertussis,2,1,1,1
GRC,Borrelia_garinii,2,1,1,1
GRC,Neisseria_cinerea,2,1,1,1
GRC,Bordetella_bronchiseptica,2,1,1,1
GRC,Mycobacterium_bovis,2,1,1,1
GRC,Shigella_flexneri,4,2,3,3
GRC,Mycobacterium_tuberculosis,2,2,1,1
GRL,Enterococcus_faecium,3,1,2,2
GRL,Staphylococcus_aureus,4,2,3,3
GRL,Klebsiella_pneumoniae,3,2,2,2
GRL,Acinetobacter_baumannii,4,2,3,3
GRL,Pseudomonas_aeruginosa,4,2,3,3
GRL,Enterobacter_cloacae,4,2,3,3
GRL,Neisseria_meningitidis,2,1,1,1
GRL,Listeria_monocytogenes,2,1,1,1
GRL,Corynebacterium_diphtheriae,2,1,1,1
GRL,Bacillus_cereus,2,1,1,1
GRL,Vibrio_cholerae,1,1,1,1
GRL,Neisseria_gonorrhoeae,3,2,2,2
GRL,Treponema_pallidum,2,1,1,1
GRL,Streptococcus_pneumoniae,2,2,1,1
GRL,Leptospira_interrogans,2,1,1,1
GRL,Helicobacter_pylori,2,1,1,1
GRL,Escherichia_coli,4,2,3,3
GRL,Chlamydia_trachomatis,2,1,1,1
GRL,Burkholderia_contaminans,2,2,1,2
GRL,Vibrio_parahaemolyticus,2,2,1,3
GRL,Streptococcus_agalactiae,2,1,1,1
GRL,Streptococcus_suis,2,1,1,1
GRL,Mycobacterium_abscessus,2,1,1,1
GRL,Mycobacterium_massiliense,2,1,1,1
GRL,Mammalicoccus_sciuri,2,1,1,1
GRL,Klebsiella_variicola,4,2,3,3
GRL,Haemophilus_influenzae,2,1,1,1
GRL,Haemophilus_haemolyticus,2,1,1,1
GRL,Haemophilus_parainfluenzae,2,1,1,1
GRL,Enterococcus_faecalis,4,2,3,3
GRL,Dichelobacter_nodosus,2,1,1,1
GRL,Cronobacter_malonaticus,2,2,1,2
GRL,Cronobacter_sakazakii,2,2,1,2
GRL,Clostridium_perfringens,2,2,1,2
GRL,Campylobacter_jejuni,2,2,1,2
GRL,Campylobacter_coli,2,2,1,2
GRL,Burkholderia_pseudomallei,2,2,1,2
GRL,Burkholderia_ambifaria,2,2,1,2
GRL,Burkholderia_cenocepacia,2,2,1,2
GRL,Burkholderia_cepacia,2,2,1,2
GRL,Burkholderia_multivorans,2,2,1,2
GRL,Burkholderia_ubonensis,2,2,1,2
GRL,Bordetella_parapertussis,2,1,1,1
GRL,Acinetobacter_nosocomialis,4,2,4,4
GRL,Acinetobacter_pittii,4,2,4,4
GRL,Listeria_innocua,2,1,1,1
GRL,Cronobacter_turicensis,2,2,1,2
GRL,Clostridium_chauvoei,2,1,1,1
GRL,Borrelia_bavariensis,2,1,1,1
GRL,Salmonella_enterica,3,2,2,2
GRL,Yersinia_enterocolitica,2,2,1,3
GRL,Neisseria_lactamica,2,1,1,1
GRL,Leptospira_borgpetersenii,2,1,1,1
GRL,Burkholderia_vietnamiensis,2,2,1,2
GRL,Streptococcus_uberis,2,1,1,1
GRL,Cronobacter_dublinensis,2,2,1,2
GRL,Chlamydia_abortus,2,1,1,1
GRL,Bordetella_pertussis,2,1,1,1
GRL,Borrelia_garinii,2,1,1,1
GRL,Neisseria_cinerea,2,1,1,1
GRL,Bordetella_bronchiseptica,2,1,1,1
GRL,Mycobacterium_bovis,2,1,1,1
GRL,Shigella_flexneri,4,2,3,3
GRL,Mycobacterium_tuberculosis,2,2,1,1
GUM,Enterococcus_faecium,4,1,3,3
GUM,Staphylococcus_aureus,4,2,4,3
GUM,Klebsiella_pneumoniae,4,2,3,3
GUM,Acinetobacter_baumannii,4,2,4,4
GUM,Pseudomonas_aeruginosa,4,2,4,4
GUM,Enterobacter_cloacae,4,2,4,4
GUM,Neisseria_meningitidis,2,1,1,1
GUM,Listeria_monocytogenes,2,1,1,1
GUM,Corynebacterium_diphtheriae,2,1,1,1
GUM,Bacillus_cereus,2,1,1,1
GUM,Vibrio_cholerae,1,1,1,1
GUM,Neisseria_gonorrhoeae,3,2,2,2
GUM,Treponema_pallidum,2,1,1,1
GUM,Streptococcus_pneumoniae,2,2,1,1
GUM,Leptospira_interrogans,2,1,1,1
GUM,Helicobacter_pylori,2,1,1,1
GUM,Escherichia_coli,4,2,3,3
GUM,Chlamydia_trachomatis,2,1,1,1
GUM,Burkholderia_contaminans,2,2,1,2
GUM,Vibrio_parahaemolyticus,2,2,1,3
GUM,Streptococcus_agalactiae,2,1,1,1
GUM,Streptococcus_suis,2,1,1,1
GUM,Mycobacterium_abscessus,2,1,1,1
GUM,Mycobacterium_massiliense,2,1,1,1
GUM,Mammalicoccus_sciuri,2,1,1,1
GUM,Klebsiella_variicola,4,2,3,3
GUM,Haemophilus_influenzae,2,1,1,1
GUM,Haemophilus_haemolyticus,2,1,1,1
GUM,Haemophilus_parainfluenzae,2,1,1,1
GUM,Enterococcus_faecalis,4,2,3,3
GUM,Dichelobacter_nodosus,2,1,1,1
GUM,Cronobacter_malonaticus,2,2,1,2
GUM,Cronobacter_sakazakii,2,2,1,2
GUM,Clostridium_perfringens,2,2,1,2
GUM,Campylobacter_jejuni,2,2,1,2
GUM,Campylobacter_coli,2,2,1,2
GUM,Burkholderia_pseudomallei,2,2,1,2
GUM,Burkholderia_ambifaria,2,2,1,2
GUM,Burkholderia_cenocepacia,2,2,1,2
GUM,Burkholderia_cepacia,2,2,1,2
GUM,Burkholderia_multivorans,2,2,1,2
GUM,Burkholderia_ubonensis,2,2,1,2
GUM,Bordetella_parapertussis,2,1,1,1
GUM,Acinetobacter_nosocomialis,4,2,4,4
GUM,Acinetobacter_pittii,4,2,4,4
GUM,Listeria_innocua,2,1,1,1
GUM,Cronobacter_turicensis,2,2,1,2
GUM,Clostridium_chauvoei,2,1,1,1
GUM,Borrelia_bavariensis,2,1,1,1
GUM,Salmonella_enterica,3,2,2,2
GUM,Yersinia_enterocolitica,2,2,1,3
GUM,Neisseria_lactamica,2,1,1,1
GUM,Leptospira_borgpetersenii,2,1,1,1
GUM,Burkholderia_vietnamiensis,2,2,1,2
GUM,Streptococcus_uberis,2,1,1,1
GUM,Cronobacter_dublinensis,2,2,1,2
GUM,Chlamydia_abortus,2,1,1,1
GUM,Bordetella_pertussis,2,1,1,1
GUM,Borrelia_garinii,2,1,1,1
GUM,Neisseria_cinerea,2,1,1,1
GUM,Bordetella_bronchiseptica,2,1,1,1
GUM,Mycobacterium_bovis,2,1,1,1
GUM,Shigella_flexneri,4,2,3,3
GUM,Mycobacterium_tuberculosis,2,2,1,1
GUY,Enterococcus_faecium,4,1,3,3
GUY,Staphylococcus_aureus,4,2,4,3
GUY,Klebsiella_pneumoniae,4,2,3,3
GUY,Acinetobacter_baumannii,4,2,4,4
GUY,Pseudomonas_aeruginosa,4,2,4,4
GUY,Enterobacter_cloacae,4,2,4,4
GUY,Neisseria_meningitidis,2,1,1,1
GUY,Listeria_monocytogenes,2,1,1,1
GUY,Corynebacterium_diphtheriae,2,1,1,1
GUY,Bacillus_cereus,2,1,1,1
GUY,Vibrio_cholerae,1,1,1,1
GUY,Neisseria_gonorrhoeae,3,2,2,2
GUY,Treponema_pallidum,2,1,1,1
GUY,Streptococcus_pneumoniae,2,2,1,1
GUY,Leptospira_interrogans,2,1,1,1
GUY,Helicobacter_pylori,2,1,1,1
GUY,Escherichia_coli,4,2,3,3
GUY,Chlamydia_trachomatis,2,1,1,1
GUY,Burkholderia_contaminans,2,2,1,2
GUY,Vibrio_parahaemolyticus,2,2,1,3
GUY,Streptococcus_agalactiae,2,1,1,1
GUY,Streptococcus_suis,2,1,1,1
GUY,Mycobacterium_abscessus,2,1,1,1
GUY,Mycobacterium_massiliense,2,1,1,1
GUY,Mammalicoccus_sciuri,2,1,1,1
GUY,Klebsiella_variicola,4,2,3,3
GUY,Haemophilus_influenzae,2,1,1,1
GUY,Haemophilus_haemolyticus,2,1,1,1
GUY,Haemophilus_parainfluenzae,2,1,1,1
GUY,Enterococcus_faecalis,4,2,3,3
GUY,Dichelobacter_nodosus,2,1,1,1
GUY,Cronobacter_malonaticus,2,2,1,2
GUY,Cronobacter_sakazakii,2,2,1,2
GUY,Clostridium_perfringens,2,2,1,2
GUY,Campylobacter_jejuni,2,2,1,2
GUY,Campylobacter_coli,2,2,1,2
GUY,Burkholderia_pseudomallei,2,2,1,2
GUY,Burkholderia_ambifaria,2,2,1,2
GUY,Burkholderia_cenocepacia,2,2,1,2
GUY,Burkholderia_cepacia,2,2,1,2
GUY,Burkholderia_multivorans,2,2,1,2
GUY,Burkholderia_ubonensis,2,2,1,2
GUY,Bordetella_parapertussis,2,1,1,1
GUY,Acinetobacter_nosocomialis,4,2,4,4
GUY,Acinetobacter_pittii,4,2,4,4
GUY,Listeria_innocua,2,1,1,1
GUY,Cronobacter_turicensis,2,2,1,2
GUY,Clostridium_chauvoei,2,1,1,1
GUY,Borrelia_bavariensis,2,1,1,1
GUY,Salmonella_enterica,3,2,2,2
GUY,Yersinia_enterocolitica,2,2,1,3
GUY,Neisseria_lactamica,2,1,1,1
GUY,Leptospira_borgpetersenii,2,1,1,1
GUY,Burkholderia_vietnamiensis,2,2,1,2
GUY,Streptococcus_uberis,2,1,1,1
GUY,Cronobacter_dublinensis,2,2,1,2
GUY,Chlamydia_abortus,2,1,1,1
GUY,Bordetella_pertussis,2,1,1,1
GUY,Borrelia_garinii,2,1,1,1
GUY,Neisseria_cinerea,2,1,1,1
GUY,Bordetella_bronchiseptica,2,1,1,1
GUY,Mycobacterium_bovis,2,1,1,1
GUY,Shigella_flexneri,4,2,3,3
GUY,Mycobacterium_tuberculosis,2,2,1,1
HKG,Enterococcus_faecium,4,1,3,3
HKG,Staphylococcus_aureus,4,2,4,3
HKG,Klebsiella_pneumoniae,4,2,3,3
HKG,Acinetobacter_baumannii,4,2,4,4
HKG,Pseudomonas_aeruginosa,4,2,4,4
HKG,Enterobacter_cloacae,4,2,4,4
HKG,Neisseria_meningitidis,2,1,1,1
HKG,Listeria_monocytogenes,2,1,1,1
HKG,Corynebacterium_diphtheriae,2,1,1,1
HKG,Bacillus_cereus,2,1,1,1
HKG,Vibrio_cholerae,1,1,1,1
HKG,Neisseria_gonorrhoeae,3,2,2,2
HKG,Treponema_pallidum,2,1,1,1
HKG,Streptococcus_pneumoniae,2,2,1,1
HKG,Leptospira_interrogans,2,1,1,1
HKG,Helicobacter_pylori,2,1,1,1
HKG,Escherichia_coli,4,2,3,3
HKG,Chlamydia_trachomatis,2,1,1,1
HKG,Burkholderia_contaminans,2,2,1,2
HKG,Vibrio_parahaemolyticus,2,2,1,3
HKG,Streptococcus_agalactiae,2,1,1,1
HKG,Streptococcus_suis,2,1,1,1
HKG,Mycobacterium_abscessus,2,1,1,1
HKG,Mycobacterium_massiliense,2,1,1,1
HKG,Mammalicoccus_sciuri,2,1,1,1
HKG,Klebsiella_variicola,4,2,3,3
HKG,Haemophilus_influenzae,2,1,1,1
HKG,Haemophilus_haemolyticus,2,1,1,1
HKG,Haemophilus_parainfluenzae,2,1,1,1
HKG,Enterococcus_faecalis,4,2,3,3
HKG,Dichelobacter_nodosus,2,1,1,1
HKG,Cronobacter_malonaticus,2,2,1,2
HKG,Cronobacter_sakazakii,2,2,1,2
HKG,Clostridium_perfringens,2,2,1,2
HKG,Campylobacter_jejuni,2,2,1,2
HKG,Campylobacter_coli,2,2,1,2
HKG,Burkholderia_pseudomallei,2,2,1,2
HKG,Burkholderia_ambifaria,2,2,1,2
HKG,Burkholderia_cenocepacia,2,2,1,2
HKG,Burkholderia_cepacia,2,2,1,2
HKG,Burkholderia_multivorans,2,2,1,2
HKG,Burkholderia_ubonensis,2,2,1,2
HKG,Bordetella_parapertussis,2,1,1,1
HKG,Acinetobacter_nosocomialis,4,2,4,4
HKG,Acinetobacter_pittii,4,2,4,4
HKG,Listeria_innocua,2,1,1,1
HKG,Cronobacter_turicensis,2,2,1,2
HKG,Clostridium_chauvoei,2,1,1,1
HKG,Borrelia_bavariensis,2,1,1,1
HKG,Salmonella_enterica,3,2,2,2
HKG,Yersinia_enterocolitica,2,2,1,3
HKG,Neisseria_lactamica,2,1,1,1
HKG,Leptospira_borgpetersenii,2,1,1,1
HKG,Burkholderia_vietnamiensis,2,2,1,2
HKG,Streptococcus_uberis,2,1,1,1
HKG,Cronobacter_dublinensis,2,2,1,2
HKG,Chlamydia_abortus,2,1,1,1
HKG,Bordetella_pertussis,2,1,1,1
HKG,Borrelia_garinii,2,1,1,1
HKG,Neisseria_cinerea,2,1,1,1
HKG,Bordetella_bronchiseptica,2,1,1,1
HKG,Mycobacterium_bovis,2,1,1,1
HKG,Shigella_flexneri,4,2,3,3
HKG,Mycobacterium_tuberculosis,2,2,1,1
HUN,Enterococcus_faecium,3,1,2,2
HUN,Staphylococcus_aureus,4,2,3,3
HUN,Klebsiella_pneumoniae,3,2,2,2
HUN,Acinetobacter_baumannii,4,2,3,3
HUN,Pseudomonas_aeruginosa,4,2,3,3
HUN,Enterobacter_cloacae,4,2,3,3
HUN,Neisseria_meningitidis,2,1,1,1
HUN,Listeria_monocytogenes,2,1,1,1
HUN,Corynebacterium_diphtheriae,2,1,1,1
HUN,Bacillus_cereus,2,1,1,1
HUN,Vibrio_cholerae,1,1,1,1
HUN,Neisseria_gonorrhoeae,3,2,2,2
HUN,Treponema_pallidum,2,1,1,1
HUN,Streptococcus_pneumoniae,2,3,1,1
HUN,Leptospira_interrogans,2,1,1,1
HUN,Helicobacter_pylori,2,1,1,1
HUN,Escherichia_coli,4,2,3,3
HUN,Chlamydia_trachomatis,2,1,1,1
HUN,Burkholderia_contaminans,2,2,1,2
HUN,Vibrio_parahaemolyticus,2,2,1,3
HUN,Streptococcus_agalactiae,2,1,1,1
HUN,Streptococcus_suis,2,1,1,1
HUN,Mycobacterium_abscessus,2,1,1,1
HUN,Mycobacterium_massiliense,2,1,1,1
HUN,Mammalicoccus_sciuri,2,1,1,1
HUN,Klebsiella_variicola,4,2,3,3
HUN,Haemophilus_influenzae,2,1,1,1
HUN,Haemophilus_haemolyticus,2,1,1,1
HUN,Haemophilus_parainfluenzae,2,1,1,1
HUN,Enterococcus_faecalis,4,2,3,3
HUN,Dichelobacter_nodosus,2,1,1,1
HUN,Cronobacter_malonaticus,2,2,1,2
HUN,Cronobacter_sakazakii,2,2,1,2
HUN,Clostridium_perfringens,2,2,1,2
HUN,Campylobacter_jejuni,2,2,1,2
HUN,Campylobacter_coli,2,2,1,2
HUN,Burkholderia_pseudomallei,2,2,1,2
HUN,Burkholderia_ambifaria,2,2,1,2
HUN,Burkholderia_cenocepacia,2,2,1,2
HUN,Burkholderia_cepacia,2,2,1,2
HUN,Burkholderia_multivorans,2,2,1,2
HUN,Burkholderia_ubonensis,2,2,1,2
HUN,Bordetella_parapertussis,2,1,1,1
HUN,Acinetobacter_nosocomialis,4,2,4,4
HUN,Acinetobacter_pittii,4,2,4,4
HUN,Listeria_innocua,2,1,1,1
HUN,Cronobacter_turicensis,2,2,1,2
HUN,Clostridium_chauvoei,2,1,1,1
HUN,Borrelia_bavariensis,2,1,1,1
HUN,Salmonella_enterica,3,2,2,2
HUN,Yersinia_enterocolitica,2,2,1,3
HUN,Neisseria_lactamica,2,1,1,1
HUN,Leptospira_borgpetersenii,2,1,1,1
HUN,Burkholderia_vietnamiensis,2,2,1,2
HUN,Streptococcus_uberis,2,1,1,1
HUN,Cronobacter_dublinensis,2,2,1,2
HUN,Chlamydia_abortus,2,1,1,1
HUN,Bordetella_pertussis,2,1,1,1
HUN,Borrelia_garinii,2,1,1,1
HUN,Neisseria_cinerea,2,1,1,1
HUN,Bordetella_bronchiseptica,2,1,1,1
HUN,Mycobacterium_bovis,2,1,1,1
HUN,Shigella_flexneri,4,2,3,3
HUN,Mycobacterium_tuberculosis,2,2,1,1
ISL,Enterococcus_faecium,3,1,2,2
ISL,Staphylococcus_aureus,4,2,3,3
ISL,Klebsiella_pneumoniae,3,2,2,2
ISL,Acinetobacter_baumannii,4,2,3,3
ISL,Pseudomonas_aeruginosa,4,2,3,3
ISL,Enterobacter_cloacae,4,2,3,3
ISL,Neisseria_meningitidis,2,1,1,1
ISL,Listeria_monocytogenes,2,1,1,1
ISL,Corynebacterium_diphtheriae,2,1,1,1
ISL,Bacillus_cereus,2,1,1,1
ISL,Vibrio_cholerae,1,1,1,1
ISL,Neisseria_gonorrhoeae,3,2,2,2
ISL,Treponema_pallidum,2,1,1,1
ISL,Streptococcus_pneumoniae,2,2,1,1
ISL,Leptospira_interrogans,2,1,1,1
ISL,Helicobacter_pylori,2,1,1,1
ISL,Escherichia_coli,4,2,3,3
ISL,Chlamydia_trachomatis,2,1,1,1
ISL,Burkholderia_contaminans,2,2,1,2
ISL,Vibrio_parahaemolyticus,2,2,1,3
ISL,Streptococcus_agalactiae,2,1,1,1
ISL,Streptococcus_suis,2,1,1,1
ISL,Mycobacterium_abscessus,2,1,1,1
ISL,Mycobacterium_massiliense,2,1,1,1
ISL,Mammalicoccus_sciuri,2,1,1,1
ISL,Klebsiella_variicola,4,2,3,3
ISL,Haemophilus_influenzae,2,1,1,1
ISL,Haemophilus_haemolyticus,2,1,1,1
ISL,Haemophilus_parainfluenzae,2,1,1,1
ISL,Enterococcus_faecalis,4,2,3,3
ISL,Dichelobacter_nodosus,2,1,1,1
ISL,Cronobacter_malonaticus,2,2,1,2
ISL,Cronobacter_sakazakii,2,2,1,2
ISL,Clostridium_perfringens,2,2,1,2
ISL,Campylobacter_jejuni,2,2,1,2
ISL,Campylobacter_coli,2,2,1,2
ISL,Burkholderia_pseudomallei,2,2,1,2
ISL,Burkholderia_ambifaria,2,2,1,2
ISL,Burkholderia_cenocepacia,2,2,1,2
ISL,Burkholderia_cepacia,2,2,1,2
ISL,Burkholderia_multivorans,2,2,1,2
ISL,Burkholderia_ubonensis,2,2,1,2
ISL,Bordetella_parapertussis,2,1,1,1
ISL,Acinetobacter_nosocomialis,4,2,4,4
ISL,Acinetobacter_pittii,4,2,4,4
ISL,Listeria_innocua,2,1,1,1
ISL,Cronobacter_turicensis,2,2,1,2
ISL,Clostridium_chauvoei,2,1,1,1
ISL,Borrelia_bavariensis,2,1,1,1
ISL,Salmonella_enterica,3,2,2,2
ISL,Yersinia_enterocolitica,2,2,1,3
ISL,Neisseria_lactamica,2,1,1,1
ISL,Leptospira_borgpetersenii,2,1,1,1
ISL,Burkholderia_vietnamiensis,2,2,1,2
ISL,Streptococcus_uberis,2,1,1,1
ISL,Cronobacter_dublinensis,2,2,1,2
ISL,Chlamydia_abortus,2,1,1,1
ISL,Bordetella_pertussis,2,1,1,1
ISL,Borrelia_garinii,2,1,1,1
ISL,Neisseria_cinerea,2,1,1,1
ISL,Bordetella_bronchiseptica,2,1,1,1
ISL,Mycobacterium_bovis,2,1,1,1
ISL,Shigella_flexneri,4,2,3,3
ISL,Mycobacterium_tuberculosis,2,2,1,1
IRL,Enterococcus_faecium,3,1,2,2
IRL,Staphylococcus_aureus,4,2,3,3
IRL,Klebsiella_pneumoniae,3,2,2,2
IRL,Acinetobacter_baumannii,4,2,3,3
IRL,Pseudomonas_aeruginosa,4,2,3,3
IRL,Enterobacter_cloacae,4,2,3,3
IRL,Neisseria_meningitidis,2,1,1,1
IRL,Listeria_monocytogenes,2,1,1,1
IRL,Corynebacterium_diphtheriae,2,1,1,1
IRL,Bacillus_cereus,2,1,1,1
IRL,Vibrio_cholerae,1,1,1,1
IRL,Neisseria_gonorrhoeae,3,2,2,2
IRL,Treponema_pallidum,2,1,1,1
IRL,Streptococcus_pneumoniae,2,2,1,1
IRL,Leptospira_interrogans,2,1,1,1
IRL,Helicobacter_pylori,2,1,1,1
IRL,Escherichia_coli,4,2,3,3
IRL,Chlamydia_trachomatis,2,1,1,1
IRL,Burkholderia_contaminans,2,2,1,2
IRL,Vibrio_parahaemolyticus,2,2,1,3
IRL,Streptococcus_agalactiae,2,1,1,1
IRL,Streptococcus_suis,2,1,1,1
IRL,Mycobacterium_abscessus,2,1,1,1
IRL,Mycobacterium_massiliense,2,1,1,1
IRL,Mammalicoccus_sciuri,2,1,1,1
IRL,Klebsiella_variicola,4,2,3,3
IRL,Haemophilus_influenzae,2,1,1,1
IRL,Haemophilus_haemolyticus,2,1,1,1
IRL,Haemophilus_parainfluenzae,2,1,1,1
IRL,Enterococcus_faecalis,4,2,3,3
IRL,Dichelobacter_nodosus,2,1,1,1
IRL,Cronobacter_malonaticus,2,2,1,2
IRL,Cronobacter_sakazakii,2,2,1,2
IRL,Clostridium_perfringens,2,2,1,2
IRL,Campylobacter_jejuni,2,2,1,2
IRL,Campylobacter_coli,2,2,1,2
IRL,Burkholderia_pseudomallei,2,2,1,2
IRL,Burkholderia_ambifaria,2,2,1,2
IRL,Burkholderia_cenocepacia,2,2,1,2
IRL,Burkholderia_cepacia,2,2,1,2
IRL,Burkholderia_multivorans,2,2,1,2
IRL,Burkholderia_ubonensis,2,2,1,2
IRL,Bordetella_parapertussis,2,1,1,1
IRL,Acinetobacter_nosocomialis,4,2,4,4
IRL,Acinetobacter_pittii,4,2,4,4
IRL,Listeria_innocua,2,1,1,1
IRL,Cronobacter_turicensis,2,2,1,2
IRL,Clostridium_chauvoei,2,1,1,1
IRL,Borrelia_bavariensis,2,1,1,1
IRL,Salmonella_enterica,3,2,2,2
IRL,Yersinia_enterocolitica,2,2,1,3
IRL,Neisseria_lactamica,2,1,1,1
IRL,Leptospira_borgpetersenii,2,1,1,1
IRL,Burkholderia_vietnamiensis,2,2,1,2
IRL,Streptococcus_uberis,2,1,1,1
IRL,Cronobacter_dublinensis,2,2,1,2
IRL,Chlamydia_abortus,2,1,1,1
IRL,Bordetella_pertussis,2,1,1,1
IRL,Borrelia_garinii,2,1,1,1
IRL,Neisseria_cinerea,2,1,1,1
IRL,Bordetella_bronchiseptica,2,1,1,1
IRL,Mycobacterium_bovis,2,1,1,1
IRL,Shigella_flexneri,4,2,3,3
IRL,Mycobacterium_tuberculosis,2,2,1,1
IMN,Enterococcus_faecium,3,1,2,2
IMN,Staphylococcus_aureus,4,2,3,3
IMN,Klebsiella_pneumoniae,3,2,2,2
IMN,Acinetobacter_baumannii,4,2,3,3
IMN,Pseudomonas_aeruginosa,4,2,3,3
IMN,Enterobacter_cloacae,4,2,3,3
IMN,Neisseria_meningitidis,2,1,1,1
IMN,Listeria_monocytogenes,2,1,1,1
IMN,Corynebacterium_diphtheriae,2,1,1,1
IMN,Bacillus_cereus,2,1,1,1
IMN,Vibrio_cholerae,1,1,1,1
IMN,Neisseria_gonorrhoeae,3,2,2,2
IMN,Treponema_pallidum,2,1,1,1
IMN,Streptococcus_pneumoniae,2,2,1,1
IMN,Leptospira_interrogans,2,1,1,1
IMN,Helicobacter_pylori,2,1,1,1
IMN,Escherichia_coli,4,2,3,3
IMN,Chlamydia_trachomatis,2,1,1,1
IMN,Burkholderia_contaminans,2,2,1,2
IMN,Vibrio_parahaemolyticus,2,2,1,3
IMN,Streptococcus_agalactiae,2,1,1,1
IMN,Streptococcus_suis,2,1,1,1
IMN,Mycobacterium_abscessus,2,1,1,1
IMN,Mycobacterium_massiliense,2,1,1,1
IMN,Mammalicoccus_sciuri,2,1,1,1
IMN,Klebsiella_variicola,4,2,3,3
IMN,Haemophilus_influenzae,2,1,1,1
IMN,Haemophilus_haemolyticus,2,1,1,1
IMN,Haemophilus_parainfluenzae,2,1,1,1
IMN,Enterococcus_faecalis,4,2,3,3
IMN,Dichelobacter_nodosus,2,1,1,1
IMN,Cronobacter_malonaticus,2,2,1,2
IMN,Cronobacter_sakazakii,2,2,1,2
IMN,Clostridium_perfringens,2,2,1,2
IMN,Campylobacter_jejuni,2,2,1,2
IMN,Campylobacter_coli,2,2,1,2
IMN,Burkholderia_pseudomallei,2,2,1,2
IMN,Burkholderia_ambifaria,2,2,1,2
IMN,Burkholderia_cenocepacia,2,2,1,2
IMN,Burkholderia_cepacia,2,2,1,2
IMN,Burkholderia_multivorans,2,2,1,2
IMN,Burkholderia_ubonensis,2,2,1,2
IMN,Bordetella_parapertussis,2,1,1,1
IMN,Acinetobacter_nosocomialis,4,2,4,4
IMN,Acinetobacter_pittii,4,2,4,4
IMN,Listeria_innocua,2,1,1,1
IMN,Cronobacter_turicensis,2,2,1,2
IMN,Clostridium_chauvoei,2,1,1,1
IMN,Borrelia_bavariensis,2,1,1,1
IMN,Salmonella_enterica,3,2,2,2
IMN,Yersinia_enterocolitica,2,2,1,3
IMN,Neisseria_lactamica,2,1,1,1
IMN,Leptospira_borgpetersenii,2,1,1,1
IMN,Burkholderia_vietnamiensis,2,2,1,2
IMN,Streptococcus_uberis,2,1,1,1
IMN,Cronobacter_dublinensis,2,2,1,2
IMN,Chlamydia_abortus,2,1,1,1
IMN,Bordetella_pertussis,2,1,1,1
IMN,Borrelia_garinii,2,1,1,1
IMN,Neisseria_cinerea,2,1,1,1
IMN,Bordetella_bronchiseptica,2,1,1,1
IMN,Mycobacterium_bovis,2,1,1,1
IMN,Shigella_flexneri,4,2,3,3
IMN,Mycobacterium_tuberculosis,2,2,1,1
ISR,Enterococcus_faecium,4,1,3,3
ISR,Staphylococcus_aureus,4,2,4,3
ISR,Klebsiella_pneumoniae,4,2,3,3
ISR,Acinetobacter_baumannii,4,2,4,4
ISR,Pseudomonas_aeruginosa,4,2,4,4
ISR,Enterobacter_cloacae,4,2,4,4
ISR,Neisseria_meningitidis,2,1,1,1
ISR,Listeria_monocytogenes,2,1,1,1
ISR,Corynebacterium_diphtheriae,2,1,1,1
ISR,Bacillus_cereus,2,1,1,1
ISR,Vibrio_cholerae,1,1,1,1
ISR,Neisseria_gonorrhoeae,3,2,2,2
ISR,Treponema_pallidum,2,1,1,1
ISR,Streptococcus_pneumoniae,2,2,1,1
ISR,Leptospira_interrogans,2,1,1,1
ISR,Helicobacter_pylori,2,1,1,1
ISR,Escherichia_coli,4,2,3,3
ISR,Chlamydia_trachomatis,2,1,1,1
ISR,Burkholderia_contaminans,2,2,1,2
ISR,Vibrio_parahaemolyticus,2,2,1,3
ISR,Streptococcus_agalactiae,2,1,1,1
ISR,Streptococcus_suis,2,1,1,1
ISR,Mycobacterium_abscessus,2,1,1,1
ISR,Mycobacterium_massiliense,2,1,1,1
ISR,Mammalicoccus_sciuri,2,1,1,1
ISR,Klebsiella_variicola,4,2,3,3
ISR,Haemophilus_influenzae,2,1,1,1
ISR,Haemophilus_haemolyticus,2,1,1,1
ISR,Haemophilus_parainfluenzae,2,1,1,1
ISR,Enterococcus_faecalis,4,2,3,3
ISR,Dichelobacter_nodosus,2,1,1,1
ISR,Cronobacter_malonaticus,2,2,1,2
ISR,Cronobacter_sakazakii,2,2,1,2
ISR,Clostridium_perfringens,2,2,1,2
ISR,Campylobacter_jejuni,2,2,1,2
ISR,Campylobacter_coli,2,2,1,2
ISR,Burkholderia_pseudomallei,2,2,1,2
ISR,Burkholderia_ambifaria,2,2,1,2
ISR,Burkholderia_cenocepacia,2,2,1,2
ISR,Burkholderia_cepacia,2,2,1,2
ISR,Burkholderia_multivorans,2,2,1,2
ISR,Burkholderia_ubonensis,2,2,1,2
ISR,Bordetella_parapertussis,2,1,1,1
ISR,Acinetobacter_nosocomialis,4,2,4,4
ISR,Acinetobacter_pittii,4,2,4,4
ISR,Listeria_innocua,2,1,1,1
ISR,Cronobacter_turicensis,2,2,1,2
ISR,Clostridium_chauvoei,2,1,1,1
ISR,Borrelia_bavariensis,2,1,1,1
ISR,Salmonella_enterica,3,2,2,2
ISR,Yersinia_enterocolitica,2,2,1,3
ISR,Neisseria_lactamica,2,1,1,1
ISR,Leptospira_borgpetersenii,2,1,1,1
ISR,Burkholderia_vietnamiensis,2,2,1,2
ISR,Streptococcus_uberis,2,1,1,1
ISR,Cronobacter_dublinensis,2,2,1,2
ISR,Chlamydia_abortus,2,1,1,1
ISR,Bordetella_pertussis,2,1,1,1
ISR,Borrelia_garinii,2,1,1,1
ISR,Neisseria_cinerea,2,1,1,1
ISR,Bordetella_bronchiseptica,2,1,1,1
ISR,Mycobacterium_bovis,2,1,1,1
ISR,Shigella_flexneri,4,2,3,3
ISR,Mycobacterium_tuberculosis,2,2,1,1
ITA,Enterococcus_faecium,4,1,3,3
ITA,Staphylococcus_aureus,4,2,4,3
ITA,Klebsiella_pneumoniae,4,2,3,3
ITA,Acinetobacter_baumannii,4,2,4,4
ITA,Pseudomonas_aeruginosa,4,2,4,4
ITA,Enterobacter_cloacae,4,2,4,4
ITA,Neisseria_meningitidis,2,1,1,1
ITA,Listeria_monocytogenes,2,1,1,1
ITA,Corynebacterium_diphtheriae,2,1,1,1
ITA,Bacillus_cereus,2,1,1,1
ITA,Vibrio_cholerae,1,1,1,1
ITA,Neisseria_gonorrhoeae,3,2,2,2
ITA,Treponema_pallidum,2,1,1,1
ITA,Streptococcus_pneumoniae,2,2,1,1
ITA,Leptospira_interrogans,2,1,1,1
ITA,Helicobacter_pylori,2,1,1,1
ITA,Escherichia_coli,4,2,3,3
ITA,Chlamydia_trachomatis,2,1,1,1
ITA,Burkholderia_contaminans,2,2,1,2
ITA,Vibrio_parahaemolyticus,2,2,1,3
ITA,Streptococcus_agalactiae,2,1,1,1
ITA,Streptococcus_suis,2,1,1,1
ITA,Mycobacterium_abscessus,2,1,1,1
ITA,Mycobacterium_massiliense,2,1,1,1
ITA,Mammalicoccus_sciuri,2,1,1,1
ITA,Klebsiella_variicola,4,2,3,3
ITA,Haemophilus_influenzae,2,1,1,1
ITA,Haemophilus_haemolyticus,2,1,1,1
ITA,Haemophilus_parainfluenzae,2,1,1,1
ITA,Enterococcus_faecalis,4,2,3,3
ITA,Dichelobacter_nodosus,2,1,1,1
ITA,Cronobacter_malonaticus,2,2,1,2
ITA,Cronobacter_sakazakii,2,2,1,2
ITA,Clostridium_perfringens,2,2,1,2
ITA,Campylobacter_jejuni,2,2,1,2
ITA,Campylobacter_coli,2,2,1,2
ITA,Burkholderia_pseudomallei,2,2,1,2
ITA,Burkholderia_ambifaria,2,2,1,2
ITA,Burkholderia_cenocepacia,2,2,1,2
ITA,Burkholderia_cepacia,2,2,1,2
ITA,Burkholderia_multivorans,2,2,1,2
ITA,Burkholderia_ubonensis,2,2,1,2
ITA,Bordetella_parapertussis,2,1,1,1
ITA,Acinetobacter_nosocomialis,4,2,4,4
ITA,Acinetobacter_pittii,4,2,4,4
ITA,Listeria_innocua,2,1,1,1
ITA,Cronobacter_turicensis,2,2,1,2
ITA,Clostridium_chauvoei,2,1,1,1
ITA,Borrelia_bavariensis,2,1,1,1
ITA,Salmonella_enterica,3,2,2,2
ITA,Yersinia_enterocolitica,2,2,1,3
ITA,Neisseria_lactamica,2,1,1,1
ITA,Leptospira_borgpetersenii,2,1,1,1
ITA,Burkholderia_vietnamiensis,2,2,1,2
ITA,Streptococcus_uberis,2,1,1,1
ITA,Cronobacter_dublinensis,2,2,1,2
ITA,Chlamydia_abortus,2,1,1,1
ITA,Bordetella_pertussis,2,1,1,1
ITA,Borrelia_garinii,2,1,1,1
ITA,Neisseria_cinerea,2,1,1,1
ITA,Bordetella_bronchiseptica,2,1,1,1
ITA,Mycobacterium_bovis,2,1,1,1
ITA,Shigella_flexneri,4,2,3,3
ITA,Mycobacterium_tuberculosis,2,2,1,1
JPN,Enterococcus_faecium,4,1,3,3
JPN,Staphylococcus_aureus,4,3,4,3
JPN,Klebsiella_pneumoniae,4,2,3,3
JPN,Acinetobacter_baumannii,4,2,4,4
JPN,Pseudomonas_aeruginosa,4,2,4,4
JPN,Enterobacter_cloacae,4,2,4,4
JPN,Neisseria_meningitidis,2,1,1,1
JPN,Listeria_monocytogenes,2,1,1,1
JPN,Corynebacterium_diphtheriae,2,1,1,1
JPN,Bacillus_cereus,2,1,1,1
JPN,Vibrio_cholerae,1,1,1,1
JPN,Neisseria_gonorrhoeae,4,2,3,3
JPN,Treponema_pallidum,2,1,1,1
JPN,Streptococcus_pneumoniae,2,2,1,1
JPN,Leptospira_interrogans,2,1,1,1
JPN,Helicobacter_pylori,2,1,1,1
JPN,Escherichia_coli,4,2,3,3
JPN,Chlamydia_trachomatis,2,1,1,1
JPN,Burkholderia_contaminans,2,2,1,2
JPN,Vibrio_parahaemolyticus,2,2,1,3
JPN,Streptococcus_agalactiae,2,1,1,1
JPN,Streptococcus_suis,2,1,1,1
JPN,Mycobacterium_abscessus,2,1,1,1
JPN,Mycobacterium_massiliense,2,1,1,1
JPN,Mammalicoccus_sciuri,2,1,1,1
JPN,Klebsiella_variicola,4,2,3,3
JPN,Haemophilus_influenzae,2,1,1,1
JPN,Haemophilus_haemolyticus,2,1,1,1
JPN,Haemophilus_parainfluenzae,2,1,1,1
JPN,Enterococcus_faecalis,4,2,3,3
JPN,Dichelobacter_nodosus,2,1,1,1
JPN,Cronobacter_malonaticus,2,2,1,2
JPN,Cronobacter_sakazakii,2,2,1,2
JPN,Clostridium_perfringens,2,2,1,2
JPN,Campylobacter_jejuni,2,2,1,2
JPN,Campylobacter_coli,2,2,1,2
JPN,Burkholderia_pseudomallei,2,2,1,2
JPN,Burkholderia_ambifaria,2,2,1,2
JPN,Burkholderia_cenocepacia,2,2,1,2
JPN,Burkholderia_cepacia,2,2,1,2
JPN,Burkholderia_multivorans,2,2,1,2
JPN,Burkholderia_ubonensis,2,2,1,2
JPN,Bordetella_parapertussis,2,1,1,1
JPN,Acinetobacter_nosocomialis,4,2,4,4
JPN,Acinetobacter_pittii,4,2,4,4
JPN,Listeria_innocua,2,1,1,1
JPN,Cronobacter_turicensis,2,2,1,2
JPN,Clostridium_chauvoei,2,1,1,1
JPN,Borrelia_bavariensis,2,1,1,1
JPN,Salmonella_enterica,3,2,2,2
JPN,Yersinia_enterocolitica,2,2,1,3
JPN,Neisseria_lactamica,2,1,1,1
JPN,Leptospira_borgpetersenii,2,1,1,1
JPN,Burkholderia_vietnamiensis,2,2,1,2
JPN,Streptococcus_uberis,2,1,1,1
JPN,Cronobacter_dublinensis,2,2,1,2
JPN,Chlamydia_abortus,2,1,1,1
JPN,Bordetella_pertussis,2,1,1,1
JPN,Borrelia_garinii,2,1,1,1
JPN,Neisseria_cinerea,2,1,1,1
JPN,Bordetella_bronchiseptica,2,1,1,1
JPN,Mycobacterium_bovis,2,1,1,1
JPN,Shigella_flexneri,4,2,3,3
JPN,Mycobacterium_tuberculosis,2,2,1,1
KWT,Enterococcus_faecium,4,1,3,3
KWT,Staphylococcus_aureus,4,2,4,3
KWT,Klebsiella_pneumoniae,4,2,3,3
KWT,Acinetobacter_baumannii,4,2,4,4
KWT,Pseudomonas_aeruginosa,4,2,4,4
KWT,Enterobacter_cloacae,4,2,4,4
KWT,Neisseria_meningitidis,2,1,1,1
KWT,Listeria_monocytogenes,2,1,1,1
KWT,Corynebacterium_diphtheriae,2,1,1,1
KWT,Bacillus_cereus,2,1,1,1
KWT,Vibrio_cholerae,1,1,1,1
KWT,Neisseria_gonorrhoeae,3,2,2,2
KWT,Treponema_pallidum,2,1,1,1
KWT,Streptococcus_pneumoniae,2,2,1,1
KWT,Leptospira_interrogans,2,1,1,1
KWT,Helicobacter_pylori,2,1,1,1
KWT,Escherichia_coli,4,2,3,3
KWT,Chlamydia_trachomatis,2,1,1,1
KWT,Burkholderia_contaminans,2,2,1,2
KWT,Vibrio_parahaemolyticus,2,2,1,3
KWT,Streptococcus_agalactiae,2,1,1,1
KWT,Streptococcus_suis,2,1,1,1
KWT,Mycobacterium_abscessus,2,1,1,1
KWT,Mycobacterium_massiliense,2,1,1,1
KWT,Mammalicoccus_sciuri,2,1,1,1
KWT,Klebsiella_variicola,4,2,3,3
KWT,Haemophilus_influenzae,2,1,1,1
KWT,Haemophilus_haemolyticus,2,1,1,1
KWT,Haemophilus_parainfluenzae,2,1,1,1
KWT,Enterococcus_faecalis,4,2,3,3
KWT,Dichelobacter_nodosus,2,1,1,1
KWT,Cronobacter_malonaticus,2,2,1,2
KWT,Cronobacter_sakazakii,2,2,1,2
KWT,Clostridium_perfringens,2,2,1,2
KWT,Campylobacter_jejuni,2,2,1,2
KWT,Campylobacter_coli,2,2,1,2
KWT,Burkholderia_pseudomallei,2,2,1,2
KWT,Burkholderia_ambifaria,2,2,1,2
KWT,Burkholderia_cenocepacia,2,2,1,2
KWT,Burkholderia_cepacia,2,2,1,2
KWT,Burkholderia_multivorans,2,2,1,2
KWT,Burkholderia_ubonensis,2,2,1,2
KWT,Bordetella_parapertussis,2,1,1,1
KWT,Acinetobacter_nosocomialis,4,2,4,4
KWT,Acinetobacter_pittii,4,2,4,4
KWT,Listeria_innocua,2,1,1,1
KWT,Cronobacter_turicensis,2,2,1,2
KWT,Clostridium_chauvoei,2,1,1,1
KWT,Borrelia_bavariensis,2,1,1,1
KWT,Salmonella_enterica,3,2,2,2
KWT,Yersinia_enterocolitica,2,2,1,3
KWT,Neisseria_lactamica,2,1,1,1
KWT,Leptospira_borgpetersenii,2,1,1,1
KWT,Burkholderia_vietnamiensis,2,2,1,2
KWT,Streptococcus_uberis,2,1,1,1
KWT,Cronobacter_dublinensis,2,2,1,2
KWT,Chlamydia_abortus,2,1,1,1
KWT,Bordetella_pertussis,2,1,1,1
KWT,Borrelia_garinii,2,1,1,1
KWT,Neisseria_cinerea,2,1,1,1
KWT,Bordetella_bronchiseptica,2,1,1,1
KWT,Mycobacterium_bovis,2,1,1,1
KWT,Shigella_flexneri,4,2,3,3
KWT,Mycobacterium_tuberculosis,2,2,1,1
LVA,Enterococcus_faecium,4,1,3,3
LVA,Staphylococcus_aureus,4,2,4,3
LVA,Klebsiella_pneumoniae,4,2,3,3
LVA,Acinetobacter_baumannii,4,2,4,4
LVA,Pseudomonas_aeruginosa,4,2,4,4
LVA,Enterobacter_cloacae,4,2,4,4
LVA,Neisseria_meningitidis,2,1,1,1
LVA,Listeria_monocytogenes,2,1,1,1
LVA,Corynebacterium_diphtheriae,2,1,1,1
LVA,Bacillus_cereus,2,1,1,1
LVA,Vibrio_cholerae,1,1,1,1
LVA,Neisseria_gonorrhoeae,3,2,2,2
LVA,Treponema_pallidum,2,1,1,1
LVA,Streptococcus_pneumoniae,2,2,1,1
LVA,Leptospira_interrogans,2,1,1,1
LVA,Helicobacter_pylori,2,1,1,1
LVA,Escherichia_coli,4,2,3,3
LVA,Chlamydia_trachomatis,2,1,1,1
LVA,Burkholderia_contaminans,2,2,1,2
LVA,Vibrio_parahaemolyticus,2,2,1,3
LVA,Streptococcus_agalactiae,2,1,1,1
LVA,Streptococcus_suis,2,1,1,1
LVA,Mycobacterium_abscessus,2,1,1,1
LVA,Mycobacterium_massiliense,2,1,1,1
LVA,Mammalicoccus_sciuri,2,1,1,1
LVA,Klebsiella_variicola,4,2,3,3
LVA,Haemophilus_influenzae,2,1,1,1
LVA,Haemophilus_haemolyticus,2,1,1,1
LVA,Haemophilus_parainfluenzae,2,1,1,1
LVA,Enterococcus_faecalis,4,2,3,3
LVA,Dichelobacter_nodosus,2,1,1,1
LVA,Cronobacter_malonaticus,2,2,1,2
LVA,Cronobacter_sakazakii,2,2,1,2
LVA,Clostridium_perfringens,2,2,1,2
LVA,Campylobacter_jejuni,2,2,1,2
LVA,Campylobacter_coli,2,2,1,2
LVA,Burkholderia_pseudomallei,2,2,1,2
LVA,Burkholderia_ambifaria,2,2,1,2
LVA,Burkholderia_cenocepacia,2,2,1,2
LVA,Burkholderia_cepacia,2,2,1,2
LVA,Burkholderia_multivorans,2,2,1,2
LVA,Burkholderia_ubonensis,2,2,1,2
LVA,Bordetella_parapertussis,2,1,1,1
LVA,Acinetobacter_nosocomialis,4,2,4,4
LVA,Acinetobacter_pittii,4,2,4,4
LVA,Listeria_innocua,2,1,1,1
LVA,Cronobacter_turicensis,2,2,1,2
LVA,Clostridium_chauvoei,2,1,1,1
LVA,Borrelia_bavariensis,2,1,1,1
LVA,Salmonella_enterica,3,2,2,2
LVA,Yersinia_enterocolitica,2,2,1,3
LVA,Neisseria_lactamica,2,1,1,1
LVA,Leptospira_borgpetersenii,2,1,1,1
LVA,Burkholderia_vietnamiensis,2,2,1,2
LVA,Streptococcus_uberis,2,1,1,1
LVA,Cronobacter_dublinensis,2,2,1,2
LVA,Chlamydia_abortus,2,1,1,1
LVA,Bordetella_pertussis,2,1,1,1
LVA,Borrelia_garinii,2,1,1,1
LVA,Neisseria_cinerea,2,1,1,1
LVA,Bordetella_bronchiseptica,2,1,1,1
LVA,Mycobacterium_bovis,2,1,1,1
LVA,Shigella_flexneri,4,2,3,3
LVA,Mycobacterium_tuberculosis,2,2,1,1
LIE,Enterococcus_faecium,4,1,3,3
LIE,Staphylococcus_aureus,4,2,4,3
LIE,Klebsiella_pneumoniae,4,2,3,3
LIE,Acinetobacter_baumannii,4,2,4,4
LIE,Pseudomonas_aeruginosa,4,2,4,4
LIE,Enterobacter_cloacae,4,2,4,4
LIE,Neisseria_meningitidis,2,1,1,1
LIE,Listeria_monocytogenes,2,1,1,1
LIE,Corynebacterium_diphtheriae,2,1,1,1
LIE,Bacillus_cereus,2,1,1,1
LIE,Vibrio_cholerae,1,1,1,1
LIE,Neisseria_gonorrhoeae,3,2,2,2
LIE,Treponema_pallidum,2,1,1,1
LIE,Streptococcus_pneumoniae,2,2,1,1
LIE,Leptospira_interrogans,2,1,1,1
LIE,Helicobacter_pylori,2,1,1,1
LIE,Escherichia_coli,4,2,3,3
LIE,Chlamydia_trachomatis,2,1,1,1
LIE,Burkholderia_contaminans,2,2,1,2
LIE,Vibrio_parahaemolyticus,2,2,1,3
LIE,Streptococcus_agalactiae,2,1,1,1
LIE,Streptococcus_suis,2,1,1,1
LIE,Mycobacterium_abscessus,2,1,1,1
LIE,Mycobacterium_massiliense,2,1,1,1
LIE,Mammalicoccus_sciuri,2,1,1,1
LIE,Klebsiella_variicola,4,2,3,3
LIE,Haemophilus_influenzae,2,1,1,1
LIE,Haemophilus_haemolyticus,2,1,1,1
LIE,Haemophilus_parainfluenzae,2,1,1,1
LIE,Enterococcus_faecalis,4,2,3,3
LIE,Dichelobacter_nodosus,2,1,1,1
LIE,Cronobacter_malonaticus,2,2,1,2
LIE,Cronobacter_sakazakii,2,2,1,2
LIE,Clostridium_perfringens,2,2,1,2
LIE,Campylobacter_jejuni,2,2,1,2
LIE,Campylobacter_coli,2,2,1,2
LIE,Burkholderia_pseudomallei,2,2,1,2
LIE,Burkholderia_ambifaria,2,2,1,2
LIE,Burkholderia_cenocepacia,2,2,1,2
LIE,Burkholderia_cepacia,2,2,1,2
LIE,Burkholderia_multivorans,2,2,1,2
LIE,Burkholderia_ubonensis,2,2,1,2
LIE,Bordetella_parapertussis,2,1,1,1
LIE,Acinetobacter_nosocomialis,4,2,4,4
LIE,Acinetobacter_pittii,4,2,4,4
LIE,Listeria_innocua,2,1,1,1
LIE,Cronobacter_turicensis,2,2,1,2
LIE,Clostridium_chauvoei,2,1,1,1
LIE,Borrelia_bavariensis,2,1,1,1
LIE,Salmonella_enterica,3,2,2,2
LIE,Yersinia_enterocolitica,2,2,1,3
LIE,Neisseria_lactamica,2,1,1,1
LIE,Leptospira_borgpetersenii,2,1,1,1
LIE,Burkholderia_vietnamiensis,2,2,1,2
LIE,Streptococcus_uberis,2,1,1,1
LIE,Cronobacter_dublinensis,2,2,1,2
LIE,Chlamydia_abortus,2,1,1,1
LIE,Bordetella_pertussis,2,1,1,1
LIE,Borrelia_garinii,2,1,1,1
LIE,Neisseria_cinerea,2,1,1,1
LIE,Bordetella_bronchiseptica,2,1,1,1
LIE,Mycobacterium_bovis,2,1,1,1
LIE,Shigella_flexneri,4,2,3,3
LIE,Mycobacterium_tuberculosis,2,2,1,1
LTU,Enterococcus_faecium,4,1,3,3
LTU,Staphylococcus_aureus,4,2,4,3
LTU,Klebsiella_pneumoniae,4,2,3,3
LTU,Acinetobacter_baumannii,4,2,4,4
LTU,Pseudomonas_aeruginosa,4,2,4,4
LTU,Enterobacter_cloacae,4,2,4,4
LTU,Neisseria_meningitidis,2,1,1,1
LTU,Listeria_monocytogenes,2,1,1,1
LTU,Corynebacterium_diphtheriae,2,1,1,1
LTU,Bacillus_cereus,2,1,1,1
LTU,Vibrio_cholerae,1,1,1,1
LTU,Neisseria_gonorrhoeae,3,2,2,2
LTU,Treponema_pallidum,2,1,1,1
LTU,Streptococcus_pneumoniae,2,2,1,1
LTU,Leptospira_interrogans,2,1,1,1
LTU,Helicobacter_pylori,2,1,1,1
LTU,Escherichia_coli,4,2,3,3
LTU,Chlamydia_trachomatis,2,1,1,1
LTU,Burkholderia_contaminans,2,2,1,2
LTU,Vibrio_parahaemolyticus,2,2,1,3
LTU,Streptococcus_agalactiae,2,1,1,1
LTU,Streptococcus_suis,2,1,1,1
LTU,Mycobacterium_abscessus,2,1,1,1
LTU,Mycobacterium_massiliense,2,1,1,1
LTU,Mammalicoccus_sciuri,2,1,1,1
LTU,Klebsiella_variicola,4,2,3,3
LTU,Haemophilus_influenzae,2,1,1,1
LTU,Haemophilus_haemolyticus,2,1,1,1
LTU,Haemophilus_parainfluenzae,2,1,1,1
LTU,Enterococcus_faecalis,4,2,3,3
LTU,Dichelobacter_nodosus,2,1,1,1
LTU,Cronobacter_malonaticus,2,2,1,2
LTU,Cronobacter_sakazakii,2,2,1,2
LTU,Clostridium_perfringens,2,2,1,2
LTU,Campylobacter_jejuni,2,2,1,2
LTU,Campylobacter_coli,2,2,1,2
LTU,Burkholderia_pseudomallei,2,2,1,2
LTU,Burkholderia_ambifaria,2,2,1,2
LTU,Burkholderia_cenocepacia,2,2,1,2
LTU,Burkholderia_cepacia,2,2,1,2
LTU,Burkholderia_multivorans,2,2,1,2
LTU,Burkholderia_ubonensis,2,2,1,2
LTU,Bordetella_parapertussis,2,1,1,1
LTU,Acinetobacter_nosocomialis,4,2,4,4
LTU,Acinetobacter_pittii,4,2,4,4
LTU,Listeria_innocua,2,1,1,1
LTU,Cronobacter_turicensis,2,2,1,2
LTU,Clostridium_chauvoei,2,1,1,1
LTU,Borrelia_bavariensis,2,1,1,1
LTU,Salmonella_enterica,3,2,2,2
LTU,Yersinia_enterocolitica,2,2,1,3
LTU,Neisseria_lactamica,2,1,1,1
LTU,Leptospira_borgpetersenii,2,1,1,1
LTU,Burkholderia_vietnamiensis,2,2,1,2
LTU,Streptococcus_uberis,2,1,1,1
LTU,Cronobacter_dublinensis,2,2,1,2
LTU,Chlamydia_abortus,2,1,1,1
LTU,Bordetella_pertussis,2,1,1,1
LTU,Borrelia_garinii,2,1,1,1
LTU,Neisseria_cinerea,2,1,1,1
LTU,Bordetella_bronchiseptica,2,1,1,1
LTU,Mycobacterium_bovis,2,1,1,1
LTU,Shigella_flexneri,4,2,3,3
LTU,Mycobacterium_tuberculosis,2,2,1,1
LUX,Enterococcus_faecium,3,1,2,2
LUX,Staphylococcus_aureus,4,2,3,3
LUX,Klebsiella_pneumoniae,3,2,2,2
LUX,Acinetobacter_baumannii,4,2,3,3
LUX,Pseudomonas_aeruginosa,4,2,3,3
LUX,Enterobacter_cloacae,4,2,3,3
LUX,Neisseria_meningitidis,2,1,1,1
LUX,Listeria_monocytogenes,2,1,1,1
LUX,Corynebacterium_diphtheriae,2,1,1,1
LUX,Bacillus_cereus,2,1,1,1
LUX,Vibrio_cholerae,1,1,1,1
LUX,Neisseria_gonorrhoeae,3,2,2,2
LUX,Treponema_pallidum,2,1,1,1
LUX,Streptococcus_pneumoniae,2,2,1,1
LUX,Leptospira_interrogans,2,1,1,1
LUX,Helicobacter_pylori,2,1,1,1
LUX,Escherichia_coli,4,2,3,3
LUX,Chlamydia_trachomatis,2,1,1,1
LUX,Burkholderia_contaminans,2,2,1,2
LUX,Vibrio_parahaemolyticus,2,2,1,3
LUX,Streptococcus_agalactiae,2,1,1,1
LUX,Streptococcus_suis,2,1,1,1
LUX,Mycobacterium_abscessus,2,1,1,1
LUX,Mycobacterium_massiliense,2,1,1,1
LUX,Mammalicoccus_sciuri,2,1,1,1
LUX,Klebsiella_variicola,4,2,3,3
LUX,Haemophilus_influenzae,2,1,1,1
LUX,Haemophilus_haemolyticus,2,1,1,1
LUX,Haemophilus_parainfluenzae,2,1,1,1
LUX,Enterococcus_faecalis,4,2,3,3
LUX,Dichelobacter_nodosus,2,1,1,1
LUX,Cronobacter_malonaticus,2,2,1,2
LUX,Cronobacter_sakazakii,2,2,1,2
LUX,Clostridium_perfringens,2,2,1,2
LUX,Campylobacter_jejuni,2,2,1,2
LUX,Campylobacter_coli,2,2,1,2
LUX,Burkholderia_pseudomallei,2,2,1,2
LUX,Burkholderia_ambifaria,2,2,1,2
LUX,Burkholderia_cenocepacia,2,2,1,2
LUX,Burkholderia_cepacia,2,2,1,2
LUX,Burkholderia_multivorans,2,2,1,2
LUX,Burkholderia_ubonensis,2,2,1,2
LUX,Bordetella_parapertussis,2,1,1,1
LUX,Acinetobacter_nosocomialis,4,2,4,4
LUX,Acinetobacter_pittii,4,2,4,4
LUX,Listeria_innocua,2,1,1,1
LUX,Cronobacter_turicensis,2,2,1,2
LUX,Clostridium_chauvoei,2,1,1,1
LUX,Borrelia_bavariensis,2,1,1,1
LUX,Salmonella_enterica,3,2,2,2
LUX,Yersinia_enterocolitica,2,2,1,3
LUX,Neisseria_lactamica,2,1,1,1
LUX,Leptospira_borgpetersenii,2,1,1,1
LUX,Burkholderia_vietnamiensis,2,2,1,2
LUX,Streptococcus_uberis,2,1,1,1
LUX,Cronobacter_dublinensis,2,2,1,2
LUX,Chlamydia_abortus,2,1,1,1
LUX,Bordetella_pertussis,2,1,1,1
LUX,Borrelia_garinii,2,1,1,1
LUX,Neisseria_cinerea,2,1,1,1
LUX,Bordetella_bronchiseptica,2,1,1,1
LUX,Mycobacterium_bovis,2,1,1,1
LUX,Shigella_flexneri,4,2,3,3
LUX,Mycobacterium_tuberculosis,2,2,1,1
MAC,Enterococcus_faecium,4,1,3,3
MAC,Staphylococcus_aureus,4,2,4,3
MAC,Klebsiella_pneumoniae,4,2,3,3
MAC,Acinetobacter_baumannii,4,2,4,4
MAC,Pseudomonas_aeruginosa,4,2,4,4
MAC,Enterobacter_cloacae,4,2,4,4
MAC,Neisseria_meningitidis,2,1,1,1
MAC,Listeria_monocytogenes,2,1,1,1
MAC,Corynebacterium_diphtheriae,2,1,1,1
MAC,Bacillus_cereus,2,1,1,1
MAC,Vibrio_cholerae,1,1,1,1
MAC,Neisseria_gonorrhoeae,3,2,2,2
MAC,Treponema_pallidum,2,1,1,1
MAC,Streptococcus_pneumoniae,2,2,1,1
MAC,Leptospira_interrogans,2,1,1,1
MAC,Helicobacter_pylori,2,1,1,1
MAC,Escherichia_coli,4,2,3,3
MAC,Chlamydia_trachomatis,2,1,1,1
MAC,Burkholderia_contaminans,2,2,1,2
MAC,Vibrio_parahaemolyticus,2,2,1,3
MAC,Streptococcus_agalactiae,2,1,1,1
MAC,Streptococcus_suis,2,1,1,1
MAC,Mycobacterium_abscessus,2,1,1,1
MAC,Mycobacterium_massiliense,2,1,1,1
MAC,Mammalicoccus_sciuri,2,1,1,1
MAC,Klebsiella_variicola,4,2,3,3
MAC,Haemophilus_influenzae,2,1,1,1
MAC,Haemophilus_haemolyticus,2,1,1,1
MAC,Haemophilus_parainfluenzae,2,1,1,1
MAC,Enterococcus_faecalis,4,2,3,3
MAC,Dichelobacter_nodosus,2,1,1,1
MAC,Cronobacter_malonaticus,2,2,1,2
MAC,Cronobacter_sakazakii,2,2,1,2
MAC,Clostridium_perfringens,2,2,1,2
MAC,Campylobacter_jejuni,2,2,1,2
MAC,Campylobacter_coli,2,2,1,2
MAC,Burkholderia_pseudomallei,2,2,1,2
MAC,Burkholderia_ambifaria,2,2,1,2
MAC,Burkholderia_cenocepacia,2,2,1,2
MAC,Burkholderia_cepacia,2,2,1,2
MAC,Burkholderia_multivorans,2,2,1,2
MAC,Burkholderia_ubonensis,2,2,1,2
MAC,Bordetella_parapertussis,2,1,1,1
MAC,Acinetobacter_nosocomialis,4,2,4,4
MAC,Acinetobacter_pittii,4,2,4,4
MAC,Listeria_innocua,2,1,1,1
MAC,Cronobacter_turicensis,2,2,1,2
MAC,Clostridium_chauvoei,2,1,1,1
MAC,Borrelia_bavariensis,2,1,1,1
MAC,Salmonella_enterica,3,2,2,2
MAC,Yersinia_enterocolitica,2,2,1,3
MAC,Neisseria_lactamica,2,1,1,1
MAC,Leptospira_borgpetersenii,2,1,1,1
MAC,Burkholderia_vietnamiensis,2,2,1,2
MAC,Streptococcus_uberis,2,1,1,1
MAC,Cronobacter_dublinensis,2,2,1,2
MAC,Chlamydia_abortus,2,1,1,1
MAC,Bordetella_pertussis,2,1,1,1
MAC,Borrelia_garinii,2,1,1,1
MAC,Neisseria_cinerea,2,1,1,1
MAC,Bordetella_bronchiseptica,2,1,1,1
MAC,Mycobacterium_bovis,2,1,1,1
MAC,Shigella_flexneri,4,2,3,3
MAC,Mycobacterium_tuberculosis,2,2,1,1
MLT,Enterococcus_faecium,4,1,3,3
MLT,Staphylococcus_aureus,4,2,4,3
MLT,Klebsiella_pneumoniae,4,2,3,3
MLT,Acinetobacter_baumannii,4,2,4,4
MLT,Pseudomonas_aeruginosa,4,2,4,4
MLT,Enterobacter_cloacae,4,2,4,4
MLT,Neisseria_meningitidis,2,1,1,1
MLT,Listeria_monocytogenes,2,1,1,1
MLT,Corynebacterium_diphtheriae,2,1,1,1
MLT,Bacillus_cereus,2,1,1,1
MLT,Vibrio_cholerae,1,1,1,1
MLT,Neisseria_gonorrhoeae,3,2,2,2
MLT,Treponema_pallidum,2,1,1,1
MLT,Streptococcus_pneumoniae,2,2,1,1
MLT,Leptospira_interrogans,2,1,1,1
MLT,Helicobacter_pylori,2,1,1,1
MLT,Escherichia_coli,4,2,3,3
MLT,Chlamydia_trachomatis,2,1,1,1
MLT,Burkholderia_contaminans,2,2,1,2
MLT,Vibrio_parahaemolyticus,2,2,1,3
MLT,Streptococcus_agalactiae,2,1,1,1
MLT,Streptococcus_suis,2,1,1,1
MLT,Mycobacterium_abscessus,2,1,1,1
MLT,Mycobacterium_massiliense,2,1,1,1
MLT,Mammalicoccus_sciuri,2,1,1,1
MLT,Klebsiella_variicola,4,2,3,3
MLT,Haemophilus_influenzae,2,1,1,1
MLT,Haemophilus_haemolyticus,2,1,1,1
MLT,Haemophilus_parainfluenzae,2,1,1,1
MLT,Enterococcus_faecalis,4,2,3,3
MLT,Dichelobacter_nodosus,2,1,1,1
MLT,Cronobacter_malonaticus,2,2,1,2
MLT,Cronobacter_sakazakii,2,2,1,2
MLT,Clostridium_perfringens,2,2,1,2
MLT,Campylobacter_jejuni,2,2,1,2
MLT,Campylobacter_coli,2,2,1,2
MLT,Burkholderia_pseudomallei,2,2,1,2
MLT,Burkholderia_ambifaria,2,2,1,2
MLT,Burkholderia_cenocepacia,2,2,1,2
MLT,Burkholderia_cepacia,2,2,1,2
MLT,Burkholderia_multivorans,2,2,1,2
MLT,Burkholderia_ubonensis,2,2,1,2
MLT,Bordetella_parapertussis,2,1,1,1
MLT,Acinetobacter_nosocomialis,4,2,4,4
MLT,Acinetobacter_pittii,4,2,4,4
MLT,Listeria_innocua,2,1,1,1
MLT,Cronobacter_turicensis,2,2,1,2
MLT,Clostridium_chauvoei,2,1,1,1
MLT,Borrelia_bavariensis,2,1,1,1
MLT,Salmonella_enterica,3,2,2,2
MLT,Yersinia_enterocolitica,2,2,1,3
MLT,Neisseria_lactamica,2,1,1,1
MLT,Leptospira_borgpetersenii,2,1,1,1
MLT,Burkholderia_vietnamiensis,2,2,1,2
MLT,Streptococcus_uberis,2,1,1,1
MLT,Cronobacter_dublinensis,2,2,1,2
MLT,Chlamydia_abortus,2,1,1,1
MLT,Bordetella_pertussis,2,1,1,1
MLT,Borrelia_garinii,2,1,1,1
MLT,Neisseria_cinerea,2,1,1,1
MLT,Bordetella_bronchiseptica,2,1,1,1
MLT,Mycobacterium_bovis,2,1,1,1
MLT,Shigella_flexneri,4,2,3,3
MLT,Mycobacterium_tuberculosis,2,2,1,1
MCO,Enterococcus_faecium,4,1,3,3
MCO,Staphylococcus_aureus,4,2,4,3
MCO,Klebsiella_pneumoniae,4,2,3,3
MCO,Acinetobacter_baumannii,4,2,4,4
MCO,Pseudomonas_aeruginosa,4,2,4,4
MCO,Enterobacter_cloacae,4,2,4,4
MCO,Neisseria_meningitidis,2,1,1,1
MCO,Listeria_monocytogenes,2,1,1,1
MCO,Corynebacterium_diphtheriae,2,1,1,1
MCO,Bacillus_cereus,2,1,1,1
MCO,Vibrio_cholerae,1,1,1,1
MCO,Neisseria_gonorrhoeae,3,2,2,2
MCO,Treponema_pallidum,2,1,1,1
MCO,Streptococcus_pneumoniae,2,2,1,1
MCO,Leptospira_interrogans,2,1,1,1
MCO,Helicobacter_pylori,2,1,1,1
MCO,Escherichia_coli,4,2,3,3
MCO,Chlamydia_trachomatis,2,1,1,1
MCO,Burkholderia_contaminans,2,2,1,2
MCO,Vibrio_parahaemolyticus,2,2,1,3
MCO,Streptococcus_agalactiae,2,1,1,1
MCO,Streptococcus_suis,2,1,1,1
MCO,Mycobacterium_abscessus,2,1,1,1
MCO,Mycobacterium_massiliense,2,1,1,1
MCO,Mammalicoccus_sciuri,2,1,1,1
MCO,Klebsiella_variicola,4,2,3,3
MCO,Haemophilus_influenzae,2,1,1,1
MCO,Haemophilus_haemolyticus,2,1,1,1
MCO,Haemophilus_parainfluenzae,2,1,1,1
MCO,Enterococcus_faecalis,4,2,3,3
MCO,Dichelobacter_nodosus,2,1,1,1
MCO,Cronobacter_malonaticus,2,2,1,2
MCO,Cronobacter_sakazakii,2,2,1,2
MCO,Clostridium_perfringens,2,2,1,2
MCO,Campylobacter_jejuni,2,2,1,2
MCO,Campylobacter_coli,2,2,1,2
MCO,Burkholderia_pseudomallei,2,2,1,2
MCO,Burkholderia_ambifaria,2,2,1,2
MCO,Burkholderia_cenocepacia,2,2,1,2
MCO,Burkholderia_cepacia,2,2,1,2
MCO,Burkholderia_multivorans,2,2,1,2
MCO,Burkholderia_ubonensis,2,2,1,2
MCO,Bordetella_parapertussis,2,1,1,1
MCO,Acinetobacter_nosocomialis,4,2,4,4
MCO,Acinetobacter_pittii,4,2,4,4
MCO,Listeria_innocua,2,1,1,1
MCO,Cronobacter_turicensis,2,2,1,2
MCO,Clostridium_chauvoei,2,1,1,1
MCO,Borrelia_bavariensis,2,1,1,1
MCO,Salmonella_enterica,3,2,2,2
MCO,Yersinia_enterocolitica,2,2,1,3
MCO,Neisseria_lactamica,2,1,1,1
MCO,Leptospira_borgpetersenii,2,1,1,1
MCO,Burkholderia_vietnamiensis,2,2,1,2
MCO,Streptococcus_uberis,2,1,1,1
MCO,Cronobacter_dublinensis,2,2,1,2
MCO,Chlamydia_abortus,2,1,1,1
MCO,Bordetella_pertussis,2,1,1,1
MCO,Borrelia_garinii,2,1,1,1
MCO,Neisseria_cinerea,2,1,1,1
MCO,Bordetella_bronchiseptica,2,1,1,1
MCO,Mycobacterium_bovis,2,1,1,1
MCO,Shigella_flexneri,4,2,3,3
MCO,Mycobacterium_tuberculosis,2,2,1,1
NRU,Enterococcus_faecium,4,1,3,3
NRU,Staphylococcus_aureus,4,2,4,3
NRU,Klebsiella_pneumoniae,4,2,3,3
NRU,Acinetobacter_baumannii,4,2,4,4
NRU,Pseudomonas_aeruginosa,4,2,4,4
NRU,Enterobacter_cloacae,4,2,4,4
NRU,Neisseria_meningitidis,2,1,1,1
NRU,Listeria_monocytogenes,2,1,1,1
NRU,Corynebacterium_diphtheriae,2,1,1,1
NRU,Bacillus_cereus,2,1,1,1
NRU,Vibrio_cholerae,1,1,1,1
NRU,Neisseria_gonorrhoeae,3,2,2,2
NRU,Treponema_pallidum,2,1,1,1
NRU,Streptococcus_pneumoniae,2,2,1,1
NRU,Leptospira_interrogans,2,1,1,1
NRU,Helicobacter_pylori,2,1,1,1
NRU,Escherichia_coli,4,2,3,3
NRU,Chlamydia_trachomatis,2,1,1,1
NRU,Burkholderia_contaminans,2,2,1,2
NRU,Vibrio_parahaemolyticus,2,2,1,3
NRU,Streptococcus_agalactiae,2,1,1,1
NRU,Streptococcus_suis,2,1,1,1
NRU,Mycobacterium_abscessus,2,1,1,1
NRU,Mycobacterium_massiliense,2,1,1,1
NRU,Mammalicoccus_sciuri,2,1,1,1
NRU,Klebsiella_variicola,4,2,3,3
NRU,Haemophilus_influenzae,2,1,1,1
NRU,Haemophilus_haemolyticus,2,1,1,1
NRU,Haemophilus_parainfluenzae,2,1,1,1
NRU,Enterococcus_faecalis,4,2,3,3
NRU,Dichelobacter_nodosus,2,1,1,1
NRU,Cronobacter_malonaticus,2,2,1,2
NRU,Cronobacter_sakazakii,2,2,1,2
NRU,Clostridium_perfringens,2,2,1,2
NRU,Campylobacter_jejuni,2,2,1,2
NRU,Campylobacter_coli,2,2,1,2
NRU,Burkholderia_pseudomallei,2,2,1,2
NRU,Burkholderia_ambifaria,2,2,1,2
NRU,Burkholderia_cenocepacia,2,2,1,2
NRU,Burkholderia_cepacia,2,2,1,2
NRU,Burkholderia_multivorans,2,2,1,2
NRU,Burkholderia_ubonensis,2,2,1,2
NRU,Bordetella_parapertussis,2,1,1,1
NRU,Acinetobacter_nosocomialis,4,2,4,4
NRU,Acinetobacter_pittii,4,2,4,4
NRU,Listeria_innocua,2,1,1,1
NRU,Cronobacter_turicensis,2,2,1,2
NRU,Clostridium_chauvoei,2,1,1,1
NRU,Borrelia_bavariensis,2,1,1,1
NRU,Salmonella_enterica,3,2,2,2
NRU,Yersinia_enterocolitica,2,2,1,3
NRU,Neisseria_lactamica,2,1,1,1
NRU,Leptospira_borgpetersenii,2,1,1,1
NRU,Burkholderia_vietnamiensis,2,2,1,2
NRU,Streptococcus_uberis,2,1,1,1
NRU,Cronobacter_dublinensis,2,2,1,2
NRU,Chlamydia_abortus,2,1,1,1
NRU,Bordetella_pertussis,2,1,1,1
NRU,Borrelia_garinii,2,1,1,1
NRU,Neisseria_cinerea,2,1,1,1
NRU,Bordetella_bronchiseptica,2,1,1,1
NRU,Mycobacterium_bovis,2,1,1,1
NRU,Shigella_flexneri,4,2,3,3
NRU,Mycobacterium_tuberculosis,2,2,1,1
NLD,Enterococcus_faecium,3,1,2,2
NLD,Staphylococcus_aureus,4,2,3,3
NLD,Klebsiella_pneumoniae,3,2,2,2
NLD,Acinetobacter_baumannii,4,2,3,3
NLD,Pseudomonas_aeruginosa,4,2,3,3
NLD,Enterobacter_cloacae,4,2,3,3
NLD,Neisseria_meningitidis,2,1,1,1
NLD,Listeria_monocytogenes,2,1,1,1
NLD,Corynebacterium_diphtheriae,2,1,1,1
NLD,Bacillus_cereus,2,1,1,1
NLD,Vibrio_cholerae,1,1,1,1
NLD,Neisseria_gonorrhoeae,3,2,2,2
NLD,Treponema_pallidum,2,1,1,1
NLD,Streptococcus_pneumoniae,2,2,1,1
NLD,Leptospira_interrogans,2,1,1,1
NLD,Helicobacter_pylori,2,1,1,1
NLD,Escherichia_coli,4,2,3,3
NLD,Chlamydia_trachomatis,2,1,1,1
NLD,Burkholderia_contaminans,2,2,1,2
NLD,Vibrio_parahaemolyticus,2,2,1,3
NLD,Streptococcus_agalactiae,2,1,1,1
NLD,Streptococcus_suis,2,1,1,1
NLD,Mycobacterium_abscessus,2,1,1,1
NLD,Mycobacterium_massiliense,2,1,1,1
NLD,Mammalicoccus_sciuri,2,1,1,1
NLD,Klebsiella_variicola,4,2,3,3
NLD,Haemophilus_influenzae,2,1,1,1
NLD,Haemophilus_haemolyticus,2,1,1,1
NLD,Haemophilus_parainfluenzae,2,1,1,1
NLD,Enterococcus_faecalis,4,2,3,3
NLD,Dichelobacter_nodosus,2,1,1,1
NLD,Cronobacter_malonaticus,2,2,1,2
NLD,Cronobacter_sakazakii,2,2,1,2
NLD,Clostridium_perfringens,2,2,1,2
NLD,Campylobacter_jejuni,2,2,1,2
NLD,Campylobacter_coli,2,2,1,2
NLD,Burkholderia_pseudomallei,2,2,1,2
NLD,Burkholderia_ambifaria,2,2,1,2
NLD,Burkholderia_cenocepacia,2,2,1,2
NLD,Burkholderia_cepacia,2,2,1,2
NLD,Burkholderia_multivorans,2,2,1,2
NLD,Burkholderia_ubonensis,2,2,1,2
NLD,Bordetella_parapertussis,2,1,1,1
NLD,Acinetobacter_nosocomialis,4,2,4,4
NLD,Acinetobacter_pittii,4,2,4,4
NLD,Listeria_innocua,2,1,1,1
NLD,Cronobacter_turicensis,2,2,1,2
NLD,Clostridium_chauvoei,2,1,1,1
NLD,Borrelia_bavariensis,2,1,1,1
NLD,Salmonella_enterica,3,2,2,2
NLD,Yersinia_enterocolitica,2,2,1,3
NLD,Neisseria_lactamica,2,1,1,1
NLD,Leptospira_borgpetersenii,2,1,1,1
NLD,Burkholderia_vietnamiensis,2,2,1,2
NLD,Streptococcus_uberis,2,1,1,1
NLD,Cronobacter_dublinensis,2,2,1,2
NLD,Chlamydia_abortus,2,1,1,1
NLD,Bordetella_pertussis,2,1,1,1
NLD,Borrelia_garinii,2,1,1,1
NLD,Neisseria_cinerea,2,1,1,1
NLD,Bordetella_bronchiseptica,2,1,1,1
NLD,Mycobacterium_bovis,2,1,1,1
NLD,Shigella_flexneri,4,2,3,3
NLD,Mycobacterium_tuberculosis,2,2,1,1
ANT,Enterococcus_faecium,4,1,3,3
ANT,Staphylococcus_aureus,4,2,4,3
ANT,Klebsiella_pneumoniae,4,2,3,3
ANT,Acinetobacter_baumannii,4,2,4,4
ANT,Pseudomonas_aeruginosa,4,2,4,4
ANT,Enterobacter_cloacae,4,2,4,4
ANT,Neisseria_meningitidis,2,1,1,1
ANT,Listeria_monocytogenes,2,1,1,1
ANT,Corynebacterium_diphtheriae,2,1,1,1
ANT,Bacillus_cereus,2,1,1,1
ANT,Vibrio_cholerae,1,1,1,1
ANT,Neisseria_gonorrhoeae,3,2,2,2
ANT,Treponema_pallidum,2,1,1,1
ANT,Streptococcus_pneumoniae,2,2,1,1
ANT,Leptospira_interrogans,2,1,1,1
ANT,Helicobacter_pylori,2,1,1,1
ANT,Escherichia_coli,4,2,3,3
ANT,Chlamydia_trachomatis,2,1,1,1
ANT,Burkholderia_contaminans,2,2,1,2
ANT,Vibrio_parahaemolyticus,2,2,1,3
ANT,Streptococcus_agalactiae,2,1,1,1
ANT,Streptococcus_suis,2,1,1,1
ANT,Mycobacterium_abscessus,2,1,1,1
ANT,Mycobacterium_massiliense,2,1,1,1
ANT,Mammalicoccus_sciuri,2,1,1,1
ANT,Klebsiella_variicola,4,2,3,3
ANT,Haemophilus_influenzae,2,1,1,1
ANT,Haemophilus_haemolyticus,2,1,1,1
ANT,Haemophilus_parainfluenzae,2,1,1,1
ANT,Enterococcus_faecalis,4,2,3,3
ANT,Dichelobacter_nodosus,2,1,1,1
ANT,Cronobacter_malonaticus,2,2,1,2
ANT,Cronobacter_sakazakii,2,2,1,2
ANT,Clostridium_perfringens,2,2,1,2
ANT,Campylobacter_jejuni,2,2,1,2
ANT,Campylobacter_coli,2,2,1,2
ANT,Burkholderia_pseudomallei,2,2,1,2
ANT,Burkholderia_ambifaria,2,2,1,2
ANT,Burkholderia_cenocepacia,2,2,1,2
ANT,Burkholderia_cepacia,2,2,1,2
ANT,Burkholderia_multivorans,2,2,1,2
ANT,Burkholderia_ubonensis,2,2,1,2
ANT,Bordetella_parapertussis,2,1,1,1
ANT,Acinetobacter_nosocomialis,4,2,4,4
ANT,Acinetobacter_pittii,4,2,4,4
ANT,Listeria_innocua,2,1,1,1
ANT,Cronobacter_turicensis,2,2,1,2
ANT,Clostridium_chauvoei,2,1,1,1
ANT,Borrelia_bavariensis,2,1,1,1
ANT,Salmonella_enterica,3,2,2,2
ANT,Yersinia_enterocolitica,2,2,1,3
ANT,Neisseria_lactamica,2,1,1,1
ANT,Leptospira_borgpetersenii,2,1,1,1
ANT,Burkholderia_vietnamiensis,2,2,1,2
ANT,Streptococcus_uberis,2,1,1,1
ANT,Cronobacter_dublinensis,2,2,1,2
ANT,Chlamydia_abortus,2,1,1,1
ANT,Bordetella_pertussis,2,1,1,1
ANT,Borrelia_garinii,2,1,1,1
ANT,Neisseria_cinerea,2,1,1,1
ANT,Bordetella_bronchiseptica,2,1,1,1
ANT,Mycobacterium_bovis,2,1,1,1
ANT,Shigella_flexneri,4,2,3,3
ANT,Mycobacterium_tuberculosis,2,2,1,1
NCL,Enterococcus_faecium,4,1,3,3
NCL,Staphylococcus_aureus,4,2,4,3
NCL,Klebsiella_pneumoniae,4,2,3,3
NCL,Acinetobacter_baumannii,4,2,4,4
NCL,Pseudomonas_aeruginosa,4,2,4,4
NCL,Enterobacter_cloacae,4,2,4,4
NCL,Neisseria_meningitidis,2,1,1,1
NCL,Listeria_monocytogenes,2,1,1,1
NCL,Corynebacterium_diphtheriae,2,1,1,1
NCL,Bacillus_cereus,2,1,1,1
NCL,Vibrio_cholerae,1,1,1,1
NCL,Neisseria_gonorrhoeae,3,2,2,2
NCL,Treponema_pallidum,2,1,1,1
NCL,Streptococcus_pneumoniae,2,2,1,1
NCL,Leptospira_interrogans,2,1,1,1
NCL,Helicobacter_pylori,2,1,1,1
NCL,Escherichia_coli,4,2,3,3
NCL,Chlamydia_trachomatis,2,1,1,1
NCL,Burkholderia_contaminans,2,2,1,2
NCL,Vibrio_parahaemolyticus,2,2,1,3
NCL,Streptococcus_agalactiae,2,1,1,1
NCL,Streptococcus_suis,2,1,1,1
NCL,Mycobacterium_abscessus,2,1,1,1
NCL,Mycobacterium_massiliense,2,1,1,1
NCL,Mammalicoccus_sciuri,2,1,1,1
NCL,Klebsiella_variicola,4,2,3,3
NCL,Haemophilus_influenzae,2,1,1,1
NCL,Haemophilus_haemolyticus,2,1,1,1
NCL,Haemophilus_parainfluenzae,2,1,1,1
NCL,Enterococcus_faecalis,4,2,3,3
NCL,Dichelobacter_nodosus,2,1,1,1
NCL,Cronobacter_malonaticus,2,2,1,2
NCL,Cronobacter_sakazakii,2,2,1,2
NCL,Clostridium_perfringens,2,2,1,2
NCL,Campylobacter_jejuni,2,2,1,2
NCL,Campylobacter_coli,2,2,1,2
NCL,Burkholderia_pseudomallei,2,2,1,2
NCL,Burkholderia_ambifaria,2,2,1,2
NCL,Burkholderia_cenocepacia,2,2,1,2
NCL,Burkholderia_cepacia,2,2,1,2
NCL,Burkholderia_multivorans,2,2,1,2
NCL,Burkholderia_ubonensis,2,2,1,2
NCL,Bordetella_parapertussis,2,1,1,1
NCL,Acinetobacter_nosocomialis,4,2,4,4
NCL,Acinetobacter_pittii,4,2,4,4
NCL,Listeria_innocua,2,1,1,1
NCL,Cronobacter_turicensis,2,2,1,2
NCL,Clostridium_chauvoei,2,1,1,1
NCL,Borrelia_bavariensis,2,1,1,1
NCL,Salmonella_enterica,3,2,2,2
NCL,Yersinia_enterocolitica,2,2,1,3
NCL,Neisseria_lactamica,2,1,1,1
NCL,Leptospira_borgpetersenii,2,1,1,1
NCL,Burkholderia_vietnamiensis,2,2,1,2
NCL,Streptococcus_uberis,2,1,1,1
NCL,Cronobacter_dublinensis,2,2,1,2
NCL,Chlamydia_abortus,2,1,1,1
NCL,Bordetella_pertussis,2,1,1,1
NCL,Borrelia_garinii,2,1,1,1
NCL,Neisseria_cinerea,2,1,1,1
NCL,Bordetella_bronchiseptica,2,1,1,1
NCL,Mycobacterium_bovis,2,1,1,1
NCL,Shigella_flexneri,4,2,3,3
NCL,Mycobacterium_tuberculosis,2,2,1,1
NZL,Enterococcus_faecium,4,1,3,3
NZL,Staphylococcus_aureus,4,2,4,3
NZL,Klebsiella_pneumoniae,4,2,3,3
NZL,Acinetobacter_baumannii,4,2,4,4
NZL,Pseudomonas_aeruginosa,4,2,4,4
NZL,Enterobacter_cloacae,4,2,4,4
NZL,Neisseria_meningitidis,2,1,1,1
NZL,Listeria_monocytogenes,2,1,1,1
NZL,Corynebacterium_diphtheriae,2,1,1,1
NZL,Bacillus_cereus,2,1,1,1
NZL,Vibrio_cholerae,1,1,1,1
NZL,Neisseria_gonorrhoeae,3,2,2,2
NZL,Treponema_pallidum,2,1,1,1
NZL,Streptococcus_pneumoniae,2,2,1,1
NZL,Leptospira_interrogans,2,1,1,1
NZL,Helicobacter_pylori,2,1,1,1
NZL,Escherichia_coli,4,2,3,3
NZL,Chlamydia_trachomatis,2,1,1,1
NZL,Burkholderia_contaminans,2,2,1,2
NZL,Vibrio_parahaemolyticus,2,2,1,3
NZL,Streptococcus_agalactiae,2,1,1,1
NZL,Streptococcus_suis,2,1,1,1
NZL,Mycobacterium_abscessus,2,1,1,1
NZL,Mycobacterium_massiliense,2,1,1,1
NZL,Mammalicoccus_sciuri,2,1,1,1
NZL,Klebsiella_variicola,4,2,3,3
NZL,Haemophilus_influenzae,2,1,1,1
NZL,Haemophilus_haemolyticus,2,1,1,1
NZL,Haemophilus_parainfluenzae,2,1,1,1
NZL,Enterococcus_faecalis,4,2,3,3
NZL,Dichelobacter_nodosus,2,1,1,1
NZL,Cronobacter_malonaticus,2,2,1,2
NZL,Cronobacter_sakazakii,2,2,1,2
NZL,Clostridium_perfringens,2,2,1,2
NZL,Campylobacter_jejuni,2,2,1,2
NZL,Campylobacter_coli,2,2,1,2
NZL,Burkholderia_pseudomallei,2,2,1,2
NZL,Burkholderia_ambifaria,2,2,1,2
NZL,Burkholderia_cenocepacia,2,2,1,2
NZL,Burkholderia_cepacia,2,2,1,2
NZL,Burkholderia_multivorans,2,2,1,2
NZL,Burkholderia_ubonensis,2,2,1,2
NZL,Bordetella_parapertussis,2,1,1,1
NZL,Acinetobacter_nosocomialis,4,2,4,4
NZL,Acinetobacter_pittii,4,2,4,4
NZL,Listeria_innocua,2,1,1,1
NZL,Cronobacter_turicensis,2,2,1,2
NZL,Clostridium_chauvoei,2,1,1,1
NZL,Borrelia_bavariensis,2,1,1,1
NZL,Salmonella_enterica,3,2,2,2
NZL,Yersinia_enterocolitica,2,2,1,3
NZL,Neisseria_lactamica,2,1,1,1
NZL,Leptospira_borgpetersenii,2,1,1,1
NZL,Burkholderia_vietnamiensis,2,2,1,2
NZL,Streptococcus_uberis,2,1,1,1
NZL,Cronobacter_dublinensis,2,2,1,2
NZL,Chlamydia_abortus,2,1,1,1
NZL,Bordetella_pertussis,2,1,1,1
NZL,Borrelia_garinii,2,1,1,1
NZL,Neisseria_cinerea,2,1,1,1
NZL,Bordetella_bronchiseptica,2,1,1,1
NZL,Mycobacterium_bovis,2,1,1,1
NZL,Shigella_flexneri,4,2,3,3
NZL,Mycobacterium_tuberculosis,2,2,1,1
MNP,Enterococcus_faecium,4,1,3,3
MNP,Staphylococcus_aureus,4,2,4,3
MNP,Klebsiella_pneumoniae,4,2,3,3
MNP,Acinetobacter_baumannii,4,2,4,4
MNP,Pseudomonas_aeruginosa,4,2,4,4
MNP,Enterobacter_cloacae,4,2,4,4
MNP,Neisseria_meningitidis,2,1,1,1
MNP,Listeria_monocytogenes,2,1,1,1
MNP,Corynebacterium_diphtheriae,2,1,1,1
MNP,Bacillus_cereus,2,1,1,1
MNP,Vibrio_cholerae,1,1,1,1
MNP,Neisseria_gonorrhoeae,3,2,2,2
MNP,Treponema_pallidum,2,1,1,1
MNP,Streptococcus_pneumoniae,2,2,1,1
MNP,Leptospira_interrogans,2,1,1,1
MNP,Helicobacter_pylori,2,1,1,1
MNP,Escherichia_coli,4,2,3,3
MNP,Chlamydia_trachomatis,2,1,1,1
MNP,Burkholderia_contaminans,2,2,1,2
MNP,Vibrio_parahaemolyticus,2,2,1,3
MNP,Streptococcus_agalactiae,2,1,1,1
MNP,Streptococcus_suis,2,1,1,1
MNP,Mycobacterium_abscessus,2,1,1,1
MNP,Mycobacterium_massiliense,2,1,1,1
MNP,Mammalicoccus_sciuri,2,1,1,1
MNP,Klebsiella_variicola,4,2,3,3
MNP,Haemophilus_influenzae,2,1,1,1
MNP,Haemophilus_haemolyticus,2,1,1,1
MNP,Haemophilus_parainfluenzae,2,1,1,1
MNP,Enterococcus_faecalis,4,2,3,3
MNP,Dichelobacter_nodosus,2,1,1,1
MNP,Cronobacter_malonaticus,2,2,1,2
MNP,Cronobacter_sakazakii,2,2,1,2
MNP,Clostridium_perfringens,2,2,1,2
MNP,Campylobacter_jejuni,2,2,1,2
MNP,Campylobacter_coli,2,2,1,2
MNP,Burkholderia_pseudomallei,2,2,1,2
MNP,Burkholderia_ambifaria,2,2,1,2
MNP,Burkholderia_cenocepacia,2,2,1,2
MNP,Burkholderia_cepacia,2,2,1,2
MNP,Burkholderia_multivorans,2,2,1,2
MNP,Burkholderia_ubonensis,2,2,1,2
MNP,Bordetella_parapertussis,2,1,1,1
MNP,Acinetobacter_nosocomialis,4,2,4,4
MNP,Acinetobacter_pittii,4,2,4,4
MNP,Listeria_innocua,2,1,1,1
MNP,Cronobacter_turicensis,2,2,1,2
MNP,Clostridium_chauvoei,2,1,1,1
MNP,Borrelia_bavariensis,2,1,1,1
MNP,Salmonella_enterica,3,2,2,2
MNP,Yersinia_enterocolitica,2,2,1,3
MNP,Neisseria_lactamica,2,1,1,1
MNP,Leptospira_borgpetersenii,2,1,1,1
MNP,Burkholderia_vietnamiensis,2,2,1,2
MNP,Streptococcus_uberis,2,1,1,1
MNP,Cronobacter_dublinensis,2,2,1,2
MNP,Chlamydia_abortus,2,1,1,1
MNP,Bordetella_pertussis,2,1,1,1
MNP,Borrelia_garinii,2,1,1,1
MNP,Neisseria_cinerea,2,1,1,1
MNP,Bordetella_bronchiseptica,2,1,1,1
MNP,Mycobacterium_bovis,2,1,1,1
MNP,Shigella_flexneri,4,2,3,3
MNP,Mycobacterium_tuberculosis,2,2,1,1
NOR,Enterococcus_faecium,3,1,2,2
NOR,Staphylococcus_aureus,4,2,3,3
NOR,Klebsiella_pneumoniae,3,2,2,2
NOR,Acinetobacter_baumannii,4,2,3,3
NOR,Pseudomonas_aeruginosa,4,2,3,3
NOR,Enterobacter_cloacae,4,2,3,3
NOR,Neisseria_meningitidis,2,1,1,1
NOR,Listeria_monocytogenes,2,1,1,1
NOR,Corynebacterium_diphtheriae,2,1,1,1
NOR,Bacillus_cereus,2,1,1,1
NOR,Vibrio_cholerae,1,1,1,1
NOR,Neisseria_gonorrhoeae,3,2,2,2
NOR,Treponema_pallidum,2,1,1,1
NOR,Streptococcus_pneumoniae,2,2,1,1
NOR,Leptospira_interrogans,2,1,1,1
NOR,Helicobacter_pylori,2,1,1,1
NOR,Escherichia_coli,4,2,3,3
NOR,Chlamydia_trachomatis,2,1,1,1
NOR,Burkholderia_contaminans,2,2,1,2
NOR,Vibrio_parahaemolyticus,2,2,1,3
NOR,Streptococcus_agalactiae,2,1,1,1
NOR,Streptococcus_suis,2,1,1,1
NOR,Mycobacterium_abscessus,2,1,1,1
NOR,Mycobacterium_massiliense,2,1,1,1
NOR,Mammalicoccus_sciuri,2,1,1,1
NOR,Klebsiella_variicola,4,2,3,3
NOR,Haemophilus_influenzae,2,1,1,1
NOR,Haemophilus_haemolyticus,2,1,1,1
NOR,Haemophilus_parainfluenzae,2,1,1,1
NOR,Enterococcus_faecalis,4,2,3,3
NOR,Dichelobacter_nodosus,2,1,1,1
NOR,Cronobacter_malonaticus,2,2,1,2
NOR,Cronobacter_sakazakii,2,2,1,2
NOR,Clostridium_perfringens,2,2,1,2
NOR,Campylobacter_jejuni,2,2,1,2
NOR,Campylobacter_coli,2,2,1,2
NOR,Burkholderia_pseudomallei,2,2,1,2
NOR,Burkholderia_ambifaria,2,2,1,2
NOR,Burkholderia_cenocepacia,2,2,1,2
NOR,Burkholderia_cepacia,2,2,1,2
NOR,Burkholderia_multivorans,2,2,1,2
NOR,Burkholderia_ubonensis,2,2,1,2
NOR,Bordetella_parapertussis,2,1,1,1
NOR,Acinetobacter_nosocomialis,4,2,4,4
NOR,Acinetobacter_pittii,4,2,4,4
NOR,Listeria_innocua,2,1,1,1
NOR,Cronobacter_turicensis,2,2,1,2
NOR,Clostridium_chauvoei,2,1,1,1
NOR,Borrelia_bavariensis,2,1,1,1
NOR,Salmonella_enterica,3,2,2,2
NOR,Yersinia_enterocolitica,2,2,1,3
NOR,Neisseria_lactamica,2,1,1,1
NOR,Leptospira_borgpetersenii,2,1,1,1
NOR,Burkholderia_vietnamiensis,2,2,1,2
NOR,Streptococcus_uberis,2,1,1,1
NOR,Cronobacter_dublinensis,2,2,1,2
NOR,Chlamydia_abortus,2,1,1,1
NOR,Bordetella_pertussis,2,1,1,1
NOR,Borrelia_garinii,2,1,1,1
NOR,Neisseria_cinerea,2,1,1,1
NOR,Bordetella_bronchiseptica,2,1,1,1
NOR,Mycobacterium_bovis,2,1,1,1
NOR,Shigella_flexneri,4,2,3,3
NOR,Mycobacterium_tuberculosis,2,2,1,1
OMN,Enterococcus_faecium,4,1,3,3
OMN,Staphylococcus_aureus,4,2,4,3
OMN,Klebsiella_pneumoniae,4,2,3,3
OMN,Acinetobacter_baumannii,4,2,4,4
OMN,Pseudomonas_aeruginosa,4,2,4,4
OMN,Enterobacter_cloacae,4,2,4,4
OMN,Neisseria_meningitidis,2,1,1,1
OMN,Listeria_monocytogenes,2,1,1,1
OMN,Corynebacterium_diphtheriae,2,1,1,1
OMN,Bacillus_cereus,2,1,1,1
OMN,Vibrio_cholerae,1,1,1,1
OMN,Neisseria_gonorrhoeae,3,2,2,2
OMN,Treponema_pallidum,2,1,1,1
OMN,Streptococcus_pneumoniae,2,2,1,1
OMN,Leptospira_interrogans,2,1,1,1
OMN,Helicobacter_pylori,2,1,1,1
OMN,Escherichia_coli,4,2,3,3
OMN,Chlamydia_trachomatis,2,1,1,1
OMN,Burkholderia_contaminans,2,2,1,2
OMN,Vibrio_parahaemolyticus,2,2,1,3
OMN,Streptococcus_agalactiae,2,1,1,1
OMN,Streptococcus_suis,2,1,1,1
OMN,Mycobacterium_abscessus,2,1,1,1
OMN,Mycobacterium_massiliense,2,1,1,1
OMN,Mammalicoccus_sciuri,2,1,1,1
OMN,Klebsiella_variicola,4,2,3,3
OMN,Haemophilus_influenzae,2,1,1,1
OMN,Haemophilus_haemolyticus,2,1,1,1
OMN,Haemophilus_parainfluenzae,2,1,1,1
OMN,Enterococcus_faecalis,4,2,3,3
OMN,Dichelobacter_nodosus,2,1,1,1
OMN,Cronobacter_malonaticus,2,2,1,2
OMN,Cronobacter_sakazakii,2,2,1,2
OMN,Clostridium_perfringens,2,2,1,2
OMN,Campylobacter_jejuni,2,2,1,2
OMN,Campylobacter_coli,2,2,1,2
OMN,Burkholderia_pseudomallei,2,2,1,2
OMN,Burkholderia_ambifaria,2,2,1,2
OMN,Burkholderia_cenocepacia,2,2,1,2
OMN,Burkholderia_cepacia,2,2,1,2
OMN,Burkholderia_multivorans,2,2,1,2
OMN,Burkholderia_ubonensis,2,2,1,2
OMN,Bordetella_parapertussis,2,1,1,1
OMN,Acinetobacter_nosocomialis,4,2,4,4
OMN,Acinetobacter_pittii,4,2,4,4
OMN,Listeria_innocua,2,1,1,1
OMN,Cronobacter_turicensis,2,2,1,2
OMN,Clostridium_chauvoei,2,1,1,1
OMN,Borrelia_bavariensis,2,1,1,1
OMN,Salmonella_enterica,3,2,2,2
OMN,Yersinia_enterocolitica,2,2,1,3
OMN,Neisseria_lactamica,2,1,1,1
OMN,Leptospira_borgpetersenii,2,1,1,1
OMN,Burkholderia_vietnamiensis,2,2,1,2
OMN,Streptococcus_uberis,2,1,1,1
OMN,Cronobacter_dublinensis,2,2,1,2
OMN,Chlamydia_abortus,2,1,1,1
OMN,Bordetella_pertussis,2,1,1,1
OMN,Borrelia_garinii,2,1,1,1
OMN,Neisseria_cinerea,2,1,1,1
OMN,Bordetella_bronchiseptica,2,1,1,1
OMN,Mycobacterium_bovis,2,1,1,1
OMN,Shigella_flexneri,4,2,3,3
OMN,Mycobacterium_tuberculosis,2,2,1,1
PLW,Enterococcus_faecium,4,1,3,3
PLW,Staphylococcus_aureus,4,2,4,3
PLW,Klebsiella_pneumoniae,4,2,3,3
PLW,Acinetobacter_baumannii,4,2,4,4
PLW,Pseudomonas_aeruginosa,4,2,4,4
PLW,Enterobacter_cloacae,4,2,4,4
PLW,Neisseria_meningitidis,2,1,1,1
PLW,Listeria_monocytogenes,2,1,1,1
PLW,Corynebacterium_diphtheriae,2,1,1,1
PLW,Bacillus_cereus,2,1,1,1
PLW,Vibrio_cholerae,1,1,1,1
PLW,Neisseria_gonorrhoeae,3,2,2,2
PLW,Treponema_pallidum,2,1,1,1
PLW,Streptococcus_pneumoniae,2,2,1,1
PLW,Leptospira_interrogans,2,1,1,1
PLW,Helicobacter_pylori,2,1,1,1
PLW,Escherichia_coli,4,2,3,3
PLW,Chlamydia_trachomatis,2,1,1,1
PLW,Burkholderia_contaminans,2,2,1,2
PLW,Vibrio_parahaemolyticus,2,2,1,3
PLW,Streptococcus_agalactiae,2,1,1,1
PLW,Streptococcus_suis,2,1,1,1
PLW,Mycobacterium_abscessus,2,1,1,1
PLW,Mycobacterium_massiliense,2,1,1,1
PLW,Mammalicoccus_sciuri,2,1,1,1
PLW,Klebsiella_variicola,4,2,3,3
PLW,Haemophilus_influenzae,2,1,1,1
PLW,Haemophilus_haemolyticus,2,1,1,1
PLW,Haemophilus_parainfluenzae,2,1,1,1
PLW,Enterococcus_faecalis,4,2,3,3
PLW,Dichelobacter_nodosus,2,1,1,1
PLW,Cronobacter_malonaticus,2,2,1,2
PLW,Cronobacter_sakazakii,2,2,1,2
PLW,Clostridium_perfringens,2,2,1,2
PLW,Campylobacter_jejuni,2,2,1,2
PLW,Campylobacter_coli,2,2,1,2
PLW,Burkholderia_pseudomallei,2,2,1,2
PLW,Burkholderia_ambifaria,2,2,1,2
PLW,Burkholderia_cenocepacia,2,2,1,2
PLW,Burkholderia_cepacia,2,2,1,2
PLW,Burkholderia_multivorans,2,2,1,2
PLW,Burkholderia_ubonensis,2,2,1,2
PLW,Bordetella_parapertussis,2,1,1,1
PLW,Acinetobacter_nosocomialis,4,2,4,4
PLW,Acinetobacter_pittii,4,2,4,4
PLW,Listeria_innocua,2,1,1,1
PLW,Cronobacter_turicensis,2,2,1,2
PLW,Clostridium_chauvoei,2,1,1,1
PLW,Borrelia_bavariensis,2,1,1,1
PLW,Salmonella_enterica,3,2,2,2
PLW,Yersinia_enterocolitica,2,2,1,3
PLW,Neisseria_lactamica,2,1,1,1
PLW,Leptospira_borgpetersenii,2,1,1,1
PLW,Burkholderia_vietnamiensis,2,2,1,2
PLW,Streptococcus_uberis,2,1,1,1
PLW,Cronobacter_dublinensis,2,2,1,2
PLW,Chlamydia_abortus,2,1,1,1
PLW,Bordetella_pertussis,2,1,1,1
PLW,Borrelia_garinii,2,1,1,1
PLW,Neisseria_cinerea,2,1,1,1
PLW,Bordetella_bronchiseptica,2,1,1,1
PLW,Mycobacterium_bovis,2,1,1,1
PLW,Shigella_flexneri,4,2,3,3
PLW,Mycobacterium_tuberculosis,2,2,1,1
PAN,Enterococcus_faecium,4,1,3,3
PAN,Staphylococcus_aureus,4,2,4,3
PAN,Klebsiella_pneumoniae,4,2,3,3
PAN,Acinetobacter_baumannii,4,2,4,4
PAN,Pseudomonas_aeruginosa,4,2,4,4
PAN,Enterobacter_cloacae,4,2,4,4
PAN,Neisseria_meningitidis,2,1,1,1
PAN,Listeria_monocytogenes,2,1,1,1
PAN,Corynebacterium_diphtheriae,2,1,1,1
PAN,Bacillus_cereus,2,1,1,1
PAN,Vibrio_cholerae,1,1,1,1
PAN,Neisseria_gonorrhoeae,3,2,2,2
PAN,Treponema_pallidum,2,1,1,1
PAN,Streptococcus_pneumoniae,2,2,1,1
PAN,Leptospira_interrogans,2,1,1,1
PAN,Helicobacter_pylori,2,1,1,1
PAN,Escherichia_coli,4,2,3,3
PAN,Chlamydia_trachomatis,2,1,1,1
PAN,Burkholderia_contaminans,2,2,1,2
PAN,Vibrio_parahaemolyticus,2,2,1,3
PAN,Streptococcus_agalactiae,2,1,1,1
PAN,Streptococcus_suis,2,1,1,1
PAN,Mycobacterium_abscessus,2,1,1,1
PAN,Mycobacterium_massiliense,2,1,1,1
PAN,Mammalicoccus_sciuri,2,1,1,1
PAN,Klebsiella_variicola,4,2,3,3
PAN,Haemophilus_influenzae,2,1,1,1
PAN,Haemophilus_haemolyticus,2,1,1,1
PAN,Haemophilus_parainfluenzae,2,1,1,1
PAN,Enterococcus_faecalis,4,2,3,3
PAN,Dichelobacter_nodosus,2,1,1,1
PAN,Cronobacter_malonaticus,2,2,1,2
PAN,Cronobacter_sakazakii,2,2,1,2
PAN,Clostridium_perfringens,2,2,1,2
PAN,Campylobacter_jejuni,2,2,1,2
PAN,Campylobacter_coli,2,2,1,2
PAN,Burkholderia_pseudomallei,2,2,1,2
PAN,Burkholderia_ambifaria,2,2,1,2
PAN,Burkholderia_cenocepacia,2,2,1,2
PAN,Burkholderia_cepacia,2,2,1,2
PAN,Burkholderia_multivorans,2,2,1,2
PAN,Burkholderia_ubonensis,2,2,1,2
PAN,Bordetella_parapertussis,2,1,1,1
PAN,Acinetobacter_nosocomialis,4,2,4,4
PAN,Acinetobacter_pittii,4,2,4,4
PAN,Listeria_innocua,2,1,1,1
PAN,Cronobacter_turicensis,2,2,1,2
PAN,Clostridium_chauvoei,2,1,1,1
PAN,Borrelia_bavariensis,2,1,1,1
PAN,Salmonella_enterica,3,2,2,2
PAN,Yersinia_enterocolitica,2,2,1,3
PAN,Neisseria_lactamica,2,1,1,1
PAN,Leptospira_borgpetersenii,2,1,1,1
PAN,Burkholderia_vietnamiensis,2,2,1,2
PAN,Streptococcus_uberis,2,1,1,1
PAN,Cronobacter_dublinensis,2,2,1,2
PAN,Chlamydia_abortus,2,1,1,1
PAN,Bordetella_pertussis,2,1,1,1
PAN,Borrelia_garinii,2,1,1,1
PAN,Neisseria_cinerea,2,1,1,1
PAN,Bordetella_bronchiseptica,2,1,1,1
PAN,Mycobacterium_bovis,2,1,1,1
PAN,Shigella_flexneri,4,2,3,3
PAN,Mycobacterium_tuberculosis,2,2,1,1
POL,Enterococcus_faecium,3,1,2,2
POL,Staphylococcus_aureus,4,2,3,3
POL,Klebsiella_pneumoniae,3,2,2,2
POL,Acinetobacter_baumannii,4,2,3,3
POL,Pseudomonas_aeruginosa,4,2,3,3
POL,Enterobacter_cloacae,4,2,3,3
POL,Neisseria_meningitidis,2,1,1,1
POL,Listeria_monocytogenes,2,1,1,1
POL,Corynebacterium_diphtheriae,2,1,1,1
POL,Bacillus_cereus,2,1,1,1
POL,Vibrio_cholerae,1,1,1,1
POL,Neisseria_gonorrhoeae,3,2,2,2
POL,Treponema_pallidum,2,1,1,1
POL,Streptococcus_pneumoniae,2,2,1,1
POL,Leptospira_interrogans,2,1,1,1
POL,Helicobacter_pylori,2,1,1,1
POL,Escherichia_coli,4,2,3,3
POL,Chlamydia_trachomatis,2,1,1,1
POL,Burkholderia_contaminans,2,2,1,2
POL,Vibrio_parahaemolyticus,2,2,1,3
POL,Streptococcus_agalactiae,2,1,1,1
POL,Streptococcus_suis,2,1,1,1
POL,Mycobacterium_abscessus,2,1,1,1
POL,Mycobacterium_massiliense,2,1,1,1
POL,Mammalicoccus_sciuri,2,1,1,1
POL,Klebsiella_variicola,4,2,3,3
POL,Haemophilus_influenzae,2,1,1,1
POL,Haemophilus_haemolyticus,2,1,1,1
POL,Haemophilus_parainfluenzae,2,1,1,1
POL,Enterococcus_faecalis,4,2,3,3
POL,Dichelobacter_nodosus,2,1,1,1
POL,Cronobacter_malonaticus,2,2,1,2
POL,Cronobacter_sakazakii,2,2,1,2
POL,Clostridium_perfringens,2,2,1,2
POL,Campylobacter_jejuni,2,2,1,2
POL,Campylobacter_coli,2,2,1,2
POL,Burkholderia_pseudomallei,2,2,1,2
POL,Burkholderia_ambifaria,2,2,1,2
POL,Burkholderia_cenocepacia,2,2,1,2
POL,Burkholderia_cepacia,2,2,1,2
POL,Burkholderia_multivorans,2,2,1,2
POL,Burkholderia_ubonensis,2,2,1,2
POL,Bordetella_parapertussis,2,1,1,1
POL,Acinetobacter_nosocomialis,4,2,4,4
POL,Acinetobacter_pittii,4,2,4,4
POL,Listeria_innocua,2,1,1,1
POL,Cronobacter_turicensis,2,2,1,2
POL,Clostridium_chauvoei,2,1,1,1
POL,Borrelia_bavariensis,2,1,1,1
POL,Salmonella_enterica,3,2,2,2
POL,Yersinia_enterocolitica,2,2,1,3
POL,Neisseria_lactamica,2,1,1,1
POL,Leptospira_borgpetersenii,2,1,1,1
POL,Burkholderia_vietnamiensis,2,2,1,2
POL,Streptococcus_uberis,2,1,1,1
POL,Cronobacter_dublinensis,2,2,1,2
POL,Chlamydia_abortus,2,1,1,1
POL,Bordetella_pertussis,2,1,1,1
POL,Borrelia_garinii,2,1,1,1
POL,Neisseria_cinerea,2,1,1,1
POL,Bordetella_bronchiseptica,2,1,1,1
POL,Mycobacterium_bovis,2,1,1,1
POL,Shigella_flexneri,4,2,3,3
POL,Mycobacterium_tuberculosis,2,2,1,1
PRT,Enterococcus_faecium,4,1,3,3
PRT,Staphylococcus_aureus,4,2,4,3
PRT,Klebsiella_pneumoniae,4,2,3,3
PRT,Acinetobacter_baumannii,4,2,4,4
PRT,Pseudomonas_aeruginosa,4,2,4,4
PRT,Enterobacter_cloacae,4,2,4,4
PRT,Neisseria_meningitidis,2,1,1,1
PRT,Listeria_monocytogenes,2,1,1,1
PRT,Corynebacterium_diphtheriae,2,1,1,1
PRT,Bacillus_cereus,2,1,1,1
PRT,Vibrio_cholerae,1,1,1,1
PRT,Neisseria_gonorrhoeae,3,2,2,2
PRT,Treponema_pallidum,2,1,1,1
PRT,Streptococcus_pneumoniae,2,2,1,1
PRT,Leptospira_interrogans,2,1,1,1
PRT,Helicobacter_pylori,2,1,1,1
PRT,Escherichia_coli,4,2,3,3
PRT,Chlamydia_trachomatis,2,1,1,1
PRT,Burkholderia_contaminans,2,2,1,2
PRT,Vibrio_parahaemolyticus,2,2,1,3
PRT,Streptococcus_agalactiae,2,1,1,1
PRT,Streptococcus_suis,2,1,1,1
PRT,Mycobacterium_abscessus,2,1,1,1
PRT,Mycobacterium_massiliense,2,1,1,1
PRT,Mammalicoccus_sciuri,2,1,1,1
PRT,Klebsiella_variicola,4,2,3,3
PRT,Haemophilus_influenzae,2,1,1,1
PRT,Haemophilus_haemolyticus,2,1,1,1
PRT,Haemophilus_parainfluenzae,2,1,1,1
PRT,Enterococcus_faecalis,4,2,3,3
PRT,Dichelobacter_nodosus,2,1,1,1
PRT,Cronobacter_malonaticus,2,2,1,2
PRT,Cronobacter_sakazakii,2,2,1,2
PRT,Clostridium_perfringens,2,2,1,2
PRT,Campylobacter_jejuni,2,2,1,2
PRT,Campylobacter_coli,2,2,1,2
PRT,Burkholderia_pseudomallei,2,2,1,2
PRT,Burkholderia_ambifaria,2,2,1,2
PRT,Burkholderia_cenocepacia,2,2,1,2
PRT,Burkholderia_cepacia,2,2,1,2
PRT,Burkholderia_multivorans,2,2,1,2
PRT,Burkholderia_ubonensis,2,2,1,2
PRT,Bordetella_parapertussis,2,1,1,1
PRT,Acinetobacter_nosocomialis,4,2,4,4
PRT,Acinetobacter_pittii,4,2,4,4
PRT,Listeria_innocua,2,1,1,1
PRT,Cronobacter_turicensis,2,2,1,2
PRT,Clostridium_chauvoei,2,1,1,1
PRT,Borrelia_bavariensis,2,1,1,1
PRT,Salmonella_enterica,3,2,2,2
PRT,Yersinia_enterocolitica,2,2,1,3
PRT,Neisseria_lactamica,2,1,1,1
PRT,Leptospira_borgpetersenii,2,1,1,1
PRT,Burkholderia_vietnamiensis,2,2,1,2
PRT,Streptococcus_uberis,2,1,1,1
PRT,Cronobacter_dublinensis,2,2,1,2
PRT,Chlamydia_abortus,2,1,1,1
PRT,Bordetella_pertussis,2,1,1,1
PRT,Borrelia_garinii,2,1,1,1
PRT,Neisseria_cinerea,2,1,1,1
PRT,Bordetella_bronchiseptica,2,1,1,1
PRT,Mycobacterium_bovis,2,1,1,1
PRT,Shigella_flexneri,4,2,3,3
PRT,Mycobacterium_tuberculosis,2,2,1,1
PRI,Enterococcus_faecium,4,1,3,3
PRI,Staphylococcus_aureus,4,2,4,3
PRI,Klebsiella_pneumoniae,4,2,3,3
PRI,Acinetobacter_baumannii,4,2,4,4
PRI,Pseudomonas_aeruginosa,4,2,4,4
PRI,Enterobacter_cloacae,4,2,4,4
PRI,Neisseria_meningitidis,2,1,1,1
PRI,Listeria_monocytogenes,2,1,1,1
PRI,Corynebacterium_diphtheriae,2,1,1,1
PRI,Bacillus_cereus,2,1,1,1
PRI,Vibrio_cholerae,1,1,1,1
PRI,Neisseria_gonorrhoeae,3,2,2,2
PRI,Treponema_pallidum,2,1,1,1
PRI,Streptococcus_pneumoniae,2,2,1,1
PRI,Leptospira_interrogans,2,1,1,1
PRI,Helicobacter_pylori,2,1,1,1
PRI,Escherichia_coli,4,2,3,3
PRI,Chlamydia_trachomatis,2,1,1,1
PRI,Burkholderia_contaminans,2,2,1,2
PRI,Vibrio_parahaemolyticus,2,2,1,3
PRI,Streptococcus_agalactiae,2,1,1,1
PRI,Streptococcus_suis,2,1,1,1
PRI,Mycobacterium_abscessus,2,1,1,1
PRI,Mycobacterium_massiliense,2,1,1,1
PRI,Mammalicoccus_sciuri,2,1,1,1
PRI,Klebsiella_variicola,4,2,3,3
PRI,Haemophilus_influenzae,2,1,1,1
PRI,Haemophilus_haemolyticus,2,1,1,1
PRI,Haemophilus_parainfluenzae,2,1,1,1
PRI,Enterococcus_faecalis,4,2,3,3
PRI,Dichelobacter_nodosus,2,1,1,1
PRI,Cronobacter_malonaticus,2,2,1,2
PRI,Cronobacter_sakazakii,2,2,1,2
PRI,Clostridium_perfringens,2,2,1,2
PRI,Campylobacter_jejuni,2,2,1,2
PRI,Campylobacter_coli,2,2,1,2
PRI,Burkholderia_pseudomallei,2,2,1,2
PRI,Burkholderia_ambifaria,2,2,1,2
PRI,Burkholderia_cenocepacia,2,2,1,2
PRI,Burkholderia_cepacia,2,2,1,2
PRI,Burkholderia_multivorans,2,2,1,2
PRI,Burkholderia_ubonensis,2,2,1,2
PRI,Bordetella_parapertussis,2,1,1,1
PRI,Acinetobacter_nosocomialis,4,2,4,4
PRI,Acinetobacter_pittii,4,2,4,4
PRI,Listeria_innocua,2,1,1,1
PRI,Cronobacter_turicensis,2,2,1,2
PRI,Clostridium_chauvoei,2,1,1,1
PRI,Borrelia_bavariensis,2,1,1,1
PRI,Salmonella_enterica,3,2,2,2
PRI,Yersinia_enterocolitica,2,2,1,3
PRI,Neisseria_lactamica,2,1,1,1
PRI,Leptospira_borgpetersenii,2,1,1,1
PRI,Burkholderia_vietnamiensis,2,2,1,2
PRI,Streptococcus_uberis,2,1,1,1
PRI,Cronobacter_dublinensis,2,2,1,2
PRI,Chlamydia_abortus,2,1,1,1
PRI,Bordetella_pertussis,2,1,1,1
PRI,Borrelia_garinii,2,1,1,1
PRI,Neisseria_cinerea,2,1,1,1
PRI,Bordetella_bronchiseptica,2,1,1,1
PRI,Mycobacterium_bovis,2,1,1,1
PRI,Shigella_flexneri,4,2,3,3
PRI,Mycobacterium_tuberculosis,2,2,1,1
QAT,Enterococcus_faecium,4,1,3,3
QAT,Staphylococcus_aureus,4,2,4,3
QAT,Klebsiella_pneumoniae,4,2,3,3
QAT,Acinetobacter_baumannii,4,2,4,4
QAT,Pseudomonas_aeruginosa,4,2,4,4
QAT,Enterobacter_cloacae,4,2,4,4
QAT,Neisseria_meningitidis,2,1,1,1
QAT,Listeria_monocytogenes,2,1,1,1
QAT,Corynebacterium_diphtheriae,2,1,1,1
QAT,Bacillus_cereus,2,1,1,1
QAT,Vibrio_cholerae,1,1,1,1
QAT,Neisseria_gonorrhoeae,3,2,2,2
QAT,Treponema_pallidum,2,1,1,1
QAT,Streptococcus_pneumoniae,2,2,1,1
QAT,Leptospira_interrogans,2,1,1,1
QAT,Helicobacter_pylori,2,1,1,1
QAT,Escherichia_coli,4,2,3,3
QAT,Chlamydia_trachomatis,2,1,1,1
QAT,Burkholderia_contaminans,2,2,1,2
QAT,Vibrio_parahaemolyticus,2,2,1,3
QAT,Streptococcus_agalactiae,2,1,1,1
QAT,Streptococcus_suis,2,1,1,1
QAT,Mycobacterium_abscessus,2,1,1,1
QAT,Mycobacterium_massiliense,2,1,1,1
QAT,Mammalicoccus_sciuri,2,1,1,1
QAT,Klebsiella_variicola,4,2,3,3
QAT,Haemophilus_influenzae,2,1,1,1
QAT,Haemophilus_haemolyticus,2,1,1,1
QAT,Haemophilus_parainfluenzae,2,1,1,1
QAT,Enterococcus_faecalis,4,2,3,3
QAT,Dichelobacter_nodosus,2,1,1,1
QAT,Cronobacter_malonaticus,2,2,1,2
QAT,Cronobacter_sakazakii,2,2,1,2
QAT,Clostridium_perfringens,2,2,1,2
QAT,Campylobacter_jejuni,2,2,1,2
QAT,Campylobacter_coli,2,2,1,2
QAT,Burkholderia_pseudomallei,2,2,1,2
QAT,Burkholderia_ambifaria,2,2,1,2
QAT,Burkholderia_cenocepacia,2,2,1,2
QAT,Burkholderia_cepacia,2,2,1,2
QAT,Burkholderia_multivorans,2,2,1,2
QAT,Burkholderia_ubonensis,2,2,1,2
QAT,Bordetella_parapertussis,2,1,1,1
QAT,Acinetobacter_nosocomialis,4,2,4,4
QAT,Acinetobacter_pittii,4,2,4,4
QAT,Listeria_innocua,2,1,1,1
QAT,Cronobacter_turicensis,2,2,1,2
QAT,Clostridium_chauvoei,2,1,1,1
QAT,Borrelia_bavariensis,2,1,1,1
QAT,Salmonella_enterica,3,2,2,2
QAT,Yersinia_enterocolitica,2,2,1,3
QAT,Neisseria_lactamica,2,1,1,1
QAT,Leptospira_borgpetersenii,2,1,1,1
QAT,Burkholderia_vietnamiensis,2,2,1,2
QAT,Streptococcus_uberis,2,1,1,1
QAT,Cronobacter_dublinensis,2,2,1,2
QAT,Chlamydia_abortus,2,1,1,1
QAT,Bordetella_pertussis,2,1,1,1
QAT,Borrelia_garinii,2,1,1,1
QAT,Neisseria_cinerea,2,1,1,1
QAT,Bordetella_bronchiseptica,2,1,1,1
QAT,Mycobacterium_bovis,2,1,1,1
QAT,Shigella_flexneri,4,2,3,3
QAT,Mycobacterium_tuberculosis,2,2,1,1
ROU,Enterococcus_faecium,4,1,3,3
ROU,Staphylococcus_aureus,4,2,4,3
ROU,Klebsiella_pneumoniae,4,2,3,3
ROU,Acinetobacter_baumannii,4,2,4,4
ROU,Pseudomonas_aeruginosa,4,2,4,4
ROU,Enterobacter_cloacae,4,2,4,4
ROU,Neisseria_meningitidis,2,1,1,1
ROU,Listeria_monocytogenes,2,1,1,1
ROU,Corynebacterium_diphtheriae,2,1,1,1
ROU,Bacillus_cereus,2,1,1,1
ROU,Vibrio_cholerae,1,1,1,1
ROU,Neisseria_gonorrhoeae,3,2,2,2
ROU,Treponema_pallidum,2,1,1,1
ROU,Streptococcus_pneumoniae,2,2,1,1
ROU,Leptospira_interrogans,2,1,1,1
ROU,Helicobacter_pylori,2,1,1,1
ROU,Escherichia_coli,4,2,3,3
ROU,Chlamydia_trachomatis,2,1,1,1
ROU,Burkholderia_contaminans,2,2,1,2
ROU,Vibrio_parahaemolyticus,2,2,1,3
ROU,Streptococcus_agalactiae,2,1,1,1
ROU,Streptococcus_suis,2,1,1,1
ROU,Mycobacterium_abscessus,2,1,1,1
ROU,Mycobacterium_massiliense,2,1,1,1
ROU,Mammalicoccus_sciuri,2,1,1,1
ROU,Klebsiella_variicola,4,2,3,3
ROU,Haemophilus_influenzae,2,1,1,1
ROU,Haemophilus_haemolyticus,2,1,1,1
ROU,Haemophilus_parainfluenzae,2,1,1,1
ROU,Enterococcus_faecalis,4,2,3,3
ROU,Dichelobacter_nodosus,2,1,1,1
ROU,Cronobacter_malonaticus,2,2,1,2
ROU,Cronobacter_sakazakii,2,2,1,2
ROU,Clostridium_perfringens,2,2,1,2
ROU,Campylobacter_jejuni,2,2,1,2
ROU,Campylobacter_coli,2,2,1,2
ROU,Burkholderia_pseudomallei,2,2,1,2
ROU,Burkholderia_ambifaria,2,2,1,2
ROU,Burkholderia_cenocepacia,2,2,1,2
ROU,Burkholderia_cepacia,2,2,1,2
ROU,Burkholderia_multivorans,2,2,1,2
ROU,Burkholderia_ubonensis,2,2,1,2
ROU,Bordetella_parapertussis,2,1,1,1
ROU,Acinetobacter_nosocomialis,4,2,4,4
ROU,Acinetobacter_pittii,4,2,4,4
ROU,Listeria_innocua,2,1,1,1
ROU,Cronobacter_turicensis,2,2,1,2
ROU,Clostridium_chauvoei,2,1,1,1
ROU,Borrelia_bavariensis,2,1,1,1
ROU,Salmonella_enterica,3,2,2,2
ROU,Yersinia_enterocolitica,2,2,1,3
ROU,Neisseria_lactamica,2,1,1,1
ROU,Leptospira_borgpetersenii,2,1,1,1
ROU,Burkholderia_vietnamiensis,2,2,1,2
ROU,Streptococcus_uberis,2,1,1,1
ROU,Cronobacter_dublinensis,2,2,1,2
ROU,Chlamydia_abortus,2,1,1,1
ROU,Bordetella_pertussis,2,1,1,1
ROU,Borrelia_garinii,2,1,1,1
ROU,Neisseria_cinerea,2,1,1,1
ROU,Bordetella_bronchiseptica,2,1,1,1
ROU,Mycobacterium_bovis,2,1,1,1
ROU,Shigella_flexneri,4,2,3,3
ROU,Mycobacterium_tuberculosis,2,2,1,1
RUS,Enterococcus_faecium,4,1,3,3
RUS,Staphylococcus_aureus,4,2,4,3
RUS,Klebsiella_pneumoniae,4,2,3,3
RUS,Acinetobacter_baumannii,4,2,4,4
RUS,Pseudomonas_aeruginosa,4,2,4,4
RUS,Enterobacter_cloacae,4,2,4,4
RUS,Neisseria_meningitidis,2,1,1,1
RUS,Listeria_monocytogenes,2,1,1,1
RUS,Corynebacterium_diphtheriae,2,1,1,1
RUS,Bacillus_cereus,2,1,1,1
RUS,Vibrio_cholerae,1,1,1,1
RUS,Neisseria_gonorrhoeae,3,2,2,2
RUS,Treponema_pallidum,2,1,1,1
RUS,Streptococcus_pneumoniae,2,2,1,1
RUS,Leptospira_interrogans,2,1,1,1
RUS,Helicobacter_pylori,2,1,1,1
RUS,Escherichia_coli,4,2,3,3
RUS,Chlamydia_trachomatis,2,1,1,1
RUS,Burkholderia_contaminans,2,2,1,2
RUS,Vibrio_parahaemolyticus,2,2,1,3
RUS,Streptococcus_agalactiae,2,1,1,1
RUS,Streptococcus_suis,2,1,1,1
RUS,Mycobacterium_abscessus,2,1,1,1
RUS,Mycobacterium_massiliense,2,1,1,1
RUS,Mammalicoccus_sciuri,2,1,1,1
RUS,Klebsiella_variicola,4,2,3,3
RUS,Haemophilus_influenzae,2,1,1,1
RUS,Haemophilus_haemolyticus,2,1,1,1
RUS,Haemophilus_parainfluenzae,2,1,1,1
RUS,Enterococcus_faecalis,4,2,3,3
RUS,Dichelobacter_nodosus,2,1,1,1
RUS,Cronobacter_malonaticus,2,2,1,2
RUS,Cronobacter_sakazakii,2,2,1,2
RUS,Clostridium_perfringens,2,2,1,2
RUS,Campylobacter_jejuni,2,2,1,2
RUS,Campylobacter_coli,2,2,1,2
RUS,Burkholderia_pseudomallei,2,2,1,2
RUS,Burkholderia_ambifaria,2,2,1,2
RUS,Burkholderia_cenocepacia,2,2,1,2
RUS,Burkholderia_cepacia,2,2,1,2
RUS,Burkholderia_multivorans,2,2,1,2
RUS,Burkholderia_ubonensis,2,2,1,2
RUS,Bordetella_parapertussis,2,1,1,1
RUS,Acinetobacter_nosocomialis,4,2,4,4
RUS,Acinetobacter_pittii,4,2,4,4
RUS,Listeria_innocua,2,1,1,1
RUS,Cronobacter_turicensis,2,2,1,2
RUS,Clostridium_chauvoei,2,1,1,1
RUS,Borrelia_bavariensis,2,1,1,1
RUS,Salmonella_enterica,3,2,2,2
RUS,Yersinia_enterocolitica,2,2,1,3
RUS,Neisseria_lactamica,2,1,1,1
RUS,Leptospira_borgpetersenii,2,1,1,1
RUS,Burkholderia_vietnamiensis,2,2,1,2
RUS,Streptococcus_uberis,2,1,1,1
RUS,Cronobacter_dublinensis,2,2,1,2
RUS,Chlamydia_abortus,2,1,1,1
RUS,Bordetella_pertussis,2,1,1,1
RUS,Borrelia_garinii,2,1,1,1
RUS,Neisseria_cinerea,2,1,1,1
RUS,Bordetella_bronchiseptica,2,1,1,1
RUS,Mycobacterium_bovis,2,1,1,1
RUS,Shigella_flexneri,4,2,3,3
RUS,Mycobacterium_tuberculosis,4,4,3,4
KNA,Enterococcus_faecium,4,1,3,3
KNA,Staphylococcus_aureus,4,2,4,3
KNA,Klebsiella_pneumoniae,4,2,3,3
KNA,Acinetobacter_baumannii,4,2,4,4
KNA,Pseudomonas_aeruginosa,4,2,4,4
KNA,Enterobacter_cloacae,4,2,4,4
KNA,Neisseria_meningitidis,2,1,1,1
KNA,Listeria_monocytogenes,2,1,1,1
KNA,Corynebacterium_diphtheriae,2,1,1,1
KNA,Bacillus_cereus,2,1,1,1
KNA,Vibrio_cholerae,1,1,1,1
KNA,Neisseria_gonorrhoeae,3,2,2,2
KNA,Treponema_pallidum,2,1,1,1
KNA,Streptococcus_pneumoniae,2,2,1,1
KNA,Leptospira_interrogans,2,1,1,1
KNA,Helicobacter_pylori,2,1,1,1
KNA,Escherichia_coli,4,2,3,3
KNA,Chlamydia_trachomatis,2,1,1,1
KNA,Burkholderia_contaminans,2,2,1,2
KNA,Vibrio_parahaemolyticus,2,2,1,3
KNA,Streptococcus_agalactiae,2,1,1,1
KNA,Streptococcus_suis,2,1,1,1
KNA,Mycobacterium_abscessus,2,1,1,1
KNA,Mycobacterium_massiliense,2,1,1,1
KNA,Mammalicoccus_sciuri,2,1,1,1
KNA,Klebsiella_variicola,4,2,3,3
KNA,Haemophilus_influenzae,2,1,1,1
KNA,Haemophilus_haemolyticus,2,1,1,1
KNA,Haemophilus_parainfluenzae,2,1,1,1
KNA,Enterococcus_faecalis,4,2,3,3
KNA,Dichelobacter_nodosus,2,1,1,1
KNA,Cronobacter_malonaticus,2,2,1,2
KNA,Cronobacter_sakazakii,2,2,1,2
KNA,Clostridium_perfringens,2,2,1,2
KNA,Campylobacter_jejuni,2,2,1,2
KNA,Campylobacter_coli,2,2,1,2
KNA,Burkholderia_pseudomallei,2,2,1,2
KNA,Burkholderia_ambifaria,2,2,1,2
KNA,Burkholderia_cenocepacia,2,2,1,2
KNA,Burkholderia_cepacia,2,2,1,2
KNA,Burkholderia_multivorans,2,2,1,2
KNA,Burkholderia_ubonensis,2,2,1,2
KNA,Bordetella_parapertussis,2,1,1,1
KNA,Acinetobacter_nosocomialis,4,2,4,4
KNA,Acinetobacter_pittii,4,2,4,4
KNA,Listeria_innocua,2,1,1,1
KNA,Cronobacter_turicensis,2,2,1,2
KNA,Clostridium_chauvoei,2,1,1,1
KNA,Borrelia_bavariensis,2,1,1,1
KNA,Salmonella_enterica,3,2,2,2
KNA,Yersinia_enterocolitica,2,2,1,3
KNA,Neisseria_lactamica,2,1,1,1
KNA,Leptospira_borgpetersenii,2,1,1,1
KNA,Burkholderia_vietnamiensis,2,2,1,2
KNA,Streptococcus_uberis,2,1,1,1
KNA,Cronobacter_dublinensis,2,2,1,2
KNA,Chlamydia_abortus,2,1,1,1
KNA,Bordetella_pertussis,2,1,1,1
KNA,Borrelia_garinii,2,1,1,1
KNA,Neisseria_cinerea,2,1,1,1
KNA,Bordetella_bronchiseptica,2,1,1,1
KNA,Mycobacterium_bovis,2,1,1,1
KNA,Shigella_flexneri,4,2,3,3
KNA,Mycobacterium_tuberculosis,2,2,1,1
MAF,Enterococcus_faecium,4,1,3,3
MAF,Staphylococcus_aureus,4,2,4,3
MAF,Klebsiella_pneumoniae,4,2,3,3
MAF,Acinetobacter_baumannii,4,2,4,4
MAF,Pseudomonas_aeruginosa,4,2,4,4
MAF,Enterobacter_cloacae,4,2,4,4
MAF,Neisseria_meningitidis,2,1,1,1
MAF,Listeria_monocytogenes,2,1,1,1
MAF,Corynebacterium_diphtheriae,2,1,1,1
MAF,Bacillus_cereus,2,1,1,1
MAF,Vibrio_cholerae,1,1,1,1
MAF,Neisseria_gonorrhoeae,3,2,2,2
MAF,Treponema_pallidum,2,1,1,1
MAF,Streptococcus_pneumoniae,2,2,1,1
MAF,Leptospira_interrogans,2,1,1,1
MAF,Helicobacter_pylori,2,1,1,1
MAF,Escherichia_coli,4,2,3,3
MAF,Chlamydia_trachomatis,2,1,1,1
MAF,Burkholderia_contaminans,2,2,1,2
MAF,Vibrio_parahaemolyticus,2,2,1,3
MAF,Streptococcus_agalactiae,2,1,1,1
MAF,Streptococcus_suis,2,1,1,1
MAF,Mycobacterium_abscessus,2,1,1,1
MAF,Mycobacterium_massiliense,2,1,1,1
MAF,Mammalicoccus_sciuri,2,1,1,1
MAF,Klebsiella_variicola,4,2,3,3
MAF,Haemophilus_influenzae,2,1,1,1
MAF,Haemophilus_haemolyticus,2,1,1,1
MAF,Haemophilus_parainfluenzae,2,1,1,1
MAF,Enterococcus_faecalis,4,2,3,3
MAF,Dichelobacter_nodosus,2,1,1,1
MAF,Cronobacter_malonaticus,2,2,1,2
MAF,Cronobacter_sakazakii,2,2,1,2
MAF,Clostridium_perfringens,2,2,1,2
MAF,Campylobacter_jejuni,2,2,1,2
MAF,Campylobacter_coli,2,2,1,2
MAF,Burkholderia_pseudomallei,2,2,1,2
MAF,Burkholderia_ambifaria,2,2,1,2
MAF,Burkholderia_cenocepacia,2,2,1,2
MAF,Burkholderia_cepacia,2,2,1,2
MAF,Burkholderia_multivorans,2,2,1,2
MAF,Burkholderia_ubonensis,2,2,1,2
MAF,Bordetella_parapertussis,2,1,1,1
MAF,Acinetobacter_nosocomialis,4,2,4,4
MAF,Acinetobacter_pittii,4,2,4,4
MAF,Listeria_innocua,2,1,1,1
MAF,Cronobacter_turicensis,2,2,1,2
MAF,Clostridium_chauvoei,2,1,1,1
MAF,Borrelia_bavariensis,2,1,1,1
MAF,Salmonella_enterica,3,2,2,2
MAF,Yersinia_enterocolitica,2,2,1,3
MAF,Neisseria_lactamica,2,1,1,1
MAF,Leptospira_borgpetersenii,2,1,1,1
MAF,Burkholderia_vietnamiensis,2,2,1,2
MAF,Streptococcus_uberis,2,1,1,1
MAF,Cronobacter_dublinensis,2,2,1,2
MAF,Chlamydia_abortus,2,1,1,1
MAF,Bordetella_pertussis,2,1,1,1
MAF,Borrelia_garinii,2,1,1,1
MAF,Neisseria_cinerea,2,1,1,1
MAF,Bordetella_bronchiseptica,2,1,1,1
MAF,Mycobacterium_bovis,2,1,1,1
MAF,Shigella_flexneri,4,2,3,3
MAF,Mycobacterium_tuberculosis,2,2,1,1
SMR,Enterococcus_faecium,4,1,3,3
SMR,Staphylococcus_aureus,4,2,4,3
SMR,Klebsiella_pneumoniae,4,2,3,3
SMR,Acinetobacter_baumannii,4,2,4,4
SMR,Pseudomonas_aeruginosa,4,2,4,4
SMR,Enterobacter_cloacae,4,2,4,4
SMR,Neisseria_meningitidis,2,1,1,1
SMR,Listeria_monocytogenes,2,1,1,1
SMR,Corynebacterium_diphtheriae,2,1,1,1
SMR,Bacillus_cereus,2,1,1,1
SMR,Vibrio_cholerae,1,1,1,1
SMR,Neisseria_gonorrhoeae,3,2,2,2
SMR,Treponema_pallidum,2,1,1,1
SMR,Streptococcus_pneumoniae,2,2,1,1
SMR,Leptospira_interrogans,2,1,1,1
SMR,Helicobacter_pylori,2,1,1,1
SMR,Escherichia_coli,4,2,3,3
SMR,Chlamydia_trachomatis,2,1,1,1
SMR,Burkholderia_contaminans,2,2,1,2
SMR,Vibrio_parahaemolyticus,2,2,1,3
SMR,Streptococcus_agalactiae,2,1,1,1
SMR,Streptococcus_suis,2,1,1,1
SMR,Mycobacterium_abscessus,2,1,1,1
SMR,Mycobacterium_massiliense,2,1,1,1
SMR,Mammalicoccus_sciuri,2,1,1,1
SMR,Klebsiella_variicola,4,2,3,3
SMR,Haemophilus_influenzae,2,1,1,1
SMR,Haemophilus_haemolyticus,2,1,1,1
SMR,Haemophilus_parainfluenzae,2,1,1,1
SMR,Enterococcus_faecalis,4,2,3,3
SMR,Dichelobacter_nodosus,2,1,1,1
SMR,Cronobacter_malonaticus,2,2,1,2
SMR,Cronobacter_sakazakii,2,2,1,2
SMR,Clostridium_perfringens,2,2,1,2
SMR,Campylobacter_jejuni,2,2,1,2
SMR,Campylobacter_coli,2,2,1,2
SMR,Burkholderia_pseudomallei,2,2,1,2
SMR,Burkholderia_ambifaria,2,2,1,2
SMR,Burkholderia_cenocepacia,2,2,1,2
SMR,Burkholderia_cepacia,2,2,1,2
SMR,Burkholderia_multivorans,2,2,1,2
SMR,Burkholderia_ubonensis,2,2,1,2
SMR,Bordetella_parapertussis,2,1,1,1
SMR,Acinetobacter_nosocomialis,4,2,4,4
SMR,Acinetobacter_pittii,4,2,4,4
SMR,Listeria_innocua,2,1,1,1
SMR,Cronobacter_turicensis,2,2,1,2
SMR,Clostridium_chauvoei,2,1,1,1
SMR,Borrelia_bavariensis,2,1,1,1
SMR,Salmonella_enterica,3,2,2,2
SMR,Yersinia_enterocolitica,2,2,1,3
SMR,Neisseria_lactamica,2,1,1,1
SMR,Leptospira_borgpetersenii,2,1,1,1
SMR,Burkholderia_vietnamiensis,2,2,1,2
SMR,Streptococcus_uberis,2,1,1,1
SMR,Cronobacter_dublinensis,2,2,1,2
SMR,Chlamydia_abortus,2,1,1,1
SMR,Bordetella_pertussis,2,1,1,1
SMR,Borrelia_garinii,2,1,1,1
SMR,Neisseria_cinerea,2,1,1,1
SMR,Bordetella_bronchiseptica,2,1,1,1
SMR,Mycobacterium_bovis,2,1,1,1
SMR,Shigella_flexneri,4,2,3,3
SMR,Mycobacterium_tuberculosis,2,2,1,1
SAU,Enterococcus_faecium,4,1,3,3
SAU,Staphylococcus_aureus,4,2,4,3
SAU,Klebsiella_pneumoniae,4,2,3,3
SAU,Acinetobacter_baumannii,4,2,4,4
SAU,Pseudomonas_aeruginosa,4,2,4,4
SAU,Enterobacter_cloacae,4,2,4,4
SAU,Neisseria_meningitidis,2,1,1,1
SAU,Listeria_monocytogenes,2,1,1,1
SAU,Corynebacterium_diphtheriae,2,1,1,1
SAU,Bacillus_cereus,2,1,1,1
SAU,Vibrio_cholerae,1,1,1,1
SAU,Neisseria_gonorrhoeae,3,2,2,2
SAU,Treponema_pallidum,2,1,1,1
SAU,Streptococcus_pneumoniae,2,2,1,1
SAU,Leptospira_interrogans,2,1,1,1
SAU,Helicobacter_pylori,2,1,1,1
SAU,Escherichia_coli,4,2,3,3
SAU,Chlamydia_trachomatis,2,1,1,1
SAU,Burkholderia_contaminans,2,2,1,2
SAU,Vibrio_parahaemolyticus,2,2,1,3
SAU,Streptococcus_agalactiae,2,1,1,1
SAU,Streptococcus_suis,2,1,1,1
SAU,Mycobacterium_abscessus,2,1,1,1
SAU,Mycobacterium_massiliense,2,1,1,1
SAU,Mammalicoccus_sciuri,2,1,1,1
SAU,Klebsiella_variicola,4,2,3,3
SAU,Haemophilus_influenzae,2,1,1,1
SAU,Haemophilus_haemolyticus,2,1,1,1
SAU,Haemophilus_parainfluenzae,2,1,1,1
SAU,Enterococcus_faecalis,4,2,3,3
SAU,Dichelobacter_nodosus,2,1,1,1
SAU,Cronobacter_malonaticus,2,2,1,2
SAU,Cronobacter_sakazakii,2,2,1,2
SAU,Clostridium_perfringens,2,2,1,2
SAU,Campylobacter_jejuni,2,2,1,2
SAU,Campylobacter_coli,2,2,1,2
SAU,Burkholderia_pseudomallei,2,2,1,2
SAU,Burkholderia_ambifaria,2,2,1,2
SAU,Burkholderia_cenocepacia,2,2,1,2
SAU,Burkholderia_cepacia,2,2,1,2
SAU,Burkholderia_multivorans,2,2,1,2
SAU,Burkholderia_ubonensis,2,2,1,2
SAU,Bordetella_parapertussis,2,1,1,1
SAU,Acinetobacter_nosocomialis,4,2,4,4
SAU,Acinetobacter_pittii,4,2,4,4
SAU,Listeria_innocua,2,1,1,1
SAU,Cronobacter_turicensis,2,2,1,2
SAU,Clostridium_chauvoei,2,1,1,1
SAU,Borrelia_bavariensis,2,1,1,1
SAU,Salmonella_enterica,3,2,2,2
SAU,Yersinia_enterocolitica,2,2,1,3
SAU,Neisseria_lactamica,2,1,1,1
SAU,Leptospira_borgpetersenii,2,1,1,1
SAU,Burkholderia_vietnamiensis,2,2,1,2
SAU,Streptococcus_uberis,2,1,1,1
SAU,Cronobacter_dublinensis,2,2,1,2
SAU,Chlamydia_abortus,2,1,1,1
SAU,Bordetella_pertussis,2,1,1,1
SAU,Borrelia_garinii,2,1,1,1
SAU,Neisseria_cinerea,2,1,1,1
SAU,Bordetella_bronchiseptica,2,1,1,1
SAU,Mycobacterium_bovis,2,1,1,1
SAU,Shigella_flexneri,4,2,3,3
SAU,Mycobacterium_tuberculosis,2,2,1,1
SYC,Enterococcus_faecium,4,1,3,3
SYC,Staphylococcus_aureus,4,2,4,3
SYC,Klebsiella_pneumoniae,4,2,3,3
SYC,Acinetobacter_baumannii,4,2,4,4
SYC,Pseudomonas_aeruginosa,4,2,4,4
SYC,Enterobacter_cloacae,4,2,4,4
SYC,Neisseria_meningitidis,2,1,1,1
SYC,Listeria_monocytogenes,2,1,1,1
SYC,Corynebacterium_diphtheriae,2,1,1,1
SYC,Bacillus_cereus,2,1,1,1
SYC,Vibrio_cholerae,1,1,1,1
SYC,Neisseria_gonorrhoeae,3,2,2,2
SYC,Treponema_pallidum,2,1,1,1
SYC,Streptococcus_pneumoniae,2,2,1,1
SYC,Leptospira_interrogans,2,1,1,1
SYC,Helicobacter_pylori,2,1,1,1
SYC,Escherichia_coli,4,2,3,3
SYC,Chlamydia_trachomatis,2,1,1,1
SYC,Burkholderia_contaminans,2,2,1,2
SYC,Vibrio_parahaemolyticus,2,2,1,3
SYC,Streptococcus_agalactiae,2,1,1,1
SYC,Streptococcus_suis,2,1,1,1
SYC,Mycobacterium_abscessus,2,1,1,1
SYC,Mycobacterium_massiliense,2,1,1,1
SYC,Mammalicoccus_sciuri,2,1,1,1
SYC,Klebsiella_variicola,4,2,3,3
SYC,Haemophilus_influenzae,2,1,1,1
SYC,Haemophilus_haemolyticus,2,1,1,1
SYC,Haemophilus_parainfluenzae,2,1,1,1
SYC,Enterococcus_faecalis,4,2,3,3
SYC,Dichelobacter_nodosus,2,1,1,1
SYC,Cronobacter_malonaticus,2,2,1,2
SYC,Cronobacter_sakazakii,2,2,1,2
SYC,Clostridium_perfringens,2,2,1,2
SYC,Campylobacter_jejuni,2,2,1,2
SYC,Campylobacter_coli,2,2,1,2
SYC,Burkholderia_pseudomallei,2,2,1,2
SYC,Burkholderia_ambifaria,2,2,1,2
SYC,Burkholderia_cenocepacia,2,2,1,2
SYC,Burkholderia_cepacia,2,2,1,2
SYC,Burkholderia_multivorans,2,2,1,2
SYC,Burkholderia_ubonensis,2,2,1,2
SYC,Bordetella_parapertussis,2,1,1,1
SYC,Acinetobacter_nosocomialis,4,2,4,4
SYC,Acinetobacter_pittii,4,2,4,4
SYC,Listeria_innocua,2,1,1,1
SYC,Cronobacter_turicensis,2,2,1,2
SYC,Clostridium_chauvoei,2,1,1,1
SYC,Borrelia_bavariensis,2,1,1,1
SYC,Salmonella_enterica,3,2,2,2
SYC,Yersinia_enterocolitica,2,2,1,3
SYC,Neisseria_lactamica,2,1,1,1
SYC,Leptospira_borgpetersenii,2,1,1,1
SYC,Burkholderia_vietnamiensis,2,2,1,2
SYC,Streptococcus_uberis,2,1,1,1
SYC,Cronobacter_dublinensis,2,2,1,2
SYC,Chlamydia_abortus,2,1,1,1
SYC,Bordetella_pertussis,2,1,1,1
SYC,Borrelia_garinii,2,1,1,1
SYC,Neisseria_cinerea,2,1,1,1
SYC,Bordetella_bronchiseptica,2,1,1,1
SYC,Mycobacterium_bovis,2,1,1,1
SYC,Shigella_flexneri,4,2,3,3
SYC,Mycobacterium_tuberculosis,2,2,1,1
SGP,Enterococcus_faecium,4,1,3,3
SGP,Staphylococcus_aureus,4,2,4,3
SGP,Klebsiella_pneumoniae,4,2,3,3
SGP,Acinetobacter_baumannii,4,2,4,4
SGP,Pseudomonas_aeruginosa,4,2,4,4
SGP,Enterobacter_cloacae,4,2,4,4
SGP,Neisseria_meningitidis,2,1,1,1
SGP,Listeria_monocytogenes,2,1,1,1
SGP,Corynebacterium_diphtheriae,2,1,1,1
SGP,Bacillus_cereus,2,1,1,1
SGP,Vibrio_cholerae,1,1,1,1
SGP,Neisseria_gonorrhoeae,3,3,2,2
SGP,Treponema_pallidum,2,1,1,1
SGP,Streptococcus_pneumoniae,2,2,1,1
SGP,Leptospira_interrogans,2,1,1,1
SGP,Helicobacter_pylori,2,1,1,1
SGP,Escherichia_coli,4,2,3,3
SGP,Chlamydia_trachomatis,2,1,1,1
SGP,Burkholderia_contaminans,2,2,1,2
SGP,Vibrio_parahaemolyticus,2,2,1,3
SGP,Streptococcus_agalactiae,2,1,1,1
SGP,Streptococcus_suis,2,1,1,1
SGP,Mycobacterium_abscessus,2,1,1,1
SGP,Mycobacterium_massiliense,2,1,1,1
SGP,Mammalicoccus_sciuri,2,1,1,1
SGP,Klebsiella_variicola,4,2,3,3
SGP,Haemophilus_influenzae,2,1,1,1
SGP,Haemophilus_haemolyticus,2,1,1,1
SGP,Haemophilus_parainfluenzae,2,1,1,1
SGP,Enterococcus_faecalis,4,2,3,3
SGP,Dichelobacter_nodosus,2,1,1,1
SGP,Cronobacter_malonaticus,2,2,1,2
SGP,Cronobacter_sakazakii,2,2,1,2
SGP,Clostridium_perfringens,2,2,1,2
SGP,Campylobacter_jejuni,2,2,1,2
SGP,Campylobacter_coli,2,2,1,2
SGP,Burkholderia_pseudomallei,2,2,1,2
SGP,Burkholderia_ambifaria,2,2,1,2
SGP,Burkholderia_cenocepacia,2,2,1,2
SGP,Burkholderia_cepacia,2,2,1,2
SGP,Burkholderia_multivorans,2,2,1,2
SGP,Burkholderia_ubonensis,2,2,1,2
SGP,Bordetella_parapertussis,2,1,1,1
SGP,Acinetobacter_nosocomialis,4,2,4,4
SGP,Acinetobacter_pittii,4,2,4,4
SGP,Listeria_innocua,2,1,1,1
SGP,Cronobacter_turicensis,2,2,1,2
SGP,Clostridium_chauvoei,2,1,1,1
SGP,Borrelia_bavariensis,2,1,1,1
SGP,Salmonella_enterica,3,2,2,2
SGP,Yersinia_enterocolitica,2,2,1,3
SGP,Neisseria_lactamica,2,1,1,1
SGP,Leptospira_borgpetersenii,2,1,1,1
SGP,Burkholderia_vietnamiensis,2,2,1,2
SGP,Streptococcus_uberis,2,1,1,1
SGP,Cronobacter_dublinensis,2,2,1,2
SGP,Chlamydia_abortus,2,1,1,1
SGP,Bordetella_pertussis,2,1,1,1
SGP,Borrelia_garinii,2,1,1,1
SGP,Neisseria_cinerea,2,1,1,1
SGP,Bordetella_bronchiseptica,2,1,1,1
SGP,Mycobacterium_bovis,2,1,1,1
SGP,Shigella_flexneri,4,2,3,3
SGP,Mycobacterium_tuberculosis,2,2,1,1
SXM,Enterococcus_faecium,4,1,3,3
SXM,Staphylococcus_aureus,4,2,4,3
SXM,Klebsiella_pneumoniae,4,2,3,3
SXM,Acinetobacter_baumannii,4,2,4,4
SXM,Pseudomonas_aeruginosa,4,2,4,4
SXM,Enterobacter_cloacae,4,2,4,4
SXM,Neisseria_meningitidis,2,1,1,1
SXM,Listeria_monocytogenes,2,1,1,1
SXM,Corynebacterium_diphtheriae,2,1,1,1
SXM,Bacillus_cereus,2,1,1,1
SXM,Vibrio_cholerae,1,1,1,1
SXM,Neisseria_gonorrhoeae,3,2,2,2
SXM,Treponema_pallidum,2,1,1,1
SXM,Streptococcus_pneumoniae,2,2,1,1
SXM,Leptospira_interrogans,2,1,1,1
SXM,Helicobacter_pylori,2,1,1,1
SXM,Escherichia_coli,4,2,3,3
SXM,Chlamydia_trachomatis,2,1,1,1
SXM,Burkholderia_contaminans,2,2,1,2
SXM,Vibrio_parahaemolyticus,2,2,1,3
SXM,Streptococcus_agalactiae,2,1,1,1
SXM,Streptococcus_suis,2,1,1,1
SXM,Mycobacterium_abscessus,2,1,1,1
SXM,Mycobacterium_massiliense,2,1,1,1
SXM,Mammalicoccus_sciuri,2,1,1,1
SXM,Klebsiella_variicola,4,2,3,3
SXM,Haemophilus_influenzae,2,1,1,1
SXM,Haemophilus_haemolyticus,2,1,1,1
SXM,Haemophilus_parainfluenzae,2,1,1,1
SXM,Enterococcus_faecalis,4,2,3,3
SXM,Dichelobacter_nodosus,2,1,1,1
SXM,Cronobacter_malonaticus,2,2,1,2
SXM,Cronobacter_sakazakii,2,2,1,2
SXM,Clostridium_perfringens,2,2,1,2
SXM,Campylobacter_jejuni,2,2,1,2
SXM,Campylobacter_coli,2,2,1,2
SXM,Burkholderia_pseudomallei,2,2,1,2
SXM,Burkholderia_ambifaria,2,2,1,2
SXM,Burkholderia_cenocepacia,2,2,1,2
SXM,Burkholderia_cepacia,2,2,1,2
SXM,Burkholderia_multivorans,2,2,1,2
SXM,Burkholderia_ubonensis,2,2,1,2
SXM,Bordetella_parapertussis,2,1,1,1
SXM,Acinetobacter_nosocomialis,4,2,4,4
SXM,Acinetobacter_pittii,4,2,4,4
SXM,Listeria_innocua,2,1,1,1
SXM,Cronobacter_turicensis,2,2,1,2
SXM,Clostridium_chauvoei,2,1,1,1
SXM,Borrelia_bavariensis,2,1,1,1
SXM,Salmonella_enterica,3,2,2,2
SXM,Yersinia_enterocolitica,2,2,1,3
SXM,Neisseria_lactamica,2,1,1,1
SXM,Leptospira_borgpetersenii,2,1,1,1
SXM,Burkholderia_vietnamiensis,2,2,1,2
SXM,Streptococcus_uberis,2,1,1,1
SXM,Cronobacter_dublinensis,2,2,1,2
SXM,Chlamydia_abortus,2,1,1,1
SXM,Bordetella_pertussis,2,1,1,1
SXM,Borrelia_garinii,2,1,1,1
SXM,Neisseria_cinerea,2,1,1,1
SXM,Bordetella_bronchiseptica,2,1,1,1
SXM,Mycobacterium_bovis,2,1,1,1
SXM,Shigella_flexneri,4,2,3,3
SXM,Mycobacterium_tuberculosis,2,2,1,1
SVK,Enterococcus_faecium,3,1,2,2
SVK,Staphylococcus_aureus,4,2,3,3
SVK,Klebsiella_pneumoniae,3,2,2,2
SVK,Acinetobacter_baumannii,4,2,3,3
SVK,Pseudomonas_aeruginosa,4,2,3,3
SVK,Enterobacter_cloacae,4,2,3,3
SVK,Neisseria_meningitidis,2,1,1,1
SVK,Listeria_monocytogenes,2,1,1,1
SVK,Corynebacterium_diphtheriae,2,1,1,1
SVK,Bacillus_cereus,2,1,1,1
SVK,Vibrio_cholerae,1,1,1,1
SVK,Neisseria_gonorrhoeae,3,2,2,2
SVK,Treponema_pallidum,2,1,1,1
SVK,Streptococcus_pneumoniae,2,2,1,1
SVK,Leptospira_interrogans,2,1,1,1
SVK,Helicobacter_pylori,2,1,1,1
SVK,Escherichia_coli,4,2,3,3
SVK,Chlamydia_trachomatis,2,1,1,1
SVK,Burkholderia_contaminans,2,2,1,2
SVK,Vibrio_parahaemolyticus,2,2,1,3
SVK,Streptococcus_agalactiae,2,1,1,1
SVK,Streptococcus_suis,2,1,1,1
SVK,Mycobacterium_abscessus,2,1,1,1
SVK,Mycobacterium_massiliense,2,1,1,1
SVK,Mammalicoccus_sciuri,2,1,1,1
SVK,Klebsiella_variicola,4,2,3,3
SVK,Haemophilus_influenzae,2,1,1,1
SVK,Haemophilus_haemolyticus,2,1,1,1
SVK,Haemophilus_parainfluenzae,2,1,1,1
SVK,Enterococcus_faecalis,4,2,3,3
SVK,Dichelobacter_nodosus,2,1,1,1
SVK,Cronobacter_malonaticus,2,2,1,2
SVK,Cronobacter_sakazakii,2,2,1,2
SVK,Clostridium_perfringens,2,2,1,2
SVK,Campylobacter_jejuni,2,2,1,2
SVK,Campylobacter_coli,2,2,1,2
SVK,Burkholderia_pseudomallei,2,2,1,2
SVK,Burkholderia_ambifaria,2,2,1,2
SVK,Burkholderia_cenocepacia,2,2,1,2
SVK,Burkholderia_cepacia,2,2,1,2
SVK,Burkholderia_multivorans,2,2,1,2
SVK,Burkholderia_ubonensis,2,2,1,2
SVK,Bordetella_parapertussis,2,1,1,1
SVK,Acinetobacter_nosocomialis,4,2,4,4
SVK,Acinetobacter_pittii,4,2,4,4
SVK,Listeria_innocua,2,1,1,1
SVK,Cronobacter_turicensis,2,2,1,2
SVK,Clostridium_chauvoei,2,1,1,1
SVK,Borrelia_bavariensis,2,1,1,1
SVK,Salmonella_enterica,3,2,2,2
SVK,Yersinia_enterocolitica,2,2,1,3
SVK,Neisseria_lactamica,2,1,1,1
SVK,Leptospira_borgpetersenii,2,1,1,1
SVK,Burkholderia_vietnamiensis,2,2,1,2
SVK,Streptococcus_uberis,2,1,1,1
SVK,Cronobacter_dublinensis,2,2,1,2
SVK,Chlamydia_abortus,2,1,1,1
SVK,Bordetella_pertussis,2,1,1,1
SVK,Borrelia_garinii,2,1,1,1
SVK,Neisseria_cinerea,2,1,1,1
SVK,Bordetella_bronchiseptica,2,1,1,1
SVK,Mycobacterium_bovis,2,1,1,1
SVK,Shigella_flexneri,4,2,3,3
SVK,Mycobacterium_tuberculosis,2,2,1,1
SVN,Enterococcus_faecium,3,1,2,2
SVN,Staphylococcus_aureus,4,2,3,3
SVN,Klebsiella_pneumoniae,3,2,2,2
SVN,Acinetobacter_baumannii,4,2,3,3
SVN,Pseudomonas_aeruginosa,4,2,3,3
SVN,Enterobacter_cloacae,4,2,3,3
SVN,Neisseria_meningitidis,2,1,1,1
SVN,Listeria_monocytogenes,2,1,1,1
SVN,Corynebacterium_diphtheriae,2,1,1,1
SVN,Bacillus_cereus,2,1,1,1
SVN,Vibrio_cholerae,1,1,1,1
SVN,Neisseria_gonorrhoeae,3,2,2,2
SVN,Treponema_pallidum,2,1,1,1
SVN,Streptococcus_pneumoniae,2,2,1,1
SVN,Leptospira_interrogans,2,1,1,1
SVN,Helicobacter_pylori,2,1,1,1
SVN,Escherichia_coli,4,2,3,3
SVN,Chlamydia_trachomatis,2,1,1,1
SVN,Burkholderia_contaminans,2,2,1,2
SVN,Vibrio_parahaemolyticus,2,2,1,3
SVN,Streptococcus_agalactiae,2,1,1,1
SVN,Streptococcus_suis,2,1,1,1
SVN,Mycobacterium_abscessus,2,1,1,1
SVN,Mycobacterium_massiliense,2,1,1,1
SVN,Mammalicoccus_sciuri,2,1,1,1
SVN,Klebsiella_variicola,4,2,3,3
SVN,Haemophilus_influenzae,2,1,1,1
SVN,Haemophilus_haemolyticus,2,1,1,1
SVN,Haemophilus_parainfluenzae,2,1,1,1
SVN,Enterococcus_faecalis,4,2,3,3
SVN,Dichelobacter_nodosus,2,1,1,1
SVN,Cronobacter_malonaticus,2,2,1,2
SVN,Cronobacter_sakazakii,2,2,1,2
SVN,Clostridium_perfringens,2,2,1,2
SVN,Campylobacter_jejuni,2,2,1,2
SVN,Campylobacter_coli,2,2,1,2
SVN,Burkholderia_pseudomallei,2,2,1,2
SVN,Burkholderia_ambifaria,2,2,1,2
SVN,Burkholderia_cenocepacia,2,2,1,2
SVN,Burkholderia_cepacia,2,2,1,2
SVN,Burkholderia_multivorans,2,2,1,2
SVN,Burkholderia_ubonensis,2,2,1,2
SVN,Bordetella_parapertussis,2,1,1,1
SVN,Acinetobacter_nosocomialis,4,2,4,4
SVN,Acinetobacter_pittii,4,2,4,4
SVN,Listeria_innocua,2,1,1,1
SVN,Cronobacter_turicensis,2,2,1,2
SVN,Clostridium_chauvoei,2,1,1,1
SVN,Borrelia_bavariensis,2,1,1,1
SVN,Salmonella_enterica,3,2,2,2
SVN,Yersinia_enterocolitica,2,2,1,3
SVN,Neisseria_lactamica,2,1,1,1
SVN,Leptospira_borgpetersenii,2,1,1,1
SVN,Burkholderia_vietnamiensis,2,2,1,2
SVN,Streptococcus_uberis,2,1,1,1
SVN,Cronobacter_dublinensis,2,2,1,2
SVN,Chlamydia_abortus,2,1,1,1
SVN,Bordetella_pertussis,2,1,1,1
SVN,Borrelia_garinii,2,1,1,1
SVN,Neisseria_cinerea,2,1,1,1
SVN,Bordetella_bronchiseptica,2,1,1,1
SVN,Mycobacterium_bovis,2,1,1,1
SVN,Shigella_flexneri,4,2,3,3
SVN,Mycobacterium_tuberculosis,2,2,1,1
KOR,Enterococcus_faecium,4,1,3,3
KOR,Staphylococcus_aureus,4,2,4,3
KOR,Klebsiella_pneumoniae,4,2,3,3
KOR,Acinetobacter_baumannii,4,2,4,4
KOR,Pseudomonas_aeruginosa,4,2,4,4
KOR,Enterobacter_cloacae,4,2,4,4
KOR,Neisseria_meningitidis,2,1,1,1
KOR,Listeria_monocytogenes,2,1,1,1
KOR,Corynebacterium_diphtheriae,2,1,1,1
KOR,Bacillus_cereus,2,1,1,1
KOR,Vibrio_cholerae,1,1,1,1
KOR,Neisseria_gonorrhoeae,3,2,2,2
KOR,Treponema_pallidum,2,1,1,1
KOR,Streptococcus_pneumoniae,2,2,1,1
KOR,Leptospira_interrogans,2,1,1,1
KOR,Helicobacter_pylori,2,1,1,1
KOR,Escherichia_coli,4,2,3,3
KOR,Chlamydia_trachomatis,2,1,1,1
KOR,Burkholderia_contaminans,2,2,1,2
KOR,Vibrio_parahaemolyticus,2,2,1,3
KOR,Streptococcus_agalactiae,2,1,1,1
KOR,Streptococcus_suis,2,1,1,1
KOR,Mycobacterium_abscessus,2,1,1,1
KOR,Mycobacterium_massiliense,2,1,1,1
KOR,Mammalicoccus_sciuri,2,1,1,1
KOR,Klebsiella_variicola,4,2,3,3
KOR,Haemophilus_influenzae,2,1,1,1
KOR,Haemophilus_haemolyticus,2,1,1,1
KOR,Haemophilus_parainfluenzae,2,1,1,1
KOR,Enterococcus_faecalis,4,2,3,3
KOR,Dichelobacter_nodosus,2,1,1,1
KOR,Cronobacter_malonaticus,2,2,1,2
KOR,Cronobacter_sakazakii,2,2,1,2
KOR,Clostridium_perfringens,2,2,1,2
KOR,Campylobacter_jejuni,2,2,1,2
KOR,Campylobacter_coli,2,2,1,2
KOR,Burkholderia_pseudomallei,2,2,1,2
KOR,Burkholderia_ambifaria,2,2,1,2
KOR,Burkholderia_cenocepacia,2,2,1,2
KOR,Burkholderia_cepacia,2,2,1,2
KOR,Burkholderia_multivorans,2,2,1,2
KOR,Burkholderia_ubonensis,2,2,1,2
KOR,Bordetella_parapertussis,2,1,1,1
KOR,Acinetobacter_nosocomialis,4,2,4,4
KOR,Acinetobacter_pittii,4,2,4,4
KOR,Listeria_innocua,2,1,1,1
KOR,Cronobacter_turicensis,2,2,1,2
KOR,Clostridium_chauvoei,2,1,1,1
KOR,Borrelia_bavariensis,2,1,1,1
KOR,Salmonella_enterica,3,2,2,2
KOR,Yersinia_enterocolitica,2,2,1,3
KOR,Neisseria_lactamica,2,1,1,1
KOR,Leptospira_borgpetersenii,2,1,1,1
KOR,Burkholderia_vietnamiensis,2,2,1,2
KOR,Streptococcus_uberis,2,1,1,1
KOR,Cronobacter_dublinensis,2,2,1,2
KOR,Chlamydia_abortus,2,1,1,1
KOR,Bordetella_pertussis,2,1,1,1
KOR,Borrelia_garinii,2,1,1,1
KOR,Neisseria_cinerea,2,1,1,1
KOR,Bordetella_bronchiseptica,2,1,1,1
KOR,Mycobacterium_bovis,2,1,1,1
KOR,Shigella_flexneri,4,2,3,3
KOR,Mycobacterium_tuberculosis,2,2,1,1
ESP,Enterococcus_faecium,4,1,3,3
ESP,Staphylococcus_aureus,4,2,4,3
ESP,Klebsiella_pneumoniae,4,2,3,3
ESP,Acinetobacter_baumannii,4,2,4,4
ESP,Pseudomonas_aeruginosa,4,2,4,4
ESP,Enterobacter_cloacae,4,2,4,4
ESP,Neisseria_meningitidis,2,1,1,1
ESP,Listeria_monocytogenes,2,1,1,1
ESP,Corynebacterium_diphtheriae,2,1,1,1
ESP,Bacillus_cereus,2,1,1,1
ESP,Vibrio_cholerae,1,1,1,1
ESP,Neisseria_gonorrhoeae,3,2,2,2
ESP,Treponema_pallidum,2,1,1,1
ESP,Streptococcus_pneumoniae,2,3,1,1
ESP,Leptospira_interrogans,2,1,1,1
ESP,Helicobacter_pylori,2,1,1,1
ESP,Escherichia_coli,4,2,3,3
ESP,Chlamydia_trachomatis,2,1,1,1
ESP,Burkholderia_contaminans,2,2,1,2
ESP,Vibrio_parahaemolyticus,2,2,1,3
ESP,Streptococcus_agalactiae,2,1,1,1
ESP,Streptococcus_suis,2,1,1,1
ESP,Mycobacterium_abscessus,2,1,1,1
ESP,Mycobacterium_massiliense,2,1,1,1
ESP,Mammalicoccus_sciuri,2,1,1,1
ESP,Klebsiella_variicola,4,2,3,3
ESP,Haemophilus_influenzae,2,1,1,1
ESP,Haemophilus_haemolyticus,2,1,1,1
ESP,Haemophilus_parainfluenzae,2,1,1,1
ESP,Enterococcus_faecalis,4,2,3,3
ESP,Dichelobacter_nodosus,2,1,1,1
ESP,Cronobacter_malonaticus,2,2,1,2
ESP,Cronobacter_sakazakii,2,2,1,2
ESP,Clostridium_perfringens,2,2,1,2
ESP,Campylobacter_jejuni,2,2,1,2
ESP,Campylobacter_coli,2,2,1,2
ESP,Burkholderia_pseudomallei,2,2,1,2
ESP,Burkholderia_ambifaria,2,2,1,2
ESP,Burkholderia_cenocepacia,2,2,1,2
ESP,Burkholderia_cepacia,2,2,1,2
ESP,Burkholderia_multivorans,2,2,1,2
ESP,Burkholderia_ubonensis,2,2,1,2
ESP,Bordetella_parapertussis,2,1,1,1
ESP,Acinetobacter_nosocomialis,4,2,4,4
ESP,Acinetobacter_pittii,4,2,4,4
ESP,Listeria_innocua,2,1,1,1
ESP,Cronobacter_turicensis,2,2,1,2
ESP,Clostridium_chauvoei,2,1,1,1
ESP,Borrelia_bavariensis,2,1,1,1
ESP,Salmonella_enterica,3,2,2,2
ESP,Yersinia_enterocolitica,2,2,1,3
ESP,Neisseria_lactamica,2,1,1,1
ESP,Leptospira_borgpetersenii,2,1,1,1
ESP,Burkholderia_vietnamiensis,2,2,1,2
ESP,Streptococcus_uberis,2,1,1,1
ESP,Cronobacter_dublinensis,2,2,1,2
ESP,Chlamydia_abortus,2,1,1,1
ESP,Bordetella_pertussis,2,1,1,1
ESP,Borrelia_garinii,2,1,1,1
ESP,Neisseria_cinerea,2,1,1,1
ESP,Bordetella_bronchiseptica,2,1,1,1
ESP,Mycobacterium_bovis,2,1,1,1
ESP,Shigella_flexneri,4,2,3,3
ESP,Mycobacterium_tuberculosis,2,2,1,1
SWE,Enterococcus_faecium,3,1,2,2
SWE,Staphylococcus_aureus,4,2,3,3
SWE,Klebsiella_pneumoniae,3,2,2,2
SWE,Acinetobacter_baumannii,4,2,3,3
SWE,Pseudomonas_aeruginosa,4,2,3,3
SWE,Enterobacter_cloacae,4,2,3,3
SWE,Neisseria_meningitidis,2,1,1,1
SWE,Listeria_monocytogenes,2,1,1,1
SWE,Corynebacterium_diphtheriae,2,1,1,1
SWE,Bacillus_cereus,2,1,1,1
SWE,Vibrio_cholerae,1,1,1,1
SWE,Neisseria_gonorrhoeae,3,2,2,2
SWE,Treponema_pallidum,2,1,1,1
SWE,Streptococcus_pneumoniae,2,2,1,1
SWE,Leptospira_interrogans,2,1,1,1
SWE,Helicobacter_pylori,2,1,1,1
SWE,Escherichia_coli,4,2,3,3
SWE,Chlamydia_trachomatis,2,1,1,1
SWE,Burkholderia_contaminans,2,2,1,2
SWE,Vibrio_parahaemolyticus,2,2,1,3
SWE,Streptococcus_agalactiae,2,1,1,1
SWE,Streptococcus_suis,2,1,1,1
SWE,Mycobacterium_abscessus,2,1,1,1
SWE,Mycobacterium_massiliense,2,1,1,1
SWE,Mammalicoccus_sciuri,2,1,1,1
SWE,Klebsiella_variicola,4,2,3,3
SWE,Haemophilus_influenzae,2,1,1,1
SWE,Haemophilus_haemolyticus,2,1,1,1
SWE,Haemophilus_parainfluenzae,2,1,1,1
SWE,Enterococcus_faecalis,4,2,3,3
SWE,Dichelobacter_nodosus,2,1,1,1
SWE,Cronobacter_malonaticus,2,2,1,2
SWE,Cronobacter_sakazakii,2,2,1,2
SWE,Clostridium_perfringens,2,2,1,2
SWE,Campylobacter_jejuni,2,2,1,2
SWE,Campylobacter_coli,2,2,1,2
SWE,Burkholderia_pseudomallei,2,2,1,2
SWE,Burkholderia_ambifaria,2,2,1,2
SWE,Burkholderia_cenocepacia,2,2,1,2
SWE,Burkholderia_cepacia,2,2,1,2
SWE,Burkholderia_multivorans,2,2,1,2
SWE,Burkholderia_ubonensis,2,2,1,2
SWE,Bordetella_parapertussis,2,1,1,1
SWE,Acinetobacter_nosocomialis,4,2,4,4
SWE,Acinetobacter_pittii,4,2,4,4
SWE,Listeria_innocua,2,1,1,1
SWE,Cronobacter_turicensis,2,2,1,2
SWE,Clostridium_chauvoei,2,1,1,1
SWE,Borrelia_bavariensis,2,1,1,1
SWE,Salmonella_enterica,3,2,2,2
SWE,Yersinia_enterocolitica,2,2,1,3
SWE,Neisseria_lactamica,2,1,1,1
SWE,Leptospira_borgpetersenii,2,1,1,1
SWE,Burkholderia_vietnamiensis,2,2,1,2
SWE,Streptococcus_uberis,2,1,1,1
SWE,Cronobacter_dublinensis,2,2,1,2
SWE,Chlamydia_abortus,2,1,1,1
SWE,Bordetella_pertussis,2,1,1,1
SWE,Borrelia_garinii,2,1,1,1
SWE,Neisseria_cinerea,2,1,1,1
SWE,Bordetella_bronchiseptica,2,1,1,1
SWE,Mycobacterium_bovis,2,1,1,1
SWE,Shigella_flexneri,4,2,3,3
SWE,Mycobacterium_tuberculosis,2,2,1,1
CHE,Enterococcus_faecium,3,1,2,2
CHE,Staphylococcus_aureus,4,2,3,3
CHE,Klebsiella_pneumoniae,3,2,2,2
CHE,Acinetobacter_baumannii,4,2,3,3
CHE,Pseudomonas_aeruginosa,4,2,3,3
CHE,Enterobacter_cloacae,4,2,3,3
CHE,Neisseria_meningitidis,2,1,1,1
CHE,Listeria_monocytogenes,2,1,1,1
CHE,Corynebacterium_diphtheriae,2,1,1,1
CHE,Bacillus_cereus,2,1,1,1
CHE,Vibrio_cholerae,1,1,1,1
CHE,Neisseria_gonorrhoeae,3,2,2,2
CHE,Treponema_pallidum,2,1,1,1
CHE,Streptococcus_pneumoniae,2,2,1,1
CHE,Leptospira_interrogans,2,1,1,1
CHE,Helicobacter_pylori,2,1,1,1
CHE,Escherichia_coli,4,2,3,3
CHE,Chlamydia_trachomatis,2,1,1,1
CHE,Burkholderia_contaminans,2,2,1,2
CHE,Vibrio_parahaemolyticus,2,2,1,3
CHE,Streptococcus_agalactiae,2,1,1,1
CHE,Streptococcus_suis,2,1,1,1
CHE,Mycobacterium_abscessus,2,1,1,1
CHE,Mycobacterium_massiliense,2,1,1,1
CHE,Mammalicoccus_sciuri,2,1,1,1
CHE,Klebsiella_variicola,4,2,3,3
CHE,Haemophilus_influenzae,2,1,1,1
CHE,Haemophilus_haemolyticus,2,1,1,1
CHE,Haemophilus_parainfluenzae,2,1,1,1
CHE,Enterococcus_faecalis,4,2,3,3
CHE,Dichelobacter_nodosus,2,1,1,1
CHE,Cronobacter_malonaticus,2,2,1,2
CHE,Cronobacter_sakazakii,2,2,1,2
CHE,Clostridium_perfringens,2,2,1,2
CHE,Campylobacter_jejuni,2,2,1,2
CHE,Campylobacter_coli,2,2,1,2
CHE,Burkholderia_pseudomallei,2,2,1,2
CHE,Burkholderia_ambifaria,2,2,1,2
CHE,Burkholderia_cenocepacia,2,2,1,2
CHE,Burkholderia_cepacia,2,2,1,2
CHE,Burkholderia_multivorans,2,2,1,2
CHE,Burkholderia_ubonensis,2,2,1,2
CHE,Bordetella_parapertussis,2,1,1,1
CHE,Acinetobacter_nosocomialis,4,2,4,4
CHE,Acinetobacter_pittii,4,2,4,4
CHE,Listeria_innocua,2,1,1,1
CHE,Cronobacter_turicensis,2,2,1,2
CHE,Clostridium_chauvoei,2,1,1,1
CHE,Borrelia_bavariensis,2,1,1,1
CHE,Salmonella_enterica,3,2,2,2
CHE,Yersinia_enterocolitica,2,2,1,3
CHE,Neisseria_lactamica,2,1,1,1
CHE,Leptospira_borgpetersenii,2,1,1,1
CHE,Burkholderia_vietnamiensis,2,2,1,2
CHE,Streptococcus_uberis,2,1,1,1
CHE,Cronobacter_dublinensis,2,2,1,2
CHE,Chlamydia_abortus,2,1,1,1
CHE,Bordetella_pertussis,2,1,1,1
CHE,Borrelia_garinii,2,1,1,1
CHE,Neisseria_cinerea,2,1,1,1
CHE,Bordetella_bronchiseptica,2,1,1,1
CHE,Mycobacterium_bovis,2,1,1,1
CHE,Shigella_flexneri,4,2,3,3
CHE,Mycobacterium_tuberculosis,2,2,1,1
TWN,Enterococcus_faecium,4,1,3,3
TWN,Staphylococcus_aureus,4,2,4,3
TWN,Klebsiella_pneumoniae,4,2,3,3
TWN,Acinetobacter_baumannii,4,2,4,4
TWN,Pseudomonas_aeruginosa,4,2,4,4
TWN,Enterobacter_cloacae,4,2,4,4
TWN,Neisseria_meningitidis,2,1,1,1
TWN,Listeria_monocytogenes,2,1,1,1
TWN,Corynebacterium_diphtheriae,2,1,1,1
TWN,Bacillus_cereus,2,1,1,1
TWN,Vibrio_cholerae,1,1,1,1
TWN,Neisseria_gonorrhoeae,3,2,2,2
TWN,Treponema_pallidum,2,1,1,1
TWN,Streptococcus_pneumoniae,2,2,1,1
TWN,Leptospira_interrogans,2,1,1,1
TWN,Helicobacter_pylori,2,1,1,1
TWN,Escherichia_coli,4,2,3,3
TWN,Chlamydia_trachomatis,2,1,1,1
TWN,Burkholderia_contaminans,2,2,1,2
TWN,Vibrio_parahaemolyticus,2,2,1,3
TWN,Streptococcus_agalactiae,2,1,1,1
TWN,Streptococcus_suis,2,1,1,1
TWN,Mycobacterium_abscessus,2,1,1,1
TWN,Mycobacterium_massiliense,2,1,1,1
TWN,Mammalicoccus_sciuri,2,1,1,1
TWN,Klebsiella_variicola,4,2,3,3
TWN,Haemophilus_influenzae,2,1,1,1
TWN,Haemophilus_haemolyticus,2,1,1,1
TWN,Haemophilus_parainfluenzae,2,1,1,1
TWN,Enterococcus_faecalis,4,2,3,3
TWN,Dichelobacter_nodosus,2,1,1,1
TWN,Cronobacter_malonaticus,2,2,1,2
TWN,Cronobacter_sakazakii,2,2,1,2
TWN,Clostridium_perfringens,2,2,1,2
TWN,Campylobacter_jejuni,2,2,1,2
TWN,Campylobacter_coli,2,2,1,2
TWN,Burkholderia_pseudomallei,2,2,1,2
TWN,Burkholderia_ambifaria,2,2,1,2
TWN,Burkholderia_cenocepacia,2,2,1,2
TWN,Burkholderia_cepacia,2,2,1,2
TWN,Burkholderia_multivorans,2,2,1,2
TWN,Burkholderia_ubonensis,2,2,1,2
TWN,Bordetella_parapertussis,2,1,1,1
TWN,Acinetobacter_nosocomialis,4,2,4,4
TWN,Acinetobacter_pittii,4,2,4,4
TWN,Listeria_innocua,2,1,1,1
TWN,Cronobacter_turicensis,2,2,1,2
TWN,Clostridium_chauvoei,2,1,1,1
TWN,Borrelia_bavariensis,2,1,1,1
TWN,Salmonella_enterica,3,2,2,2
TWN,Yersinia_enterocolitica,2,2,1,3
TWN,Neisseria_lactamica,2,1,1,1
TWN,Leptospira_borgpetersenii,2,1,1,1
TWN,Burkholderia_vietnamiensis,2,2,1,2
TWN,Streptococcus_uberis,2,1,1,1
TWN,Cronobacter_dublinensis,2,2,1,2
TWN,Chlamydia_abortus,2,1,1,1
TWN,Bordetella_pertussis,2,1,1,1
TWN,Borrelia_garinii,2,1,1,1
TWN,Neisseria_cinerea,2,1,1,1
TWN,Bordetella_bronchiseptica,2,1,1,1
TWN,Mycobacterium_bovis,2,1,1,1
TWN,Shigella_flexneri,4,2,3,3
TWN,Mycobacterium_tuberculosis,2,2,1,1
TTO,Enterococcus_faecium,4,1,3,3
TTO,Staphylococcus_aureus,4,2,4,3
TTO,Klebsiella_pneumoniae,4,2,3,3
TTO,Acinetobacter_baumannii,4,2,4,4
TTO,Pseudomonas_aeruginosa,4,2,4,4
TTO,Enterobacter_cloacae,4,2,4,4
TTO,Neisseria_meningitidis,2,1,1,1
TTO,Listeria_monocytogenes,2,1,1,1
TTO,Corynebacterium_diphtheriae,2,1,1,1
TTO,Bacillus_cereus,2,1,1,1
TTO,Vibrio_cholerae,1,1,1,1
TTO,Neisseria_gonorrhoeae,3,2,2,2
TTO,Treponema_pallidum,2,1,1,1
TTO,Streptococcus_pneumoniae,2,2,1,1
TTO,Leptospira_interrogans,2,1,1,1
TTO,Helicobacter_pylori,2,1,1,1
TTO,Escherichia_coli,4,2,3,3
TTO,Chlamydia_trachomatis,2,1,1,1
TTO,Burkholderia_contaminans,2,2,1,2
TTO,Vibrio_parahaemolyticus,2,2,1,3
TTO,Streptococcus_agalactiae,2,1,1,1
TTO,Streptococcus_suis,2,1,1,1
TTO,Mycobacterium_abscessus,2,1,1,1
TTO,Mycobacterium_massiliense,2,1,1,1
TTO,Mammalicoccus_sciuri,2,1,1,1
TTO,Klebsiella_variicola,4,2,3,3
TTO,Haemophilus_influenzae,2,1,1,1
TTO,Haemophilus_haemolyticus,2,1,1,1
TTO,Haemophilus_parainfluenzae,2,1,1,1
TTO,Enterococcus_faecalis,4,2,3,3
TTO,Dichelobacter_nodosus,2,1,1,1
TTO,Cronobacter_malonaticus,2,2,1,2
TTO,Cronobacter_sakazakii,2,2,1,2
TTO,Clostridium_perfringens,2,2,1,2
TTO,Campylobacter_jejuni,2,2,1,2
TTO,Campylobacter_coli,2,2,1,2
TTO,Burkholderia_pseudomallei,2,2,1,2
TTO,Burkholderia_ambifaria,2,2,1,2
TTO,Burkholderia_cenocepacia,2,2,1,2
TTO,Burkholderia_cepacia,2,2,1,2
TTO,Burkholderia_multivorans,2,2,1,2
TTO,Burkholderia_ubonensis,2,2,1,2
TTO,Bordetella_parapertussis,2,1,1,1
TTO,Acinetobacter_nosocomialis,4,2,4,4
TTO,Acinetobacter_pittii,4,2,4,4
TTO,Listeria_innocua,2,1,1,1
TTO,Cronobacter_turicensis,2,2,1,2
TTO,Clostridium_chauvoei,2,1,1,1
TTO,Borrelia_bavariensis,2,1,1,1
TTO,Salmonella_enterica,3,2,2,2
TTO,Yersinia_enterocolitica,2,2,1,3
TTO,Neisseria_lactamica,2,1,1,1
TTO,Leptospira_borgpetersenii,2,1,1,1
TTO,Burkholderia_vietnamiensis,2,2,1,2
TTO,Streptococcus_uberis,2,1,1,1
TTO,Cronobacter_dublinensis,2,2,1,2
TTO,Chlamydia_abortus,2,1,1,1
TTO,Bordetella_pertussis,2,1,1,1
TTO,Borrelia_garinii,2,1,1,1
TTO,Neisseria_cinerea,2,1,1,1
TTO,Bordetella_bronchiseptica,2,1,1,1
TTO,Mycobacterium_bovis,2,1,1,1
TTO,Shigella_flexneri,4,2,3,3
TTO,Mycobacterium_tuberculosis,2,2,1,1
TCA,Enterococcus_faecium,4,1,3,3
TCA,Staphylococcus_aureus,4,2,4,3
TCA,Klebsiella_pneumoniae,4,2,3,3
TCA,Acinetobacter_baumannii,4,2,4,4
TCA,Pseudomonas_aeruginosa,4,2,4,4
TCA,Enterobacter_cloacae,4,2,4,4
TCA,Neisseria_meningitidis,2,1,1,1
TCA,Listeria_monocytogenes,2,1,1,1
TCA,Corynebacterium_diphtheriae,2,1,1,1
TCA,Bacillus_cereus,2,1,1,1
TCA,Vibrio_cholerae,1,1,1,1
TCA,Neisseria_gonorrhoeae,3,2,2,2
TCA,Treponema_pallidum,2,1,1,1
TCA,Streptococcus_pneumoniae,2,2,1,1
TCA,Leptospira_interrogans,2,1,1,1
TCA,Helicobacter_pylori,2,1,1,1
TCA,Escherichia_coli,4,2,3,3
TCA,Chlamydia_trachomatis,2,1,1,1
TCA,Burkholderia_contaminans,2,2,1,2
TCA,Vibrio_parahaemolyticus,2,2,1,3
TCA,Streptococcus_agalactiae,2,1,1,1
TCA,Streptococcus_suis,2,1,1,1
TCA,Mycobacterium_abscessus,2,1,1,1
TCA,Mycobacterium_massiliense,2,1,1,1
TCA,Mammalicoccus_sciuri,2,1,1,1
TCA,Klebsiella_variicola,4,2,3,3
TCA,Haemophilus_influenzae,2,1,1,1
TCA,Haemophilus_haemolyticus,2,1,1,1
TCA,Haemophilus_parainfluenzae,2,1,1,1
TCA,Enterococcus_faecalis,4,2,3,3
TCA,Dichelobacter_nodosus,2,1,1,1
TCA,Cronobacter_malonaticus,2,2,1,2
TCA,Cronobacter_sakazakii,2,2,1,2
TCA,Clostridium_perfringens,2,2,1,2
TCA,Campylobacter_jejuni,2,2,1,2
TCA,Campylobacter_coli,2,2,1,2
TCA,Burkholderia_pseudomallei,2,2,1,2
TCA,Burkholderia_ambifaria,2,2,1,2
TCA,Burkholderia_cenocepacia,2,2,1,2
TCA,Burkholderia_cepacia,2,2,1,2
TCA,Burkholderia_multivorans,2,2,1,2
TCA,Burkholderia_ubonensis,2,2,1,2
TCA,Bordetella_parapertussis,2,1,1,1
TCA,Acinetobacter_nosocomialis,4,2,4,4
TCA,Acinetobacter_pittii,4,2,4,4
TCA,Listeria_innocua,2,1,1,1
TCA,Cronobacter_turicensis,2,2,1,2
TCA,Clostridium_chauvoei,2,1,1,1
TCA,Borrelia_bavariensis,2,1,1,1
TCA,Salmonella_enterica,3,2,2,2
TCA,Yersinia_enterocolitica,2,2,1,3
TCA,Neisseria_lactamica,2,1,1,1
TCA,Leptospira_borgpetersenii,2,1,1,1
TCA,Burkholderia_vietnamiensis,2,2,1,2
TCA,Streptococcus_uberis,2,1,1,1
TCA,Cronobacter_dublinensis,2,2,1,2
TCA,Chlamydia_abortus,2,1,1,1
TCA,Bordetella_pertussis,2,1,1,1
TCA,Borrelia_garinii,2,1,1,1
TCA,Neisseria_cinerea,2,1,1,1
TCA,Bordetella_bronchiseptica,2,1,1,1
TCA,Mycobacterium_bovis,2,1,1,1
TCA,Shigella_flexneri,4,2,3,3
TCA,Mycobacterium_tuberculosis,2,2,1,1
ARE,Enterococcus_faecium,4,1,3,3
ARE,Staphylococcus_aureus,4,2,4,3
ARE,Klebsiella_pneumoniae,4,2,3,3
ARE,Acinetobacter_baumannii,4,2,4,4
ARE,Pseudomonas_aeruginosa,4,2,4,4
ARE,Enterobacter_cloacae,4,2,4,4
ARE,Neisseria_meningitidis,2,1,1,1
ARE,Listeria_monocytogenes,2,1,1,1
ARE,Corynebacterium_diphtheriae,2,1,1,1
ARE,Bacillus_cereus,2,1,1,1
ARE,Vibrio_cholerae,1,1,1,1
ARE,Neisseria_gonorrhoeae,3,2,2,2
ARE,Treponema_pallidum,2,1,1,1
ARE,Streptococcus_pneumoniae,2,2,1,1
ARE,Leptospira_interrogans,2,1,1,1
ARE,Helicobacter_pylori,2,1,1,1
ARE,Escherichia_coli,4,2,3,3
ARE,Chlamydia_trachomatis,2,1,1,1
ARE,Burkholderia_contaminans,2,2,1,2
ARE,Vibrio_parahaemolyticus,2,2,1,3
ARE,Streptococcus_agalactiae,2,1,1,1
ARE,Streptococcus_suis,2,1,1,1
ARE,Mycobacterium_abscessus,2,1,1,1
ARE,Mycobacterium_massiliense,2,1,1,1
ARE,Mammalicoccus_sciuri,2,1,1,1
ARE,Klebsiella_variicola,4,2,3,3
ARE,Haemophilus_influenzae,2,1,1,1
ARE,Haemophilus_haemolyticus,2,1,1,1
ARE,Haemophilus_parainfluenzae,2,1,1,1
ARE,Enterococcus_faecalis,4,2,3,3
ARE,Dichelobacter_nodosus,2,1,1,1
ARE,Cronobacter_malonaticus,2,2,1,2
ARE,Cronobacter_sakazakii,2,2,1,2
ARE,Clostridium_perfringens,2,2,1,2
ARE,Campylobacter_jejuni,2,2,1,2
ARE,Campylobacter_coli,2,2,1,2
ARE,Burkholderia_pseudomallei,2,2,1,2
ARE,Burkholderia_ambifaria,2,2,1,2
ARE,Burkholderia_cenocepacia,2,2,1,2
ARE,Burkholderia_cepacia,2,2,1,2
ARE,Burkholderia_multivorans,2,2,1,2
ARE,Burkholderia_ubonensis,2,2,1,2
ARE,Bordetella_parapertussis,2,1,1,1
ARE,Acinetobacter_nosocomialis,4,2,4,4
ARE,Acinetobacter_pittii,4,2,4,4
ARE,Listeria_innocua,2,1,1,1
ARE,Cronobacter_turicensis,2,2,1,2
ARE,Clostridium_chauvoei,2,1,1,1
ARE,Borrelia_bavariensis,2,1,1,1
ARE,Salmonella_enterica,3,2,2,2
ARE,Yersinia_enterocolitica,2,2,1,3
ARE,Neisseria_lactamica,2,1,1,1
ARE,Leptospira_borgpetersenii,2,1,1,1
ARE,Burkholderia_vietnamiensis,2,2,1,2
ARE,Streptococcus_uberis,2,1,1,1
ARE,Cronobacter_dublinensis,2,2,1,2
ARE,Chlamydia_abortus,2,1,1,1
ARE,Bordetella_pertussis,2,1,1,1
ARE,Borrelia_garinii,2,1,1,1
ARE,Neisseria_cinerea,2,1,1,1
ARE,Bordetella_bronchiseptica,2,1,1,1
ARE,Mycobacterium_bovis,2,1,1,1
ARE,Shigella_flexneri,4,2,3,3
ARE,Mycobacterium_tuberculosis,2,2,1,1
GBR,Enterococcus_faecium,3,1,2,2
GBR,Staphylococcus_aureus,4,3,3,3
GBR,Klebsiella_pneumoniae,3,2,2,2
GBR,Acinetobacter_baumannii,4,2,3,3
GBR,Pseudomonas_aeruginosa,4,2,3,3
GBR,Enterobacter_cloacae,4,2,3,3
GBR,Neisseria_meningitidis,2,1,1,1
GBR,Listeria_monocytogenes,2,1,1,1
GBR,Corynebacterium_diphtheriae,2,1,1,1
GBR,Bacillus_cereus,2,1,1,1
GBR,Vibrio_cholerae,1,1,1,1
GBR,Neisseria_gonorrhoeae,3,2,2,2
GBR,Treponema_pallidum,2,1,1,1
GBR,Streptococcus_pneumoniae,2,2,1,1
GBR,Leptospira_interrogans,2,1,1,1
GBR,Helicobacter_pylori,2,1,1,1
GBR,Escherichia_coli,4,2,3,3
GBR,Chlamydia_trachomatis,2,1,1,1
GBR,Burkholderia_contaminans,2,2,1,2
GBR,Vibrio_parahaemolyticus,2,2,1,3
GBR,Streptococcus_agalactiae,2,1,1,1
GBR,Streptococcus_suis,2,1,1,1
GBR,Mycobacterium_abscessus,2,1,1,1
GBR,Mycobacterium_massiliense,2,1,1,1
GBR,Mammalicoccus_sciuri,2,1,1,1
GBR,Klebsiella_variicola,4,2,3,3
GBR,Haemophilus_influenzae,2,1,1,1
GBR,Haemophilus_haemolyticus,2,1,1,1
GBR,Haemophilus_parainfluenzae,2,1,1,1
GBR,Enterococcus_faecalis,4,2,3,3
GBR,Dichelobacter_nodosus,2,1,1,1
GBR,Cronobacter_malonaticus,2,2,1,2
GBR,Cronobacter_sakazakii,2,2,1,2
GBR,Clostridium_perfringens,2,2,1,2
GBR,Campylobacter_jejuni,2,2,1,2
GBR,Campylobacter_coli,2,2,1,2
GBR,Burkholderia_pseudomallei,2,2,1,2
GBR,Burkholderia_ambifaria,2,2,1,2
GBR,Burkholderia_cenocepacia,2,2,1,2
GBR,Burkholderia_cepacia,2,2,1,2
GBR,Burkholderia_multivorans,2,2,1,2
GBR,Burkholderia_ubonensis,2,2,1,2
GBR,Bordetella_parapertussis,2,1,1,1
GBR,Acinetobacter_nosocomialis,4,2,4,4
GBR,Acinetobacter_pittii,4,2,4,4
GBR,Listeria_innocua,2,1,1,1
GBR,Cronobacter_turicensis,2,2,1,2
GBR,Clostridium_chauvoei,2,1,1,1
GBR,Borrelia_bavariensis,2,1,1,1
GBR,Salmonella_enterica,3,2,2,2
GBR,Yersinia_enterocolitica,2,2,1,3
GBR,Neisseria_lactamica,2,1,1,1
GBR,Leptospira_borgpetersenii,2,1,1,1
GBR,Burkholderia_vietnamiensis,2,2,1,2
GBR,Streptococcus_uberis,2,1,1,1
GBR,Cronobacter_dublinensis,2,2,1,2
GBR,Chlamydia_abortus,2,1,1,1
GBR,Bordetella_pertussis,2,1,1,1
GBR,Borrelia_garinii,2,1,1,1
GBR,Neisseria_cinerea,2,1,1,1
GBR,Bordetella_bronchiseptica,2,1,1,1
GBR,Mycobacterium_bovis,2,1,1,1
GBR,Shigella_flexneri,4,2,3,3
GBR,Mycobacterium_tuberculosis,2,2,1,1
USA,Enterococcus_faecium,4,2,3,3
USA,Staphylococcus_aureus,4,3,4,3
USA,Klebsiella_pneumoniae,4,2,3,3
USA,Acinetobacter_baumannii,4,2,4,4
USA,Pseudomonas_aeruginosa,4,2,4,4
USA,Enterobacter_cloacae,4,2,4,4
USA,Neisseria_meningitidis,2,1,1,1
USA,Listeria_monocytogenes,2,1,1,1
USA,Corynebacterium_diphtheriae,2,1,1,1
USA,Bacillus_cereus,2,1,1,1
USA,Vibrio_cholerae,1,1,1,1
USA,Neisseria_gonorrhoeae,3,2,2,2
USA,Treponema_pallidum,2,1,1,1
USA,Streptococcus_pneumoniae,2,2,1,1
USA,Leptospira_interrogans,2,1,1,1
USA,Helicobacter_pylori,2,1,1,1
USA,Escherichia_coli,4,2,3,3
USA,Chlamydia_trachomatis,2,1,1,1
USA,Burkholderia_contaminans,2,2,1,2
USA,Vibrio_parahaemolyticus,2,2,1,3
USA,Streptococcus_agalactiae,2,1,1,1
USA,Streptococcus_suis,2,1,1,1
USA,Mycobacterium_abscessus,2,1,1,1
USA,Mycobacterium_massiliense,2,1,1,1
USA,Mammalicoccus_sciuri,2,1,1,1
USA,Klebsiella_variicola,4,2,3,3
USA,Haemophilus_influenzae,2,1,1,1
USA,Haemophilus_haemolyticus,2,1,1,1
USA,Haemophilus_parainfluenzae,2,1,1,1
USA,Enterococcus_faecalis,4,2,3,3
USA,Dichelobacter_nodosus,2,1,1,1
USA,Cronobacter_malonaticus,2,2,1,2
USA,Cronobacter_sakazakii,2,2,1,2
USA,Clostridium_perfringens,2,2,1,2
USA,Campylobacter_jejuni,2,2,1,2
USA,Campylobacter_coli,2,2,1,2
USA,Burkholderia_pseudomallei,2,2,1,2
USA,Burkholderia_ambifaria,2,2,1,2
USA,Burkholderia_cenocepacia,2,2,1,2
USA,Burkholderia_cepacia,2,2,1,2
USA,Burkholderia_multivorans,2,2,1,2
USA,Burkholderia_ubonensis,2,2,1,2
USA,Bordetella_parapertussis,2,1,1,1
USA,Acinetobacter_nosocomialis,4,2,4,4
USA,Acinetobacter_pittii,4,2,4,4
USA,Listeria_innocua,2,1,1,1
USA,Cronobacter_turicensis,2,2,1,2
USA,Clostridium_chauvoei,2,1,1,1
USA,Borrelia_bavariensis,2,1,1,1
USA,Salmonella_enterica,3,2,2,2
USA,Yersinia_enterocolitica,2,2,1,3
USA,Neisseria_lactamica,2,1,1,1
USA,Leptospira_borgpetersenii,2,1,1,1
USA,Burkholderia_vietnamiensis,2,2,1,2
USA,Streptococcus_uberis,2,1,1,1
USA,Cronobacter_dublinensis,2,2,1,2
USA,Chlamydia_abortus,2,1,1,1
USA,Bordetella_pertussis,2,1,1,1
USA,Borrelia_garinii,2,1,1,1
USA,Neisseria_cinerea,2,1,1,1
USA,Bordetella_bronchiseptica,2,1,1,1
USA,Mycobacterium_bovis,2,1,1,1
USA,Shigella_flexneri,4,2,3,3
USA,Mycobacterium_tuberculosis,2,3,1,1
VIR,Enterococcus_faecium,4,1,3,3
VIR,Staphylococcus_aureus,4,2,4,3
VIR,Klebsiella_pneumoniae,4,2,3,3
VIR,Acinetobacter_baumannii,4,2,4,4
VIR,Pseudomonas_aeruginosa,4,2,4,4
VIR,Enterobacter_cloacae,4,2,4,4
VIR,Neisseria_meningitidis,2,1,1,1
VIR,Listeria_monocytogenes,2,1,1,1
VIR,Corynebacterium_diphtheriae,2,1,1,1
VIR,Bacillus_cereus,2,1,1,1
VIR,Vibrio_cholerae,1,1,1,1
VIR,Neisseria_gonorrhoeae,3,2,2,2
VIR,Treponema_pallidum,2,1,1,1
VIR,Streptococcus_pneumoniae,2,2,1,1
VIR,Leptospira_interrogans,2,1,1,1
VIR,Helicobacter_pylori,2,1,1,1
VIR,Escherichia_coli,4,2,3,3
VIR,Chlamydia_trachomatis,2,1,1,1
VIR,Burkholderia_contaminans,2,2,1,2
VIR,Vibrio_parahaemolyticus,2,2,1,3
VIR,Streptococcus_agalactiae,2,1,1,1
VIR,Streptococcus_suis,2,1,1,1
VIR,Mycobacterium_abscessus,2,1,1,1
VIR,Mycobacterium_massiliense,2,1,1,1
VIR,Mammalicoccus_sciuri,2,1,1,1
VIR,Klebsiella_variicola,4,2,3,3
VIR,Haemophilus_influenzae,2,1,1,1
VIR,Haemophilus_haemolyticus,2,1,1,1
VIR,Haemophilus_parainfluenzae,2,1,1,1
VIR,Enterococcus_faecalis,4,2,3,3
VIR,Dichelobacter_nodosus,2,1,1,1
VIR,Cronobacter_malonaticus,2,2,1,2
VIR,Cronobacter_sakazakii,2,2,1,2
VIR,Clostridium_perfringens,2,2,1,2
VIR,Campylobacter_jejuni,2,2,1,2
VIR,Campylobacter_coli,2,2,1,2
VIR,Burkholderia_pseudomallei,2,2,1,2
VIR,Burkholderia_ambifaria,2,2,1,2
VIR,Burkholderia_cenocepacia,2,2,1,2
VIR,Burkholderia_cepacia,2,2,1,2
VIR,Burkholderia_multivorans,2,2,1,2
VIR,Burkholderia_ubonensis,2,2,1,2
VIR,Bordetella_parapertussis,2,1,1,1
VIR,Acinetobacter_nosocomialis,4,2,4,4
VIR,Acinetobacter_pittii,4,2,4,4
VIR,Listeria_innocua,2,1,1,1
VIR,Cronobacter_turicensis,2,2,1,2
VIR,Clostridium_chauvoei,2,1,1,1
VIR,Borrelia_bavariensis,2,1,1,1
VIR,Salmonella_enterica,3,2,2,2
VIR,Yersinia_enterocolitica,2,2,1,3
VIR,Neisseria_lactamica,2,1,1,1
VIR,Leptospira_borgpetersenii,2,1,1,1
VIR,Burkholderia_vietnamiensis,2,2,1,2
VIR,Streptococcus_uberis,2,1,1,1
VIR,Cronobacter_dublinensis,2,2,1,2
VIR,Chlamydia_abortus,2,1,1,1
VIR,Bordetella_pertussis,2,1,1,1
VIR,Borrelia_garinii,2,1,1,1
VIR,Neisseria_cinerea,2,1,1,1
VIR,Bordetella_bronchiseptica,2,1,1,1
VIR,Mycobacterium_bovis,2,1,1,1
VIR,Shigella_flexneri,4,2,3,3
VIR,Mycobacterium_tuberculosis,2,2,1,1
URY,Enterococcus_faecium,4,1,3,3
URY,Staphylococcus_aureus,4,2,4,3
URY,Klebsiella_pneumoniae,4,2,3,3
URY,Acinetobacter_baumannii,4,2,4,4
URY,Pseudomonas_aeruginosa,4,2,4,4
URY,Enterobacter_cloacae,4,2,4,4
URY,Neisseria_meningitidis,2,1,1,1
URY,Listeria_monocytogenes,2,1,1,1
URY,Corynebacterium_diphtheriae,2,1,1,1
URY,Bacillus_cereus,2,1,1,1
URY,Vibrio_cholerae,1,1,1,1
URY,Neisseria_gonorrhoeae,3,2,2,2
URY,Treponema_pallidum,2,1,1,1
URY,Streptococcus_pneumoniae,2,2,1,1
URY,Leptospira_interrogans,2,1,1,1
URY,Helicobacter_pylori,2,1,1,1
URY,Escherichia_coli,4,2,3,3
URY,Chlamydia_trachomatis,2,1,1,1
URY,Burkholderia_contaminans,2,2,1,2
URY,Vibrio_parahaemolyticus,2,2,1,3
URY,Streptococcus_agalactiae,2,1,1,1
URY,Streptococcus_suis,2,1,1,1
URY,Mycobacterium_abscessus,2,1,1,1
URY,Mycobacterium_massiliense,2,1,1,1
URY,Mammalicoccus_sciuri,2,1,1,1
URY,Klebsiella_variicola,4,2,3,3
URY,Haemophilus_influenzae,2,1,1,1
URY,Haemophilus_haemolyticus,2,1,1,1
URY,Haemophilus_parainfluenzae,2,1,1,1
URY,Enterococcus_faecalis,4,2,3,3
URY,Dichelobacter_nodosus,2,1,1,1
URY,Cronobacter_malonaticus,2,2,1,2
URY,Cronobacter_sakazakii,2,2,1,2
URY,Clostridium_perfringens,2,2,1,2
URY,Campylobacter_jejuni,2,2,1,2
URY,Campylobacter_coli,2,2,1,2
URY,Burkholderia_pseudomallei,2,2,1,2
URY,Burkholderia_ambifaria,2,2,1,2
URY,Burkholderia_cenocepacia,2,2,1,2
URY,Burkholderia_cepacia,2,2,1,2
URY,Burkholderia_multivorans,2,2,1,2
URY,Burkholderia_ubonensis,2,2,1,2
URY,Bordetella_parapertussis,2,1,1,1
URY,Acinetobacter_nosocomialis,4,2,4,4
URY,Acinetobacter_pittii,4,2,4,4
URY,Listeria_innocua,2,1,1,1
URY,Cronobacter_turicensis,2,2,1,2
URY,Clostridium_chauvoei,2,1,1,1
URY,Borrelia_bavariensis,2,1,1,1
URY,Salmonella_enterica,3,2,2,2
URY,Yersinia_enterocolitica,2,2,1,3
URY,Neisseria_lactamica,2,1,1,1
URY,Leptospira_borgpetersenii,2,1,1,1
URY,Burkholderia_vietnamiensis,2,2,1,2
URY,Streptococcus_uberis,2,1,1,1
URY,Cronobacter_dublinensis,2,2,1,2
URY,Chlamydia_abortus,2,1,1,1
URY,Bordetella_pertussis,2,1,1,1
URY,Borrelia_garinii,2,1,1,1
URY,Neisseria_cinerea,2,1,1,1
URY,Bordetella_bronchiseptica,2,1,1,1
URY,Mycobacterium_bovis,2,1,1,1
URY,Shigella_flexneri,4,2,3,4
URY,Mycobacterium_tuberculosis,2,2,1,1
ALB,Enterococcus_faecium,4,1,3,3
ALB,Staphylococcus_aureus,4,2,4,3
ALB,Klebsiella_pneumoniae,4,2,4,4
ALB,Acinetobacter_baumannii,4,2,4,4
ALB,Pseudomonas_aeruginosa,4,2,4,4
ALB,Enterobacter_cloacae,4,2,4,4
ALB,Neisseria_meningitidis,2,1,1,1
ALB,Listeria_monocytogenes,2,1,1,1
ALB,Corynebacterium_diphtheriae,2,1,1,1
ALB,Bacillus_cereus,2,1,1,1
ALB,Vibrio_cholerae,2,2,1,2
ALB,Neisseria_gonorrhoeae,3,2,2,2
ALB,Treponema_pallidum,2,1,1,1
ALB,Streptococcus_pneumoniae,2,2,1,1
ALB,Leptospira_interrogans,2,1,1,1
ALB,Helicobacter_pylori,2,1,1,1
ALB,Escherichia_coli,4,3,4,4
ALB,Chlamydia_trachomatis,2,1,1,1
ALB,Burkholderia_contaminans,2,2,1,2
ALB,Vibrio_parahaemolyticus,2,2,1,3
ALB,Streptococcus_agalactiae,2,1,1,1
ALB,Streptococcus_suis,2,1,1,1
ALB,Mycobacterium_abscessus,2,1,1,1
ALB,Mycobacterium_massiliense,2,1,1,1
ALB,Mammalicoccus_sciuri,2,1,1,1
ALB,Klebsiella_variicola,4,2,3,3
ALB,Haemophilus_influenzae,2,1,1,1
ALB,Haemophilus_haemolyticus,2,1,1,1
ALB,Haemophilus_parainfluenzae,2,1,1,1
ALB,Enterococcus_faecalis,4,2,3,3
ALB,Dichelobacter_nodosus,2,1,1,1
ALB,Cronobacter_malonaticus,2,2,1,2
ALB,Cronobacter_sakazakii,2,2,1,2
ALB,Clostridium_perfringens,2,2,1,2
ALB,Campylobacter_jejuni,2,2,1,2
ALB,Campylobacter_coli,2,2,1,2
ALB,Burkholderia_pseudomallei,2,2,1,2
ALB,Burkholderia_ambifaria,2,2,1,2
ALB,Burkholderia_cenocepacia,2,2,1,2
ALB,Burkholderia_cepacia,2,2,1,2
ALB,Burkholderia_multivorans,2,2,1,2
ALB,Burkholderia_ubonensis,2,2,1,2
ALB,Bordetella_parapertussis,2,1,1,1
ALB,Acinetobacter_nosocomialis,4,2,3,4
ALB,Acinetobacter_pittii,4,2,3,4
ALB,Listeria_innocua,2,1,1,1
ALB,Cronobacter_turicensis,2,2,1,2
ALB,Clostridium_chauvoei,2,1,1,1
ALB,Borrelia_bavariensis,2,1,1,1
ALB,Salmonella_enterica,4,2,3,3
ALB,Yersinia_enterocolitica,2,2,1,3
ALB,Neisseria_lactamica,2,1,1,1
ALB,Leptospira_borgpetersenii,2,1,1,1
ALB,Burkholderia_vietnamiensis,2,2,1,2
ALB,Streptococcus_uberis,2,1,1,1
ALB,Cronobacter_dublinensis,2,2,1,2
ALB,Chlamydia_abortus,2,1,1,1
ALB,Bordetella_pertussis,2,1,1,1
ALB,Borrelia_garinii,2,1,1,1
ALB,Neisseria_cinerea,2,1,1,1
ALB,Bordetella_bronchiseptica,2,1,1,1
ALB,Mycobacterium_bovis,2,1,1,1
ALB,Shigella_flexneri,4,2,3,4
ALB,Mycobacterium_tuberculosis,2,2,1,1
DZA,Enterococcus_faecium,4,1,3,3
DZA,Staphylococcus_aureus,4,2,4,3
DZA,Klebsiella_pneumoniae,4,2,4,4
DZA,Acinetobacter_baumannii,4,2,4,4
DZA,Pseudomonas_aeruginosa,4,2,4,4
DZA,Enterobacter_cloacae,4,2,4,4
DZA,Neisseria_meningitidis,2,1,1,1
DZA,Listeria_monocytogenes,2,1,1,1
DZA,Corynebacterium_diphtheriae,2,1,1,1
DZA,Bacillus_cereus,2,1,1,1
DZA,Vibrio_cholerae,2,2,1,2
DZA,Neisseria_gonorrhoeae,3,2,2,2
DZA,Treponema_pallidum,2,1,1,1
DZA,Streptococcus_pneumoniae,2,2,1,1
DZA,Leptospira_interrogans,2,1,1,1
DZA,Helicobacter_pylori,2,1,1,1
DZA,Escherichia_coli,4,3,4,4
DZA,Chlamydia_trachomatis,2,1,1,1
DZA,Burkholderia_contaminans,2,2,1,2
DZA,Vibrio_parahaemolyticus,2,2,1,3
DZA,Streptococcus_agalactiae,2,1,1,1
DZA,Streptococcus_suis,2,1,1,1
DZA,Mycobacterium_abscessus,2,1,1,1
DZA,Mycobacterium_massiliense,2,1,1,1
DZA,Mammalicoccus_sciuri,2,1,1,1
DZA,Klebsiella_variicola,4,2,3,3
DZA,Haemophilus_influenzae,2,1,1,1
DZA,Haemophilus_haemolyticus,2,1,1,1
DZA,Haemophilus_parainfluenzae,2,1,1,1
DZA,Enterococcus_faecalis,4,2,3,3
DZA,Dichelobacter_nodosus,2,1,1,1
DZA,Cronobacter_malonaticus,2,2,1,2
DZA,Cronobacter_sakazakii,2,2,1,2
DZA,Clostridium_perfringens,2,2,1,2
DZA,Campylobacter_jejuni,2,2,1,2
DZA,Campylobacter_coli,2,2,1,2
DZA,Burkholderia_pseudomallei,2,2,1,2
DZA,Burkholderia_ambifaria,2,2,1,2
DZA,Burkholderia_cenocepacia,2,2,1,2
DZA,Burkholderia_cepacia,2,2,1,2
DZA,Burkholderia_multivorans,2,2,1,2
DZA,Burkholderia_ubonensis,2,2,1,2
DZA,Bordetella_parapertussis,2,1,1,1
DZA,Acinetobacter_nosocomialis,4,2,3,4
DZA,Acinetobacter_pittii,4,2,3,4
DZA,Listeria_innocua,2,1,1,1
DZA,Cronobacter_turicensis,2,2,1,2
DZA,Clostridium_chauvoei,2,1,1,1
DZA,Borrelia_bavariensis,2,1,1,1
DZA,Salmonella_enterica,4,2,3,3
DZA,Yersinia_enterocolitica,2,2,1,3
DZA,Neisseria_lactamica,2,1,1,1
DZA,Leptospira_borgpetersenii,2,1,1,1
DZA,Burkholderia_vietnamiensis,2,2,1,2
DZA,Streptococcus_uberis,2,1,1,1
DZA,Cronobacter_dublinensis,2,2,1,2
DZA,Chlamydia_abortus,2,1,1,1
DZA,Bordetella_pertussis,2,1,1,1
DZA,Borrelia_garinii,2,1,1,1
DZA,Neisseria_cinerea,2,1,1,1
DZA,Bordetella_bronchiseptica,2,1,1,1
DZA,Mycobacterium_bovis,2,1,1,1
DZA,Shigella_flexneri,4,2,3,4
DZA,Mycobacterium_tuberculosis,2,2,1,1
ARG,Enterococcus_faecium,4,1,3,3
ARG,Staphylococcus_aureus,4,2,4,3
ARG,Klebsiella_pneumoniae,4,2,4,4
ARG,Acinetobacter_baumannii,4,2,4,4
ARG,Pseudomonas_aeruginosa,4,2,4,4
ARG,Enterobacter_cloacae,4,2,4,4
ARG,Neisseria_meningitidis,2,1,1,1
ARG,Listeria_monocytogenes,2,1,1,1
ARG,Corynebacterium_diphtheriae,2,1,1,1
ARG,Bacillus_cereus,2,1,1,1
ARG,Vibrio_cholerae,2,2,1,2
ARG,Neisseria_gonorrhoeae,3,2,2,2
ARG,Treponema_pallidum,2,1,1,1
ARG,Streptococcus_pneumoniae,2,2,1,1
ARG,Leptospira_interrogans,2,1,1,1
ARG,Helicobacter_pylori,2,1,1,1
ARG,Escherichia_coli,4,3,4,4
ARG,Chlamydia_trachomatis,2,1,1,1
ARG,Burkholderia_contaminans,2,2,1,2
ARG,Vibrio_parahaemolyticus,2,2,1,3
ARG,Streptococcus_agalactiae,2,1,1,1
ARG,Streptococcus_suis,2,1,1,1
ARG,Mycobacterium_abscessus,2,1,1,1
ARG,Mycobacterium_massiliense,2,1,1,1
ARG,Mammalicoccus_sciuri,2,1,1,1
ARG,Klebsiella_variicola,4,2,3,3
ARG,Haemophilus_influenzae,2,1,1,1
ARG,Haemophilus_haemolyticus,2,1,1,1
ARG,Haemophilus_parainfluenzae,2,1,1,1
ARG,Enterococcus_faecalis,4,2,3,3
ARG,Dichelobacter_nodosus,2,1,1,1
ARG,Cronobacter_malonaticus,2,2,1,2
ARG,Cronobacter_sakazakii,2,2,1,2
ARG,Clostridium_perfringens,2,2,1,2
ARG,Campylobacter_jejuni,2,2,1,2
ARG,Campylobacter_coli,2,2,1,2
ARG,Burkholderia_pseudomallei,2,2,1,2
ARG,Burkholderia_ambifaria,2,2,1,2
ARG,Burkholderia_cenocepacia,2,2,1,2
ARG,Burkholderia_cepacia,2,2,1,2
ARG,Burkholderia_multivorans,2,2,1,2
ARG,Burkholderia_ubonensis,2,2,1,2
ARG,Bordetella_parapertussis,2,1,1,1
ARG,Acinetobacter_nosocomialis,4,2,3,4
ARG,Acinetobacter_pittii,4,2,3,4
ARG,Listeria_innocua,2,1,1,1
ARG,Cronobacter_turicensis,2,2,1,2
ARG,Clostridium_chauvoei,2,1,1,1
ARG,Borrelia_bavariensis,2,1,1,1
ARG,Salmonella_enterica,4,2,3,3
ARG,Yersinia_enterocolitica,2,2,1,3
ARG,Neisseria_lactamica,2,1,1,1
ARG,Leptospira_borgpetersenii,2,1,1,1
ARG,Burkholderia_vietnamiensis,2,2,1,2
ARG,Streptococcus_uberis,2,1,1,1
ARG,Cronobacter_dublinensis,2,2,1,2
ARG,Chlamydia_abortus,2,1,1,1
ARG,Bordetella_pertussis,2,1,1,1
ARG,Borrelia_garinii,2,1,1,1
ARG,Neisseria_cinerea,2,1,1,1
ARG,Bordetella_bronchiseptica,2,1,1,1
ARG,Mycobacterium_bovis,2,1,1,1
ARG,Shigella_flexneri,4,2,3,4
ARG,Mycobacterium_tuberculosis,2,2,1,1
ARM,Enterococcus_faecium,4,1,3,3
ARM,Staphylococcus_aureus,4,2,4,3
ARM,Klebsiella_pneumoniae,4,2,4,4
ARM,Acinetobacter_baumannii,4,2,4,4
ARM,Pseudomonas_aeruginosa,4,2,4,4
ARM,Enterobacter_cloacae,4,2,4,4
ARM,Neisseria_meningitidis,2,1,1,1
ARM,Listeria_monocytogenes,2,1,1,1
ARM,Corynebacterium_diphtheriae,2,1,1,1
ARM,Bacillus_cereus,2,1,1,1
ARM,Vibrio_cholerae,2,2,1,2
ARM,Neisseria_gonorrhoeae,3,2,2,2
ARM,Treponema_pallidum,2,1,1,1
ARM,Streptococcus_pneumoniae,2,2,1,1
ARM,Leptospira_interrogans,2,1,1,1
ARM,Helicobacter_pylori,2,1,1,1
ARM,Escherichia_coli,4,3,4,4
ARM,Chlamydia_trachomatis,2,1,1,1
ARM,Burkholderia_contaminans,2,2,1,2
ARM,Vibrio_parahaemolyticus,2,2,1,3
ARM,Streptococcus_agalactiae,2,1,1,1
ARM,Streptococcus_suis,2,1,1,1
ARM,Mycobacterium_abscessus,2,1,1,1
ARM,Mycobacterium_massiliense,2,1,1,1
ARM,Mammalicoccus_sciuri,2,1,1,1
ARM,Klebsiella_variicola,4,2,3,3
ARM,Haemophilus_influenzae,2,1,1,1
ARM,Haemophilus_haemolyticus,2,1,1,1
ARM,Haemophilus_parainfluenzae,2,1,1,1
ARM,Enterococcus_faecalis,4,2,3,3
ARM,Dichelobacter_nodosus,2,1,1,1
ARM,Cronobacter_malonaticus,2,2,1,2
ARM,Cronobacter_sakazakii,2,2,1,2
ARM,Clostridium_perfringens,2,2,1,2
ARM,Campylobacter_jejuni,2,2,1,2
ARM,Campylobacter_coli,2,2,1,2
ARM,Burkholderia_pseudomallei,2,2,1,2
ARM,Burkholderia_ambifaria,2,2,1,2
ARM,Burkholderia_cenocepacia,2,2,1,2
ARM,Burkholderia_cepacia,2,2,1,2
ARM,Burkholderia_multivorans,2,2,1,2
ARM,Burkholderia_ubonensis,2,2,1,2
ARM,Bordetella_parapertussis,2,1,1,1
ARM,Acinetobacter_nosocomialis,4,2,3,4
ARM,Acinetobacter_pittii,4,2,3,4
ARM,Listeria_innocua,2,1,1,1
ARM,Cronobacter_turicensis,2,2,1,2
ARM,Clostridium_chauvoei,2,1,1,1
ARM,Borrelia_bavariensis,2,1,1,1
ARM,Salmonella_enterica,4,2,3,3
ARM,Yersinia_enterocolitica,2,2,1,3
ARM,Neisseria_lactamica,2,1,1,1
ARM,Leptospira_borgpetersenii,2,1,1,1
ARM,Burkholderia_vietnamiensis,2,2,1,2
ARM,Streptococcus_uberis,2,1,1,1
ARM,Cronobacter_dublinensis,2,2,1,2
ARM,Chlamydia_abortus,2,1,1,1
ARM,Bordetella_pertussis,2,1,1,1
ARM,Borrelia_garinii,2,1,1,1
ARM,Neisseria_cinerea,2,1,1,1
ARM,Bordetella_bronchiseptica,2,1,1,1
ARM,Mycobacterium_bovis,2,1,1,1
ARM,Shigella_flexneri,4,2,3,4
ARM,Mycobacterium_tuberculosis,2,2,1,1
AZE,Enterococcus_faecium,4,1,3,3
AZE,Staphylococcus_aureus,4,2,4,3
AZE,Klebsiella_pneumoniae,4,2,4,4
AZE,Acinetobacter_baumannii,4,2,4,4
AZE,Pseudomonas_aeruginosa,4,2,4,4
AZE,Enterobacter_cloacae,4,2,4,4
AZE,Neisseria_meningitidis,2,1,1,1
AZE,Listeria_monocytogenes,2,1,1,1
AZE,Corynebacterium_diphtheriae,2,1,1,1
AZE,Bacillus_cereus,2,1,1,1
AZE,Vibrio_cholerae,2,2,1,2
AZE,Neisseria_gonorrhoeae,3,2,2,2
AZE,Treponema_pallidum,2,1,1,1
AZE,Streptococcus_pneumoniae,2,2,1,1
AZE,Leptospira_interrogans,2,1,1,1
AZE,Helicobacter_pylori,2,1,1,1
AZE,Escherichia_coli,4,3,4,4
AZE,Chlamydia_trachomatis,2,1,1,1
AZE,Burkholderia_contaminans,2,2,1,2
AZE,Vibrio_parahaemolyticus,2,2,1,3
AZE,Streptococcus_agalactiae,2,1,1,1
AZE,Streptococcus_suis,2,1,1,1
AZE,Mycobacterium_abscessus,2,1,1,1
AZE,Mycobacterium_massiliense,2,1,1,1
AZE,Mammalicoccus_sciuri,2,1,1,1
AZE,Klebsiella_variicola,4,2,3,3
AZE,Haemophilus_influenzae,2,1,1,1
AZE,Haemophilus_haemolyticus,2,1,1,1
AZE,Haemophilus_parainfluenzae,2,1,1,1
AZE,Enterococcus_faecalis,4,2,3,3
AZE,Dichelobacter_nodosus,2,1,1,1
AZE,Cronobacter_malonaticus,2,2,1,2
AZE,Cronobacter_sakazakii,2,2,1,2
AZE,Clostridium_perfringens,2,2,1,2
AZE,Campylobacter_jejuni,2,2,1,2
AZE,Campylobacter_coli,2,2,1,2
AZE,Burkholderia_pseudomallei,2,2,1,2
AZE,Burkholderia_ambifaria,2,2,1,2
AZE,Burkholderia_cenocepacia,2,2,1,2
AZE,Burkholderia_cepacia,2,2,1,2
AZE,Burkholderia_multivorans,2,2,1,2
AZE,Burkholderia_ubonensis,2,2,1,2
AZE,Bordetella_parapertussis,2,1,1,1
AZE,Acinetobacter_nosocomialis,4,2,3,4
AZE,Acinetobacter_pittii,4,2,3,4
AZE,Listeria_innocua,2,1,1,1
AZE,Cronobacter_turicensis,2,2,1,2
AZE,Clostridium_chauvoei,2,1,1,1
AZE,Borrelia_bavariensis,2,1,1,1
AZE,Salmonella_enterica,4,2,3,3
AZE,Yersinia_enterocolitica,2,2,1,3
AZE,Neisseria_lactamica,2,1,1,1
AZE,Leptospira_borgpetersenii,2,1,1,1
AZE,Burkholderia_vietnamiensis,2,2,1,2
AZE,Streptococcus_uberis,2,1,1,1
AZE,Cronobacter_dublinensis,2,2,1,2
AZE,Chlamydia_abortus,2,1,1,1
AZE,Bordetella_pertussis,2,1,1,1
AZE,Borrelia_garinii,2,1,1,1
AZE,Neisseria_cinerea,2,1,1,1
AZE,Bordetella_bronchiseptica,2,1,1,1
AZE,Mycobacterium_bovis,2,1,1,1
AZE,Shigella_flexneri,4,2,3,4
AZE,Mycobacterium_tuberculosis,2,2,1,1
BLR,Enterococcus_faecium,4,1,3,3
BLR,Staphylococcus_aureus,4,2,4,3
BLR,Klebsiella_pneumoniae,4,2,4,4
BLR,Acinetobacter_baumannii,4,2,4,4
BLR,Pseudomonas_aeruginosa,4,2,4,4
BLR,Enterobacter_cloacae,4,2,4,4
BLR,Neisseria_meningitidis,2,1,1,1
BLR,Listeria_monocytogenes,2,1,1,1
BLR,Corynebacterium_diphtheriae,2,1,1,1
BLR,Bacillus_cereus,2,1,1,1
BLR,Vibrio_cholerae,2,2,1,2
BLR,Neisseria_gonorrhoeae,3,2,2,2
BLR,Treponema_pallidum,2,1,1,1
BLR,Streptococcus_pneumoniae,2,2,1,1
BLR,Leptospira_interrogans,2,1,1,1
BLR,Helicobacter_pylori,2,1,1,1
BLR,Escherichia_coli,4,3,4,4
BLR,Chlamydia_trachomatis,2,1,1,1
BLR,Burkholderia_contaminans,2,2,1,2
BLR,Vibrio_parahaemolyticus,2,2,1,3
BLR,Streptococcus_agalactiae,2,1,1,1
BLR,Streptococcus_suis,2,1,1,1
BLR,Mycobacterium_abscessus,2,1,1,1
BLR,Mycobacterium_massiliense,2,1,1,1
BLR,Mammalicoccus_sciuri,2,1,1,1
BLR,Klebsiella_variicola,4,2,3,3
BLR,Haemophilus_influenzae,2,1,1,1
BLR,Haemophilus_haemolyticus,2,1,1,1
BLR,Haemophilus_parainfluenzae,2,1,1,1
BLR,Enterococcus_faecalis,4,2,3,3
BLR,Dichelobacter_nodosus,2,1,1,1
BLR,Cronobacter_malonaticus,2,2,1,2
BLR,Cronobacter_sakazakii,2,2,1,2
BLR,Clostridium_perfringens,2,2,1,2
BLR,Campylobacter_jejuni,2,2,1,2
BLR,Campylobacter_coli,2,2,1,2
BLR,Burkholderia_pseudomallei,2,2,1,2
BLR,Burkholderia_ambifaria,2,2,1,2
BLR,Burkholderia_cenocepacia,2,2,1,2
BLR,Burkholderia_cepacia,2,2,1,2
BLR,Burkholderia_multivorans,2,2,1,2
BLR,Burkholderia_ubonensis,2,2,1,2
BLR,Bordetella_parapertussis,2,1,1,1
BLR,Acinetobacter_nosocomialis,4,2,3,4
BLR,Acinetobacter_pittii,4,2,3,4
BLR,Listeria_innocua,2,1,1,1
BLR,Cronobacter_turicensis,2,2,1,2
BLR,Clostridium_chauvoei,2,1,1,1
BLR,Borrelia_bavariensis,2,1,1,1
BLR,Salmonella_enterica,4,2,3,3
BLR,Yersinia_enterocolitica,2,2,1,3
BLR,Neisseria_lactamica,2,1,1,1
BLR,Leptospira_borgpetersenii,2,1,1,1
BLR,Burkholderia_vietnamiensis,2,2,1,2
BLR,Streptococcus_uberis,2,1,1,1
BLR,Cronobacter_dublinensis,2,2,1,2
BLR,Chlamydia_abortus,2,1,1,1
BLR,Bordetella_pertussis,2,1,1,1
BLR,Borrelia_garinii,2,1,1,1
BLR,Neisseria_cinerea,2,1,1,1
BLR,Bordetella_bronchiseptica,2,1,1,1
BLR,Mycobacterium_bovis,2,1,1,1
BLR,Shigella_flexneri,4,2,3,4
BLR,Mycobacterium_tuberculosis,4,4,3,4
BLZ,Enterococcus_faecium,4,1,3,3
BLZ,Staphylococcus_aureus,4,2,4,3
BLZ,Klebsiella_pneumoniae,4,2,4,4
BLZ,Acinetobacter_baumannii,4,2,4,4
BLZ,Pseudomonas_aeruginosa,4,2,4,4
BLZ,Enterobacter_cloacae,4,2,4,4
BLZ,Neisseria_meningitidis,2,1,1,1
BLZ,Listeria_monocytogenes,2,1,1,1
BLZ,Corynebacterium_diphtheriae,2,1,1,1
BLZ,Bacillus_cereus,2,1,1,1
BLZ,Vibrio_cholerae,2,2,1,2
BLZ,Neisseria_gonorrhoeae,3,2,2,2
BLZ,Treponema_pallidum,2,1,1,1
BLZ,Streptococcus_pneumoniae,2,2,1,1
BLZ,Leptospira_interrogans,2,1,1,1
BLZ,Helicobacter_pylori,2,1,1,1
BLZ,Escherichia_coli,4,3,4,4
BLZ,Chlamydia_trachomatis,2,1,1,1
BLZ,Burkholderia_contaminans,2,2,1,2
BLZ,Vibrio_parahaemolyticus,2,2,1,3
BLZ,Streptococcus_agalactiae,2,1,1,1
BLZ,Streptococcus_suis,2,1,1,1
BLZ,Mycobacterium_abscessus,2,1,1,1
BLZ,Mycobacterium_massiliense,2,1,1,1
BLZ,Mammalicoccus_sciuri,2,1,1,1
BLZ,Klebsiella_variicola,4,2,3,3
BLZ,Haemophilus_influenzae,2,1,1,1
BLZ,Haemophilus_haemolyticus,2,1,1,1
BLZ,Haemophilus_parainfluenzae,2,1,1,1
BLZ,Enterococcus_faecalis,4,2,3,3
BLZ,Dichelobacter_nodosus,2,1,1,1
BLZ,Cronobacter_malonaticus,2,2,1,2
BLZ,Cronobacter_sakazakii,2,2,1,2
BLZ,Clostridium_perfringens,2,2,1,2
BLZ,Campylobacter_jejuni,2,2,1,2
BLZ,Campylobacter_coli,2,2,1,2
BLZ,Burkholderia_pseudomallei,2,2,1,2
BLZ,Burkholderia_ambifaria,2,2,1,2
BLZ,Burkholderia_cenocepacia,2,2,1,2
BLZ,Burkholderia_cepacia,2,2,1,2
BLZ,Burkholderia_multivorans,2,2,1,2
BLZ,Burkholderia_ubonensis,2,2,1,2
BLZ,Bordetella_parapertussis,2,1,1,1
BLZ,Acinetobacter_nosocomialis,4,2,3,4
BLZ,Acinetobacter_pittii,4,2,3,4
BLZ,Listeria_innocua,2,1,1,1
BLZ,Cronobacter_turicensis,2,2,1,2
BLZ,Clostridium_chauvoei,2,1,1,1
BLZ,Borrelia_bavariensis,2,1,1,1
BLZ,Salmonella_enterica,4,2,3,3
BLZ,Yersinia_enterocolitica,2,2,1,3
BLZ,Neisseria_lactamica,2,1,1,1
BLZ,Leptospira_borgpetersenii,2,1,1,1
BLZ,Burkholderia_vietnamiensis,2,2,1,2
BLZ,Streptococcus_uberis,2,1,1,1
BLZ,Cronobacter_dublinensis,2,2,1,2
BLZ,Chlamydia_abortus,2,1,1,1
BLZ,Bordetella_pertussis,2,1,1,1
BLZ,Borrelia_garinii,2,1,1,1
BLZ,Neisseria_cinerea,2,1,1,1
BLZ,Bordetella_bronchiseptica,2,1,1,1
BLZ,Mycobacterium_bovis,2,1,1,1
BLZ,Shigella_flexneri,4,2,3,4
BLZ,Mycobacterium_tuberculosis,2,2,1,1
BIH,Enterococcus_faecium,4,1,3,3
BIH,Staphylococcus_aureus,4,2,4,3
BIH,Klebsiella_pneumoniae,4,2,4,4
BIH,Acinetobacter_baumannii,4,2,4,4
BIH,Pseudomonas_aeruginosa,4,2,4,4
BIH,Enterobacter_cloacae,4,2,4,4
BIH,Neisseria_meningitidis,2,1,1,1
BIH,Listeria_monocytogenes,2,1,1,1
BIH,Corynebacterium_diphtheriae,2,1,1,1
BIH,Bacillus_cereus,2,1,1,1
BIH,Vibrio_cholerae,2,2,1,2
BIH,Neisseria_gonorrhoeae,3,2,2,2
BIH,Treponema_pallidum,2,1,1,1
BIH,Streptococcus_pneumoniae,2,2,1,1
BIH,Leptospira_interrogans,2,1,1,1
BIH,Helicobacter_pylori,2,1,1,1
BIH,Escherichia_coli,4,3,4,4
BIH,Chlamydia_trachomatis,2,1,1,1
BIH,Burkholderia_contaminans,2,2,1,2
BIH,Vibrio_parahaemolyticus,2,2,1,3
BIH,Streptococcus_agalactiae,2,1,1,1
BIH,Streptococcus_suis,2,1,1,1
BIH,Mycobacterium_abscessus,2,1,1,1
BIH,Mycobacterium_massiliense,2,1,1,1
BIH,Mammalicoccus_sciuri,2,1,1,1
BIH,Klebsiella_variicola,4,2,3,3
BIH,Haemophilus_influenzae,2,1,1,1
BIH,Haemophilus_haemolyticus,2,1,1,1
BIH,Haemophilus_parainfluenzae,2,1,1,1
BIH,Enterococcus_faecalis,4,2,3,3
BIH,Dichelobacter_nodosus,2,1,1,1
BIH,Cronobacter_malonaticus,2,2,1,2
BIH,Cronobacter_sakazakii,2,2,1,2
BIH,Clostridium_perfringens,2,2,1,2
BIH,Campylobacter_jejuni,2,2,1,2
BIH,Campylobacter_coli,2,2,1,2
BIH,Burkholderia_pseudomallei,2,2,1,2
BIH,Burkholderia_ambifaria,2,2,1,2
BIH,Burkholderia_cenocepacia,2,2,1,2
BIH,Burkholderia_cepacia,2,2,1,2
BIH,Burkholderia_multivorans,2,2,1,2
BIH,Burkholderia_ubonensis,2,2,1,2
BIH,Bordetella_parapertussis,2,1,1,1
BIH,Acinetobacter_nosocomialis,4,2,3,4
BIH,Acinetobacter_pittii,4,2,3,4
BIH,Listeria_innocua,2,1,1,1
BIH,Cronobacter_turicensis,2,2,1,2
BIH,Clostridium_chauvoei,2,1,1,1
BIH,Borrelia_bavariensis,2,1,1,1
BIH,Salmonella_enterica,4,2,3,3
BIH,Yersinia_enterocolitica,2,2,1,3
BIH,Neisseria_lactamica,2,1,1,1
BIH,Leptospira_borgpetersenii,2,1,1,1
BIH,Burkholderia_vietnamiensis,2,2,1,2
BIH,Streptococcus_uberis,2,1,1,1
BIH,Cronobacter_dublinensis,2,2,1,2
BIH,Chlamydia_abortus,2,1,1,1
BIH,Bordetella_pertussis,2,1,1,1
BIH,Borrelia_garinii,2,1,1,1
BIH,Neisseria_cinerea,2,1,1,1
BIH,Bordetella_bronchiseptica,2,1,1,1
BIH,Mycobacterium_bovis,2,1,1,1
BIH,Shigella_flexneri,4,2,3,4
BIH,Mycobacterium_tuberculosis,2,2,1,1
BWA,Enterococcus_faecium,4,1,3,3
BWA,Staphylococcus_aureus,4,2,4,3
BWA,Klebsiella_pneumoniae,4,2,4,4
BWA,Acinetobacter_baumannii,4,2,4,4
BWA,Pseudomonas_aeruginosa,4,2,4,4
BWA,Enterobacter_cloacae,4,2,4,4
BWA,Neisseria_meningitidis,2,1,1,1
BWA,Listeria_monocytogenes,2,1,1,1
BWA,Corynebacterium_diphtheriae,2,1,1,1
BWA,Bacillus_cereus,2,1,1,1
BWA,Vibrio_cholerae,2,2,1,2
BWA,Neisseria_gonorrhoeae,3,3,2,2
BWA,Treponema_pallidum,2,1,1,1
BWA,Streptococcus_pneumoniae,2,2,1,1
BWA,Leptospira_interrogans,2,1,1,1
BWA,Helicobacter_pylori,2,1,1,1
BWA,Escherichia_coli,4,3,4,4
BWA,Chlamydia_trachomatis,2,1,1,1
BWA,Burkholderia_contaminans,2,2,1,2
BWA,Vibrio_parahaemolyticus,2,2,1,3
BWA,Streptococcus_agalactiae,2,1,1,1
BWA,Streptococcus_suis,2,1,1,1
BWA,Mycobacterium_abscessus,2,1,1,1
BWA,Mycobacterium_massiliense,2,1,1,1
BWA,Mammalicoccus_sciuri,2,1,1,1
BWA,Klebsiella_variicola,4,2,3,3
BWA,Haemophilus_influenzae,2,1,1,1
BWA,Haemophilus_haemolyticus,2,1,1,1
BWA,Haemophilus_parainfluenzae,2,1,1,1
BWA,Enterococcus_faecalis,4,2,3,3
BWA,Dichelobacter_nodosus,2,1,1,1
BWA,Cronobacter_malonaticus,2,2,1,2
BWA,Cronobacter_sakazakii,2,2,1,2
BWA,Clostridium_perfringens,2,2,1,2
BWA,Campylobacter_jejuni,2,2,1,2
BWA,Campylobacter_coli,2,2,1,2
BWA,Burkholderia_pseudomallei,2,2,1,2
BWA,Burkholderia_ambifaria,2,2,1,2
BWA,Burkholderia_cenocepacia,2,2,1,2
BWA,Burkholderia_cepacia,2,2,1,2
BWA,Burkholderia_multivorans,2,2,1,2
BWA,Burkholderia_ubonensis,2,2,1,2
BWA,Bordetella_parapertussis,2,1,1,1
BWA,Acinetobacter_nosocomialis,4,2,3,4
BWA,Acinetobacter_pittii,4,2,3,4
BWA,Listeria_innocua,2,1,1,1
BWA,Cronobacter_turicensis,2,2,1,2
BWA,Clostridium_chauvoei,2,1,1,1
BWA,Borrelia_bavariensis,2,1,1,1
BWA,Salmonella_enterica,4,2,3,3
BWA,Yersinia_enterocolitica,2,2,1,3
BWA,Neisseria_lactamica,2,1,1,1
BWA,Leptospira_borgpetersenii,2,1,1,1
BWA,Burkholderia_vietnamiensis,2,2,1,2
BWA,Streptococcus_uberis,2,1,1,1
BWA,Cronobacter_dublinensis,2,2,1,2
BWA,Chlamydia_abortus,2,1,1,1
BWA,Bordetella_pertussis,2,1,1,1
BWA,Borrelia_garinii,2,1,1,1
BWA,Neisseria_cinerea,2,1,1,1
BWA,Bordetella_bronchiseptica,2,1,1,1
BWA,Mycobacterium_bovis,2,1,1,1
BWA,Shigella_flexneri,4,2,3,4
BWA,Mycobacterium_tuberculosis,2,2,1,1
BRA,Enterococcus_faecium,4,1,3,3
BRA,Staphylococcus_aureus,4,2,4,3
BRA,Klebsiella_pneumoniae,4,2,4,4
BRA,Acinetobacter_baumannii,4,2,4,4
BRA,Pseudomonas_aeruginosa,4,2,4,4
BRA,Enterobacter_cloacae,4,2,4,4
BRA,Neisseria_meningitidis,2,1,1,1
BRA,Listeria_monocytogenes,2,1,1,1
BRA,Corynebacterium_diphtheriae,2,1,1,1
BRA,Bacillus_cereus,2,1,1,1
BRA,Vibrio_cholerae,2,2,1,2
BRA,Neisseria_gonorrhoeae,3,2,2,2
BRA,Treponema_pallidum,2,1,1,1
BRA,Streptococcus_pneumoniae,2,2,1,1
BRA,Leptospira_interrogans,2,1,1,1
BRA,Helicobacter_pylori,2,1,1,1
BRA,Escherichia_coli,4,3,4,4
BRA,Chlamydia_trachomatis,2,1,1,1
BRA,Burkholderia_contaminans,2,2,1,2
BRA,Vibrio_parahaemolyticus,2,2,1,3
BRA,Streptococcus_agalactiae,2,1,1,1
BRA,Streptococcus_suis,2,1,1,1
BRA,Mycobacterium_abscessus,2,1,1,1
BRA,Mycobacterium_massiliense,2,1,1,1
BRA,Mammalicoccus_sciuri,2,1,1,1
BRA,Klebsiella_variicola,4,2,3,3
BRA,Haemophilus_influenzae,2,1,1,1
BRA,Haemophilus_haemolyticus,2,1,1,1
BRA,Haemophilus_parainfluenzae,2,1,1,1
BRA,Enterococcus_faecalis,4,2,3,3
BRA,Dichelobacter_nodosus,2,1,1,1
BRA,Cronobacter_malonaticus,2,2,1,2
BRA,Cronobacter_sakazakii,2,2,1,2
BRA,Clostridium_perfringens,2,2,1,2
BRA,Campylobacter_jejuni,2,2,1,2
BRA,Campylobacter_coli,2,2,1,2
BRA,Burkholderia_pseudomallei,2,2,1,2
BRA,Burkholderia_ambifaria,2,2,1,2
BRA,Burkholderia_cenocepacia,2,2,1,2
BRA,Burkholderia_cepacia,2,2,1,2
BRA,Burkholderia_multivorans,2,2,1,2
BRA,Burkholderia_ubonensis,2,2,1,2
BRA,Bordetella_parapertussis,2,1,1,1
BRA,Acinetobacter_nosocomialis,4,2,3,4
BRA,Acinetobacter_pittii,4,2,3,4
BRA,Listeria_innocua,2,1,1,1
BRA,Cronobacter_turicensis,2,2,1,2
BRA,Clostridium_chauvoei,2,1,1,1
BRA,Borrelia_bavariensis,2,1,1,1
BRA,Salmonella_enterica,4,2,3,3
BRA,Yersinia_enterocolitica,2,2,1,3
BRA,Neisseria_lactamica,2,1,1,1
BRA,Leptospira_borgpetersenii,2,1,1,1
BRA,Burkholderia_vietnamiensis,2,2,1,2
BRA,Streptococcus_uberis,2,1,1,1
BRA,Cronobacter_dublinensis,2,2,1,2
BRA,Chlamydia_abortus,2,1,1,1
BRA,Bordetella_pertussis,2,1,1,1
BRA,Borrelia_garinii,2,1,1,1
BRA,Neisseria_cinerea,2,1,1,1
BRA,Bordetella_bronchiseptica,2,1,1,1
BRA,Mycobacterium_bovis,2,1,1,1
BRA,Shigella_flexneri,4,2,3,4
BRA,Mycobacterium_tuberculosis,2,2,1,1
CPV,Enterococcus_faecium,4,1,3,3
CPV,Staphylococcus_aureus,4,2,4,3
CPV,Klebsiella_pneumoniae,4,2,4,4
CPV,Acinetobacter_baumannii,4,2,4,4
CPV,Pseudomonas_aeruginosa,4,2,4,4
CPV,Enterobacter_cloacae,4,2,4,4
CPV,Neisseria_meningitidis,2,1,1,1
CPV,Listeria_monocytogenes,2,1,1,1
CPV,Corynebacterium_diphtheriae,2,1,1,1
CPV,Bacillus_cereus,2,1,1,1
CPV,Vibrio_cholerae,2,2,1,2
CPV,Neisseria_gonorrhoeae,3,2,2,2
CPV,Treponema_pallidum,2,1,1,1
CPV,Streptococcus_pneumoniae,2,2,1,1
CPV,Leptospira_interrogans,2,1,1,1
CPV,Helicobacter_pylori,2,1,1,1
CPV,Escherichia_coli,4,3,4,4
CPV,Chlamydia_trachomatis,2,1,1,1
CPV,Burkholderia_contaminans,2,2,1,2
CPV,Vibrio_parahaemolyticus,2,2,1,3
CPV,Streptococcus_agalactiae,2,1,1,1
CPV,Streptococcus_suis,2,1,1,1
CPV,Mycobacterium_abscessus,2,1,1,1
CPV,Mycobacterium_massiliense,2,1,1,1
CPV,Mammalicoccus_sciuri,2,1,1,1
CPV,Klebsiella_variicola,4,2,3,3
CPV,Haemophilus_influenzae,2,1,1,1
CPV,Haemophilus_haemolyticus,2,1,1,1
CPV,Haemophilus_parainfluenzae,2,1,1,1
CPV,Enterococcus_faecalis,4,2,3,3
CPV,Dichelobacter_nodosus,2,1,1,1
CPV,Cronobacter_malonaticus,2,2,1,2
CPV,Cronobacter_sakazakii,2,2,1,2
CPV,Clostridium_perfringens,2,2,1,2
CPV,Campylobacter_jejuni,2,2,1,2
CPV,Campylobacter_coli,2,2,1,2
CPV,Burkholderia_pseudomallei,2,2,1,2
CPV,Burkholderia_ambifaria,2,2,1,2
CPV,Burkholderia_cenocepacia,2,2,1,2
CPV,Burkholderia_cepacia,2,2,1,2
CPV,Burkholderia_multivorans,2,2,1,2
CPV,Burkholderia_ubonensis,2,2,1,2
CPV,Bordetella_parapertussis,2,1,1,1
CPV,Acinetobacter_nosocomialis,4,2,3,4
CPV,Acinetobacter_pittii,4,2,3,4
CPV,Listeria_innocua,2,1,1,1
CPV,Cronobacter_turicensis,2,2,1,2
CPV,Clostridium_chauvoei,2,1,1,1
CPV,Borrelia_bavariensis,2,1,1,1
CPV,Salmonella_enterica,4,2,3,3
CPV,Yersinia_enterocolitica,2,2,1,3
CPV,Neisseria_lactamica,2,1,1,1
CPV,Leptospira_borgpetersenii,2,1,1,1
CPV,Burkholderia_vietnamiensis,2,2,1,2
CPV,Streptococcus_uberis,2,1,1,1
CPV,Cronobacter_dublinensis,2,2,1,2
CPV,Chlamydia_abortus,2,1,1,1
CPV,Bordetella_pertussis,2,1,1,1
CPV,Borrelia_garinii,2,1,1,1
CPV,Neisseria_cinerea,2,1,1,1
CPV,Bordetella_bronchiseptica,2,1,1,1
CPV,Mycobacterium_bovis,2,1,1,1
CPV,Shigella_flexneri,4,2,3,4
CPV,Mycobacterium_tuberculosis,2,2,1,1
CHN,Enterococcus_faecium,4,1,3,3
CHN,Staphylococcus_aureus,4,2,4,3
CHN,Klebsiella_pneumoniae,4,2,4,4
CHN,Acinetobacter_baumannii,4,2,4,4
CHN,Pseudomonas_aeruginosa,4,2,4,4
CHN,Enterobacter_cloacae,4,2,4,4
CHN,Neisseria_meningitidis,2,1,1,1
CHN,Listeria_monocytogenes,2,1,1,1
CHN,Corynebacterium_diphtheriae,2,1,1,1
CHN,Bacillus_cereus,2,1,1,1
CHN,Vibrio_cholerae,2,2,1,2
CHN,Neisseria_gonorrhoeae,4,2,3,3
CHN,Treponema_pallidum,2,1,1,1
CHN,Streptococcus_pneumoniae,2,2,1,1
CHN,Leptospira_interrogans,2,1,1,1
CHN,Helicobacter_pylori,2,1,1,1
CHN,Escherichia_coli,4,3,4,4
CHN,Chlamydia_trachomatis,2,1,1,1
CHN,Burkholderia_contaminans,2,2,1,2
CHN,Vibrio_parahaemolyticus,2,2,1,3
CHN,Streptococcus_agalactiae,2,1,1,1
CHN,Streptococcus_suis,2,1,1,1
CHN,Mycobacterium_abscessus,2,1,1,1
CHN,Mycobacterium_massiliense,2,1,1,1
CHN,Mammalicoccus_sciuri,2,1,1,1
CHN,Klebsiella_variicola,4,2,3,3
CHN,Haemophilus_influenzae,2,1,1,1
CHN,Haemophilus_haemolyticus,2,1,1,1
CHN,Haemophilus_parainfluenzae,2,1,1,1
CHN,Enterococcus_faecalis,4,2,3,3
CHN,Dichelobacter_nodosus,2,1,1,1
CHN,Cronobacter_malonaticus,2,2,1,2
CHN,Cronobacter_sakazakii,2,2,1,2
CHN,Clostridium_perfringens,2,2,1,2
CHN,Campylobacter_jejuni,2,2,1,2
CHN,Campylobacter_coli,2,2,1,2
CHN,Burkholderia_pseudomallei,2,2,1,2
CHN,Burkholderia_ambifaria,2,2,1,2
CHN,Burkholderia_cenocepacia,2,2,1,2
CHN,Burkholderia_cepacia,2,2,1,2
CHN,Burkholderia_multivorans,2,2,1,2
CHN,Burkholderia_ubonensis,2,2,1,2
CHN,Bordetella_parapertussis,2,1,1,1
CHN,Acinetobacter_nosocomialis,4,2,3,4
CHN,Acinetobacter_pittii,4,2,3,4
CHN,Listeria_innocua,2,1,1,1
CHN,Cronobacter_turicensis,2,2,1,2
CHN,Clostridium_chauvoei,2,1,1,1
CHN,Borrelia_bavariensis,2,1,1,1
CHN,Salmonella_enterica,4,2,3,3
CHN,Yersinia_enterocolitica,2,2,1,3
CHN,Neisseria_lactamica,2,1,1,1
CHN,Leptospira_borgpetersenii,2,1,1,1
CHN,Burkholderia_vietnamiensis,2,2,1,2
CHN,Streptococcus_uberis,2,1,1,1
CHN,Cronobacter_dublinensis,2,2,1,2
CHN,Chlamydia_abortus,2,1,1,1
CHN,Bordetella_pertussis,2,1,1,1
CHN,Borrelia_garinii,2,1,1,1
CHN,Neisseria_cinerea,2,1,1,1
CHN,Bordetella_bronchiseptica,2,1,1,1
CHN,Mycobacterium_bovis,2,1,1,1
CHN,Shigella_flexneri,4,2,3,4
CHN,Mycobacterium_tuberculosis,2,2,1,1
COL,Enterococcus_faecium,4,1,3,3
COL,Staphylococcus_aureus,4,2,4,3
COL,Klebsiella_pneumoniae,4,2,4,4
COL,Acinetobacter_baumannii,4,2,4,4
COL,Pseudomonas_aeruginosa,4,2,4,4
COL,Enterobacter_cloacae,4,2,4,4
COL,Neisseria_meningitidis,2,1,1,1
COL,Listeria_monocytogenes,2,1,1,1
COL,Corynebacterium_diphtheriae,2,1,1,1
COL,Bacillus_cereus,2,1,1,1
COL,Vibrio_cholerae,2,2,1,2
COL,Neisseria_gonorrhoeae,3,2,2,2
COL,Treponema_pallidum,2,1,1,1
COL,Streptococcus_pneumoniae,2,2,1,1
COL,Leptospira_interrogans,2,1,1,1
COL,Helicobacter_pylori,2,1,1,1
COL,Escherichia_coli,4,3,4,4
COL,Chlamydia_trachomatis,2,1,1,1
COL,Burkholderia_contaminans,2,2,1,2
COL,Vibrio_parahaemolyticus,2,2,1,3
COL,Streptococcus_agalactiae,2,1,1,1
COL,Streptococcus_suis,2,1,1,1
COL,Mycobacterium_abscessus,2,1,1,1
COL,Mycobacterium_massiliense,2,1,1,1
COL,Mammalicoccus_sciuri,2,1,1,1
COL,Klebsiella_variicola,4,2,3,3
COL,Haemophilus_influenzae,2,1,1,1
COL,Haemophilus_haemolyticus,2,1,1,1
COL,Haemophilus_parainfluenzae,2,1,1,1
COL,Enterococcus_faecalis,4,2,3,3
COL,Dichelobacter_nodosus,2,1,1,1
COL,Cronobacter_malonaticus,2,2,1,2
COL,Cronobacter_sakazakii,2,2,1,2
COL,Clostridium_perfringens,2,2,1,2
COL,Campylobacter_jejuni,2,2,1,2
COL,Campylobacter_coli,2,2,1,2
COL,Burkholderia_pseudomallei,2,2,1,2
COL,Burkholderia_ambifaria,2,2,1,2
COL,Burkholderia_cenocepacia,2,2,1,2
COL,Burkholderia_cepacia,2,2,1,2
COL,Burkholderia_multivorans,2,2,1,2
COL,Burkholderia_ubonensis,2,2,1,2
COL,Bordetella_parapertussis,2,1,1,1
COL,Acinetobacter_nosocomialis,4,2,3,4
COL,Acinetobacter_pittii,4,2,3,4
COL,Listeria_innocua,2,1,1,1
COL,Cronobacter_turicensis,2,2,1,2
COL,Clostridium_chauvoei,2,1,1,1
COL,Borrelia_bavariensis,2,1,1,1
COL,Salmonella_enterica,4,2,3,3
COL,Yersinia_enterocolitica,2,2,1,3
COL,Neisseria_lactamica,2,1,1,1
COL,Leptospira_borgpetersenii,2,1,1,1
COL,Burkholderia_vietnamiensis,2,2,1,2
COL,Streptococcus_uberis,2,1,1,1
COL,Cronobacter_dublinensis,2,2,1,2
COL,Chlamydia_abortus,2,1,1,1
COL,Bordetella_pertussis,2,1,1,1
COL,Borrelia_garinii,2,1,1,1
COL,Neisseria_cinerea,2,1,1,1
COL,Bordetella_bronchiseptica,2,1,1,1
COL,Mycobacterium_bovis,2,1,1,1
COL,Shigella_flexneri,4,2,3,4
COL,Mycobacterium_tuberculosis,2,2,1,1
CUB,Enterococcus_faecium,4,1,3,3
CUB,Staphylococcus_aureus,4,2,4,3
CUB,Klebsiella_pneumoniae,4,2,4,4
CUB,Acinetobacter_baumannii,4,2,4,4
CUB,Pseudomonas_aeruginosa,4,2,4,4
CUB,Enterobacter_cloacae,4,2,4,4
CUB,Neisseria_meningitidis,2,1,1,1
CUB,Listeria_monocytogenes,2,1,1,1
CUB,Corynebacterium_diphtheriae,2,1,1,1
CUB,Bacillus_cereus,2,1,1,1
CUB,Vibrio_cholerae,2,2,1,2
CUB,Neisseria_gonorrhoeae,3,2,2,2
CUB,Treponema_pallidum,2,1,1,1
CUB,Streptococcus_pneumoniae,2,2,1,1
CUB,Leptospira_interrogans,2,1,1,1
CUB,Helicobacter_pylori,2,1,1,1
CUB,Escherichia_coli,4,3,4,4
CUB,Chlamydia_trachomatis,2,1,1,1
CUB,Burkholderia_contaminans,2,2,1,2
CUB,Vibrio_parahaemolyticus,2,2,1,3
CUB,Streptococcus_agalactiae,2,1,1,1
CUB,Streptococcus_suis,2,1,1,1
CUB,Mycobacterium_abscessus,2,1,1,1
CUB,Mycobacterium_massiliense,2,1,1,1
CUB,Mammalicoccus_sciuri,2,1,1,1
CUB,Klebsiella_variicola,4,2,3,3
CUB,Haemophilus_influenzae,2,1,1,1
CUB,Haemophilus_haemolyticus,2,1,1,1
CUB,Haemophilus_parainfluenzae,2,1,1,1
CUB,Enterococcus_faecalis,4,2,3,3
CUB,Dichelobacter_nodosus,2,1,1,1
CUB,Cronobacter_malonaticus,2,2,1,2
CUB,Cronobacter_sakazakii,2,2,1,2
CUB,Clostridium_perfringens,2,2,1,2
CUB,Campylobacter_jejuni,2,2,1,2
CUB,Campylobacter_coli,2,2,1,2
CUB,Burkholderia_pseudomallei,2,2,1,2
CUB,Burkholderia_ambifaria,2,2,1,2
CUB,Burkholderia_cenocepacia,2,2,1,2
CUB,Burkholderia_cepacia,2,2,1,2
CUB,Burkholderia_multivorans,2,2,1,2
CUB,Burkholderia_ubonensis,2,2,1,2
CUB,Bordetella_parapertussis,2,1,1,1
CUB,Acinetobacter_nosocomialis,4,2,3,4
CUB,Acinetobacter_pittii,4,2,3,4
CUB,Listeria_innocua,2,1,1,1
CUB,Cronobacter_turicensis,2,2,1,2
CUB,Clostridium_chauvoei,2,1,1,1
CUB,Borrelia_bavariensis,2,1,1,1
CUB,Salmonella_enterica,4,2,3,3
CUB,Yersinia_enterocolitica,2,2,1,3
CUB,Neisseria_lactamica,2,1,1,1
CUB,Leptospira_borgpetersenii,2,1,1,1
CUB,Burkholderia_vietnamiensis,2,2,1,2
CUB,Streptococcus_uberis,2,1,1,1
CUB,Cronobacter_dublinensis,2,2,1,2
CUB,Chlamydia_abortus,2,1,1,1
CUB,Bordetella_pertussis,2,1,1,1
CUB,Borrelia_garinii,2,1,1,1
CUB,Neisseria_cinerea,2,1,1,1
CUB,Bordetella_bronchiseptica,2,1,1,1
CUB,Mycobacterium_bovis,2,1,1,1
CUB,Shigella_flexneri,4,2,3,4
CUB,Mycobacterium_tuberculosis,2,2,1,1
DMA,Enterococcus_faecium,4,1,3,3
DMA,Staphylococcus_aureus,4,2,4,3
DMA,Klebsiella_pneumoniae,4,2,4,4
DMA,Acinetobacter_baumannii,4,2,4,4
DMA,Pseudomonas_aeruginosa,4,2,4,4
DMA,Enterobacter_cloacae,4,2,4,4
DMA,Neisseria_meningitidis,2,1,1,1
DMA,Listeria_monocytogenes,2,1,1,1
DMA,Corynebacterium_diphtheriae,2,1,1,1
DMA,Bacillus_cereus,2,1,1,1
DMA,Vibrio_cholerae,2,2,1,2
DMA,Neisseria_gonorrhoeae,3,2,2,2
DMA,Treponema_pallidum,2,1,1,1
DMA,Streptococcus_pneumoniae,2,2,1,1
DMA,Leptospira_interrogans,2,1,1,1
DMA,Helicobacter_pylori,2,1,1,1
DMA,Escherichia_coli,4,3,4,4
DMA,Chlamydia_trachomatis,2,1,1,1
DMA,Burkholderia_contaminans,2,2,1,2
DMA,Vibrio_parahaemolyticus,2,2,1,3
DMA,Streptococcus_agalactiae,2,1,1,1
DMA,Streptococcus_suis,2,1,1,1
DMA,Mycobacterium_abscessus,2,1,1,1
DMA,Mycobacterium_massiliense,2,1,1,1
DMA,Mammalicoccus_sciuri,2,1,1,1
DMA,Klebsiella_variicola,4,2,3,3
DMA,Haemophilus_influenzae,2,1,1,1
DMA,Haemophilus_haemolyticus,2,1,1,1
DMA,Haemophilus_parainfluenzae,2,1,1,1
DMA,Enterococcus_faecalis,4,2,3,3
DMA,Dichelobacter_nodosus,2,1,1,1
DMA,Cronobacter_malonaticus,2,2,1,2
DMA,Cronobacter_sakazakii,2,2,1,2
DMA,Clostridium_perfringens,2,2,1,2
DMA,Campylobacter_jejuni,2,2,1,2
DMA,Campylobacter_coli,2,2,1,2
DMA,Burkholderia_pseudomallei,2,2,1,2
DMA,Burkholderia_ambifaria,2,2,1,2
DMA,Burkholderia_cenocepacia,2,2,1,2
DMA,Burkholderia_cepacia,2,2,1,2
DMA,Burkholderia_multivorans,2,2,1,2
DMA,Burkholderia_ubonensis,2,2,1,2
DMA,Bordetella_parapertussis,2,1,1,1
DMA,Acinetobacter_nosocomialis,4,2,3,4
DMA,Acinetobacter_pittii,4,2,3,4
DMA,Listeria_innocua,2,1,1,1
DMA,Cronobacter_turicensis,2,2,1,2
DMA,Clostridium_chauvoei,2,1,1,1
DMA,Borrelia_bavariensis,2,1,1,1
DMA,Salmonella_enterica,4,2,3,3
DMA,Yersinia_enterocolitica,2,2,1,3
DMA,Neisseria_lactamica,2,1,1,1
DMA,Leptospira_borgpetersenii,2,1,1,1
DMA,Burkholderia_vietnamiensis,2,2,1,2
DMA,Streptococcus_uberis,2,1,1,1
DMA,Cronobacter_dublinensis,2,2,1,2
DMA,Chlamydia_abortus,2,1,1,1
DMA,Bordetella_pertussis,2,1,1,1
DMA,Borrelia_garinii,2,1,1,1
DMA,Neisseria_cinerea,2,1,1,1
DMA,Bordetella_bronchiseptica,2,1,1,1
DMA,Mycobacterium_bovis,2,1,1,1
DMA,Shigella_flexneri,4,2,3,4
DMA,Mycobacterium_tuberculosis,2,2,1,1
DOM,Enterococcus_faecium,4,1,3,3
DOM,Staphylococcus_aureus,4,2,4,3
DOM,Klebsiella_pneumoniae,4,2,4,4
DOM,Acinetobacter_baumannii,4,2,4,4
DOM,Pseudomonas_aeruginosa,4,2,4,4
DOM,Enterobacter_cloacae,4,2,4,4
DOM,Neisseria_meningitidis,2,1,1,1
DOM,Listeria_monocytogenes,2,1,1,1
DOM,Corynebacterium_diphtheriae,2,1,1,1
DOM,Bacillus_cereus,2,1,1,1
DOM,Vibrio_cholerae,2,2,1,2
DOM,Neisseria_gonorrhoeae,3,2,2,2
DOM,Treponema_pallidum,2,1,1,1
DOM,Streptococcus_pneumoniae,2,2,1,1
DOM,Leptospira_interrogans,2,1,1,1
DOM,Helicobacter_pylori,2,1,1,1
DOM,Escherichia_coli,4,3,4,4
DOM,Chlamydia_trachomatis,2,1,1,1
DOM,Burkholderia_contaminans,2,2,1,2
DOM,Vibrio_parahaemolyticus,2,2,1,3
DOM,Streptococcus_agalactiae,2,1,1,1
DOM,Streptococcus_suis,2,1,1,1
DOM,Mycobacterium_abscessus,2,1,1,1
DOM,Mycobacterium_massiliense,2,1,1,1
DOM,Mammalicoccus_sciuri,2,1,1,1
DOM,Klebsiella_variicola,4,2,3,3
DOM,Haemophilus_influenzae,2,1,1,1
DOM,Haemophilus_haemolyticus,2,1,1,1
DOM,Haemophilus_parainfluenzae,2,1,1,1
DOM,Enterococcus_faecalis,4,2,3,3
DOM,Dichelobacter_nodosus,2,1,1,1
DOM,Cronobacter_malonaticus,2,2,1,2
DOM,Cronobacter_sakazakii,2,2,1,2
DOM,Clostridium_perfringens,2,2,1,2
DOM,Campylobacter_jejuni,2,2,1,2
DOM,Campylobacter_coli,2,2,1,2
DOM,Burkholderia_pseudomallei,2,2,1,2
DOM,Burkholderia_ambifaria,2,2,1,2
DOM,Burkholderia_cenocepacia,2,2,1,2
DOM,Burkholderia_cepacia,2,2,1,2
DOM,Burkholderia_multivorans,2,2,1,2
DOM,Burkholderia_ubonensis,2,2,1,2
DOM,Bordetella_parapertussis,2,1,1,1
DOM,Acinetobacter_nosocomialis,4,2,3,4
DOM,Acinetobacter_pittii,4,2,3,4
DOM,Listeria_innocua,2,1,1,1
DOM,Cronobacter_turicensis,2,2,1,2
DOM,Clostridium_chauvoei,2,1,1,1
DOM,Borrelia_bavariensis,2,1,1,1
DOM,Salmonella_enterica,4,2,3,3
DOM,Yersinia_enterocolitica,2,2,1,3
DOM,Neisseria_lactamica,2,1,1,1
DOM,Leptospira_borgpetersenii,2,1,1,1
DOM,Burkholderia_vietnamiensis,2,2,1,2
DOM,Streptococcus_uberis,2,1,1,1
DOM,Cronobacter_dublinensis,2,2,1,2
DOM,Chlamydia_abortus,2,1,1,1
DOM,Bordetella_pertussis,2,1,1,1
DOM,Borrelia_garinii,2,1,1,1
DOM,Neisseria_cinerea,2,1,1,1
DOM,Bordetella_bronchiseptica,2,1,1,1
DOM,Mycobacterium_bovis,2,1,1,1
DOM,Shigella_flexneri,4,2,3,4
DOM,Mycobacterium_tuberculosis,2,2,1,1
ECU,Enterococcus_faecium,4,1,3,3
ECU,Staphylococcus_aureus,4,2,4,3
ECU,Klebsiella_pneumoniae,4,2,4,4
ECU,Acinetobacter_baumannii,4,2,4,4
ECU,Pseudomonas_aeruginosa,4,2,4,4
ECU,Enterobacter_cloacae,4,2,4,4
ECU,Neisseria_meningitidis,2,1,1,1
ECU,Listeria_monocytogenes,2,1,1,1
ECU,Corynebacterium_diphtheriae,2,1,1,1
ECU,Bacillus_cereus,2,1,1,1
ECU,Vibrio_cholerae,2,2,1,2
ECU,Neisseria_gonorrhoeae,3,2,2,2
ECU,Treponema_pallidum,2,1,1,1
ECU,Streptococcus_pneumoniae,2,2,1,1
ECU,Leptospira_interrogans,2,1,1,1
ECU,Helicobacter_pylori,2,1,1,1
ECU,Escherichia_coli,4,3,4,4
ECU,Chlamydia_trachomatis,2,1,1,1
ECU,Burkholderia_contaminans,2,2,1,2
ECU,Vibrio_parahaemolyticus,2,2,1,3
ECU,Streptococcus_agalactiae,2,1,1,1
ECU,Streptococcus_suis,2,1,1,1
ECU,Mycobacterium_abscessus,2,1,1,1
ECU,Mycobacterium_massiliense,2,1,1,1
ECU,Mammalicoccus_sciuri,2,1,1,1
ECU,Klebsiella_variicola,4,2,3,3
ECU,Haemophilus_influenzae,2,1,1,1
ECU,Haemophilus_haemolyticus,2,1,1,1
ECU,Haemophilus_parainfluenzae,2,1,1,1
ECU,Enterococcus_faecalis,4,2,3,3
ECU,Dichelobacter_nodosus,2,1,1,1
ECU,Cronobacter_malonaticus,2,2,1,2
ECU,Cronobacter_sakazakii,2,2,1,2
ECU,Clostridium_perfringens,2,2,1,2
ECU,Campylobacter_jejuni,2,2,1,2
ECU,Campylobacter_coli,2,2,1,2
ECU,Burkholderia_pseudomallei,2,2,1,2
ECU,Burkholderia_ambifaria,2,2,1,2
ECU,Burkholderia_cenocepacia,2,2,1,2
ECU,Burkholderia_cepacia,2,2,1,2
ECU,Burkholderia_multivorans,2,2,1,2
ECU,Burkholderia_ubonensis,2,2,1,2
ECU,Bordetella_parapertussis,2,1,1,1
ECU,Acinetobacter_nosocomialis,4,2,3,4
ECU,Acinetobacter_pittii,4,2,3,4
ECU,Listeria_innocua,2,1,1,1
ECU,Cronobacter_turicensis,2,2,1,2
ECU,Clostridium_chauvoei,2,1,1,1
ECU,Borrelia_bavariensis,2,1,1,1
ECU,Salmonella_enterica,4,2,3,3
ECU,Yersinia_enterocolitica,2,2,1,3
ECU,Neisseria_lactamica,2,1,1,1
ECU,Leptospira_borgpetersenii,2,1,1,1
ECU,Burkholderia_vietnamiensis,2,2,1,2
ECU,Streptococcus_uberis,2,1,1,1
ECU,Cronobacter_dublinensis,2,2,1,2
ECU,Chlamydia_abortus,2,1,1,1
ECU,Bordetella_pertussis,2,1,1,1
ECU,Borrelia_garinii,2,1,1,1
ECU,Neisseria_cinerea,2,1,1,1
ECU,Bordetella_bronchiseptica,2,1,1,1
ECU,Mycobacterium_bovis,2,1,1,1
ECU,Shigella_flexneri,4,2,3,4
ECU,Mycobacterium_tuberculosis,2,2,1,1
SLV,Enterococcus_faecium,4,1,3,3
SLV,Staphylococcus_aureus,4,2,4,3
SLV,Klebsiella_pneumoniae,4,2,4,4
SLV,Acinetobacter_baumannii,4,2,4,4
SLV,Pseudomonas_aeruginosa,4,2,4,4
SLV,Enterobacter_cloacae,4,2,4,4
SLV,Neisseria_meningitidis,2,1,1,1
SLV,Listeria_monocytogenes,2,1,1,1
SLV,Corynebacterium_diphtheriae,2,1,1,1
SLV,Bacillus_cereus,2,1,1,1
SLV,Vibrio_cholerae,2,2,1,2
SLV,Neisseria_gonorrhoeae,3,2,2,2
SLV,Treponema_pallidum,2,1,1,1
SLV,Streptococcus_pneumoniae,2,2,1,1
SLV,Leptospira_interrogans,2,1,1,1
SLV,Helicobacter_pylori,2,1,1,1
SLV,Escherichia_coli,4,3,4,4
SLV,Chlamydia_trachomatis,2,1,1,1
SLV,Burkholderia_contaminans,2,2,1,2
SLV,Vibrio_parahaemolyticus,2,2,1,3
SLV,Streptococcus_agalactiae,2,1,1,1
SLV,Streptococcus_suis,2,1,1,1
SLV,Mycobacterium_abscessus,2,1,1,1
SLV,Mycobacterium_massiliense,2,1,1,1
SLV,Mammalicoccus_sciuri,2,1,1,1
SLV,Klebsiella_variicola,4,2,3,3
SLV,Haemophilus_influenzae,2,1,1,1
SLV,Haemophilus_haemolyticus,2,1,1,1
SLV,Haemophilus_parainfluenzae,2,1,1,1
SLV,Enterococcus_faecalis,4,2,3,3
SLV,Dichelobacter_nodosus,2,1,1,1
SLV,Cronobacter_malonaticus,2,2,1,2
SLV,Cronobacter_sakazakii,2,2,1,2
SLV,Clostridium_perfringens,2,2,1,2
SLV,Campylobacter_jejuni,2,2,1,2
SLV,Campylobacter_coli,2,2,1,2
SLV,Burkholderia_pseudomallei,2,2,1,2
SLV,Burkholderia_ambifaria,2,2,1,2
SLV,Burkholderia_cenocepacia,2,2,1,2
SLV,Burkholderia_cepacia,2,2,1,2
SLV,Burkholderia_multivorans,2,2,1,2
SLV,Burkholderia_ubonensis,2,2,1,2
SLV,Bordetella_parapertussis,2,1,1,1
SLV,Acinetobacter_nosocomialis,4,2,3,4
SLV,Acinetobacter_pittii,4,2,3,4
SLV,Listeria_innocua,2,1,1,1
SLV,Cronobacter_turicensis,2,2,1,2
SLV,Clostridium_chauvoei,2,1,1,1
SLV,Borrelia_bavariensis,2,1,1,1
SLV,Salmonella_enterica,4,2,3,3
SLV,Yersinia_enterocolitica,2,2,1,3
SLV,Neisseria_lactamica,2,1,1,1
SLV,Leptospira_borgpetersenii,2,1,1,1
SLV,Burkholderia_vietnamiensis,2,2,1,2
SLV,Streptococcus_uberis,2,1,1,1
SLV,Cronobacter_dublinensis,2,2,1,2
SLV,Chlamydia_abortus,2,1,1,1
SLV,Bordetella_pertussis,2,1,1,1
SLV,Borrelia_garinii,2,1,1,1
SLV,Neisseria_cinerea,2,1,1,1
SLV,Bordetella_bronchiseptica,2,1,1,1
SLV,Mycobacterium_bovis,2,1,1,1
SLV,Shigella_flexneri,4,2,3,4
SLV,Mycobacterium_tuberculosis,2,2,1,1
GNQ,Enterococcus_faecium,4,1,3,3
GNQ,Staphylococcus_aureus,4,2,4,3
GNQ,Klebsiella_pneumoniae,4,2,4,4
GNQ,Acinetobacter_baumannii,4,2,4,4
GNQ,Pseudomonas_aeruginosa,4,2,4,4
GNQ,Enterobacter_cloacae,4,2,4,4
GNQ,Neisseria_meningitidis,2,1,1,1
GNQ,Listeria_monocytogenes,2,1,1,1
GNQ,Corynebacterium_diphtheriae,2,1,1,1
GNQ,Bacillus_cereus,2,1,1,1
GNQ,Vibrio_cholerae,2,2,1,2
GNQ,Neisseria_gonorrhoeae,3,2,2,2
GNQ,Treponema_pallidum,2,1,1,1
GNQ,Streptococcus_pneumoniae,2,2,1,1
GNQ,Leptospira_interrogans,2,1,1,1
GNQ,Helicobacter_pylori,2,1,1,1
GNQ,Escherichia_coli,4,3,4,4
GNQ,Chlamydia_trachomatis,2,1,1,1
GNQ,Burkholderia_contaminans,2,2,1,2
GNQ,Vibrio_parahaemolyticus,2,2,1,3
GNQ,Streptococcus_agalactiae,2,1,1,1
GNQ,Streptococcus_suis,2,1,1,1
GNQ,Mycobacterium_abscessus,2,1,1,1
GNQ,Mycobacterium_massiliense,2,1,1,1
GNQ,Mammalicoccus_sciuri,2,1,1,1
GNQ,Klebsiella_variicola,4,2,3,3
GNQ,Haemophilus_influenzae,2,1,1,1
GNQ,Haemophilus_haemolyticus,2,1,1,1
GNQ,Haemophilus_parainfluenzae,2,1,1,1
GNQ,Enterococcus_faecalis,4,2,3,3
GNQ,Dichelobacter_nodosus,2,1,1,1
GNQ,Cronobacter_malonaticus,2,2,1,2
GNQ,Cronobacter_sakazakii,2,2,1,2
GNQ,Clostridium_perfringens,2,2,1,2
GNQ,Campylobacter_jejuni,2,2,1,2
GNQ,Campylobacter_coli,2,2,1,2
GNQ,Burkholderia_pseudomallei,2,2,1,2
GNQ,Burkholderia_ambifaria,2,2,1,2
GNQ,Burkholderia_cenocepacia,2,2,1,2
GNQ,Burkholderia_cepacia,2,2,1,2
GNQ,Burkholderia_multivorans,2,2,1,2
GNQ,Burkholderia_ubonensis,2,2,1,2
GNQ,Bordetella_parapertussis,2,1,1,1
GNQ,Acinetobacter_nosocomialis,4,2,3,4
GNQ,Acinetobacter_pittii,4,2,3,4
GNQ,Listeria_innocua,2,1,1,1
GNQ,Cronobacter_turicensis,2,2,1,2
GNQ,Clostridium_chauvoei,2,1,1,1
GNQ,Borrelia_bavariensis,2,1,1,1
GNQ,Salmonella_enterica,4,2,3,3
GNQ,Yersinia_enterocolitica,2,2,1,3
GNQ,Neisseria_lactamica,2,1,1,1
GNQ,Leptospira_borgpetersenii,2,1,1,1
GNQ,Burkholderia_vietnamiensis,2,2,1,2
GNQ,Streptococcus_uberis,2,1,1,1
GNQ,Cronobacter_dublinensis,2,2,1,2
GNQ,Chlamydia_abortus,2,1,1,1
GNQ,Bordetella_pertussis,2,1,1,1
GNQ,Borrelia_garinii,2,1,1,1
GNQ,Neisseria_cinerea,2,1,1,1
GNQ,Bordetella_bronchiseptica,2,1,1,1
GNQ,Mycobacterium_bovis,2,1,1,1
GNQ,Shigella_flexneri,4,2,3,4
GNQ,Mycobacterium_tuberculosis,2,2,1,1
FJI,Enterococcus_faecium,4,1,3,3
FJI,Staphylococcus_aureus,4,2,4,3
FJI,Klebsiella_pneumoniae,4,2,4,4
FJI,Acinetobacter_baumannii,4,2,4,4
FJI,Pseudomonas_aeruginosa,4,2,4,4
FJI,Enterobacter_cloacae,4,2,4,4
FJI,Neisseria_meningitidis,2,1,1,1
FJI,Listeria_monocytogenes,2,1,1,1
FJI,Corynebacterium_diphtheriae,2,1,1,1
FJI,Bacillus_cereus,2,1,1,1
FJI,Vibrio_cholerae,2,2,1,2
FJI,Neisseria_gonorrhoeae,3,2,2,2
FJI,Treponema_pallidum,2,1,1,1
FJI,Streptococcus_pneumoniae,2,2,1,1
FJI,Leptospira_interrogans,2,1,1,1
FJI,Helicobacter_pylori,2,1,1,1
FJI,Escherichia_coli,4,3,4,4
FJI,Chlamydia_trachomatis,2,1,1,1
FJI,Burkholderia_contaminans,2,2,1,2
FJI,Vibrio_parahaemolyticus,2,2,1,3
FJI,Streptococcus_agalactiae,2,1,1,1
FJI,Streptococcus_suis,2,1,1,1
FJI,Mycobacterium_abscessus,2,1,1,1
FJI,Mycobacterium_massiliense,2,1,1,1
FJI,Mammalicoccus_sciuri,2,1,1,1
FJI,Klebsiella_variicola,4,2,3,3
FJI,Haemophilus_influenzae,2,1,1,1
FJI,Haemophilus_haemolyticus,2,1,1,1
FJI,Haemophilus_parainfluenzae,2,1,1,1
FJI,Enterococcus_faecalis,4,2,3,3
FJI,Dichelobacter_nodosus,2,1,1,1
FJI,Cronobacter_malonaticus,2,2,1,2
FJI,Cronobacter_sakazakii,2,2,1,2
FJI,Clostridium_perfringens,2,2,1,2
FJI,Campylobacter_jejuni,2,2,1,2
FJI,Campylobacter_coli,2,2,1,2
FJI,Burkholderia_pseudomallei,2,2,1,2
FJI,Burkholderia_ambifaria,2,2,1,2
FJI,Burkholderia_cenocepacia,2,2,1,2
FJI,Burkholderia_cepacia,2,2,1,2
FJI,Burkholderia_multivorans,2,2,1,2
FJI,Burkholderia_ubonensis,2,2,1,2
FJI,Bordetella_parapertussis,2,1,1,1
FJI,Acinetobacter_nosocomialis,4,2,3,4
FJI,Acinetobacter_pittii,4,2,3,4
FJI,Listeria_innocua,2,1,1,1
FJI,Cronobacter_turicensis,2,2,1,2
FJI,Clostridium_chauvoei,2,1,1,1
FJI,Borrelia_bavariensis,2,1,1,1
FJI,Salmonella_enterica,4,2,3,3
FJI,Yersinia_enterocolitica,2,2,1,3
FJI,Neisseria_lactamica,2,1,1,1
FJI,Leptospira_borgpetersenii,2,1,1,1
FJI,Burkholderia_vietnamiensis,2,2,1,2
FJI,Streptococcus_uberis,2,1,1,1
FJI,Cronobacter_dublinensis,2,2,1,2
FJI,Chlamydia_abortus,2,1,1,1
FJI,Bordetella_pertussis,2,1,1,1
FJI,Borrelia_garinii,2,1,1,1
FJI,Neisseria_cinerea,2,1,1,1
FJI,Bordetella_bronchiseptica,2,1,1,1
FJI,Mycobacterium_bovis,2,1,1,1
FJI,Shigella_flexneri,4,2,3,4
FJI,Mycobacterium_tuberculosis,2,2,1,1
GAB,Enterococcus_faecium,4,1,3,3
GAB,Staphylococcus_aureus,4,2,4,3
GAB,Klebsiella_pneumoniae,4,2,4,4
GAB,Acinetobacter_baumannii,4,2,4,4
GAB,Pseudomonas_aeruginosa,4,2,4,4
GAB,Enterobacter_cloacae,4,2,4,4
GAB,Neisseria_meningitidis,2,1,1,1
GAB,Listeria_monocytogenes,2,1,1,1
GAB,Corynebacterium_diphtheriae,2,1,1,1
GAB,Bacillus_cereus,2,1,1,1
GAB,Vibrio_cholerae,2,2,1,2
GAB,Neisseria_gonorrhoeae,3,2,2,2
GAB,Treponema_pallidum,2,1,1,1
GAB,Streptococcus_pneumoniae,2,2,1,1
GAB,Leptospira_interrogans,2,1,1,1
GAB,Helicobacter_pylori,2,1,1,1
GAB,Escherichia_coli,4,3,4,4
GAB,Chlamydia_trachomatis,2,1,1,1
GAB,Burkholderia_contaminans,2,2,1,2
GAB,Vibrio_parahaemolyticus,2,2,1,3
GAB,Streptococcus_agalactiae,2,1,1,1
GAB,Streptococcus_suis,2,1,1,1
GAB,Mycobacterium_abscessus,2,1,1,1
GAB,Mycobacterium_massiliense,2,1,1,1
GAB,Mammalicoccus_sciuri,2,1,1,1
GAB,Klebsiella_variicola,4,2,3,3
GAB,Haemophilus_influenzae,2,1,1,1
GAB,Haemophilus_haemolyticus,2,1,1,1
GAB,Haemophilus_parainfluenzae,2,1,1,1
GAB,Enterococcus_faecalis,4,2,3,3
GAB,Dichelobacter_nodosus,2,1,1,1
GAB,Cronobacter_malonaticus,2,2,1,2
GAB,Cronobacter_sakazakii,2,2,1,2
GAB,Clostridium_perfringens,2,2,1,2
GAB,Campylobacter_jejuni,2,2,1,2
GAB,Campylobacter_coli,2,2,1,2
GAB,Burkholderia_pseudomallei,2,2,1,2
GAB,Burkholderia_ambifaria,2,2,1,2
GAB,Burkholderia_cenocepacia,2,2,1,2
GAB,Burkholderia_cepacia,2,2,1,2
GAB,Burkholderia_multivorans,2,2,1,2
GAB,Burkholderia_ubonensis,2,2,1,2
GAB,Bordetella_parapertussis,2,1,1,1
GAB,Acinetobacter_nosocomialis,4,2,3,4
GAB,Acinetobacter_pittii,4,2,3,4
GAB,Listeria_innocua,2,1,1,1
GAB,Cronobacter_turicensis,2,2,1,2
GAB,Clostridium_chauvoei,2,1,1,1
GAB,Borrelia_bavariensis,2,1,1,1
GAB,Salmonella_enterica,4,2,3,3
GAB,Yersinia_enterocolitica,2,2,1,3
GAB,Neisseria_lactamica,2,1,1,1
GAB,Leptospira_borgpetersenii,2,1,1,1
GAB,Burkholderia_vietnamiensis,2,2,1,2
GAB,Streptococcus_uberis,2,1,1,1
GAB,Cronobacter_dublinensis,2,2,1,2
GAB,Chlamydia_abortus,2,1,1,1
GAB,Bordetella_pertussis,2,1,1,1
GAB,Borrelia_garinii,2,1,1,1
GAB,Neisseria_cinerea,2,1,1,1
GAB,Bordetella_bronchiseptica,2,1,1,1
GAB,Mycobacterium_bovis,2,1,1,1
GAB,Shigella_flexneri,4,2,3,4
GAB,Mycobacterium_tuberculosis,2,2,1,1
GEO,Enterococcus_faecium,4,1,3,3
GEO,Staphylococcus_aureus,4,2,4,3
GEO,Klebsiella_pneumoniae,4,2,4,4
GEO,Acinetobacter_baumannii,4,2,4,4
GEO,Pseudomonas_aeruginosa,4,2,4,4
GEO,Enterobacter_cloacae,4,2,4,4
GEO,Neisseria_meningitidis,2,1,1,1
GEO,Listeria_monocytogenes,2,1,1,1
GEO,Corynebacterium_diphtheriae,2,1,1,1
GEO,Bacillus_cereus,2,1,1,1
GEO,Vibrio_cholerae,2,2,1,2
GEO,Neisseria_gonorrhoeae,3,2,2,2
GEO,Treponema_pallidum,2,1,1,1
GEO,Streptococcus_pneumoniae,2,2,1,1
GEO,Leptospira_interrogans,2,1,1,1
GEO,Helicobacter_pylori,2,1,1,1
GEO,Escherichia_coli,4,3,4,4
GEO,Chlamydia_trachomatis,2,1,1,1
GEO,Burkholderia_contaminans,2,2,1,2
GEO,Vibrio_parahaemolyticus,2,2,1,3
GEO,Streptococcus_agalactiae,2,1,1,1
GEO,Streptococcus_suis,2,1,1,1
GEO,Mycobacterium_abscessus,2,1,1,1
GEO,Mycobacterium_massiliense,2,1,1,1
GEO,Mammalicoccus_sciuri,2,1,1,1
GEO,Klebsiella_variicola,4,2,3,3
GEO,Haemophilus_influenzae,2,1,1,1
GEO,Haemophilus_haemolyticus,2,1,1,1
GEO,Haemophilus_parainfluenzae,2,1,1,1
GEO,Enterococcus_faecalis,4,2,3,3
GEO,Dichelobacter_nodosus,2,1,1,1
GEO,Cronobacter_malonaticus,2,2,1,2
GEO,Cronobacter_sakazakii,2,2,1,2
GEO,Clostridium_perfringens,2,2,1,2
GEO,Campylobacter_jejuni,2,2,1,2
GEO,Campylobacter_coli,2,2,1,2
GEO,Burkholderia_pseudomallei,2,2,1,2
GEO,Burkholderia_ambifaria,2,2,1,2
GEO,Burkholderia_cenocepacia,2,2,1,2
GEO,Burkholderia_cepacia,2,2,1,2
GEO,Burkholderia_multivorans,2,2,1,2
GEO,Burkholderia_ubonensis,2,2,1,2
GEO,Bordetella_parapertussis,2,1,1,1
GEO,Acinetobacter_nosocomialis,4,2,3,4
GEO,Acinetobacter_pittii,4,2,3,4
GEO,Listeria_innocua,2,1,1,1
GEO,Cronobacter_turicensis,2,2,1,2
GEO,Clostridium_chauvoei,2,1,1,1
GEO,Borrelia_bavariensis,2,1,1,1
GEO,Salmonella_enterica,4,2,3,3
GEO,Yersinia_enterocolitica,2,2,1,3
GEO,Neisseria_lactamica,2,1,1,1
GEO,Leptospira_borgpetersenii,2,1,1,1
GEO,Burkholderia_vietnamiensis,2,2,1,2
GEO,Streptococcus_uberis,2,1,1,1
GEO,Cronobacter_dublinensis,2,2,1,2
GEO,Chlamydia_abortus,2,1,1,1
GEO,Bordetella_pertussis,2,1,1,1
GEO,Borrelia_garinii,2,1,1,1
GEO,Neisseria_cinerea,2,1,1,1
GEO,Bordetella_bronchiseptica,2,1,1,1
GEO,Mycobacterium_bovis,2,1,1,1
GEO,Shigella_flexneri,4,2,3,4
GEO,Mycobacterium_tuberculosis,2,2,1,1
GRD,Enterococcus_faecium,4,1,3,3
GRD,Staphylococcus_aureus,4,2,4,3
GRD,Klebsiella_pneumoniae,4,2,4,4
GRD,Acinetobacter_baumannii,4,2,4,4
GRD,Pseudomonas_aeruginosa,4,2,4,4
GRD,Enterobacter_cloacae,4,2,4,4
GRD,Neisseria_meningitidis,2,1,1,1
GRD,Listeria_monocytogenes,2,1,1,1
GRD,Corynebacterium_diphtheriae,2,1,1,1
GRD,Bacillus_cereus,2,1,1,1
GRD,Vibrio_cholerae,2,2,1,2
GRD,Neisseria_gonorrhoeae,3,2,2,2
GRD,Treponema_pallidum,2,1,1,1
GRD,Streptococcus_pneumoniae,2,2,1,1
GRD,Leptospira_interrogans,2,1,1,1
GRD,Helicobacter_pylori,2,1,1,1
GRD,Escherichia_coli,4,3,4,4
GRD,Chlamydia_trachomatis,2,1,1,1
GRD,Burkholderia_contaminans,2,2,1,2
GRD,Vibrio_parahaemolyticus,2,2,1,3
GRD,Streptococcus_agalactiae,2,1,1,1
GRD,Streptococcus_suis,2,1,1,1
GRD,Mycobacterium_abscessus,2,1,1,1
GRD,Mycobacterium_massiliense,2,1,1,1
GRD,Mammalicoccus_sciuri,2,1,1,1
GRD,Klebsiella_variicola,4,2,3,3
GRD,Haemophilus_influenzae,2,1,1,1
GRD,Haemophilus_haemolyticus,2,1,1,1
GRD,Haemophilus_parainfluenzae,2,1,1,1
GRD,Enterococcus_faecalis,4,2,3,3
GRD,Dichelobacter_nodosus,2,1,1,1
GRD,Cronobacter_malonaticus,2,2,1,2
GRD,Cronobacter_sakazakii,2,2,1,2
GRD,Clostridium_perfringens,2,2,1,2
GRD,Campylobacter_jejuni,2,2,1,2
GRD,Campylobacter_coli,2,2,1,2
GRD,Burkholderia_pseudomallei,2,2,1,2
GRD,Burkholderia_ambifaria,2,2,1,2
GRD,Burkholderia_cenocepacia,2,2,1,2
GRD,Burkholderia_cepacia,2,2,1,2
GRD,Burkholderia_multivorans,2,2,1,2
GRD,Burkholderia_ubonensis,2,2,1,2
GRD,Bordetella_parapertussis,2,1,1,1
GRD,Acinetobacter_nosocomialis,4,2,3,4
GRD,Acinetobacter_pittii,4,2,3,4
GRD,Listeria_innocua,2,1,1,1
GRD,Cronobacter_turicensis,2,2,1,2
GRD,Clostridium_chauvoei,2,1,1,1
GRD,Borrelia_bavariensis,2,1,1,1
GRD,Salmonella_enterica,4,2,3,3
GRD,Yersinia_enterocolitica,2,2,1,3
GRD,Neisseria_lactamica,2,1,1,1
GRD,Leptospira_borgpetersenii,2,1,1,1
GRD,Burkholderia_vietnamiensis,2,2,1,2
GRD,Streptococcus_uberis,2,1,1,1
GRD,Cronobacter_dublinensis,2,2,1,2
GRD,Chlamydia_abortus,2,1,1,1
GRD,Bordetella_pertussis,2,1,1,1
GRD,Borrelia_garinii,2,1,1,1
GRD,Neisseria_cinerea,2,1,1,1
GRD,Bordetella_bronchiseptica,2,1,1,1
GRD,Mycobacterium_bovis,2,1,1,1
GRD,Shigella_flexneri,4,2,3,4
GRD,Mycobacterium_tuberculosis,2,2,1,1
GTM,Enterococcus_faecium,4,1,3,3
GTM,Staphylococcus_aureus,4,2,4,3
GTM,Klebsiella_pneumoniae,4,2,4,4
GTM,Acinetobacter_baumannii,4,2,4,4
GTM,Pseudomonas_aeruginosa,4,2,4,4
GTM,Enterobacter_cloacae,4,2,4,4
GTM,Neisseria_meningitidis,2,1,1,1
GTM,Listeria_monocytogenes,2,1,1,1
GTM,Corynebacterium_diphtheriae,2,1,1,1
GTM,Bacillus_cereus,2,1,1,1
GTM,Vibrio_cholerae,2,2,1,2
GTM,Neisseria_gonorrhoeae,3,2,2,2
GTM,Treponema_pallidum,2,1,1,1
GTM,Streptococcus_pneumoniae,2,2,1,1
GTM,Leptospira_interrogans,2,1,1,1
GTM,Helicobacter_pylori,2,1,1,1
GTM,Escherichia_coli,4,3,4,4
GTM,Chlamydia_trachomatis,2,1,1,1
GTM,Burkholderia_contaminans,2,2,1,2
GTM,Vibrio_parahaemolyticus,2,2,1,3
GTM,Streptococcus_agalactiae,2,1,1,1
GTM,Streptococcus_suis,2,1,1,1
GTM,Mycobacterium_abscessus,2,1,1,1
GTM,Mycobacterium_massiliense,2,1,1,1
GTM,Mammalicoccus_sciuri,2,1,1,1
GTM,Klebsiella_variicola,4,2,3,3
GTM,Haemophilus_influenzae,2,1,1,1
GTM,Haemophilus_haemolyticus,2,1,1,1
GTM,Haemophilus_parainfluenzae,2,1,1,1
GTM,Enterococcus_faecalis,4,2,3,3
GTM,Dichelobacter_nodosus,2,1,1,1
GTM,Cronobacter_malonaticus,2,2,1,2
GTM,Cronobacter_sakazakii,2,2,1,2
GTM,Clostridium_perfringens,2,2,1,2
GTM,Campylobacter_jejuni,2,2,1,2
GTM,Campylobacter_coli,2,2,1,2
GTM,Burkholderia_pseudomallei,2,2,1,2
GTM,Burkholderia_ambifaria,2,2,1,2
GTM,Burkholderia_cenocepacia,2,2,1,2
GTM,Burkholderia_cepacia,2,2,1,2
GTM,Burkholderia_multivorans,2,2,1,2
GTM,Burkholderia_ubonensis,2,2,1,2
GTM,Bordetella_parapertussis,2,1,1,1
GTM,Acinetobacter_nosocomialis,4,2,3,4
GTM,Acinetobacter_pittii,4,2,3,4
GTM,Listeria_innocua,2,1,1,1
GTM,Cronobacter_turicensis,2,2,1,2
GTM,Clostridium_chauvoei,2,1,1,1
GTM,Borrelia_bavariensis,2,1,1,1
GTM,Salmonella_enterica,4,2,3,3
GTM,Yersinia_enterocolitica,2,2,1,3
GTM,Neisseria_lactamica,2,1,1,1
GTM,Leptospira_borgpetersenii,2,1,1,1
GTM,Burkholderia_vietnamiensis,2,2,1,2
GTM,Streptococcus_uberis,2,1,1,1
GTM,Cronobacter_dublinensis,2,2,1,2
GTM,Chlamydia_abortus,2,1,1,1
GTM,Bordetella_pertussis,2,1,1,1
GTM,Borrelia_garinii,2,1,1,1
GTM,Neisseria_cinerea,2,1,1,1
GTM,Bordetella_bronchiseptica,2,1,1,1
GTM,Mycobacterium_bovis,2,1,1,1
GTM,Shigella_flexneri,4,2,3,4
GTM,Mycobacterium_tuberculosis,2,2,1,1
IDN,Enterococcus_faecium,4,1,3,3
IDN,Staphylococcus_aureus,4,2,4,3
IDN,Klebsiella_pneumoniae,4,2,4,4
IDN,Acinetobacter_baumannii,4,2,4,4
IDN,Pseudomonas_aeruginosa,4,2,4,4
IDN,Enterobacter_cloacae,4,2,4,4
IDN,Neisseria_meningitidis,2,1,1,1
IDN,Listeria_monocytogenes,2,1,1,1
IDN,Corynebacterium_diphtheriae,2,1,1,1
IDN,Bacillus_cereus,2,1,1,1
IDN,Vibrio_cholerae,2,2,1,2
IDN,Neisseria_gonorrhoeae,3,3,2,2
IDN,Treponema_pallidum,2,1,1,1
IDN,Streptococcus_pneumoniae,2,2,1,1
IDN,Leptospira_interrogans,2,1,1,1
IDN,Helicobacter_pylori,2,1,1,1
IDN,Escherichia_coli,4,3,4,4
IDN,Chlamydia_trachomatis,2,1,1,1
IDN,Burkholderia_contaminans,2,2,1,2
IDN,Vibrio_parahaemolyticus,2,2,1,3
IDN,Streptococcus_agalactiae,2,1,1,1
IDN,Streptococcus_suis,2,1,1,1
IDN,Mycobacterium_abscessus,2,1,1,1
IDN,Mycobacterium_massiliense,2,1,1,1
IDN,Mammalicoccus_sciuri,2,1,1,1
IDN,Klebsiella_variicola,4,2,3,3
IDN,Haemophilus_influenzae,2,1,1,1
IDN,Haemophilus_haemolyticus,2,1,1,1
IDN,Haemophilus_parainfluenzae,2,1,1,1
IDN,Enterococcus_faecalis,4,2,3,3
IDN,Dichelobacter_nodosus,2,1,1,1
IDN,Cronobacter_malonaticus,2,2,1,2
IDN,Cronobacter_sakazakii,2,2,1,2
IDN,Clostridium_perfringens,2,2,1,2
IDN,Campylobacter_jejuni,2,2,1,2
IDN,Campylobacter_coli,2,2,1,2
IDN,Burkholderia_pseudomallei,2,2,1,2
IDN,Burkholderia_ambifaria,2,2,1,2
IDN,Burkholderia_cenocepacia,2,2,1,2
IDN,Burkholderia_cepacia,2,2,1,2
IDN,Burkholderia_multivorans,2,2,1,2
IDN,Burkholderia_ubonensis,2,2,1,2
IDN,Bordetella_parapertussis,2,1,1,1
IDN,Acinetobacter_nosocomialis,4,2,3,4
IDN,Acinetobacter_pittii,4,2,3,4
IDN,Listeria_innocua,2,1,1,1
IDN,Cronobacter_turicensis,2,2,1,2
IDN,Clostridium_chauvoei,2,1,1,1
IDN,Borrelia_bavariensis,2,1,1,1
IDN,Salmonella_enterica,4,2,3,3
IDN,Yersinia_enterocolitica,2,2,1,3
IDN,Neisseria_lactamica,2,1,1,1
IDN,Leptospira_borgpetersenii,2,1,1,1
IDN,Burkholderia_vietnamiensis,2,2,1,2
IDN,Streptococcus_uberis,2,1,1,1
IDN,Cronobacter_dublinensis,2,2,1,2
IDN,Chlamydia_abortus,2,1,1,1
IDN,Bordetella_pertussis,2,1,1,1
IDN,Borrelia_garinii,2,1,1,1
IDN,Neisseria_cinerea,2,1,1,1
IDN,Bordetella_bronchiseptica,2,1,1,1
IDN,Mycobacterium_bovis,2,1,1,1
IDN,Shigella_flexneri,4,2,3,4
IDN,Mycobacterium_tuberculosis,2,2,1,1
IRN,Enterococcus_faecium,4,1,3,3
IRN,Staphylococcus_aureus,4,2,4,3
IRN,Klebsiella_pneumoniae,4,2,4,4
IRN,Acinetobacter_baumannii,4,2,4,4
IRN,Pseudomonas_aeruginosa,4,2,4,4
IRN,Enterobacter_cloacae,4,2,4,4
IRN,Neisseria_meningitidis,2,1,1,1
IRN,Listeria_monocytogenes,2,1,1,1
IRN,Corynebacterium_diphtheriae,2,1,1,1
IRN,Bacillus_cereus,2,1,1,1
IRN,Vibrio_cholerae,2,2,1,2
IRN,Neisseria_gonorrhoeae,3,2,2,2
IRN,Treponema_pallidum,2,1,1,1
IRN,Streptococcus_pneumoniae,2,2,1,1
IRN,Leptospira_interrogans,2,1,1,1
IRN,Helicobacter_pylori,2,1,1,1
IRN,Escherichia_coli,4,3,4,4
IRN,Chlamydia_trachomatis,2,1,1,1
IRN,Burkholderia_contaminans,2,2,1,2
IRN,Vibrio_parahaemolyticus,2,2,1,3
IRN,Streptococcus_agalactiae,2,1,1,1
IRN,Streptococcus_suis,2,1,1,1
IRN,Mycobacterium_abscessus,2,1,1,1
IRN,Mycobacterium_massiliense,2,1,1,1
IRN,Mammalicoccus_sciuri,2,1,1,1
IRN,Klebsiella_variicola,4,2,3,3
IRN,Haemophilus_influenzae,2,1,1,1
IRN,Haemophilus_haemolyticus,2,1,1,1
IRN,Haemophilus_parainfluenzae,2,1,1,1
IRN,Enterococcus_faecalis,4,2,3,3
IRN,Dichelobacter_nodosus,2,1,1,1
IRN,Cronobacter_malonaticus,2,2,1,2
IRN,Cronobacter_sakazakii,2,2,1,2
IRN,Clostridium_perfringens,2,2,1,2
IRN,Campylobacter_jejuni,2,2,1,2
IRN,Campylobacter_coli,2,2,1,2
IRN,Burkholderia_pseudomallei,2,2,1,2
IRN,Burkholderia_ambifaria,2,2,1,2
IRN,Burkholderia_cenocepacia,2,2,1,2
IRN,Burkholderia_cepacia,2,2,1,2
IRN,Burkholderia_multivorans,2,2,1,2
IRN,Burkholderia_ubonensis,2,2,1,2
IRN,Bordetella_parapertussis,2,1,1,1
IRN,Acinetobacter_nosocomialis,4,2,3,4
IRN,Acinetobacter_pittii,4,2,3,4
IRN,Listeria_innocua,2,1,1,1
IRN,Cronobacter_turicensis,2,2,1,2
IRN,Clostridium_chauvoei,2,1,1,1
IRN,Borrelia_bavariensis,2,1,1,1
IRN,Salmonella_enterica,4,2,3,3
IRN,Yersinia_enterocolitica,2,2,1,3
IRN,Neisseria_lactamica,2,1,1,1
IRN,Leptospira_borgpetersenii,2,1,1,1
IRN,Burkholderia_vietnamiensis,2,2,1,2
IRN,Streptococcus_uberis,2,1,1,1
IRN,Cronobacter_dublinensis,2,2,1,2
IRN,Chlamydia_abortus,2,1,1,1
IRN,Bordetella_pertussis,2,1,1,1
IRN,Borrelia_garinii,2,1,1,1
IRN,Neisseria_cinerea,2,1,1,1
IRN,Bordetella_bronchiseptica,2,1,1,1
IRN,Mycobacterium_bovis,2,1,1,1
IRN,Shigella_flexneri,4,2,3,4
IRN,Mycobacterium_tuberculosis,2,2,1,1
IRQ,Enterococcus_faecium,4,1,3,3
IRQ,Staphylococcus_aureus,4,2,4,3
IRQ,Klebsiella_pneumoniae,4,2,4,4
IRQ,Acinetobacter_baumannii,4,2,4,4
IRQ,Pseudomonas_aeruginosa,4,2,4,4
IRQ,Enterobacter_cloacae,4,2,4,4
IRQ,Neisseria_meningitidis,2,1,1,1
IRQ,Listeria_monocytogenes,2,1,1,1
IRQ,Corynebacterium_diphtheriae,2,1,1,1
IRQ,Bacillus_cereus,2,1,1,1
IRQ,Vibrio_cholerae,2,2,1,2
IRQ,Neisseria_gonorrhoeae,3,2,2,2
IRQ,Treponema_pallidum,2,1,1,1
IRQ,Streptococcus_pneumoniae,2,2,1,1
IRQ,Leptospira_interrogans,2,1,1,1
IRQ,Helicobacter_pylori,2,1,1,1
IRQ,Escherichia_coli,4,3,4,4
IRQ,Chlamydia_trachomatis,2,1,1,1
IRQ,Burkholderia_contaminans,2,2,1,2
IRQ,Vibrio_parahaemolyticus,2,2,1,3
IRQ,Streptococcus_agalactiae,2,1,1,1
IRQ,Streptococcus_suis,2,1,1,1
IRQ,Mycobacterium_abscessus,2,1,1,1
IRQ,Mycobacterium_massiliense,2,1,1,1
IRQ,Mammalicoccus_sciuri,2,1,1,1
IRQ,Klebsiella_variicola,4,2,3,3
IRQ,Haemophilus_influenzae,2,1,1,1
IRQ,Haemophilus_haemolyticus,2,1,1,1
IRQ,Haemophilus_parainfluenzae,2,1,1,1
IRQ,Enterococcus_faecalis,4,2,3,3
IRQ,Dichelobacter_nodosus,2,1,1,1
IRQ,Cronobacter_malonaticus,2,2,1,2
IRQ,Cronobacter_sakazakii,2,2,1,2
IRQ,Clostridium_perfringens,2,2,1,2
IRQ,Campylobacter_jejuni,2,2,1,2
IRQ,Campylobacter_coli,2,2,1,2
IRQ,Burkholderia_pseudomallei,2,2,1,2
IRQ,Burkholderia_ambifaria,2,2,1,2
IRQ,Burkholderia_cenocepacia,2,2,1,2
IRQ,Burkholderia_cepacia,2,2,1,2
IRQ,Burkholderia_multivorans,2,2,1,2
IRQ,Burkholderia_ubonensis,2,2,1,2
IRQ,Bordetella_parapertussis,2,1,1,1
IRQ,Acinetobacter_nosocomialis,4,2,3,4
IRQ,Acinetobacter_pittii,4,2,3,4
IRQ,Listeria_innocua,2,1,1,1
IRQ,Cronobacter_turicensis,2,2,1,2
IRQ,Clostridium_chauvoei,2,1,1,1
IRQ,Borrelia_bavariensis,2,1,1,1
IRQ,Salmonella_enterica,4,2,3,3
IRQ,Yersinia_enterocolitica,2,2,1,3
IRQ,Neisseria_lactamica,2,1,1,1
IRQ,Leptospira_borgpetersenii,2,1,1,1
IRQ,Burkholderia_vietnamiensis,2,2,1,2
IRQ,Streptococcus_uberis,2,1,1,1
IRQ,Cronobacter_dublinensis,2,2,1,2
IRQ,Chlamydia_abortus,2,1,1,1
IRQ,Bordetella_pertussis,2,1,1,1
IRQ,Borrelia_garinii,2,1,1,1
IRQ,Neisseria_cinerea,2,1,1,1
IRQ,Bordetella_bronchiseptica,2,1,1,1
IRQ,Mycobacterium_bovis,2,1,1,1
IRQ,Shigella_flexneri,4,2,3,4
IRQ,Mycobacterium_tuberculosis,2,2,1,1
JAM,Enterococcus_faecium,4,1,3,3
JAM,Staphylococcus_aureus,4,2,4,3
JAM,Klebsiella_pneumoniae,4,2,4,4
JAM,Acinetobacter_baumannii,4,2,4,4
JAM,Pseudomonas_aeruginosa,4,2,4,4
JAM,Enterobacter_cloacae,4,2,4,4
JAM,Neisseria_meningitidis,2,1,1,1
JAM,Listeria_monocytogenes,2,1,1,1
JAM,Corynebacterium_diphtheriae,2,1,1,1
JAM,Bacillus_cereus,2,1,1,1
JAM,Vibrio_cholerae,2,2,1,2
JAM,Neisseria_gonorrhoeae,3,2,2,2
JAM,Treponema_pallidum,2,1,1,1
JAM,Streptococcus_pneumoniae,2,2,1,1
JAM,Leptospira_interrogans,2,1,1,1
JAM,Helicobacter_pylori,2,1,1,1
JAM,Escherichia_coli,4,3,4,4
JAM,Chlamydia_trachomatis,2,1,1,1
JAM,Burkholderia_contaminans,2,2,1,2
JAM,Vibrio_parahaemolyticus,2,2,1,3
JAM,Streptococcus_agalactiae,2,1,1,1
JAM,Streptococcus_suis,2,1,1,1
JAM,Mycobacterium_abscessus,2,1,1,1
JAM,Mycobacterium_massiliense,2,1,1,1
JAM,Mammalicoccus_sciuri,2,1,1,1
JAM,Klebsiella_variicola,4,2,3,3
JAM,Haemophilus_influenzae,2,1,1,1
JAM,Haemophilus_haemolyticus,2,1,1,1
JAM,Haemophilus_parainfluenzae,2,1,1,1
JAM,Enterococcus_faecalis,4,2,3,3
JAM,Dichelobacter_nodosus,2,1,1,1
JAM,Cronobacter_malonaticus,2,2,1,2
JAM,Cronobacter_sakazakii,2,2,1,2
JAM,Clostridium_perfringens,2,2,1,2
JAM,Campylobacter_jejuni,2,2,1,2
JAM,Campylobacter_coli,2,2,1,2
JAM,Burkholderia_pseudomallei,2,2,1,2
JAM,Burkholderia_ambifaria,2,2,1,2
JAM,Burkholderia_cenocepacia,2,2,1,2
JAM,Burkholderia_cepacia,2,2,1,2
JAM,Burkholderia_multivorans,2,2,1,2
JAM,Burkholderia_ubonensis,2,2,1,2
JAM,Bordetella_parapertussis,2,1,1,1
JAM,Acinetobacter_nosocomialis,4,2,3,4
JAM,Acinetobacter_pittii,4,2,3,4
JAM,Listeria_innocua,2,1,1,1
JAM,Cronobacter_turicensis,2,2,1,2
JAM,Clostridium_chauvoei,2,1,1,1
JAM,Borrelia_bavariensis,2,1,1,1
JAM,Salmonella_enterica,4,2,3,3
JAM,Yersinia_enterocolitica,2,2,1,3
JAM,Neisseria_lactamica,2,1,1,1
JAM,Leptospira_borgpetersenii,2,1,1,1
JAM,Burkholderia_vietnamiensis,2,2,1,2
JAM,Streptococcus_uberis,2,1,1,1
JAM,Cronobacter_dublinensis,2,2,1,2
JAM,Chlamydia_abortus,2,1,1,1
JAM,Bordetella_pertussis,2,1,1,1
JAM,Borrelia_garinii,2,1,1,1
JAM,Neisseria_cinerea,2,1,1,1
JAM,Bordetella_bronchiseptica,2,1,1,1
JAM,Mycobacterium_bovis,2,1,1,1
JAM,Shigella_flexneri,4,2,3,4
JAM,Mycobacterium_tuberculosis,2,2,1,1
KAZ,Enterococcus_faecium,4,1,3,3
KAZ,Staphylococcus_aureus,4,2,4,3
KAZ,Klebsiella_pneumoniae,4,2,4,4
KAZ,Acinetobacter_baumannii,4,2,4,4
KAZ,Pseudomonas_aeruginosa,4,2,4,4
KAZ,Enterobacter_cloacae,4,2,4,4
KAZ,Neisseria_meningitidis,2,1,1,1
KAZ,Listeria_monocytogenes,2,1,1,1
KAZ,Corynebacterium_diphtheriae,2,1,1,1
KAZ,Bacillus_cereus,2,1,1,1
KAZ,Vibrio_cholerae,2,2,1,2
KAZ,Neisseria_gonorrhoeae,3,2,2,2
KAZ,Treponema_pallidum,2,1,1,1
KAZ,Streptococcus_pneumoniae,2,2,1,1
KAZ,Leptospira_interrogans,2,1,1,1
KAZ,Helicobacter_pylori,2,1,1,1
KAZ,Escherichia_coli,4,3,4,4
KAZ,Chlamydia_trachomatis,2,1,1,1
KAZ,Burkholderia_contaminans,2,2,1,2
KAZ,Vibrio_parahaemolyticus,2,2,1,3
KAZ,Streptococcus_agalactiae,2,1,1,1
KAZ,Streptococcus_suis,2,1,1,1
KAZ,Mycobacterium_abscessus,2,1,1,1
KAZ,Mycobacterium_massiliense,2,1,1,1
KAZ,Mammalicoccus_sciuri,2,1,1,1
KAZ,Klebsiella_variicola,4,2,3,3
KAZ,Haemophilus_influenzae,2,1,1,1
KAZ,Haemophilus_haemolyticus,2,1,1,1
KAZ,Haemophilus_parainfluenzae,2,1,1,1
KAZ,Enterococcus_faecalis,4,2,3,3
KAZ,Dichelobacter_nodosus,2,1,1,1
KAZ,Cronobacter_malonaticus,2,2,1,2
KAZ,Cronobacter_sakazakii,2,2,1,2
KAZ,Clostridium_perfringens,2,2,1,2
KAZ,Campylobacter_jejuni,2,2,1,2
KAZ,Campylobacter_coli,2,2,1,2
KAZ,Burkholderia_pseudomallei,2,2,1,2
KAZ,Burkholderia_ambifaria,2,2,1,2
KAZ,Burkholderia_cenocepacia,2,2,1,2
KAZ,Burkholderia_cepacia,2,2,1,2
KAZ,Burkholderia_multivorans,2,2,1,2
KAZ,Burkholderia_ubonensis,2,2,1,2
KAZ,Bordetella_parapertussis,2,1,1,1
KAZ,Acinetobacter_nosocomialis,4,2,3,4
KAZ,Acinetobacter_pittii,4,2,3,4
KAZ,Listeria_innocua,2,1,1,1
KAZ,Cronobacter_turicensis,2,2,1,2
KAZ,Clostridium_chauvoei,2,1,1,1
KAZ,Borrelia_bavariensis,2,1,1,1
KAZ,Salmonella_enterica,4,2,3,3
KAZ,Yersinia_enterocolitica,2,2,1,3
KAZ,Neisseria_lactamica,2,1,1,1
KAZ,Leptospira_borgpetersenii,2,1,1,1
KAZ,Burkholderia_vietnamiensis,2,2,1,2
KAZ,Streptococcus_uberis,2,1,1,1
KAZ,Cronobacter_dublinensis,2,2,1,2
KAZ,Chlamydia_abortus,2,1,1,1
KAZ,Bordetella_pertussis,2,1,1,1
KAZ,Borrelia_garinii,2,1,1,1
KAZ,Neisseria_cinerea,2,1,1,1
KAZ,Bordetella_bronchiseptica,2,1,1,1
KAZ,Mycobacterium_bovis,2,1,1,1
KAZ,Shigella_flexneri,4,2,3,4
KAZ,Mycobacterium_tuberculosis,4,4,3,4
LBY,Enterococcus_faecium,4,1,3,3
LBY,Staphylococcus_aureus,4,2,4,3
LBY,Klebsiella_pneumoniae,4,2,4,4
LBY,Acinetobacter_baumannii,4,2,4,4
LBY,Pseudomonas_aeruginosa,4,2,4,4
LBY,Enterobacter_cloacae,4,2,4,4
LBY,Neisseria_meningitidis,2,1,1,1
LBY,Listeria_monocytogenes,2,1,1,1
LBY,Corynebacterium_diphtheriae,2,1,1,1
LBY,Bacillus_cereus,2,1,1,1
LBY,Vibrio_cholerae,2,2,1,2
LBY,Neisseria_gonorrhoeae,3,2,2,2
LBY,Treponema_pallidum,2,1,1,1
LBY,Streptococcus_pneumoniae,2,2,1,1
LBY,Leptospira_interrogans,2,1,1,1
LBY,Helicobacter_pylori,2,1,1,1
LBY,Escherichia_coli,4,3,4,4
LBY,Chlamydia_trachomatis,2,1,1,1
LBY,Burkholderia_contaminans,2,2,1,2
LBY,Vibrio_parahaemolyticus,2,2,1,3
LBY,Streptococcus_agalactiae,2,1,1,1
LBY,Streptococcus_suis,2,1,1,1
LBY,Mycobacterium_abscessus,2,1,1,1
LBY,Mycobacterium_massiliense,2,1,1,1
LBY,Mammalicoccus_sciuri,2,1,1,1
LBY,Klebsiella_variicola,4,2,3,3
LBY,Haemophilus_influenzae,2,1,1,1
LBY,Haemophilus_haemolyticus,2,1,1,1
LBY,Haemophilus_parainfluenzae,2,1,1,1
LBY,Enterococcus_faecalis,4,2,3,3
LBY,Dichelobacter_nodosus,2,1,1,1
LBY,Cronobacter_malonaticus,2,2,1,2
LBY,Cronobacter_sakazakii,2,2,1,2
LBY,Clostridium_perfringens,2,2,1,2
LBY,Campylobacter_jejuni,2,2,1,2
LBY,Campylobacter_coli,2,2,1,2
LBY,Burkholderia_pseudomallei,2,2,1,2
LBY,Burkholderia_ambifaria,2,2,1,2
LBY,Burkholderia_cenocepacia,2,2,1,2
LBY,Burkholderia_cepacia,2,2,1,2
LBY,Burkholderia_multivorans,2,2,1,2
LBY,Burkholderia_ubonensis,2,2,1,2
LBY,Bordetella_parapertussis,2,1,1,1
LBY,Acinetobacter_nosocomialis,4,2,3,4
LBY,Acinetobacter_pittii,4,2,3,4
LBY,Listeria_innocua,2,1,1,1
LBY,Cronobacter_turicensis,2,2,1,2
LBY,Clostridium_chauvoei,2,1,1,1
LBY,Borrelia_bavariensis,2,1,1,1
LBY,Salmonella_enterica,4,2,3,3
LBY,Yersinia_enterocolitica,2,2,1,3
LBY,Neisseria_lactamica,2,1,1,1
LBY,Leptospira_borgpetersenii,2,1,1,1
LBY,Burkholderia_vietnamiensis,2,2,1,2
LBY,Streptococcus_uberis,2,1,1,1
LBY,Cronobacter_dublinensis,2,2,1,2
LBY,Chlamydia_abortus,2,1,1,1
LBY,Bordetella_pertussis,2,1,1,1
LBY,Borrelia_garinii,2,1,1,1
LBY,Neisseria_cinerea,2,1,1,1
LBY,Bordetella_bronchiseptica,2,1,1,1
LBY,Mycobacterium_bovis,2,1,1,1
LBY,Shigella_flexneri,4,2,3,4
LBY,Mycobacterium_tuberculosis,2,2,1,1
MYS,Enterococcus_faecium,4,1,3,3
MYS,Staphylococcus_aureus,4,2,4,3
MYS,Klebsiella_pneumoniae,4,2,4,4
MYS,Acinetobacter_baumannii,4,2,4,4
MYS,Pseudomonas_aeruginosa,4,2,4,4
MYS,Enterobacter_cloacae,4,2,4,4
MYS,Neisseria_meningitidis,2,1,1,1
MYS,Listeria_monocytogenes,2,1,1,1
MYS,Corynebacterium_diphtheriae,2,1,1,1
MYS,Bacillus_cereus,2,1,1,1
MYS,Vibrio_cholerae,2,2,1,2
MYS,Neisseria_gonorrhoeae,3,3,2,2
MYS,Treponema_pallidum,2,1,1,1
MYS,Streptococcus_pneumoniae,2,2,1,1
MYS,Leptospira_interrogans,2,1,1,1
MYS,Helicobacter_pylori,2,1,1,1
MYS,Escherichia_coli,4,3,4,4
MYS,Chlamydia_trachomatis,2,1,1,1
MYS,Burkholderia_contaminans,2,2,1,2
MYS,Vibrio_parahaemolyticus,2,2,1,3
MYS,Streptococcus_agalactiae,2,1,1,1
MYS,Streptococcus_suis,2,1,1,1
MYS,Mycobacterium_abscessus,2,1,1,1
MYS,Mycobacterium_massiliense,2,1,1,1
MYS,Mammalicoccus_sciuri,2,1,1,1
MYS,Klebsiella_variicola,4,2,3,3
MYS,Haemophilus_influenzae,2,1,1,1
MYS,Haemophilus_haemolyticus,2,1,1,1
MYS,Haemophilus_parainfluenzae,2,1,1,1
MYS,Enterococcus_faecalis,4,2,3,3
MYS,Dichelobacter_nodosus,2,1,1,1
MYS,Cronobacter_malonaticus,2,2,1,2
MYS,Cronobacter_sakazakii,2,2,1,2
MYS,Clostridium_perfringens,2,2,1,2
MYS,Campylobacter_jejuni,2,2,1,2
MYS,Campylobacter_coli,2,2,1,2
MYS,Burkholderia_pseudomallei,2,2,1,2
MYS,Burkholderia_ambifaria,2,2,1,2
MYS,Burkholderia_cenocepacia,2,2,1,2
MYS,Burkholderia_cepacia,2,2,1,2
MYS,Burkholderia_multivorans,2,2,1,2
MYS,Burkholderia_ubonensis,2,2,1,2
MYS,Bordetella_parapertussis,2,1,1,1
MYS,Acinetobacter_nosocomialis,4,2,3,4
MYS,Acinetobacter_pittii,4,2,3,4
MYS,Listeria_innocua,2,1,1,1
MYS,Cronobacter_turicensis,2,2,1,2
MYS,Clostridium_chauvoei,2,1,1,1
MYS,Borrelia_bavariensis,2,1,1,1
MYS,Salmonella_enterica,4,2,3,3
MYS,Yersinia_enterocolitica,2,2,1,3
MYS,Neisseria_lactamica,2,1,1,1
MYS,Leptospira_borgpetersenii,2,1,1,1
MYS,Burkholderia_vietnamiensis,2,2,1,2
MYS,Streptococcus_uberis,2,1,1,1
MYS,Cronobacter_dublinensis,2,2,1,2
MYS,Chlamydia_abortus,2,1,1,1
MYS,Bordetella_pertussis,2,1,1,1
MYS,Borrelia_garinii,2,1,1,1
MYS,Neisseria_cinerea,2,1,1,1
MYS,Bordetella_bronchiseptica,2,1,1,1
MYS,Mycobacterium_bovis,2,1,1,1
MYS,Shigella_flexneri,4,2,3,4
MYS,Mycobacterium_tuberculosis,2,2,1,1
MDV,Enterococcus_faecium,4,1,3,3
MDV,Staphylococcus_aureus,4,2,4,3
MDV,Klebsiella_pneumoniae,4,2,4,4
MDV,Acinetobacter_baumannii,4,2,4,4
MDV,Pseudomonas_aeruginosa,4,2,4,4
MDV,Enterobacter_cloacae,4,2,4,4
MDV,Neisseria_meningitidis,2,1,1,1
MDV,Listeria_monocytogenes,2,1,1,1
MDV,Corynebacterium_diphtheriae,2,1,1,1
MDV,Bacillus_cereus,2,1,1,1
MDV,Vibrio_cholerae,2,2,1,2
MDV,Neisseria_gonorrhoeae,3,2,2,2
MDV,Treponema_pallidum,2,1,1,1
MDV,Streptococcus_pneumoniae,2,2,1,1
MDV,Leptospira_interrogans,2,1,1,1
MDV,Helicobacter_pylori,2,1,1,1
MDV,Escherichia_coli,4,3,4,4
MDV,Chlamydia_trachomatis,2,1,1,1
MDV,Burkholderia_contaminans,2,2,1,2
MDV,Vibrio_parahaemolyticus,2,2,1,3
MDV,Streptococcus_agalactiae,2,1,1,1
MDV,Streptococcus_suis,2,1,1,1
MDV,Mycobacterium_abscessus,2,1,1,1
MDV,Mycobacterium_massiliense,2,1,1,1
MDV,Mammalicoccus_sciuri,2,1,1,1
MDV,Klebsiella_variicola,4,2,3,3
MDV,Haemophilus_influenzae,2,1,1,1
MDV,Haemophilus_haemolyticus,2,1,1,1
MDV,Haemophilus_parainfluenzae,2,1,1,1
MDV,Enterococcus_faecalis,4,2,3,3
MDV,Dichelobacter_nodosus,2,1,1,1
MDV,Cronobacter_malonaticus,2,2,1,2
MDV,Cronobacter_sakazakii,2,2,1,2
MDV,Clostridium_perfringens,2,2,1,2
MDV,Campylobacter_jejuni,2,2,1,2
MDV,Campylobacter_coli,2,2,1,2
MDV,Burkholderia_pseudomallei,2,2,1,2
MDV,Burkholderia_ambifaria,2,2,1,2
MDV,Burkholderia_cenocepacia,2,2,1,2
MDV,Burkholderia_cepacia,2,2,1,2
MDV,Burkholderia_multivorans,2,2,1,2
MDV,Burkholderia_ubonensis,2,2,1,2
MDV,Bordetella_parapertussis,2,1,1,1
MDV,Acinetobacter_nosocomialis,4,2,3,4
MDV,Acinetobacter_pittii,4,2,3,4
MDV,Listeria_innocua,2,1,1,1
MDV,Cronobacter_turicensis,2,2,1,2
MDV,Clostridium_chauvoei,2,1,1,1
MDV,Borrelia_bavariensis,2,1,1,1
MDV,Salmonella_enterica,4,2,3,3
MDV,Yersinia_enterocolitica,2,2,1,3
MDV,Neisseria_lactamica,2,1,1,1
MDV,Leptospira_borgpetersenii,2,1,1,1
MDV,Burkholderia_vietnamiensis,2,2,1,2
MDV,Streptococcus_uberis,2,1,1,1
MDV,Cronobacter_dublinensis,2,2,1,2
MDV,Chlamydia_abortus,2,1,1,1
MDV,Bordetella_pertussis,2,1,1,1
MDV,Borrelia_garinii,2,1,1,1
MDV,Neisseria_cinerea,2,1,1,1
MDV,Bordetella_bronchiseptica,2,1,1,1
MDV,Mycobacterium_bovis,2,1,1,1
MDV,Shigella_flexneri,4,2,3,4
MDV,Mycobacterium_tuberculosis,2,2,1,1
MHL,Enterococcus_faecium,4,1,3,3
MHL,Staphylococcus_aureus,4,2,4,3
MHL,Klebsiella_pneumoniae,4,2,4,4
MHL,Acinetobacter_baumannii,4,2,4,4
MHL,Pseudomonas_aeruginosa,4,2,4,4
MHL,Enterobacter_cloacae,4,2,4,4
MHL,Neisseria_meningitidis,2,1,1,1
MHL,Listeria_monocytogenes,2,1,1,1
MHL,Corynebacterium_diphtheriae,2,1,1,1
MHL,Bacillus_cereus,2,1,1,1
MHL,Vibrio_cholerae,2,2,1,2
MHL,Neisseria_gonorrhoeae,3,2,2,2
MHL,Treponema_pallidum,2,1,1,1
MHL,Streptococcus_pneumoniae,2,2,1,1
MHL,Leptospira_interrogans,2,1,1,1
MHL,Helicobacter_pylori,2,1,1,1
MHL,Escherichia_coli,4,3,4,4
MHL,Chlamydia_trachomatis,2,1,1,1
MHL,Burkholderia_contaminans,2,2,1,2
MHL,Vibrio_parahaemolyticus,2,2,1,3
MHL,Streptococcus_agalactiae,2,1,1,1
MHL,Streptococcus_suis,2,1,1,1
MHL,Mycobacterium_abscessus,2,1,1,1
MHL,Mycobacterium_massiliense,2,1,1,1
MHL,Mammalicoccus_sciuri,2,1,1,1
MHL,Klebsiella_variicola,4,2,3,3
MHL,Haemophilus_influenzae,2,1,1,1
MHL,Haemophilus_haemolyticus,2,1,1,1
MHL,Haemophilus_parainfluenzae,2,1,1,1
MHL,Enterococcus_faecalis,4,2,3,3
MHL,Dichelobacter_nodosus,2,1,1,1
MHL,Cronobacter_malonaticus,2,2,1,2
MHL,Cronobacter_sakazakii,2,2,1,2
MHL,Clostridium_perfringens,2,2,1,2
MHL,Campylobacter_jejuni,2,2,1,2
MHL,Campylobacter_coli,2,2,1,2
MHL,Burkholderia_pseudomallei,2,2,1,2
MHL,Burkholderia_ambifaria,2,2,1,2
MHL,Burkholderia_cenocepacia,2,2,1,2
MHL,Burkholderia_cepacia,2,2,1,2
MHL,Burkholderia_multivorans,2,2,1,2
MHL,Burkholderia_ubonensis,2,2,1,2
MHL,Bordetella_parapertussis,2,1,1,1
MHL,Acinetobacter_nosocomialis,4,2,3,4
MHL,Acinetobacter_pittii,4,2,3,4
MHL,Listeria_innocua,2,1,1,1
MHL,Cronobacter_turicensis,2,2,1,2
MHL,Clostridium_chauvoei,2,1,1,1
MHL,Borrelia_bavariensis,2,1,1,1
MHL,Salmonella_enterica,4,2,3,3
MHL,Yersinia_enterocolitica,2,2,1,3
MHL,Neisseria_lactamica,2,1,1,1
MHL,Leptospira_borgpetersenii,2,1,1,1
MHL,Burkholderia_vietnamiensis,2,2,1,2
MHL,Streptococcus_uberis,2,1,1,1
MHL,Cronobacter_dublinensis,2,2,1,2
MHL,Chlamydia_abortus,2,1,1,1
MHL,Bordetella_pertussis,2,1,1,1
MHL,Borrelia_garinii,2,1,1,1
MHL,Neisseria_cinerea,2,1,1,1
MHL,Bordetella_bronchiseptica,2,1,1,1
MHL,Mycobacterium_bovis,2,1,1,1
MHL,Shigella_flexneri,4,2,3,4
MHL,Mycobacterium_tuberculosis,2,2,1,1
MUS,Enterococcus_faecium,4,1,3,3
MUS,Staphylococcus_aureus,4,2,4,3
MUS,Klebsiella_pneumoniae,4,2,4,4
MUS,Acinetobacter_baumannii,4,2,4,4
MUS,Pseudomonas_aeruginosa,4,2,4,4
MUS,Enterobacter_cloacae,4,2,4,4
MUS,Neisseria_meningitidis,2,1,1,1
MUS,Listeria_monocytogenes,2,1,1,1
MUS,Corynebacterium_diphtheriae,2,1,1,1
MUS,Bacillus_cereus,2,1,1,1
MUS,Vibrio_cholerae,2,2,1,2
MUS,Neisseria_gonorrhoeae,3,2,2,2
MUS,Treponema_pallidum,2,1,1,1
MUS,Streptococcus_pneumoniae,2,2,1,1
MUS,Leptospira_interrogans,2,1,1,1
MUS,Helicobacter_pylori,2,1,1,1
MUS,Escherichia_coli,4,3,4,4
MUS,Chlamydia_trachomatis,2,1,1,1
MUS,Burkholderia_contaminans,2,2,1,2
MUS,Vibrio_parahaemolyticus,2,2,1,3
MUS,Streptococcus_agalactiae,2,1,1,1
MUS,Streptococcus_suis,2,1,1,1
MUS,Mycobacterium_abscessus,2,1,1,1
MUS,Mycobacterium_massiliense,2,1,1,1
MUS,Mammalicoccus_sciuri,2,1,1,1
MUS,Klebsiella_variicola,4,2,3,3
MUS,Haemophilus_influenzae,2,1,1,1
MUS,Haemophilus_haemolyticus,2,1,1,1
MUS,Haemophilus_parainfluenzae,2,1,1,1
MUS,Enterococcus_faecalis,4,2,3,3
MUS,Dichelobacter_nodosus,2,1,1,1
MUS,Cronobacter_malonaticus,2,2,1,2
MUS,Cronobacter_sakazakii,2,2,1,2
MUS,Clostridium_perfringens,2,2,1,2
MUS,Campylobacter_jejuni,2,2,1,2
MUS,Campylobacter_coli,2,2,1,2
MUS,Burkholderia_pseudomallei,2,2,1,2
MUS,Burkholderia_ambifaria,2,2,1,2
MUS,Burkholderia_cenocepacia,2,2,1,2
MUS,Burkholderia_cepacia,2,2,1,2
MUS,Burkholderia_multivorans,2,2,1,2
MUS,Burkholderia_ubonensis,2,2,1,2
MUS,Bordetella_parapertussis,2,1,1,1
MUS,Acinetobacter_nosocomialis,4,2,3,4
MUS,Acinetobacter_pittii,4,2,3,4
MUS,Listeria_innocua,2,1,1,1
MUS,Cronobacter_turicensis,2,2,1,2
MUS,Clostridium_chauvoei,2,1,1,1
MUS,Borrelia_bavariensis,2,1,1,1
MUS,Salmonella_enterica,4,2,3,3
MUS,Yersinia_enterocolitica,2,2,1,3
MUS,Neisseria_lactamica,2,1,1,1
MUS,Leptospira_borgpetersenii,2,1,1,1
MUS,Burkholderia_vietnamiensis,2,2,1,2
MUS,Streptococcus_uberis,2,1,1,1
MUS,Cronobacter_dublinensis,2,2,1,2
MUS,Chlamydia_abortus,2,1,1,1
MUS,Bordetella_pertussis,2,1,1,1
MUS,Borrelia_garinii,2,1,1,1
MUS,Neisseria_cinerea,2,1,1,1
MUS,Bordetella_bronchiseptica,2,1,1,1
MUS,Mycobacterium_bovis,2,1,1,1
MUS,Shigella_flexneri,4,2,3,4
MUS,Mycobacterium_tuberculosis,2,2,1,1
MYT,Enterococcus_faecium,4,1,3,3
MYT,Staphylococcus_aureus,4,2,4,3
MYT,Klebsiella_pneumoniae,4,2,4,4
MYT,Acinetobacter_baumannii,4,2,4,4
MYT,Pseudomonas_aeruginosa,4,2,4,4
MYT,Enterobacter_cloacae,4,2,4,4
MYT,Neisseria_meningitidis,2,1,1,1
MYT,Listeria_monocytogenes,2,1,1,1
MYT,Corynebacterium_diphtheriae,2,1,1,1
MYT,Bacillus_cereus,2,1,1,1
MYT,Vibrio_cholerae,2,2,1,2
MYT,Neisseria_gonorrhoeae,3,2,2,2
MYT,Treponema_pallidum,2,1,1,1
MYT,Streptococcus_pneumoniae,2,2,1,1
MYT,Leptospira_interrogans,2,1,1,1
MYT,Helicobacter_pylori,2,1,1,1
MYT,Escherichia_coli,4,3,4,4
MYT,Chlamydia_trachomatis,2,1,1,1
MYT,Burkholderia_contaminans,2,2,1,2
MYT,Vibrio_parahaemolyticus,2,2,1,3
MYT,Streptococcus_agalactiae,2,1,1,1
MYT,Streptococcus_suis,2,1,1,1
MYT,Mycobacterium_abscessus,2,1,1,1
MYT,Mycobacterium_massiliense,2,1,1,1
MYT,Mammalicoccus_sciuri,2,1,1,1
MYT,Klebsiella_variicola,4,2,3,3
MYT,Haemophilus_influenzae,2,1,1,1
MYT,Haemophilus_haemolyticus,2,1,1,1
MYT,Haemophilus_parainfluenzae,2,1,1,1
MYT,Enterococcus_faecalis,4,2,3,3
MYT,Dichelobacter_nodosus,2,1,1,1
MYT,Cronobacter_malonaticus,2,2,1,2
MYT,Cronobacter_sakazakii,2,2,1,2
MYT,Clostridium_perfringens,2,2,1,2
MYT,Campylobacter_jejuni,2,2,1,2
MYT,Campylobacter_coli,2,2,1,2
MYT,Burkholderia_pseudomallei,2,2,1,2
MYT,Burkholderia_ambifaria,2,2,1,2
MYT,Burkholderia_cenocepacia,2,2,1,2
MYT,Burkholderia_cepacia,2,2,1,2
MYT,Burkholderia_multivorans,2,2,1,2
MYT,Burkholderia_ubonensis,2,2,1,2
MYT,Bordetella_parapertussis,2,1,1,1
MYT,Acinetobacter_nosocomialis,4,2,3,4
MYT,Acinetobacter_pittii,4,2,3,4
MYT,Listeria_innocua,2,1,1,1
MYT,Cronobacter_turicensis,2,2,1,2
MYT,Clostridium_chauvoei,2,1,1,1
MYT,Borrelia_bavariensis,2,1,1,1
MYT,Salmonella_enterica,4,2,3,3
MYT,Yersinia_enterocolitica,2,2,1,3
MYT,Neisseria_lactamica,2,1,1,1
MYT,Leptospira_borgpetersenii,2,1,1,1
MYT,Burkholderia_vietnamiensis,2,2,1,2
MYT,Streptococcus_uberis,2,1,1,1
MYT,Cronobacter_dublinensis,2,2,1,2
MYT,Chlamydia_abortus,2,1,1,1
MYT,Bordetella_pertussis,2,1,1,1
MYT,Borrelia_garinii,2,1,1,1
MYT,Neisseria_cinerea,2,1,1,1
MYT,Bordetella_bronchiseptica,2,1,1,1
MYT,Mycobacterium_bovis,2,1,1,1
MYT,Shigella_flexneri,4,2,3,4
MYT,Mycobacterium_tuberculosis,2,2,1,1
MEX,Enterococcus_faecium,4,1,3,3
MEX,Staphylococcus_aureus,4,2,4,3
MEX,Klebsiella_pneumoniae,4,2,4,4
MEX,Acinetobacter_baumannii,4,2,4,4
MEX,Pseudomonas_aeruginosa,4,2,4,4
MEX,Enterobacter_cloacae,4,2,4,4
MEX,Neisseria_meningitidis,2,1,1,1
MEX,Listeria_monocytogenes,2,1,1,1
MEX,Corynebacterium_diphtheriae,2,1,1,1
MEX,Bacillus_cereus,2,1,1,1
MEX,Vibrio_cholerae,2,2,1,2
MEX,Neisseria_gonorrhoeae,3,2,2,2
MEX,Treponema_pallidum,2,1,1,1
MEX,Streptococcus_pneumoniae,2,2,1,1
MEX,Leptospira_interrogans,2,1,1,1
MEX,Helicobacter_pylori,2,1,1,1
MEX,Escherichia_coli,4,3,4,4
MEX,Chlamydia_trachomatis,2,1,1,1
MEX,Burkholderia_contaminans,2,2,1,2
MEX,Vibrio_parahaemolyticus,2,2,1,3
MEX,Streptococcus_agalactiae,2,1,1,1
MEX,Streptococcus_suis,2,1,1,1
MEX,Mycobacterium_abscessus,2,1,1,1
MEX,Mycobacterium_massiliense,2,1,1,1
MEX,Mammalicoccus_sciuri,2,1,1,1
MEX,Klebsiella_variicola,4,2,3,3
MEX,Haemophilus_influenzae,2,1,1,1
MEX,Haemophilus_haemolyticus,2,1,1,1
MEX,Haemophilus_parainfluenzae,2,1,1,1
MEX,Enterococcus_faecalis,4,2,3,3
MEX,Dichelobacter_nodosus,2,1,1,1
MEX,Cronobacter_malonaticus,2,2,1,2
MEX,Cronobacter_sakazakii,2,2,1,2
MEX,Clostridium_perfringens,2,2,1,2
MEX,Campylobacter_jejuni,2,2,1,2
MEX,Campylobacter_coli,2,2,1,2
MEX,Burkholderia_pseudomallei,2,2,1,2
MEX,Burkholderia_ambifaria,2,2,1,2
MEX,Burkholderia_cenocepacia,2,2,1,2
MEX,Burkholderia_cepacia,2,2,1,2
MEX,Burkholderia_multivorans,2,2,1,2
MEX,Burkholderia_ubonensis,2,2,1,2
MEX,Bordetella_parapertussis,2,1,1,1
MEX,Acinetobacter_nosocomialis,4,2,3,4
MEX,Acinetobacter_pittii,4,2,3,4
MEX,Listeria_innocua,2,1,1,1
MEX,Cronobacter_turicensis,2,2,1,2
MEX,Clostridium_chauvoei,2,1,1,1
MEX,Borrelia_bavariensis,2,1,1,1
MEX,Salmonella_enterica,4,2,3,3
MEX,Yersinia_enterocolitica,2,2,1,3
MEX,Neisseria_lactamica,2,1,1,1
MEX,Leptospira_borgpetersenii,2,1,1,1
MEX,Burkholderia_vietnamiensis,2,2,1,2
MEX,Streptococcus_uberis,2,1,1,1
MEX,Cronobacter_dublinensis,2,2,1,2
MEX,Chlamydia_abortus,2,1,1,1
MEX,Bordetella_pertussis,2,1,1,1
MEX,Borrelia_garinii,2,1,1,1
MEX,Neisseria_cinerea,2,1,1,1
MEX,Bordetella_bronchiseptica,2,1,1,1
MEX,Mycobacterium_bovis,2,1,1,1
MEX,Shigella_flexneri,4,2,3,4
MEX,Mycobacterium_tuberculosis,2,2,1,1
MDA,Enterococcus_faecium,4,1,3,3
MDA,Staphylococcus_aureus,4,2,4,3
MDA,Klebsiella_pneumoniae,4,2,4,4
MDA,Acinetobacter_baumannii,4,2,4,4
MDA,Pseudomonas_aeruginosa,4,2,4,4
MDA,Enterobacter_cloacae,4,2,4,4
MDA,Neisseria_meningitidis,2,1,1,1
MDA,Listeria_monocytogenes,2,1,1,1
MDA,Corynebacterium_diphtheriae,2,1,1,1
MDA,Bacillus_cereus,2,1,1,1
MDA,Vibrio_cholerae,2,2,1,2
MDA,Neisseria_gonorrhoeae,3,2,2,2
MDA,Treponema_pallidum,2,1,1,1
MDA,Streptococcus_pneumoniae,2,2,1,1
MDA,Leptospira_interrogans,2,1,1,1
MDA,Helicobacter_pylori,2,1,1,1
MDA,Escherichia_coli,4,3,4,4
MDA,Chlamydia_trachomatis,2,1,1,1
MDA,Burkholderia_contaminans,2,2,1,2
MDA,Vibrio_parahaemolyticus,2,2,1,3
MDA,Streptococcus_agalactiae,2,1,1,1
MDA,Streptococcus_suis,2,1,1,1
MDA,Mycobacterium_abscessus,2,1,1,1
MDA,Mycobacterium_massiliense,2,1,1,1
MDA,Mammalicoccus_sciuri,2,1,1,1
MDA,Klebsiella_variicola,4,2,3,3
MDA,Haemophilus_influenzae,2,1,1,1
MDA,Haemophilus_haemolyticus,2,1,1,1
MDA,Haemophilus_parainfluenzae,2,1,1,1
MDA,Enterococcus_faecalis,4,2,3,3
MDA,Dichelobacter_nodosus,2,1,1,1
MDA,Cronobacter_malonaticus,2,2,1,2
MDA,Cronobacter_sakazakii,2,2,1,2
MDA,Clostridium_perfringens,2,2,1,2
MDA,Campylobacter_jejuni,2,2,1,2
MDA,Campylobacter_coli,2,2,1,2
MDA,Burkholderia_pseudomallei,2,2,1,2
MDA,Burkholderia_ambifaria,2,2,1,2
MDA,Burkholderia_cenocepacia,2,2,1,2
MDA,Burkholderia_cepacia,2,2,1,2
MDA,Burkholderia_multivorans,2,2,1,2
MDA,Burkholderia_ubonensis,2,2,1,2
MDA,Bordetella_parapertussis,2,1,1,1
MDA,Acinetobacter_nosocomialis,4,2,3,4
MDA,Acinetobacter_pittii,4,2,3,4
MDA,Listeria_innocua,2,1,1,1
MDA,Cronobacter_turicensis,2,2,1,2
MDA,Clostridium_chauvoei,2,1,1,1
MDA,Borrelia_bavariensis,2,1,1,1
MDA,Salmonella_enterica,4,2,3,3
MDA,Yersinia_enterocolitica,2,2,1,3
MDA,Neisseria_lactamica,2,1,1,1
MDA,Leptospira_borgpetersenii,2,1,1,1
MDA,Burkholderia_vietnamiensis,2,2,1,2
MDA,Streptococcus_uberis,2,1,1,1
MDA,Cronobacter_dublinensis,2,2,1,2
MDA,Chlamydia_abortus,2,1,1,1
MDA,Bordetella_pertussis,2,1,1,1
MDA,Borrelia_garinii,2,1,1,1
MDA,Neisseria_cinerea,2,1,1,1
MDA,Bordetella_bronchiseptica,2,1,1,1
MDA,Mycobacterium_bovis,2,1,1,1
MDA,Shigella_flexneri,4,2,3,4
MDA,Mycobacterium_tuberculosis,4,4,3,3
MNG,Enterococcus_faecium,4,1,3,3
MNG,Staphylococcus_aureus,4,2,4,3
MNG,Klebsiella_pneumoniae,4,2,4,4
MNG,Acinetobacter_baumannii,4,2,4,4
MNG,Pseudomonas_aeruginosa,4,2,4,4
MNG,Enterobacter_cloacae,4,2,4,4
MNG,Neisseria_meningitidis,2,1,1,1
MNG,Listeria_monocytogenes,2,1,1,1
MNG,Corynebacterium_diphtheriae,2,1,1,1
MNG,Bacillus_cereus,2,1,1,1
MNG,Vibrio_cholerae,2,2,1,2
MNG,Neisseria_gonorrhoeae,3,2,2,2
MNG,Treponema_pallidum,2,1,1,1
MNG,Streptococcus_pneumoniae,2,2,1,1
MNG,Leptospira_interrogans,2,1,1,1
MNG,Helicobacter_pylori,2,1,1,1
MNG,Escherichia_coli,4,3,4,4
MNG,Chlamydia_trachomatis,2,1,1,1
MNG,Burkholderia_contaminans,2,2,1,2
MNG,Vibrio_parahaemolyticus,2,2,1,3
MNG,Streptococcus_agalactiae,2,1,1,1
MNG,Streptococcus_suis,2,1,1,1
MNG,Mycobacterium_abscessus,2,1,1,1
MNG,Mycobacterium_massiliense,2,1,1,1
MNG,Mammalicoccus_sciuri,2,1,1,1
MNG,Klebsiella_variicola,4,2,3,3
MNG,Haemophilus_influenzae,2,1,1,1
MNG,Haemophilus_haemolyticus,2,1,1,1
MNG,Haemophilus_parainfluenzae,2,1,1,1
MNG,Enterococcus_faecalis,4,2,3,3
MNG,Dichelobacter_nodosus,2,1,1,1
MNG,Cronobacter_malonaticus,2,2,1,2
MNG,Cronobacter_sakazakii,2,2,1,2
MNG,Clostridium_perfringens,2,2,1,2
MNG,Campylobacter_jejuni,2,2,1,2
MNG,Campylobacter_coli,2,2,1,2
MNG,Burkholderia_pseudomallei,2,2,1,2
MNG,Burkholderia_ambifaria,2,2,1,2
MNG,Burkholderia_cenocepacia,2,2,1,2
MNG,Burkholderia_cepacia,2,2,1,2
MNG,Burkholderia_multivorans,2,2,1,2
MNG,Burkholderia_ubonensis,2,2,1,2
MNG,Bordetella_parapertussis,2,1,1,1
MNG,Acinetobacter_nosocomialis,4,2,3,4
MNG,Acinetobacter_pittii,4,2,3,4
MNG,Listeria_innocua,2,1,1,1
MNG,Cronobacter_turicensis,2,2,1,2
MNG,Clostridium_chauvoei,2,1,1,1
MNG,Borrelia_bavariensis,2,1,1,1
MNG,Salmonella_enterica,4,2,3,3
MNG,Yersinia_enterocolitica,2,2,1,3
MNG,Neisseria_lactamica,2,1,1,1
MNG,Leptospira_borgpetersenii,2,1,1,1
MNG,Burkholderia_vietnamiensis,2,2,1,2
MNG,Streptococcus_uberis,2,1,1,1
MNG,Cronobacter_dublinensis,2,2,1,2
MNG,Chlamydia_abortus,2,1,1,1
MNG,Bordetella_pertussis,2,1,1,1
MNG,Borrelia_garinii,2,1,1,1
MNG,Neisseria_cinerea,2,1,1,1
MNG,Bordetella_bronchiseptica,2,1,1,1
MNG,Mycobacterium_bovis,2,1,1,1
MNG,Shigella_flexneri,4,2,3,4
MNG,Mycobacterium_tuberculosis,2,2,1,1
MNE,Enterococcus_faecium,4,1,3,3
MNE,Staphylococcus_aureus,4,2,4,3
MNE,Klebsiella_pneumoniae,4,2,4,4
MNE,Acinetobacter_baumannii,4,2,4,4
MNE,Pseudomonas_aeruginosa,4,2,4,4
MNE,Enterobacter_cloacae,4,2,4,4
MNE,Neisseria_meningitidis,2,1,1,1
MNE,Listeria_monocytogenes,2,1,1,1
MNE,Corynebacterium_diphtheriae,2,1,1,1
MNE,Bacillus_cereus,2,1,1,1
MNE,Vibrio_cholerae,2,2,1,2
MNE,Neisseria_gonorrhoeae,3,2,2,2
MNE,Treponema_pallidum,2,1,1,1
MNE,Streptococcus_pneumoniae,2,2,1,1
MNE,Leptospira_interrogans,2,1,1,1
MNE,Helicobacter_pylori,2,1,1,1
MNE,Escherichia_coli,4,3,4,4
MNE,Chlamydia_trachomatis,2,1,1,1
MNE,Burkholderia_contaminans,2,2,1,2
MNE,Vibrio_parahaemolyticus,2,2,1,3
MNE,Streptococcus_agalactiae,2,1,1,1
MNE,Streptococcus_suis,2,1,1,1
MNE,Mycobacterium_abscessus,2,1,1,1
MNE,Mycobacterium_massiliense,2,1,1,1
MNE,Mammalicoccus_sciuri,2,1,1,1
MNE,Klebsiella_variicola,4,2,3,3
MNE,Haemophilus_influenzae,2,1,1,1
MNE,Haemophilus_haemolyticus,2,1,1,1
MNE,Haemophilus_parainfluenzae,2,1,1,1
MNE,Enterococcus_faecalis,4,2,3,3
MNE,Dichelobacter_nodosus,2,1,1,1
MNE,Cronobacter_malonaticus,2,2,1,2
MNE,Cronobacter_sakazakii,2,2,1,2
MNE,Clostridium_perfringens,2,2,1,2
MNE,Campylobacter_jejuni,2,2,1,2
MNE,Campylobacter_coli,2,2,1,2
MNE,Burkholderia_pseudomallei,2,2,1,2
MNE,Burkholderia_ambifaria,2,2,1,2
MNE,Burkholderia_cenocepacia,2,2,1,2
MNE,Burkholderia_cepacia,2,2,1,2
MNE,Burkholderia_multivorans,2,2,1,2
MNE,Burkholderia_ubonensis,2,2,1,2
MNE,Bordetella_parapertussis,2,1,1,1
MNE,Acinetobacter_nosocomialis,4,2,3,4
MNE,Acinetobacter_pittii,4,2,3,4
MNE,Listeria_innocua,2,1,1,1
MNE,Cronobacter_turicensis,2,2,1,2
MNE,Clostridium_chauvoei,2,1,1,1
MNE,Borrelia_bavariensis,2,1,1,1
MNE,Salmonella_enterica,4,2,3,3
MNE,Yersinia_enterocolitica,2,2,1,3
MNE,Neisseria_lactamica,2,1,1,1
MNE,Leptospira_borgpetersenii,2,1,1,1
MNE,Burkholderia_vietnamiensis,2,2,1,2
MNE,Streptococcus_uberis,2,1,1,1
MNE,Cronobacter_dublinensis,2,2,1,2
MNE,Chlamydia_abortus,2,1,1,1
MNE,Bordetella_pertussis,2,1,1,1
MNE,Borrelia_garinii,2,1,1,1
MNE,Neisseria_cinerea,2,1,1,1
MNE,Bordetella_bronchiseptica,2,1,1,1
MNE,Mycobacterium_bovis,2,1,1,1
MNE,Shigella_flexneri,4,2,3,4
MNE,Mycobacterium_tuberculosis,2,2,1,1
MKD,Enterococcus_faecium,4,1,3,3
MKD,Staphylococcus_aureus,4,2,4,3
MKD,Klebsiella_pneumoniae,4,2,4,4
MKD,Acinetobacter_baumannii,4,2,4,4
MKD,Pseudomonas_aeruginosa,4,2,4,4
MKD,Enterobacter_cloacae,4,2,4,4
MKD,Neisseria_meningitidis,2,1,1,1
MKD,Listeria_monocytogenes,2,1,1,1
MKD,Corynebacterium_diphtheriae,2,1,1,1
MKD,Bacillus_cereus,2,1,1,1
MKD,Vibrio_cholerae,2,2,1,2
MKD,Neisseria_gonorrhoeae,3,2,2,2
MKD,Treponema_pallidum,2,1,1,1
MKD,Streptococcus_pneumoniae,2,2,1,1
MKD,Leptospira_interrogans,2,1,1,1
MKD,Helicobacter_pylori,2,1,1,1
MKD,Escherichia_coli,4,3,4,4
MKD,Chlamydia_trachomatis,2,1,1,1
MKD,Burkholderia_contaminans,2,2,1,2
MKD,Vibrio_parahaemolyticus,2,2,1,3
MKD,Streptococcus_agalactiae,2,1,1,1
MKD,Streptococcus_suis,2,1,1,1
MKD,Mycobacterium_abscessus,2,1,1,1
MKD,Mycobacterium_massiliense,2,1,1,1
MKD,Mammalicoccus_sciuri,2,1,1,1
MKD,Klebsiella_variicola,4,2,3,3
MKD,Haemophilus_influenzae,2,1,1,1
MKD,Haemophilus_haemolyticus,2,1,1,1
MKD,Haemophilus_parainfluenzae,2,1,1,1
MKD,Enterococcus_faecalis,4,2,3,3
MKD,Dichelobacter_nodosus,2,1,1,1
MKD,Cronobacter_malonaticus,2,2,1,2
MKD,Cronobacter_sakazakii,2,2,1,2
MKD,Clostridium_perfringens,2,2,1,2
MKD,Campylobacter_jejuni,2,2,1,2
MKD,Campylobacter_coli,2,2,1,2
MKD,Burkholderia_pseudomallei,2,2,1,2
MKD,Burkholderia_ambifaria,2,2,1,2
MKD,Burkholderia_cenocepacia,2,2,1,2
MKD,Burkholderia_cepacia,2,2,1,2
MKD,Burkholderia_multivorans,2,2,1,2
MKD,Burkholderia_ubonensis,2,2,1,2
MKD,Bordetella_parapertussis,2,1,1,1
MKD,Acinetobacter_nosocomialis,4,2,3,4
MKD,Acinetobacter_pittii,4,2,3,4
MKD,Listeria_innocua,2,1,1,1
MKD,Cronobacter_turicensis,2,2,1,2
MKD,Clostridium_chauvoei,2,1,1,1
MKD,Borrelia_bavariensis,2,1,1,1
MKD,Salmonella_enterica,4,2,3,3
MKD,Yersinia_enterocolitica,2,2,1,3
MKD,Neisseria_lactamica,2,1,1,1
MKD,Leptospira_borgpetersenii,2,1,1,1
MKD,Burkholderia_vietnamiensis,2,2,1,2
MKD,Streptococcus_uberis,2,1,1,1
MKD,Cronobacter_dublinensis,2,2,1,2
MKD,Chlamydia_abortus,2,1,1,1
MKD,Bordetella_pertussis,2,1,1,1
MKD,Borrelia_garinii,2,1,1,1
MKD,Neisseria_cinerea,2,1,1,1
MKD,Bordetella_bronchiseptica,2,1,1,1
MKD,Mycobacterium_bovis,2,1,1,1
MKD,Shigella_flexneri,4,2,3,4
MKD,Mycobacterium_tuberculosis,2,2,1,1
PRY,Enterococcus_faecium,4,1,3,3
PRY,Staphylococcus_aureus,4,2,4,3
PRY,Klebsiella_pneumoniae,4,2,4,4
PRY,Acinetobacter_baumannii,4,2,4,4
PRY,Pseudomonas_aeruginosa,4,2,4,4
PRY,Enterobacter_cloacae,4,2,4,4
PRY,Neisseria_meningitidis,2,1,1,1
PRY,Listeria_monocytogenes,2,1,1,1
PRY,Corynebacterium_diphtheriae,2,1,1,1
PRY,Bacillus_cereus,2,1,1,1
PRY,Vibrio_cholerae,2,2,1,2
PRY,Neisseria_gonorrhoeae,3,2,2,2
PRY,Treponema_pallidum,2,1,1,1
PRY,Streptococcus_pneumoniae,2,2,1,1
PRY,Leptospira_interrogans,2,1,1,1
PRY,Helicobacter_pylori,2,1,1,1
PRY,Escherichia_coli,4,3,4,4
PRY,Chlamydia_trachomatis,2,1,1,1
PRY,Burkholderia_contaminans,2,2,1,2
PRY,Vibrio_parahaemolyticus,2,2,1,3
PRY,Streptococcus_agalactiae,2,1,1,1
PRY,Streptococcus_suis,2,1,1,1
PRY,Mycobacterium_abscessus,2,1,1,1
PRY,Mycobacterium_massiliense,2,1,1,1
PRY,Mammalicoccus_sciuri,2,1,1,1
PRY,Klebsiella_variicola,4,2,3,3
PRY,Haemophilus_influenzae,2,1,1,1
PRY,Haemophilus_haemolyticus,2,1,1,1
PRY,Haemophilus_parainfluenzae,2,1,1,1
PRY,Enterococcus_faecalis,4,2,3,3
PRY,Dichelobacter_nodosus,2,1,1,1
PRY,Cronobacter_malonaticus,2,2,1,2
PRY,Cronobacter_sakazakii,2,2,1,2
PRY,Clostridium_perfringens,2,2,1,2
PRY,Campylobacter_jejuni,2,2,1,2
PRY,Campylobacter_coli,2,2,1,2
PRY,Burkholderia_pseudomallei,2,2,1,2
PRY,Burkholderia_ambifaria,2,2,1,2
PRY,Burkholderia_cenocepacia,2,2,1,2
PRY,Burkholderia_cepacia,2,2,1,2
PRY,Burkholderia_multivorans,2,2,1,2
PRY,Burkholderia_ubonensis,2,2,1,2
PRY,Bordetella_parapertussis,2,1,1,1
PRY,Acinetobacter_nosocomialis,4,2,3,4
PRY,Acinetobacter_pittii,4,2,3,4
PRY,Listeria_innocua,2,1,1,1
PRY,Cronobacter_turicensis,2,2,1,2
PRY,Clostridium_chauvoei,2,1,1,1
PRY,Borrelia_bavariensis,2,1,1,1
PRY,Salmonella_enterica,4,2,3,3
PRY,Yersinia_enterocolitica,2,2,1,3
PRY,Neisseria_lactamica,2,1,1,1
PRY,Leptospira_borgpetersenii,2,1,1,1
PRY,Burkholderia_vietnamiensis,2,2,1,2
PRY,Streptococcus_uberis,2,1,1,1
PRY,Cronobacter_dublinensis,2,2,1,2
PRY,Chlamydia_abortus,2,1,1,1
PRY,Bordetella_pertussis,2,1,1,1
PRY,Borrelia_garinii,2,1,1,1
PRY,Neisseria_cinerea,2,1,1,1
PRY,Bordetella_bronchiseptica,2,1,1,1
PRY,Mycobacterium_bovis,2,1,1,1
PRY,Shigella_flexneri,4,2,3,4
PRY,Mycobacterium_tuberculosis,2,2,1,1
PER,Enterococcus_faecium,4,1,3,3
PER,Staphylococcus_aureus,4,2,4,3
PER,Klebsiella_pneumoniae,4,2,4,4
PER,Acinetobacter_baumannii,4,2,4,4
PER,Pseudomonas_aeruginosa,4,2,4,4
PER,Enterobacter_cloacae,4,2,4,4
PER,Neisseria_meningitidis,2,1,1,1
PER,Listeria_monocytogenes,2,1,1,1
PER,Corynebacterium_diphtheriae,2,1,1,1
PER,Bacillus_cereus,2,1,1,1
PER,Vibrio_cholerae,2,2,1,2
PER,Neisseria_gonorrhoeae,3,2,2,2
PER,Treponema_pallidum,2,1,1,1
PER,Streptococcus_pneumoniae,2,2,1,1
PER,Leptospira_interrogans,2,1,1,1
PER,Helicobacter_pylori,2,1,1,1
PER,Escherichia_coli,4,3,4,4
PER,Chlamydia_trachomatis,2,1,1,1
PER,Burkholderia_contaminans,2,2,1,2
PER,Vibrio_parahaemolyticus,2,2,1,3
PER,Streptococcus_agalactiae,2,1,1,1
PER,Streptococcus_suis,2,1,1,1
PER,Mycobacterium_abscessus,2,1,1,1
PER,Mycobacterium_massiliense,2,1,1,1
PER,Mammalicoccus_sciuri,2,1,1,1
PER,Klebsiella_variicola,4,2,3,3
PER,Haemophilus_influenzae,2,1,1,1
PER,Haemophilus_haemolyticus,2,1,1,1
PER,Haemophilus_parainfluenzae,2,1,1,1
PER,Enterococcus_faecalis,4,2,3,3
PER,Dichelobacter_nodosus,2,1,1,1
PER,Cronobacter_malonaticus,2,2,1,2
PER,Cronobacter_sakazakii,2,2,1,2
PER,Clostridium_perfringens,2,2,1,2
PER,Campylobacter_jejuni,2,2,1,2
PER,Campylobacter_coli,2,2,1,2
PER,Burkholderia_pseudomallei,2,2,1,2
PER,Burkholderia_ambifaria,2,2,1,2
PER,Burkholderia_cenocepacia,2,2,1,2
PER,Burkholderia_cepacia,2,2,1,2
PER,Burkholderia_multivorans,2,2,1,2
PER,Burkholderia_ubonensis,2,2,1,2
PER,Bordetella_parapertussis,2,1,1,1
PER,Acinetobacter_nosocomialis,4,2,3,4
PER,Acinetobacter_pittii,4,2,3,4
PER,Listeria_innocua,2,1,1,1
PER,Cronobacter_turicensis,2,2,1,2
PER,Clostridium_chauvoei,2,1,1,1
PER,Borrelia_bavariensis,2,1,1,1
PER,Salmonella_enterica,4,2,3,3
PER,Yersinia_enterocolitica,2,2,1,3
PER,Neisseria_lactamica,2,1,1,1
PER,Leptospira_borgpetersenii,2,1,1,1
PER,Burkholderia_vietnamiensis,2,2,1,2
PER,Streptococcus_uberis,2,1,1,1
PER,Cronobacter_dublinensis,2,2,1,2
PER,Chlamydia_abortus,2,1,1,1
PER,Bordetella_pertussis,2,1,1,1
PER,Borrelia_garinii,2,1,1,1
PER,Neisseria_cinerea,2,1,1,1
PER,Bordetella_bronchiseptica,2,1,1,1
PER,Mycobacterium_bovis,2,1,1,1
PER,Shigella_flexneri,4,2,3,4
PER,Mycobacterium_tuberculosis,2,2,1,1
LCA,Enterococcus_faecium,4,1,3,3
LCA,Staphylococcus_aureus,4,2,4,3
LCA,Klebsiella_pneumoniae,4,2,4,4
LCA,Acinetobacter_baumannii,4,2,4,4
LCA,Pseudomonas_aeruginosa,4,2,4,4
LCA,Enterobacter_cloacae,4,2,4,4
LCA,Neisseria_meningitidis,2,1,1,1
LCA,Listeria_monocytogenes,2,1,1,1
LCA,Corynebacterium_diphtheriae,2,1,1,1
LCA,Bacillus_cereus,2,1,1,1
LCA,Vibrio_cholerae,2,2,1,2
LCA,Neisseria_gonorrhoeae,3,2,2,2
LCA,Treponema_pallidum,2,1,1,1
LCA,Streptococcus_pneumoniae,2,2,1,1
LCA,Leptospira_interrogans,2,1,1,1
LCA,Helicobacter_pylori,2,1,1,1
LCA,Escherichia_coli,4,3,4,4
LCA,Chlamydia_trachomatis,2,1,1,1
LCA,Burkholderia_contaminans,2,2,1,2
LCA,Vibrio_parahaemolyticus,2,2,1,3
LCA,Streptococcus_agalactiae,2,1,1,1
LCA,Streptococcus_suis,2,1,1,1
LCA,Mycobacterium_abscessus,2,1,1,1
LCA,Mycobacterium_massiliense,2,1,1,1
LCA,Mammalicoccus_sciuri,2,1,1,1
LCA,Klebsiella_variicola,4,2,3,3
LCA,Haemophilus_influenzae,2,1,1,1
LCA,Haemophilus_haemolyticus,2,1,1,1
LCA,Haemophilus_parainfluenzae,2,1,1,1
LCA,Enterococcus_faecalis,4,2,3,3
LCA,Dichelobacter_nodosus,2,1,1,1
LCA,Cronobacter_malonaticus,2,2,1,2
LCA,Cronobacter_sakazakii,2,2,1,2
LCA,Clostridium_perfringens,2,2,1,2
LCA,Campylobacter_jejuni,2,2,1,2
LCA,Campylobacter_coli,2,2,1,2
LCA,Burkholderia_pseudomallei,2,2,1,2
LCA,Burkholderia_ambifaria,2,2,1,2
LCA,Burkholderia_cenocepacia,2,2,1,2
LCA,Burkholderia_cepacia,2,2,1,2
LCA,Burkholderia_multivorans,2,2,1,2
LCA,Burkholderia_ubonensis,2,2,1,2
LCA,Bordetella_parapertussis,2,1,1,1
LCA,Acinetobacter_nosocomialis,4,2,3,4
LCA,Acinetobacter_pittii,4,2,3,4
LCA,Listeria_innocua,2,1,1,1
LCA,Cronobacter_turicensis,2,2,1,2
LCA,Clostridium_chauvoei,2,1,1,1
LCA,Borrelia_bavariensis,2,1,1,1
LCA,Salmonella_enterica,4,2,3,3
LCA,Yersinia_enterocolitica,2,2,1,3
LCA,Neisseria_lactamica,2,1,1,1
LCA,Leptospira_borgpetersenii,2,1,1,1
LCA,Burkholderia_vietnamiensis,2,2,1,2
LCA,Streptococcus_uberis,2,1,1,1
LCA,Cronobacter_dublinensis,2,2,1,2
LCA,Chlamydia_abortus,2,1,1,1
LCA,Bordetella_pertussis,2,1,1,1
LCA,Borrelia_garinii,2,1,1,1
LCA,Neisseria_cinerea,2,1,1,1
LCA,Bordetella_bronchiseptica,2,1,1,1
LCA,Mycobacterium_bovis,2,1,1,1
LCA,Shigella_flexneri,4,2,3,4
LCA,Mycobacterium_tuberculosis,2,2,1,1
VCT,Enterococcus_faecium,4,1,3,3
VCT,Staphylococcus_aureus,4,2,4,3
VCT,Klebsiella_pneumoniae,4,2,4,4
VCT,Acinetobacter_baumannii,4,2,4,4
VCT,Pseudomonas_aeruginosa,4,2,4,4
VCT,Enterobacter_cloacae,4,2,4,4
VCT,Neisseria_meningitidis,2,1,1,1
VCT,Listeria_monocytogenes,2,1,1,1
VCT,Corynebacterium_diphtheriae,2,1,1,1
VCT,Bacillus_cereus,2,1,1,1
VCT,Vibrio_cholerae,2,2,1,2
VCT,Neisseria_gonorrhoeae,3,2,2,2
VCT,Treponema_pallidum,2,1,1,1
VCT,Streptococcus_pneumoniae,2,2,1,1
VCT,Leptospira_interrogans,2,1,1,1
VCT,Helicobacter_pylori,2,1,1,1
VCT,Escherichia_coli,4,3,4,4
VCT,Chlamydia_trachomatis,2,1,1,1
VCT,Burkholderia_contaminans,2,2,1,2
VCT,Vibrio_parahaemolyticus,2,2,1,3
VCT,Streptococcus_agalactiae,2,1,1,1
VCT,Streptococcus_suis,2,1,1,1
VCT,Mycobacterium_abscessus,2,1,1,1
VCT,Mycobacterium_massiliense,2,1,1,1
VCT,Mammalicoccus_sciuri,2,1,1,1
VCT,Klebsiella_variicola,4,2,3,3
VCT,Haemophilus_influenzae,2,1,1,1
VCT,Haemophilus_haemolyticus,2,1,1,1
VCT,Haemophilus_parainfluenzae,2,1,1,1
VCT,Enterococcus_faecalis,4,2,3,3
VCT,Dichelobacter_nodosus,2,1,1,1
VCT,Cronobacter_malonaticus,2,2,1,2
VCT,Cronobacter_sakazakii,2,2,1,2
VCT,Clostridium_perfringens,2,2,1,2
VCT,Campylobacter_jejuni,2,2,1,2
VCT,Campylobacter_coli,2,2,1,2
VCT,Burkholderia_pseudomallei,2,2,1,2
VCT,Burkholderia_ambifaria,2,2,1,2
VCT,Burkholderia_cenocepacia,2,2,1,2
VCT,Burkholderia_cepacia,2,2,1,2
VCT,Burkholderia_multivorans,2,2,1,2
VCT,Burkholderia_ubonensis,2,2,1,2
VCT,Bordetella_parapertussis,2,1,1,1
VCT,Acinetobacter_nosocomialis,4,2,3,4
VCT,Acinetobacter_pittii,4,2,3,4
VCT,Listeria_innocua,2,1,1,1
VCT,Cronobacter_turicensis,2,2,1,2
VCT,Clostridium_chauvoei,2,1,1,1
VCT,Borrelia_bavariensis,2,1,1,1
VCT,Salmonella_enterica,4,2,3,3
VCT,Yersinia_enterocolitica,2,2,1,3
VCT,Neisseria_lactamica,2,1,1,1
VCT,Leptospira_borgpetersenii,2,1,1,1
VCT,Burkholderia_vietnamiensis,2,2,1,2
VCT,Streptococcus_uberis,2,1,1,1
VCT,Cronobacter_dublinensis,2,2,1,2
VCT,Chlamydia_abortus,2,1,1,1
VCT,Bordetella_pertussis,2,1,1,1
VCT,Borrelia_garinii,2,1,1,1
VCT,Neisseria_cinerea,2,1,1,1
VCT,Bordetella_bronchiseptica,2,1,1,1
VCT,Mycobacterium_bovis,2,1,1,1
VCT,Shigella_flexneri,4,2,3,4
VCT,Mycobacterium_tuberculosis,2,2,1,1
WSM,Enterococcus_faecium,4,1,3,3
WSM,Staphylococcus_aureus,4,2,4,3
WSM,Klebsiella_pneumoniae,4,2,4,4
WSM,Acinetobacter_baumannii,4,2,4,4
WSM,Pseudomonas_aeruginosa,4,2,4,4
WSM,Enterobacter_cloacae,4,2,4,4
WSM,Neisseria_meningitidis,2,1,1,1
WSM,Listeria_monocytogenes,2,1,1,1
WSM,Corynebacterium_diphtheriae,2,1,1,1
WSM,Bacillus_cereus,2,1,1,1
WSM,Vibrio_cholerae,2,2,1,2
WSM,Neisseria_gonorrhoeae,3,2,2,2
WSM,Treponema_pallidum,2,1,1,1
WSM,Streptococcus_pneumoniae,2,2,1,1
WSM,Leptospira_interrogans,2,1,1,1
WSM,Helicobacter_pylori,2,1,1,1
WSM,Escherichia_coli,4,3,4,4
WSM,Chlamydia_trachomatis,2,1,1,1
WSM,Burkholderia_contaminans,2,2,1,2
WSM,Vibrio_parahaemolyticus,2,2,1,3
WSM,Streptococcus_agalactiae,2,1,1,1
WSM,Streptococcus_suis,2,1,1,1
WSM,Mycobacterium_abscessus,2,1,1,1
WSM,Mycobacterium_massiliense,2,1,1,1
WSM,Mammalicoccus_sciuri,2,1,1,1
WSM,Klebsiella_variicola,4,2,3,3
WSM,Haemophilus_influenzae,2,1,1,1
WSM,Haemophilus_haemolyticus,2,1,1,1
WSM,Haemophilus_parainfluenzae,2,1,1,1
WSM,Enterococcus_faecalis,4,2,3,3
WSM,Dichelobacter_nodosus,2,1,1,1
WSM,Cronobacter_malonaticus,2,2,1,2
WSM,Cronobacter_sakazakii,2,2,1,2
WSM,Clostridium_perfringens,2,2,1,2
WSM,Campylobacter_jejuni,2,2,1,2
WSM,Campylobacter_coli,2,2,1,2
WSM,Burkholderia_pseudomallei,2,2,1,2
WSM,Burkholderia_ambifaria,2,2,1,2
WSM,Burkholderia_cenocepacia,2,2,1,2
WSM,Burkholderia_cepacia,2,2,1,2
WSM,Burkholderia_multivorans,2,2,1,2
WSM,Burkholderia_ubonensis,2,2,1,2
WSM,Bordetella_parapertussis,2,1,1,1
WSM,Acinetobacter_nosocomialis,4,2,3,4
WSM,Acinetobacter_pittii,4,2,3,4
WSM,Listeria_innocua,2,1,1,1
WSM,Cronobacter_turicensis,2,2,1,2
WSM,Clostridium_chauvoei,2,1,1,1
WSM,Borrelia_bavariensis,2,1,1,1
WSM,Salmonella_enterica,4,2,3,3
WSM,Yersinia_enterocolitica,2,2,1,3
WSM,Neisseria_lactamica,2,1,1,1
WSM,Leptospira_borgpetersenii,2,1,1,1
WSM,Burkholderia_vietnamiensis,2,2,1,2
WSM,Streptococcus_uberis,2,1,1,1
WSM,Cronobacter_dublinensis,2,2,1,2
WSM,Chlamydia_abortus,2,1,1,1
WSM,Bordetella_pertussis,2,1,1,1
WSM,Borrelia_garinii,2,1,1,1
WSM,Neisseria_cinerea,2,1,1,1
WSM,Bordetella_bronchiseptica,2,1,1,1
WSM,Mycobacterium_bovis,2,1,1,1
WSM,Shigella_flexneri,4,2,3,4
WSM,Mycobacterium_tuberculosis,2,2,1,1
SRB,Enterococcus_faecium,4,1,3,3
SRB,Staphylococcus_aureus,4,2,4,3
SRB,Klebsiella_pneumoniae,4,2,4,4
SRB,Acinetobacter_baumannii,4,2,4,4
SRB,Pseudomonas_aeruginosa,4,2,4,4
SRB,Enterobacter_cloacae,4,2,4,4
SRB,Neisseria_meningitidis,2,1,1,1
SRB,Listeria_monocytogenes,2,1,1,1
SRB,Corynebacterium_diphtheriae,2,1,1,1
SRB,Bacillus_cereus,2,1,1,1
SRB,Vibrio_cholerae,2,2,1,2
SRB,Neisseria_gonorrhoeae,3,2,2,2
SRB,Treponema_pallidum,2,1,1,1
SRB,Streptococcus_pneumoniae,2,2,1,1
SRB,Leptospira_interrogans,2,1,1,1
SRB,Helicobacter_pylori,2,1,1,1
SRB,Escherichia_coli,4,3,4,4
SRB,Chlamydia_trachomatis,2,1,1,1
SRB,Burkholderia_contaminans,2,2,1,2
SRB,Vibrio_parahaemolyticus,2,2,1,3
SRB,Streptococcus_agalactiae,2,1,1,1
SRB,Streptococcus_suis,2,1,1,1
SRB,Mycobacterium_abscessus,2,1,1,1
SRB,Mycobacterium_massiliense,2,1,1,1
SRB,Mammalicoccus_sciuri,2,1,1,1
SRB,Klebsiella_variicola,4,2,3,3
SRB,Haemophilus_influenzae,2,1,1,1
SRB,Haemophilus_haemolyticus,2,1,1,1
SRB,Haemophilus_parainfluenzae,2,1,1,1
SRB,Enterococcus_faecalis,4,2,3,3
SRB,Dichelobacter_nodosus,2,1,1,1
SRB,Cronobacter_malonaticus,2,2,1,2
SRB,Cronobacter_sakazakii,2,2,1,2
SRB,Clostridium_perfringens,2,2,1,2
SRB,Campylobacter_jejuni,2,2,1,2
SRB,Campylobacter_coli,2,2,1,2
SRB,Burkholderia_pseudomallei,2,2,1,2
SRB,Burkholderia_ambifaria,2,2,1,2
SRB,Burkholderia_cenocepacia,2,2,1,2
SRB,Burkholderia_cepacia,2,2,1,2
SRB,Burkholderia_multivorans,2,2,1,2
SRB,Burkholderia_ubonensis,2,2,1,2
SRB,Bordetella_parapertussis,2,1,1,1
SRB,Acinetobacter_nosocomialis,4,2,3,4
SRB,Acinetobacter_pittii,4,2,3,4
SRB,Listeria_innocua,2,1,1,1
SRB,Cronobacter_turicensis,2,2,1,2
SRB,Clostridium_chauvoei,2,1,1,1
SRB,Borrelia_bavariensis,2,1,1,1
SRB,Salmonella_enterica,4,2,3,3
SRB,Yersinia_enterocolitica,2,2,1,3
SRB,Neisseria_lactamica,2,1,1,1
SRB,Leptospira_borgpetersenii,2,1,1,1
SRB,Burkholderia_vietnamiensis,2,2,1,2
SRB,Streptococcus_uberis,2,1,1,1
SRB,Cronobacter_dublinensis,2,2,1,2
SRB,Chlamydia_abortus,2,1,1,1
SRB,Bordetella_pertussis,2,1,1,1
SRB,Borrelia_garinii,2,1,1,1
SRB,Neisseria_cinerea,2,1,1,1
SRB,Bordetella_bronchiseptica,2,1,1,1
SRB,Mycobacterium_bovis,2,1,1,1
SRB,Shigella_flexneri,4,2,3,4
SRB,Mycobacterium_tuberculosis,2,2,1,1
ZAF,Enterococcus_faecium,4,1,3,3
ZAF,Staphylococcus_aureus,4,2,4,3
ZAF,Klebsiella_pneumoniae,4,2,4,4
ZAF,Acinetobacter_baumannii,4,2,4,4
ZAF,Pseudomonas_aeruginosa,4,2,4,4
ZAF,Enterobacter_cloacae,4,2,4,4
ZAF,Neisseria_meningitidis,2,1,1,1
ZAF,Listeria_monocytogenes,2,1,1,1
ZAF,Corynebacterium_diphtheriae,2,1,1,1
ZAF,Bacillus_cereus,2,1,1,1
ZAF,Vibrio_cholerae,2,2,1,2
ZAF,Neisseria_gonorrhoeae,4,3,3,3
ZAF,Treponema_pallidum,2,1,1,1
ZAF,Streptococcus_pneumoniae,2,3,1,1
ZAF,Leptospira_interrogans,2,1,1,1
ZAF,Helicobacter_pylori,2,1,1,1
ZAF,Escherichia_coli,4,3,4,4
ZAF,Chlamydia_trachomatis,2,1,1,1
ZAF,Burkholderia_contaminans,2,2,1,2
ZAF,Vibrio_parahaemolyticus,2,2,1,3
ZAF,Streptococcus_agalactiae,2,1,1,1
ZAF,Streptococcus_suis,2,1,1,1
ZAF,Mycobacterium_abscessus,2,1,1,1
ZAF,Mycobacterium_massiliense,2,1,1,1
ZAF,Mammalicoccus_sciuri,2,1,1,1
ZAF,Klebsiella_variicola,4,2,3,3
ZAF,Haemophilus_influenzae,2,1,1,1
ZAF,Haemophilus_haemolyticus,2,1,1,1
ZAF,Haemophilus_parainfluenzae,2,1,1,1
ZAF,Enterococcus_faecalis,4,2,3,3
ZAF,Dichelobacter_nodosus,2,1,1,1
ZAF,Cronobacter_malonaticus,2,2,1,2
ZAF,Cronobacter_sakazakii,2,2,1,2
ZAF,Clostridium_perfringens,2,2,1,2
ZAF,Campylobacter_jejuni,2,2,1,2
ZAF,Campylobacter_coli,2,2,1,2
ZAF,Burkholderia_pseudomallei,2,2,1,2
ZAF,Burkholderia_ambifaria,2,2,1,2
ZAF,Burkholderia_cenocepacia,2,2,1,2
ZAF,Burkholderia_cepacia,2,2,1,2
ZAF,Burkholderia_multivorans,2,2,1,2
ZAF,Burkholderia_ubonensis,2,2,1,2
ZAF,Bordetella_parapertussis,2,1,1,1
ZAF,Acinetobacter_nosocomialis,4,2,3,4
ZAF,Acinetobacter_pittii,4,2,3,4
ZAF,Listeria_innocua,2,1,1,1
ZAF,Cronobacter_turicensis,2,2,1,2
ZAF,Clostridium_chauvoei,2,1,1,1
ZAF,Borrelia_bavariensis,2,1,1,1
ZAF,Salmonella_enterica,4,2,3,3
ZAF,Yersinia_enterocolitica,2,2,1,3
ZAF,Neisseria_lactamica,2,1,1,1
ZAF,Leptospira_borgpetersenii,2,1,1,1
ZAF,Burkholderia_vietnamiensis,2,2,1,2
ZAF,Streptococcus_uberis,2,1,1,1
ZAF,Cronobacter_dublinensis,2,2,1,2
ZAF,Chlamydia_abortus,2,1,1,1
ZAF,Bordetella_pertussis,2,1,1,1
ZAF,Borrelia_garinii,2,1,1,1
ZAF,Neisseria_cinerea,2,1,1,1
ZAF,Bordetella_bronchiseptica,2,1,1,1
ZAF,Mycobacterium_bovis,2,1,1,1
ZAF,Shigella_flexneri,4,2,3,4
ZAF,Mycobacterium_tuberculosis,4,2,3,4
SUR,Enterococcus_faecium,4,1,3,3
SUR,Staphylococcus_aureus,4,2,4,3
SUR,Klebsiella_pneumoniae,4,2,4,4
SUR,Acinetobacter_baumannii,4,2,4,4
SUR,Pseudomonas_aeruginosa,4,2,4,4
SUR,Enterobacter_cloacae,4,2,4,4
SUR,Neisseria_meningitidis,2,1,1,1
SUR,Listeria_monocytogenes,2,1,1,1
SUR,Corynebacterium_diphtheriae,2,1,1,1
SUR,Bacillus_cereus,2,1,1,1
SUR,Vibrio_cholerae,2,2,1,2
SUR,Neisseria_gonorrhoeae,3,2,2,2
SUR,Treponema_pallidum,2,1,1,1
SUR,Streptococcus_pneumoniae,2,2,1,1
SUR,Leptospira_interrogans,2,1,1,1
SUR,Helicobacter_pylori,2,1,1,1
SUR,Escherichia_coli,4,3,4,4
SUR,Chlamydia_trachomatis,2,1,1,1
SUR,Burkholderia_contaminans,2,2,1,2
SUR,Vibrio_parahaemolyticus,2,2,1,3
SUR,Streptococcus_agalactiae,2,1,1,1
SUR,Streptococcus_suis,2,1,1,1
SUR,Mycobacterium_abscessus,2,1,1,1
SUR,Mycobacterium_massiliense,2,1,1,1
SUR,Mammalicoccus_sciuri,2,1,1,1
SUR,Klebsiella_variicola,4,3,4,4
SUR,Haemophilus_influenzae,2,1,1,1
SUR,Haemophilus_haemolyticus,2,1,1,1
SUR,Haemophilus_parainfluenzae,2,1,1,1
SUR,Enterococcus_faecalis,4,2,3,3
SUR,Dichelobacter_nodosus,2,1,1,1
SUR,Cronobacter_malonaticus,2,2,1,2
SUR,Cronobacter_sakazakii,2,2,1,2
SUR,Clostridium_perfringens,2,2,1,2
SUR,Campylobacter_jejuni,2,2,1,2
SUR,Campylobacter_coli,2,2,1,2
SUR,Burkholderia_pseudomallei,2,2,1,2
SUR,Burkholderia_ambifaria,2,2,1,2
SUR,Burkholderia_cenocepacia,2,2,1,2
SUR,Burkholderia_cepacia,2,2,1,2
SUR,Burkholderia_multivorans,2,2,1,2
SUR,Burkholderia_ubonensis,2,2,1,2
SUR,Bordetella_parapertussis,2,1,1,1
SUR,Acinetobacter_nosocomialis,4,2,3,4
SUR,Acinetobacter_pittii,4,2,3,4
SUR,Listeria_innocua,2,1,1,1
SUR,Cronobacter_turicensis,2,2,1,2
SUR,Clostridium_chauvoei,2,1,1,1
SUR,Borrelia_bavariensis,2,1,1,1
SUR,Salmonella_enterica,4,2,3,3
SUR,Yersinia_enterocolitica,2,2,1,3
SUR,Neisseria_lactamica,2,1,1,1
SUR,Leptospira_borgpetersenii,2,1,1,1
SUR,Burkholderia_vietnamiensis,2,2,1,2
SUR,Streptococcus_uberis,2,1,1,1
SUR,Cronobacter_dublinensis,2,2,1,2
SUR,Chlamydia_abortus,2,1,1,1
SUR,Bordetella_pertussis,2,1,1,1
SUR,Borrelia_garinii,2,1,1,1
SUR,Neisseria_cinerea,2,1,1,1
SUR,Bordetella_bronchiseptica,2,1,1,1
SUR,Mycobacterium_bovis,2,1,1,1
SUR,Shigella_flexneri,4,2,3,4
SUR,Mycobacterium_tuberculosis,2,2,1,1
THA,Enterococcus_faecium,4,1,3,3
THA,Staphylococcus_aureus,4,2,4,3
THA,Klebsiella_pneumoniae,4,2,4,4
THA,Acinetobacter_baumannii,4,2,4,4
THA,Pseudomonas_aeruginosa,4,2,4,4
THA,Enterobacter_cloacae,4,2,4,4
THA,Neisseria_meningitidis,2,1,1,1
THA,Listeria_monocytogenes,2,1,1,1
THA,Corynebacterium_diphtheriae,2,1,1,1
THA,Bacillus_cereus,2,1,1,1
THA,Vibrio_cholerae,2,2,1,2
THA,Neisseria_gonorrhoeae,4,3,3,3
THA,Treponema_pallidum,2,1,1,1
THA,Streptococcus_pneumoniae,2,2,1,1
THA,Leptospira_interrogans,2,1,1,1
THA,Helicobacter_pylori,2,1,1,1
THA,Escherichia_coli,4,3,4,4
THA,Chlamydia_trachomatis,2,1,1,1
THA,Burkholderia_contaminans,2,2,1,2
THA,Vibrio_parahaemolyticus,2,2,1,3
THA,Streptococcus_agalactiae,2,1,1,1
THA,Streptococcus_suis,2,1,1,1
THA,Mycobacterium_abscessus,2,1,1,1
THA,Mycobacterium_massiliense,2,1,1,1
THA,Mammalicoccus_sciuri,2,1,1,1
THA,Klebsiella_variicola,4,3,4,4
THA,Haemophilus_influenzae,2,1,1,1
THA,Haemophilus_haemolyticus,2,1,1,1
THA,Haemophilus_parainfluenzae,2,1,1,1
THA,Enterococcus_faecalis,4,2,3,3
THA,Dichelobacter_nodosus,2,1,1,1
THA,Cronobacter_malonaticus,2,2,1,2
THA,Cronobacter_sakazakii,2,2,1,2
THA,Clostridium_perfringens,2,2,1,2
THA,Campylobacter_jejuni,2,2,1,2
THA,Campylobacter_coli,2,2,1,2
THA,Burkholderia_pseudomallei,2,2,1,2
THA,Burkholderia_ambifaria,2,2,1,2
THA,Burkholderia_cenocepacia,2,2,1,2
THA,Burkholderia_cepacia,2,2,1,2
THA,Burkholderia_multivorans,2,2,1,2
THA,Burkholderia_ubonensis,2,2,1,2
THA,Bordetella_parapertussis,2,1,1,1
THA,Acinetobacter_nosocomialis,4,2,3,4
THA,Acinetobacter_pittii,4,2,3,4
THA,Listeria_innocua,2,1,1,1
THA,Cronobacter_turicensis,2,2,1,2
THA,Clostridium_chauvoei,2,1,1,1
THA,Borrelia_bavariensis,2,1,1,1
THA,Salmonella_enterica,4,2,3,3
THA,Yersinia_enterocolitica,2,2,1,3
THA,Neisseria_lactamica,2,1,1,1
THA,Leptospira_borgpetersenii,2,1,1,1
THA,Burkholderia_vietnamiensis,2,2,1,2
THA,Streptococcus_uberis,2,1,1,1
THA,Cronobacter_dublinensis,2,2,1,2
THA,Chlamydia_abortus,2,1,1,1
THA,Bordetella_pertussis,2,1,1,1
THA,Borrelia_garinii,2,1,1,1
THA,Neisseria_cinerea,2,1,1,1
THA,Bordetella_bronchiseptica,2,1,1,1
THA,Mycobacterium_bovis,2,1,1,1
THA,Shigella_flexneri,4,2,3,4
THA,Mycobacterium_tuberculosis,2,2,1,1
TON,Enterococcus_faecium,4,1,3,3
TON,Staphylococcus_aureus,4,2,4,3
TON,Klebsiella_pneumoniae,4,2,4,4
TON,Acinetobacter_baumannii,4,2,4,4
TON,Pseudomonas_aeruginosa,4,2,4,4
TON,Enterobacter_cloacae,4,2,4,4
TON,Neisseria_meningitidis,2,1,1,1
TON,Listeria_monocytogenes,2,1,1,1
TON,Corynebacterium_diphtheriae,2,1,1,1
TON,Bacillus_cereus,2,1,1,1
TON,Vibrio_cholerae,2,2,1,2
TON,Neisseria_gonorrhoeae,3,2,2,2
TON,Treponema_pallidum,2,1,1,1
TON,Streptococcus_pneumoniae,2,2,1,1
TON,Leptospira_interrogans,2,1,1,1
TON,Helicobacter_pylori,2,1,1,1
TON,Escherichia_coli,4,3,4,4
TON,Chlamydia_trachomatis,2,1,1,1
TON,Burkholderia_contaminans,2,2,1,2
TON,Vibrio_parahaemolyticus,2,2,1,3
TON,Streptococcus_agalactiae,2,1,1,1
TON,Streptococcus_suis,2,1,1,1
TON,Mycobacterium_abscessus,2,1,1,1
TON,Mycobacterium_massiliense,2,1,1,1
TON,Mammalicoccus_sciuri,2,1,1,1
TON,Klebsiella_variicola,4,3,4,4
TON,Haemophilus_influenzae,2,1,1,1
TON,Haemophilus_haemolyticus,2,1,1,1
TON,Haemophilus_parainfluenzae,2,1,1,1
TON,Enterococcus_faecalis,4,2,3,3
TON,Dichelobacter_nodosus,2,1,1,1
TON,Cronobacter_malonaticus,2,2,1,2
TON,Cronobacter_sakazakii,2,2,1,2
TON,Clostridium_perfringens,2,2,1,2
TON,Campylobacter_jejuni,2,2,1,2
TON,Campylobacter_coli,2,2,1,2
TON,Burkholderia_pseudomallei,2,2,1,2
TON,Burkholderia_ambifaria,2,2,1,2
TON,Burkholderia_cenocepacia,2,2,1,2
TON,Burkholderia_cepacia,2,2,1,2
TON,Burkholderia_multivorans,2,2,1,2
TON,Burkholderia_ubonensis,2,2,1,2
TON,Bordetella_parapertussis,2,1,1,1
TON,Acinetobacter_nosocomialis,4,2,3,4
TON,Acinetobacter_pittii,4,2,3,4
TON,Listeria_innocua,2,1,1,1
TON,Cronobacter_turicensis,2,2,1,2
TON,Clostridium_chauvoei,2,1,1,1
TON,Borrelia_bavariensis,2,1,1,1
TON,Salmonella_enterica,4,2,3,3
TON,Yersinia_enterocolitica,2,2,1,3
TON,Neisseria_lactamica,2,1,1,1
TON,Leptospira_borgpetersenii,2,1,1,1
TON,Burkholderia_vietnamiensis,2,2,1,2
TON,Streptococcus_uberis,2,1,1,1
TON,Cronobacter_dublinensis,2,2,1,2
TON,Chlamydia_abortus,2,1,1,1
TON,Bordetella_pertussis,2,1,1,1
TON,Borrelia_garinii,2,1,1,1
TON,Neisseria_cinerea,2,1,1,1
TON,Bordetella_bronchiseptica,2,1,1,1
TON,Mycobacterium_bovis,2,1,1,1
TON,Shigella_flexneri,4,2,3,4
TON,Mycobacterium_tuberculosis,2,2,1,1
TUR,Enterococcus_faecium,4,1,3,3
TUR,Staphylococcus_aureus,4,2,4,3
TUR,Klebsiella_pneumoniae,4,2,4,4
TUR,Acinetobacter_baumannii,4,2,4,4
TUR,Pseudomonas_aeruginosa,4,2,4,4
TUR,Enterobacter_cloacae,4,2,4,4
TUR,Neisseria_meningitidis,2,1,1,1
TUR,Listeria_monocytogenes,2,1,1,1
TUR,Corynebacterium_diphtheriae,2,1,1,1
TUR,Bacillus_cereus,2,1,1,1
TUR,Vibrio_cholerae,2,2,1,2
TUR,Neisseria_gonorrhoeae,3,2,2,2
TUR,Treponema_pallidum,2,1,1,1
TUR,Streptococcus_pneumoniae,2,2,1,1
TUR,Leptospira_interrogans,2,1,1,1
TUR,Helicobacter_pylori,2,1,1,1
TUR,Escherichia_coli,4,3,4,4
TUR,Chlamydia_trachomatis,2,1,1,1
TUR,Burkholderia_contaminans,2,2,1,2
TUR,Vibrio_parahaemolyticus,2,2,1,3
TUR,Streptococcus_agalactiae,2,1,1,1
TUR,Streptococcus_suis,2,1,1,1
TUR,Mycobacterium_abscessus,2,1,1,1
TUR,Mycobacterium_massiliense,2,1,1,1
TUR,Mammalicoccus_sciuri,2,1,1,1
TUR,Klebsiella_variicola,4,3,4,4
TUR,Haemophilus_influenzae,2,1,1,1
TUR,Haemophilus_haemolyticus,2,1,1,1
TUR,Haemophilus_parainfluenzae,2,1,1,1
TUR,Enterococcus_faecalis,4,2,3,3
TUR,Dichelobacter_nodosus,2,1,1,1
TUR,Cronobacter_malonaticus,2,2,1,2
TUR,Cronobacter_sakazakii,2,2,1,2
TUR,Clostridium_perfringens,2,2,1,2
TUR,Campylobacter_jejuni,2,2,1,2
TUR,Campylobacter_coli,2,2,1,2
TUR,Burkholderia_pseudomallei,2,2,1,2
TUR,Burkholderia_ambifaria,2,2,1,2
TUR,Burkholderia_cenocepacia,2,2,1,2
TUR,Burkholderia_cepacia,2,2,1,2
TUR,Burkholderia_multivorans,2,2,1,2
TUR,Burkholderia_ubonensis,2,2,1,2
TUR,Bordetella_parapertussis,2,1,1,1
TUR,Acinetobacter_nosocomialis,4,2,3,4
TUR,Acinetobacter_pittii,4,2,3,4
TUR,Listeria_innocua,2,1,1,1
TUR,Cronobacter_turicensis,2,2,1,2
TUR,Clostridium_chauvoei,2,1,1,1
TUR,Borrelia_bavariensis,2,1,1,1
TUR,Salmonella_enterica,4,2,3,3
TUR,Yersinia_enterocolitica,2,2,1,3
TUR,Neisseria_lactamica,2,1,1,1
TUR,Leptospira_borgpetersenii,2,1,1,1
TUR,Burkholderia_vietnamiensis,2,2,1,2
TUR,Streptococcus_uberis,2,1,1,1
TUR,Cronobacter_dublinensis,2,2,1,2
TUR,Chlamydia_abortus,2,1,1,1
TUR,Bordetella_pertussis,2,1,1,1
TUR,Borrelia_garinii,2,1,1,1
TUR,Neisseria_cinerea,2,1,1,1
TUR,Bordetella_bronchiseptica,2,1,1,1
TUR,Mycobacterium_bovis,2,1,1,1
TUR,Shigella_flexneri,4,2,3,4
TUR,Mycobacterium_tuberculosis,2,2,1,1
TKM,Enterococcus_faecium,4,1,3,3
TKM,Staphylococcus_aureus,4,2,4,3
TKM,Klebsiella_pneumoniae,4,2,4,4
TKM,Acinetobacter_baumannii,4,2,4,4
TKM,Pseudomonas_aeruginosa,4,2,4,4
TKM,Enterobacter_cloacae,4,2,4,4
TKM,Neisseria_meningitidis,2,1,1,1
TKM,Listeria_monocytogenes,2,1,1,1
TKM,Corynebacterium_diphtheriae,2,1,1,1
TKM,Bacillus_cereus,2,1,1,1
TKM,Vibrio_cholerae,2,2,1,2
TKM,Neisseria_gonorrhoeae,3,2,2,2
TKM,Treponema_pallidum,2,1,1,1
TKM,Streptococcus_pneumoniae,2,2,1,1
TKM,Leptospira_interrogans,2,1,1,1
TKM,Helicobacter_pylori,2,1,1,1
TKM,Escherichia_coli,4,3,4,4
TKM,Chlamydia_trachomatis,2,1,1,1
TKM,Burkholderia_contaminans,2,2,1,2
TKM,Vibrio_parahaemolyticus,2,2,1,3
TKM,Streptococcus_agalactiae,2,1,1,1
TKM,Streptococcus_suis,2,1,1,1
TKM,Mycobacterium_abscessus,2,1,1,1
TKM,Mycobacterium_massiliense,2,1,1,1
TKM,Mammalicoccus_sciuri,2,1,1,1
TKM,Klebsiella_variicola,4,3,4,4
TKM,Haemophilus_influenzae,2,1,1,1
TKM,Haemophilus_haemolyticus,2,1,1,1
TKM,Haemophilus_parainfluenzae,2,1,1,1
TKM,Enterococcus_faecalis,4,2,3,3
TKM,Dichelobacter_nodosus,2,1,1,1
TKM,Cronobacter_malonaticus,2,2,1,2
TKM,Cronobacter_sakazakii,2,2,1,2
TKM,Clostridium_perfringens,2,2,1,2
TKM,Campylobacter_jejuni,2,2,1,2
TKM,Campylobacter_coli,2,2,1,2
TKM,Burkholderia_pseudomallei,2,2,1,2
TKM,Burkholderia_ambifaria,2,2,1,2
TKM,Burkholderia_cenocepacia,2,2,1,2
TKM,Burkholderia_cepacia,2,2,1,2
TKM,Burkholderia_multivorans,2,2,1,2
TKM,Burkholderia_ubonensis,2,2,1,2
TKM,Bordetella_parapertussis,2,1,1,1
TKM,Acinetobacter_nosocomialis,4,2,3,4
TKM,Acinetobacter_pittii,4,2,3,4
TKM,Listeria_innocua,2,1,1,1
TKM,Cronobacter_turicensis,2,2,1,2
TKM,Clostridium_chauvoei,2,1,1,1
TKM,Borrelia_bavariensis,2,1,1,1
TKM,Salmonella_enterica,4,2,3,3
TKM,Yersinia_enterocolitica,2,2,1,3
TKM,Neisseria_lactamica,2,1,1,1
TKM,Leptospira_borgpetersenii,2,1,1,1
TKM,Burkholderia_vietnamiensis,2,2,1,2
TKM,Streptococcus_uberis,2,1,1,1
TKM,Cronobacter_dublinensis,2,2,1,2
TKM,Chlamydia_abortus,2,1,1,1
TKM,Bordetella_pertussis,2,1,1,1
TKM,Borrelia_garinii,2,1,1,1
TKM,Neisseria_cinerea,2,1,1,1
TKM,Bordetella_bronchiseptica,2,1,1,1
TKM,Mycobacterium_bovis,2,1,1,1
TKM,Shigella_flexneri,4,2,3,4
TKM,Mycobacterium_tuberculosis,2,2,1,1
TUV,Enterococcus_faecium,4,1,3,3
TUV,Staphylococcus_aureus,4,2,4,3
TUV,Klebsiella_pneumoniae,4,2,4,4
TUV,Acinetobacter_baumannii,4,2,4,4
TUV,Pseudomonas_aeruginosa,4,2,4,4
TUV,Enterobacter_cloacae,4,2,4,4
TUV,Neisseria_meningitidis,2,1,1,1
TUV,Listeria_monocytogenes,2,1,1,1
TUV,Corynebacterium_diphtheriae,2,1,1,1
TUV,Bacillus_cereus,2,1,1,1
TUV,Vibrio_cholerae,2,2,1,2
TUV,Neisseria_gonorrhoeae,3,2,2,2
TUV,Treponema_pallidum,2,1,1,1
TUV,Streptococcus_pneumoniae,2,2,1,1
TUV,Leptospira_interrogans,2,1,1,1
TUV,Helicobacter_pylori,2,1,1,1
TUV,Escherichia_coli,4,3,4,4
TUV,Chlamydia_trachomatis,2,1,1,1
TUV,Burkholderia_contaminans,2,2,1,2
TUV,Vibrio_parahaemolyticus,2,2,1,3
TUV,Streptococcus_agalactiae,2,1,1,1
TUV,Streptococcus_suis,2,1,1,1
TUV,Mycobacterium_abscessus,2,1,1,1
TUV,Mycobacterium_massiliense,2,1,1,1
TUV,Mammalicoccus_sciuri,2,1,1,1
TUV,Klebsiella_variicola,4,3,4,4
TUV,Haemophilus_influenzae,2,1,1,1
TUV,Haemophilus_haemolyticus,2,1,1,1
TUV,Haemophilus_parainfluenzae,2,1,1,1
TUV,Enterococcus_faecalis,4,2,3,3
TUV,Dichelobacter_nodosus,2,1,1,1
TUV,Cronobacter_malonaticus,2,2,1,2
TUV,Cronobacter_sakazakii,2,2,1,2
TUV,Clostridium_perfringens,2,2,1,2
TUV,Campylobacter_jejuni,2,2,1,2
TUV,Campylobacter_coli,2,2,1,2
TUV,Burkholderia_pseudomallei,2,2,1,2
TUV,Burkholderia_ambifaria,2,2,1,2
TUV,Burkholderia_cenocepacia,2,2,1,2
TUV,Burkholderia_cepacia,2,2,1,2
TUV,Burkholderia_multivorans,2,2,1,2
TUV,Burkholderia_ubonensis,2,2,1,2
TUV,Bordetella_parapertussis,2,1,1,1
TUV,Acinetobacter_nosocomialis,4,2,3,4
TUV,Acinetobacter_pittii,4,2,3,4
TUV,Listeria_innocua,2,1,1,1
TUV,Cronobacter_turicensis,2,2,1,2
TUV,Clostridium_chauvoei,2,1,1,1
TUV,Borrelia_bavariensis,2,1,1,1
TUV,Salmonella_enterica,4,2,3,3
TUV,Yersinia_enterocolitica,2,2,1,3
TUV,Neisseria_lactamica,2,1,1,1
TUV,Leptospira_borgpetersenii,2,1,1,1
TUV,Burkholderia_vietnamiensis,2,2,1,2
TUV,Streptococcus_uberis,2,1,1,1
TUV,Cronobacter_dublinensis,2,2,1,2
TUV,Chlamydia_abortus,2,1,1,1
TUV,Bordetella_pertussis,2,1,1,1
TUV,Borrelia_garinii,2,1,1,1
TUV,Neisseria_cinerea,2,1,1,1
TUV,Bordetella_bronchiseptica,2,1,1,1
TUV,Mycobacterium_bovis,2,1,1,1
TUV,Shigella_flexneri,4,2,3,4
TUV,Mycobacterium_tuberculosis,2,2,1,1
UKR,Enterococcus_faecium,4,1,3,3
UKR,Staphylococcus_aureus,4,2,4,3
UKR,Klebsiella_pneumoniae,4,2,4,4
UKR,Acinetobacter_baumannii,4,2,4,4
UKR,Pseudomonas_aeruginosa,4,2,4,4
UKR,Enterobacter_cloacae,4,2,4,4
UKR,Neisseria_meningitidis,2,1,1,1
UKR,Listeria_monocytogenes,2,1,1,1
UKR,Corynebacterium_diphtheriae,2,1,1,1
UKR,Bacillus_cereus,2,1,1,1
UKR,Vibrio_cholerae,2,2,1,2
UKR,Neisseria_gonorrhoeae,3,2,2,2
UKR,Treponema_pallidum,2,1,1,1
UKR,Streptococcus_pneumoniae,2,2,1,1
UKR,Leptospira_interrogans,2,1,1,1
UKR,Helicobacter_pylori,2,1,1,1
UKR,Escherichia_coli,4,3,4,4
UKR,Chlamydia_trachomatis,2,1,1,1
UKR,Burkholderia_contaminans,2,2,1,2
UKR,Vibrio_parahaemolyticus,2,2,1,3
UKR,Streptococcus_agalactiae,2,1,1,1
UKR,Streptococcus_suis,2,1,1,1
UKR,Mycobacterium_abscessus,2,1,1,1
UKR,Mycobacterium_massiliense,2,1,1,1
UKR,Mammalicoccus_sciuri,2,1,1,1
UKR,Klebsiella_variicola,4,3,4,4
UKR,Haemophilus_influenzae,2,1,1,1
UKR,Haemophilus_haemolyticus,2,1,1,1
UKR,Haemophilus_parainfluenzae,2,1,1,1
UKR,Enterococcus_faecalis,4,2,3,3
UKR,Dichelobacter_nodosus,2,1,1,1
UKR,Cronobacter_malonaticus,2,2,1,2
UKR,Cronobacter_sakazakii,2,2,1,2
UKR,Clostridium_perfringens,2,2,1,2
UKR,Campylobacter_jejuni,2,2,1,2
UKR,Campylobacter_coli,2,2,1,2
UKR,Burkholderia_pseudomallei,2,2,1,2
UKR,Burkholderia_ambifaria,2,2,1,2
UKR,Burkholderia_cenocepacia,2,2,1,2
UKR,Burkholderia_cepacia,2,2,1,2
UKR,Burkholderia_multivorans,2,2,1,2
UKR,Burkholderia_ubonensis,2,2,1,2
UKR,Bordetella_parapertussis,2,1,1,1
UKR,Acinetobacter_nosocomialis,4,2,3,4
UKR,Acinetobacter_pittii,4,2,3,4
UKR,Listeria_innocua,2,1,1,1
UKR,Cronobacter_turicensis,2,2,1,2
UKR,Clostridium_chauvoei,2,1,1,1
UKR,Borrelia_bavariensis,2,1,1,1
UKR,Salmonella_enterica,4,2,3,3
UKR,Yersinia_enterocolitica,2,2,1,3
UKR,Neisseria_lactamica,2,1,1,1
UKR,Leptospira_borgpetersenii,2,1,1,1
UKR,Burkholderia_vietnamiensis,2,2,1,2
UKR,Streptococcus_uberis,2,1,1,1
UKR,Cronobacter_dublinensis,2,2,1,2
UKR,Chlamydia_abortus,2,1,1,1
UKR,Bordetella_pertussis,2,1,1,1
UKR,Borrelia_garinii,2,1,1,1
UKR,Neisseria_cinerea,2,1,1,1
UKR,Bordetella_bronchiseptica,2,1,1,1
UKR,Mycobacterium_bovis,2,1,1,1
UKR,Shigella_flexneri,4,2,3,4
UKR,Mycobacterium_tuberculosis,4,4,3,4
VEN,Enterococcus_faecium,4,1,3,3
VEN,Staphylococcus_aureus,4,2,4,3
VEN,Klebsiella_pneumoniae,4,2,4,4
VEN,Acinetobacter_baumannii,4,2,4,4
VEN,Pseudomonas_aeruginosa,4,2,4,4
VEN,Enterobacter_cloacae,4,2,4,4
VEN,Neisseria_meningitidis,2,1,1,1
VEN,Listeria_monocytogenes,2,1,1,1
VEN,Corynebacterium_diphtheriae,2,1,1,1
VEN,Bacillus_cereus,2,1,1,1
VEN,Vibrio_cholerae,2,2,1,2
VEN,Neisseria_gonorrhoeae,3,2,2,2
VEN,Treponema_pallidum,2,1,1,1
VEN,Streptococcus_pneumoniae,2,2,1,1
VEN,Leptospira_interrogans,2,1,1,1
VEN,Helicobacter_pylori,2,1,1,1
VEN,Escherichia_coli,4,3,4,4
VEN,Chlamydia_trachomatis,2,1,1,1
VEN,Burkholderia_contaminans,2,2,1,2
VEN,Vibrio_parahaemolyticus,2,2,1,3
VEN,Streptococcus_agalactiae,2,1,1,1
VEN,Streptococcus_suis,2,1,1,1
VEN,Mycobacterium_abscessus,2,1,1,1
VEN,Mycobacterium_massiliense,2,1,1,1
VEN,Mammalicoccus_sciuri,2,1,1,1
VEN,Klebsiella_variicola,4,3,4,4
VEN,Haemophilus_influenzae,2,1,1,1
VEN,Haemophilus_haemolyticus,2,1,1,1
VEN,Haemophilus_parainfluenzae,2,1,1,1
VEN,Enterococcus_faecalis,4,2,3,3
VEN,Dichelobacter_nodosus,2,1,1,1
VEN,Cronobacter_malonaticus,2,2,1,2
VEN,Cronobacter_sakazakii,2,2,1,2
VEN,Clostridium_perfringens,2,2,1,2
VEN,Campylobacter_jejuni,2,2,1,2
VEN,Campylobacter_coli,2,2,1,2
VEN,Burkholderia_pseudomallei,2,2,1,2
VEN,Burkholderia_ambifaria,2,2,1,2
VEN,Burkholderia_cenocepacia,2,2,1,2
VEN,Burkholderia_cepacia,2,2,1,2
VEN,Burkholderia_multivorans,2,2,1,2
VEN,Burkholderia_ubonensis,2,2,1,2
VEN,Bordetella_parapertussis,2,1,1,1
VEN,Acinetobacter_nosocomialis,4,2,3,4
VEN,Acinetobacter_pittii,4,2,3,4
VEN,Listeria_innocua,2,1,1,1
VEN,Cronobacter_turicensis,2,2,1,2
VEN,Clostridium_chauvoei,2,1,1,1
VEN,Borrelia_bavariensis,2,1,1,1
VEN,Salmonella_enterica,4,2,3,3
VEN,Yersinia_enterocolitica,2,2,1,3
VEN,Neisseria_lactamica,2,1,1,1
VEN,Leptospira_borgpetersenii,2,1,1,1
VEN,Burkholderia_vietnamiensis,2,2,1,2
VEN,Streptococcus_uberis,2,1,1,1
VEN,Cronobacter_dublinensis,2,2,1,2
VEN,Chlamydia_abortus,2,1,1,1
VEN,Bordetella_pertussis,2,1,1,1
VEN,Borrelia_garinii,2,1,1,1
VEN,Neisseria_cinerea,2,1,1,1
VEN,Bordetella_bronchiseptica,2,1,1,1
VEN,Mycobacterium_bovis,2,1,1,1
VEN,Shigella_flexneri,4,2,3,4
VEN,Mycobacterium_tuberculosis,2,2,1,1
AGO,Enterococcus_faecium,4,1,3,3
AGO,Staphylococcus_aureus,4,2,4,3
AGO,Klebsiella_pneumoniae,4,2,4,4
AGO,Acinetobacter_baumannii,4,2,3,4
AGO,Pseudomonas_aeruginosa,4,2,3,4
AGO,Enterobacter_cloacae,4,2,4,4
AGO,Neisseria_meningitidis,2,1,1,1
AGO,Listeria_monocytogenes,2,1,1,1
AGO,Corynebacterium_diphtheriae,2,1,1,1
AGO,Bacillus_cereus,2,1,1,1
AGO,Vibrio_cholerae,2,2,1,2
AGO,Neisseria_gonorrhoeae,3,2,2,3
AGO,Treponema_pallidum,2,1,1,1
AGO,Streptococcus_pneumoniae,2,2,1,1
AGO,Leptospira_interrogans,2,1,1,1
AGO,Helicobacter_pylori,2,1,1,1
AGO,Escherichia_coli,4,3,4,4
AGO,Chlamydia_trachomatis,2,1,1,1
AGO,Burkholderia_contaminans,2,2,1,2
AGO,Vibrio_parahaemolyticus,2,2,1,3
AGO,Streptococcus_agalactiae,2,1,1,1
AGO,Streptococcus_suis,2,1,1,1
AGO,Mycobacterium_abscessus,2,1,1,1
AGO,Mycobacterium_massiliense,2,1,1,1
AGO,Mammalicoccus_sciuri,2,1,1,1
AGO,Klebsiella_variicola,4,3,4,4
AGO,Haemophilus_influenzae,2,1,1,1
AGO,Haemophilus_haemolyticus,2,1,1,1
AGO,Haemophilus_parainfluenzae,2,1,1,1
AGO,Enterococcus_faecalis,4,2,3,3
AGO,Dichelobacter_nodosus,2,1,1,1
AGO,Cronobacter_malonaticus,2,2,1,2
AGO,Cronobacter_sakazakii,2,2,1,2
AGO,Clostridium_perfringens,2,2,1,2
AGO,Campylobacter_jejuni,3,2,2,2
AGO,Campylobacter_coli,3,2,2,2
AGO,Burkholderia_pseudomallei,2,2,1,2
AGO,Burkholderia_ambifaria,2,2,1,2
AGO,Burkholderia_cenocepacia,2,2,1,2
AGO,Burkholderia_cepacia,2,2,1,2
AGO,Burkholderia_multivorans,2,2,1,2
AGO,Burkholderia_ubonensis,2,2,1,2
AGO,Bordetella_parapertussis,2,1,1,1
AGO,Acinetobacter_nosocomialis,4,2,3,4
AGO,Acinetobacter_pittii,4,2,3,4
AGO,Listeria_innocua,2,1,1,1
AGO,Cronobacter_turicensis,2,2,1,2
AGO,Clostridium_chauvoei,2,1,1,1
AGO,Borrelia_bavariensis,2,1,1,1
AGO,Salmonella_enterica,4,2,3,3
AGO,Yersinia_enterocolitica,2,2,1,3
AGO,Neisseria_lactamica,2,1,1,1
AGO,Leptospira_borgpetersenii,2,1,1,1
AGO,Burkholderia_vietnamiensis,2,2,1,2
AGO,Streptococcus_uberis,2,1,1,1
AGO,Cronobacter_dublinensis,2,2,1,2
AGO,Chlamydia_abortus,2,1,1,1
AGO,Bordetella_pertussis,2,1,1,1
AGO,Borrelia_garinii,2,1,1,1
AGO,Neisseria_cinerea,2,1,1,1
AGO,Bordetella_bronchiseptica,2,1,1,1
AGO,Mycobacterium_bovis,2,1,1,1
AGO,Shigella_flexneri,4,2,3,4
AGO,Mycobacterium_tuberculosis,4,2,3,2
BGD,Enterococcus_faecium,4,1,3,3
BGD,Staphylococcus_aureus,4,2,4,3
BGD,Klebsiella_pneumoniae,4,2,4,4
BGD,Acinetobacter_baumannii,4,2,3,4
BGD,Pseudomonas_aeruginosa,4,2,3,4
BGD,Enterobacter_cloacae,4,2,4,4
BGD,Neisseria_meningitidis,2,1,1,1
BGD,Listeria_monocytogenes,2,1,1,1
BGD,Corynebacterium_diphtheriae,2,1,1,1
BGD,Bacillus_cereus,2,1,1,1
BGD,Vibrio_cholerae,2,2,1,2
BGD,Neisseria_gonorrhoeae,3,2,2,3
BGD,Treponema_pallidum,2,1,1,1
BGD,Streptococcus_pneumoniae,2,2,1,1
BGD,Leptospira_interrogans,2,1,1,1
BGD,Helicobacter_pylori,2,1,1,1
BGD,Escherichia_coli,4,3,4,4
BGD,Chlamydia_trachomatis,2,1,1,1
BGD,Burkholderia_contaminans,2,2,1,2
BGD,Vibrio_parahaemolyticus,2,2,1,3
BGD,Streptococcus_agalactiae,2,1,1,1
BGD,Streptococcus_suis,2,1,1,1
BGD,Mycobacterium_abscessus,2,1,1,1
BGD,Mycobacterium_massiliense,2,1,1,1
BGD,Mammalicoccus_sciuri,2,1,1,1
BGD,Klebsiella_variicola,4,3,4,4
BGD,Haemophilus_influenzae,2,1,1,1
BGD,Haemophilus_haemolyticus,2,1,1,1
BGD,Haemophilus_parainfluenzae,2,1,1,1
BGD,Enterococcus_faecalis,4,2,3,3
BGD,Dichelobacter_nodosus,2,1,1,1
BGD,Cronobacter_malonaticus,2,2,1,2
BGD,Cronobacter_sakazakii,2,2,1,2
BGD,Clostridium_perfringens,2,2,1,2
BGD,Campylobacter_jejuni,3,2,2,2
BGD,Campylobacter_coli,3,2,2,2
BGD,Burkholderia_pseudomallei,2,2,1,2
BGD,Burkholderia_ambifaria,2,2,1,2
BGD,Burkholderia_cenocepacia,2,2,1,2
BGD,Burkholderia_cepacia,2,2,1,2
BGD,Burkholderia_multivorans,2,2,1,2
BGD,Burkholderia_ubonensis,2,2,1,2
BGD,Bordetella_parapertussis,2,1,1,1
BGD,Acinetobacter_nosocomialis,4,2,3,4
BGD,Acinetobacter_pittii,4,2,3,4
BGD,Listeria_innocua,2,1,1,1
BGD,Cronobacter_turicensis,2,2,1,2
BGD,Clostridium_chauvoei,2,1,1,1
BGD,Borrelia_bavariensis,2,1,1,1
BGD,Salmonella_enterica,4,2,3,3
BGD,Yersinia_enterocolitica,2,2,1,3
BGD,Neisseria_lactamica,2,1,1,1
BGD,Leptospira_borgpetersenii,2,1,1,1
BGD,Burkholderia_vietnamiensis,2,2,1,2
BGD,Streptococcus_uberis,2,1,1,1
BGD,Cronobacter_dublinensis,2,2,1,2
BGD,Chlamydia_abortus,2,1,1,1
BGD,Bordetella_pertussis,2,1,1,1
BGD,Borrelia_garinii,2,1,1,1
BGD,Neisseria_cinerea,2,1,1,1
BGD,Bordetella_bronchiseptica,2,1,1,1
BGD,Mycobacterium_bovis,2,1,1,1
BGD,Shigella_flexneri,4,2,3,4
BGD,Mycobacterium_tuberculosis,4,2,3,2
BEN,Enterococcus_faecium,4,1,3,3
BEN,Staphylococcus_aureus,4,2,4,3
BEN,Klebsiella_pneumoniae,4,2,4,4
BEN,Acinetobacter_baumannii,4,2,3,4
BEN,Pseudomonas_aeruginosa,4,2,3,4
BEN,Enterobacter_cloacae,4,2,4,4
BEN,Neisseria_meningitidis,2,1,1,1
BEN,Listeria_monocytogenes,2,1,1,1
BEN,Corynebacterium_diphtheriae,2,1,1,1
BEN,Bacillus_cereus,2,1,1,1
BEN,Vibrio_cholerae,2,2,1,2
BEN,Neisseria_gonorrhoeae,3,2,2,3
BEN,Treponema_pallidum,2,1,1,1
BEN,Streptococcus_pneumoniae,2,2,1,1
BEN,Leptospira_interrogans,2,1,1,1
BEN,Helicobacter_pylori,2,1,1,1
BEN,Escherichia_coli,4,3,4,4
BEN,Chlamydia_trachomatis,2,1,1,1
BEN,Burkholderia_contaminans,2,2,1,2
BEN,Vibrio_parahaemolyticus,2,2,1,3
BEN,Streptococcus_agalactiae,2,1,1,1
BEN,Streptococcus_suis,2,1,1,1
BEN,Mycobacterium_abscessus,2,1,1,1
BEN,Mycobacterium_massiliense,2,1,1,1
BEN,Mammalicoccus_sciuri,2,1,1,1
BEN,Klebsiella_variicola,4,3,4,4
BEN,Haemophilus_influenzae,2,1,1,1
BEN,Haemophilus_haemolyticus,2,1,1,1
BEN,Haemophilus_parainfluenzae,2,1,1,1
BEN,Enterococcus_faecalis,4,2,3,3
BEN,Dichelobacter_nodosus,2,1,1,1
BEN,Cronobacter_malonaticus,2,2,1,2
BEN,Cronobacter_sakazakii,2,2,1,2
BEN,Clostridium_perfringens,2,2,1,2
BEN,Campylobacter_jejuni,3,2,2,2
BEN,Campylobacter_coli,3,2,2,2
BEN,Burkholderia_pseudomallei,2,2,1,2
BEN,Burkholderia_ambifaria,2,2,1,2
BEN,Burkholderia_cenocepacia,2,2,1,2
BEN,Burkholderia_cepacia,2,2,1,2
BEN,Burkholderia_multivorans,2,2,1,2
BEN,Burkholderia_ubonensis,2,2,1,2
BEN,Bordetella_parapertussis,2,1,1,1
BEN,Acinetobacter_nosocomialis,4,2,3,4
BEN,Acinetobacter_pittii,4,2,3,4
BEN,Listeria_innocua,2,1,1,1
BEN,Cronobacter_turicensis,2,2,1,2
BEN,Clostridium_chauvoei,2,1,1,1
BEN,Borrelia_bavariensis,2,1,1,1
BEN,Salmonella_enterica,4,2,3,3
BEN,Yersinia_enterocolitica,2,2,1,3
BEN,Neisseria_lactamica,2,1,1,1
BEN,Leptospira_borgpetersenii,2,1,1,1
BEN,Burkholderia_vietnamiensis,2,2,1,2
BEN,Streptococcus_uberis,2,1,1,1
BEN,Cronobacter_dublinensis,2,2,1,2
BEN,Chlamydia_abortus,2,1,1,1
BEN,Bordetella_pertussis,2,1,1,1
BEN,Borrelia_garinii,2,1,1,1
BEN,Neisseria_cinerea,2,1,1,1
BEN,Bordetella_bronchiseptica,2,1,1,1
BEN,Mycobacterium_bovis,2,1,1,1
BEN,Shigella_flexneri,4,2,3,4
BEN,Mycobacterium_tuberculosis,4,2,3,2
BTN,Enterococcus_faecium,4,1,3,3
BTN,Staphylococcus_aureus,4,2,4,3
BTN,Klebsiella_pneumoniae,4,2,4,4
BTN,Acinetobacter_baumannii,4,2,3,4
BTN,Pseudomonas_aeruginosa,4,2,3,4
BTN,Enterobacter_cloacae,4,2,4,4
BTN,Neisseria_meningitidis,2,1,1,1
BTN,Listeria_monocytogenes,2,1,1,1
BTN,Corynebacterium_diphtheriae,2,1,1,1
BTN,Bacillus_cereus,2,1,1,1
BTN,Vibrio_cholerae,2,2,1,2
BTN,Neisseria_gonorrhoeae,3,2,2,3
BTN,Treponema_pallidum,2,1,1,1
BTN,Streptococcus_pneumoniae,2,2,1,1
BTN,Leptospira_interrogans,2,1,1,1
BTN,Helicobacter_pylori,2,1,1,1
BTN,Escherichia_coli,4,3,4,4
BTN,Chlamydia_trachomatis,2,1,1,1
BTN,Burkholderia_contaminans,2,2,1,2
BTN,Vibrio_parahaemolyticus,2,2,1,3
BTN,Streptococcus_agalactiae,2,1,1,1
BTN,Streptococcus_suis,2,1,1,1
BTN,Mycobacterium_abscessus,2,1,1,1
BTN,Mycobacterium_massiliense,2,1,1,1
BTN,Mammalicoccus_sciuri,2,1,1,1
BTN,Klebsiella_variicola,4,3,4,4
BTN,Haemophilus_influenzae,2,1,1,1
BTN,Haemophilus_haemolyticus,2,1,1,1
BTN,Haemophilus_parainfluenzae,2,1,1,1
BTN,Enterococcus_faecalis,4,2,3,3
BTN,Dichelobacter_nodosus,2,1,1,1
BTN,Cronobacter_malonaticus,2,2,1,2
BTN,Cronobacter_sakazakii,2,2,1,2
BTN,Clostridium_perfringens,2,2,1,2
BTN,Campylobacter_jejuni,3,2,2,2
BTN,Campylobacter_coli,3,2,2,2
BTN,Burkholderia_pseudomallei,2,2,1,2
BTN,Burkholderia_ambifaria,2,2,1,2
BTN,Burkholderia_cenocepacia,2,2,1,2
BTN,Burkholderia_cepacia,2,2,1,2
BTN,Burkholderia_multivorans,2,2,1,2
BTN,Burkholderia_ubonensis,2,2,1,2
BTN,Bordetella_parapertussis,2,1,1,1
BTN,Acinetobacter_nosocomialis,4,2,3,4
BTN,Acinetobacter_pittii,4,2,3,4
BTN,Listeria_innocua,2,1,1,1
BTN,Cronobacter_turicensis,2,2,1,2
BTN,Clostridium_chauvoei,2,1,1,1
BTN,Borrelia_bavariensis,2,1,1,1
BTN,Salmonella_enterica,4,2,3,3
BTN,Yersinia_enterocolitica,2,2,1,3
BTN,Neisseria_lactamica,2,1,1,1
BTN,Leptospira_borgpetersenii,2,1,1,1
BTN,Burkholderia_vietnamiensis,2,2,1,2
BTN,Streptococcus_uberis,2,1,1,1
BTN,Cronobacter_dublinensis,2,2,1,2
BTN,Chlamydia_abortus,2,1,1,1
BTN,Bordetella_pertussis,2,1,1,1
BTN,Borrelia_garinii,2,1,1,1
BTN,Neisseria_cinerea,2,1,1,1
BTN,Bordetella_bronchiseptica,2,1,1,1
BTN,Mycobacterium_bovis,2,1,1,1
BTN,Shigella_flexneri,4,2,3,4
BTN,Mycobacterium_tuberculosis,4,2,3,2
BOL,Enterococcus_faecium,4,1,3,3
BOL,Staphylococcus_aureus,4,2,4,3
BOL,Klebsiella_pneumoniae,4,2,4,4
BOL,Acinetobacter_baumannii,4,2,3,4
BOL,Pseudomonas_aeruginosa,4,2,3,4
BOL,Enterobacter_cloacae,4,2,4,4
BOL,Neisseria_meningitidis,2,1,1,1
BOL,Listeria_monocytogenes,2,1,1,1
BOL,Corynebacterium_diphtheriae,2,1,1,1
BOL,Bacillus_cereus,2,1,1,1
BOL,Vibrio_cholerae,2,2,1,2
BOL,Neisseria_gonorrhoeae,3,2,2,3
BOL,Treponema_pallidum,2,1,1,1
BOL,Streptococcus_pneumoniae,2,2,1,1
BOL,Leptospira_interrogans,2,1,1,1
BOL,Helicobacter_pylori,2,1,1,1
BOL,Escherichia_coli,4,3,4,4
BOL,Chlamydia_trachomatis,2,1,1,1
BOL,Burkholderia_contaminans,2,2,1,2
BOL,Vibrio_parahaemolyticus,2,2,1,3
BOL,Streptococcus_agalactiae,2,1,1,1
BOL,Streptococcus_suis,2,1,1,1
BOL,Mycobacterium_abscessus,2,1,1,1
BOL,Mycobacterium_massiliense,2,1,1,1
BOL,Mammalicoccus_sciuri,2,1,1,1
BOL,Klebsiella_variicola,4,3,4,4
BOL,Haemophilus_influenzae,2,1,1,1
BOL,Haemophilus_haemolyticus,2,1,1,1
BOL,Haemophilus_parainfluenzae,2,1,1,1
BOL,Enterococcus_faecalis,4,2,3,3
BOL,Dichelobacter_nodosus,2,1,1,1
BOL,Cronobacter_malonaticus,2,2,1,2
BOL,Cronobacter_sakazakii,2,2,1,2
BOL,Clostridium_perfringens,2,2,1,2
BOL,Campylobacter_jejuni,3,2,2,2
BOL,Campylobacter_coli,3,2,2,2
BOL,Burkholderia_pseudomallei,2,2,1,2
BOL,Burkholderia_ambifaria,2,2,1,2
BOL,Burkholderia_cenocepacia,2,2,1,2
BOL,Burkholderia_cepacia,2,2,1,2
BOL,Burkholderia_multivorans,2,2,1,2
BOL,Burkholderia_ubonensis,2,2,1,2
BOL,Bordetella_parapertussis,2,1,1,1
BOL,Acinetobacter_nosocomialis,4,2,3,4
BOL,Acinetobacter_pittii,4,2,3,4
BOL,Listeria_innocua,2,1,1,1
BOL,Cronobacter_turicensis,2,2,1,2
BOL,Clostridium_chauvoei,2,1,1,1
BOL,Borrelia_bavariensis,2,1,1,1
BOL,Salmonella_enterica,4,2,3,3
BOL,Yersinia_enterocolitica,2,2,1,3
BOL,Neisseria_lactamica,2,1,1,1
BOL,Leptospira_borgpetersenii,2,1,1,1
BOL,Burkholderia_vietnamiensis,2,2,1,2
BOL,Streptococcus_uberis,2,1,1,1
BOL,Cronobacter_dublinensis,2,2,1,2
BOL,Chlamydia_abortus,2,1,1,1
BOL,Bordetella_pertussis,2,1,1,1
BOL,Borrelia_garinii,2,1,1,1
BOL,Neisseria_cinerea,2,1,1,1
BOL,Bordetella_bronchiseptica,2,1,1,1
BOL,Mycobacterium_bovis,2,1,1,1
BOL,Shigella_flexneri,4,2,3,4
BOL,Mycobacterium_tuberculosis,4,2,3,2
KHM,Enterococcus_faecium,4,1,3,3
KHM,Staphylococcus_aureus,4,2,4,3
KHM,Klebsiella_pneumoniae,4,2,4,4
KHM,Acinetobacter_baumannii,4,2,3,4
KHM,Pseudomonas_aeruginosa,4,2,3,4
KHM,Enterobacter_cloacae,4,2,4,4
KHM,Neisseria_meningitidis,2,1,1,1
KHM,Listeria_monocytogenes,2,1,1,1
KHM,Corynebacterium_diphtheriae,2,1,1,1
KHM,Bacillus_cereus,2,1,1,1
KHM,Vibrio_cholerae,2,2,1,2
KHM,Neisseria_gonorrhoeae,3,3,2,3
KHM,Treponema_pallidum,2,1,1,1
KHM,Streptococcus_pneumoniae,2,2,1,1
KHM,Leptospira_interrogans,2,1,1,1
KHM,Helicobacter_pylori,2,1,1,1
KHM,Escherichia_coli,4,3,4,4
KHM,Chlamydia_trachomatis,2,1,1,1
KHM,Burkholderia_contaminans,2,2,1,2
KHM,Vibrio_parahaemolyticus,2,2,1,3
KHM,Streptococcus_agalactiae,2,1,1,1
KHM,Streptococcus_suis,2,1,1,1
KHM,Mycobacterium_abscessus,2,1,1,1
KHM,Mycobacterium_massiliense,2,1,1,1
KHM,Mammalicoccus_sciuri,2,1,1,1
KHM,Klebsiella_variicola,4,3,4,4
KHM,Haemophilus_influenzae,2,1,1,1
KHM,Haemophilus_haemolyticus,2,1,1,1
KHM,Haemophilus_parainfluenzae,2,1,1,1
KHM,Enterococcus_faecalis,4,2,3,3
KHM,Dichelobacter_nodosus,2,1,1,1
KHM,Cronobacter_malonaticus,2,2,1,2
KHM,Cronobacter_sakazakii,2,2,1,2
KHM,Clostridium_perfringens,2,2,1,2
KHM,Campylobacter_jejuni,3,2,2,2
KHM,Campylobacter_coli,3,2,2,2
KHM,Burkholderia_pseudomallei,2,2,1,2
KHM,Burkholderia_ambifaria,2,2,1,2
KHM,Burkholderia_cenocepacia,2,2,1,2
KHM,Burkholderia_cepacia,2,2,1,2
KHM,Burkholderia_multivorans,2,2,1,2
KHM,Burkholderia_ubonensis,2,2,1,2
KHM,Bordetella_parapertussis,2,1,1,1
KHM,Acinetobacter_nosocomialis,4,2,3,4
KHM,Acinetobacter_pittii,4,2,3,4
KHM,Listeria_innocua,2,1,1,1
KHM,Cronobacter_turicensis,2,2,1,2
KHM,Clostridium_chauvoei,2,1,1,1
KHM,Borrelia_bavariensis,2,1,1,1
KHM,Salmonella_enterica,4,2,3,3
KHM,Yersinia_enterocolitica,2,2,1,3
KHM,Neisseria_lactamica,2,1,1,1
KHM,Leptospira_borgpetersenii,2,1,1,1
KHM,Burkholderia_vietnamiensis,2,2,1,2
KHM,Streptococcus_uberis,2,1,1,1
KHM,Cronobacter_dublinensis,2,2,1,2
KHM,Chlamydia_abortus,2,1,1,1
KHM,Bordetella_pertussis,2,1,1,1
KHM,Borrelia_garinii,2,1,1,1
KHM,Neisseria_cinerea,2,1,1,1
KHM,Bordetella_bronchiseptica,2,1,1,1
KHM,Mycobacterium_bovis,2,1,1,1
KHM,Shigella_flexneri,4,2,3,4
KHM,Mycobacterium_tuberculosis,4,2,3,2
CMR,Enterococcus_faecium,4,1,3,3
CMR,Staphylococcus_aureus,4,2,4,3
CMR,Klebsiella_pneumoniae,4,2,4,4
CMR,Acinetobacter_baumannii,4,2,3,4
CMR,Pseudomonas_aeruginosa,4,2,3,4
CMR,Enterobacter_cloacae,4,2,4,4
CMR,Neisseria_meningitidis,2,1,1,1
CMR,Listeria_monocytogenes,2,1,1,1
CMR,Corynebacterium_diphtheriae,2,1,1,1
CMR,Bacillus_cereus,2,1,1,1
CMR,Vibrio_cholerae,2,2,1,2
CMR,Neisseria_gonorrhoeae,3,2,2,3
CMR,Treponema_pallidum,2,1,1,1
CMR,Streptococcus_pneumoniae,2,2,1,1
CMR,Leptospira_interrogans,2,1,1,1
CMR,Helicobacter_pylori,2,1,1,1
CMR,Escherichia_coli,4,3,4,4
CMR,Chlamydia_trachomatis,2,1,1,1
CMR,Burkholderia_contaminans,2,2,1,2
CMR,Vibrio_parahaemolyticus,2,2,1,3
CMR,Streptococcus_agalactiae,2,1,1,1
CMR,Streptococcus_suis,2,1,1,1
CMR,Mycobacterium_abscessus,2,1,1,1
CMR,Mycobacterium_massiliense,2,1,1,1
CMR,Mammalicoccus_sciuri,2,1,1,1
CMR,Klebsiella_variicola,4,3,4,4
CMR,Haemophilus_influenzae,2,1,1,1
CMR,Haemophilus_haemolyticus,2,1,1,1
CMR,Haemophilus_parainfluenzae,2,1,1,1
CMR,Enterococcus_faecalis,4,2,3,3
CMR,Dichelobacter_nodosus,2,1,1,1
CMR,Cronobacter_malonaticus,2,2,1,2
CMR,Cronobacter_sakazakii,2,2,1,2
CMR,Clostridium_perfringens,2,2,1,2
CMR,Campylobacter_jejuni,3,2,2,2
CMR,Campylobacter_coli,3,2,2,2
CMR,Burkholderia_pseudomallei,2,2,1,2
CMR,Burkholderia_ambifaria,2,2,1,2
CMR,Burkholderia_cenocepacia,2,2,1,2
CMR,Burkholderia_cepacia,2,2,1,2
CMR,Burkholderia_multivorans,2,2,1,2
CMR,Burkholderia_ubonensis,2,2,1,2
CMR,Bordetella_parapertussis,2,1,1,1
CMR,Acinetobacter_nosocomialis,4,2,3,4
CMR,Acinetobacter_pittii,4,2,3,4
CMR,Listeria_innocua,2,1,1,1
CMR,Cronobacter_turicensis,2,2,1,2
CMR,Clostridium_chauvoei,2,1,1,1
CMR,Borrelia_bavariensis,2,1,1,1
CMR,Salmonella_enterica,4,2,3,3
CMR,Yersinia_enterocolitica,2,2,1,3
CMR,Neisseria_lactamica,2,1,1,1
CMR,Leptospira_borgpetersenii,2,1,1,1
CMR,Burkholderia_vietnamiensis,2,2,1,2
CMR,Streptococcus_uberis,2,1,1,1
CMR,Cronobacter_dublinensis,2,2,1,2
CMR,Chlamydia_abortus,2,1,1,1
CMR,Bordetella_pertussis,2,1,1,1
CMR,Borrelia_garinii,2,1,1,1
CMR,Neisseria_cinerea,2,1,1,1
CMR,Bordetella_bronchiseptica,2,1,1,1
CMR,Mycobacterium_bovis,2,1,1,1
CMR,Shigella_flexneri,4,2,3,4
CMR,Mycobacterium_tuberculosis,4,2,3,2
COM,Enterococcus_faecium,4,1,3,3
COM,Staphylococcus_aureus,4,2,4,3
COM,Klebsiella_pneumoniae,4,2,4,4
COM,Acinetobacter_baumannii,4,2,3,4
COM,Pseudomonas_aeruginosa,4,2,3,4
COM,Enterobacter_cloacae,4,2,4,4
COM,Neisseria_meningitidis,2,1,1,1
COM,Listeria_monocytogenes,2,1,1,1
COM,Corynebacterium_diphtheriae,2,1,1,1
COM,Bacillus_cereus,2,1,1,1
COM,Vibrio_cholerae,2,2,1,2
COM,Neisseria_gonorrhoeae,3,2,2,3
COM,Treponema_pallidum,2,1,1,1
COM,Streptococcus_pneumoniae,2,2,1,1
COM,Leptospira_interrogans,2,1,1,1
COM,Helicobacter_pylori,2,1,1,1
COM,Escherichia_coli,4,3,4,4
COM,Chlamydia_trachomatis,2,1,1,1
COM,Burkholderia_contaminans,2,2,1,2
COM,Vibrio_parahaemolyticus,2,2,1,3
COM,Streptococcus_agalactiae,2,1,1,1
COM,Streptococcus_suis,2,1,1,1
COM,Mycobacterium_abscessus,2,1,1,1
COM,Mycobacterium_massiliense,2,1,1,1
COM,Mammalicoccus_sciuri,2,1,1,1
COM,Klebsiella_variicola,4,3,4,4
COM,Haemophilus_influenzae,2,1,1,1
COM,Haemophilus_haemolyticus,2,1,1,1
COM,Haemophilus_parainfluenzae,2,1,1,1
COM,Enterococcus_faecalis,4,2,3,3
COM,Dichelobacter_nodosus,2,1,1,1
COM,Cronobacter_malonaticus,2,2,1,2
COM,Cronobacter_sakazakii,2,2,1,2
COM,Clostridium_perfringens,2,2,1,2
COM,Campylobacter_jejuni,3,2,2,2
COM,Campylobacter_coli,3,2,2,2
COM,Burkholderia_pseudomallei,2,2,1,2
COM,Burkholderia_ambifaria,2,2,1,2
COM,Burkholderia_cenocepacia,2,2,1,2
COM,Burkholderia_cepacia,2,2,1,2
COM,Burkholderia_multivorans,2,2,1,2
COM,Burkholderia_ubonensis,2,2,1,2
COM,Bordetella_parapertussis,2,1,1,1
COM,Acinetobacter_nosocomialis,4,2,3,4
COM,Acinetobacter_pittii,4,2,3,4
COM,Listeria_innocua,2,1,1,1
COM,Cronobacter_turicensis,2,2,1,2
COM,Clostridium_chauvoei,2,1,1,1
COM,Borrelia_bavariensis,2,1,1,1
COM,Salmonella_enterica,4,2,3,3
COM,Yersinia_enterocolitica,2,2,1,3
COM,Neisseria_lactamica,2,1,1,1
COM,Leptospira_borgpetersenii,2,1,1,1
COM,Burkholderia_vietnamiensis,2,2,1,2
COM,Streptococcus_uberis,2,1,1,1
COM,Cronobacter_dublinensis,2,2,1,2
COM,Chlamydia_abortus,2,1,1,1
COM,Bordetella_pertussis,2,1,1,1
COM,Borrelia_garinii,2,1,1,1
COM,Neisseria_cinerea,2,1,1,1
COM,Bordetella_bronchiseptica,2,1,1,1
COM,Mycobacterium_bovis,2,1,1,1
COM,Shigella_flexneri,4,2,3,4
COM,Mycobacterium_tuberculosis,4,2,3,2
COG,Enterococcus_faecium,4,1,3,3
COG,Staphylococcus_aureus,4,2,4,3
COG,Klebsiella_pneumoniae,4,2,4,4
COG,Acinetobacter_baumannii,4,2,3,4
COG,Pseudomonas_aeruginosa,4,2,3,4
COG,Enterobacter_cloacae,4,2,4,4
COG,Neisseria_meningitidis,2,1,1,1
COG,Listeria_monocytogenes,2,1,1,1
COG,Corynebacterium_diphtheriae,2,1,1,1
COG,Bacillus_cereus,2,1,1,1
COG,Vibrio_cholerae,2,2,1,2
COG,Neisseria_gonorrhoeae,3,2,2,3
COG,Treponema_pallidum,2,1,1,1
COG,Streptococcus_pneumoniae,2,2,1,1
COG,Leptospira_interrogans,2,1,1,1
COG,Helicobacter_pylori,2,1,1,1
COG,Escherichia_coli,4,3,4,4
COG,Chlamydia_trachomatis,2,1,1,1
COG,Burkholderia_contaminans,2,2,1,2
COG,Vibrio_parahaemolyticus,2,2,1,3
COG,Streptococcus_agalactiae,2,1,1,1
COG,Streptococcus_suis,2,1,1,1
COG,Mycobacterium_abscessus,2,1,1,1
COG,Mycobacterium_massiliense,2,1,1,1
COG,Mammalicoccus_sciuri,2,1,1,1
COG,Klebsiella_variicola,4,3,4,4
COG,Haemophilus_influenzae,2,1,1,1
COG,Haemophilus_haemolyticus,2,1,1,1
COG,Haemophilus_parainfluenzae,2,1,1,1
COG,Enterococcus_faecalis,4,2,3,3
COG,Dichelobacter_nodosus,2,1,1,1
COG,Cronobacter_malonaticus,2,2,1,2
COG,Cronobacter_sakazakii,2,2,1,2
COG,Clostridium_perfringens,2,2,1,2
COG,Campylobacter_jejuni,3,2,2,2
COG,Campylobacter_coli,3,2,2,2
COG,Burkholderia_pseudomallei,2,2,1,2
COG,Burkholderia_ambifaria,2,2,1,2
COG,Burkholderia_cenocepacia,2,2,1,2
COG,Burkholderia_cepacia,2,2,1,2
COG,Burkholderia_multivorans,2,2,1,2
COG,Burkholderia_ubonensis,2,2,1,2
COG,Bordetella_parapertussis,2,1,1,1
COG,Acinetobacter_nosocomialis,4,2,3,4
COG,Acinetobacter_pittii,4,2,3,4
COG,Listeria_innocua,2,1,1,1
COG,Cronobacter_turicensis,2,2,1,2
COG,Clostridium_chauvoei,2,1,1,1
COG,Borrelia_bavariensis,2,1,1,1
COG,Salmonella_enterica,4,2,3,3
COG,Yersinia_enterocolitica,2,2,1,3
COG,Neisseria_lactamica,2,1,1,1
COG,Leptospira_borgpetersenii,2,1,1,1
COG,Burkholderia_vietnamiensis,2,2,1,2
COG,Streptococcus_uberis,2,1,1,1
COG,Cronobacter_dublinensis,2,2,1,2
COG,Chlamydia_abortus,2,1,1,1
COG,Bordetella_pertussis,2,1,1,1
COG,Borrelia_garinii,2,1,1,1
COG,Neisseria_cinerea,2,1,1,1
COG,Bordetella_bronchiseptica,2,1,1,1
COG,Mycobacterium_bovis,2,1,1,1
COG,Shigella_flexneri,4,2,3,4
COG,Mycobacterium_tuberculosis,4,2,3,2
CIV,Enterococcus_faecium,4,1,3,3
CIV,Staphylococcus_aureus,4,2,4,3
CIV,Klebsiella_pneumoniae,4,2,4,4
CIV,Acinetobacter_baumannii,4,2,3,4
CIV,Pseudomonas_aeruginosa,4,2,3,4
CIV,Enterobacter_cloacae,4,2,4,4
CIV,Neisseria_meningitidis,2,1,1,1
CIV,Listeria_monocytogenes,2,1,1,1
CIV,Corynebacterium_diphtheriae,2,1,1,1
CIV,Bacillus_cereus,2,1,1,1
CIV,Vibrio_cholerae,2,2,1,2
CIV,Neisseria_gonorrhoeae,3,2,2,3
CIV,Treponema_pallidum,2,1,1,1
CIV,Streptococcus_pneumoniae,2,2,1,1
CIV,Leptospira_interrogans,2,1,1,1
CIV,Helicobacter_pylori,2,1,1,1
CIV,Escherichia_coli,4,3,4,4
CIV,Chlamydia_trachomatis,2,1,1,1
CIV,Burkholderia_contaminans,2,2,1,2
CIV,Vibrio_parahaemolyticus,2,2,1,3
CIV,Streptococcus_agalactiae,2,1,1,1
CIV,Streptococcus_suis,2,1,1,1
CIV,Mycobacterium_abscessus,2,1,1,1
CIV,Mycobacterium_massiliense,2,1,1,1
CIV,Mammalicoccus_sciuri,2,1,1,1
CIV,Klebsiella_variicola,4,3,4,4
CIV,Haemophilus_influenzae,2,1,1,1
CIV,Haemophilus_haemolyticus,2,1,1,1
CIV,Haemophilus_parainfluenzae,2,1,1,1
CIV,Enterococcus_faecalis,4,2,3,3
CIV,Dichelobacter_nodosus,2,1,1,1
CIV,Cronobacter_malonaticus,2,2,1,2
CIV,Cronobacter_sakazakii,2,2,1,2
CIV,Clostridium_perfringens,2,2,1,2
CIV,Campylobacter_jejuni,3,2,2,2
CIV,Campylobacter_coli,3,2,2,2
CIV,Burkholderia_pseudomallei,2,2,1,2
CIV,Burkholderia_ambifaria,2,2,1,2
CIV,Burkholderia_cenocepacia,2,2,1,2
CIV,Burkholderia_cepacia,2,2,1,2
CIV,Burkholderia_multivorans,2,2,1,2
CIV,Burkholderia_ubonensis,2,2,1,2
CIV,Bordetella_parapertussis,2,1,1,1
CIV,Acinetobacter_nosocomialis,4,2,3,4
CIV,Acinetobacter_pittii,4,2,3,4
CIV,Listeria_innocua,2,1,1,1
CIV,Cronobacter_turicensis,2,2,1,2
CIV,Clostridium_chauvoei,2,1,1,1
CIV,Borrelia_bavariensis,2,1,1,1
CIV,Salmonella_enterica,4,2,3,3
CIV,Yersinia_enterocolitica,2,2,1,3
CIV,Neisseria_lactamica,2,1,1,1
CIV,Leptospira_borgpetersenii,2,1,1,1
CIV,Burkholderia_vietnamiensis,2,2,1,2
CIV,Streptococcus_uberis,2,1,1,1
CIV,Cronobacter_dublinensis,2,2,1,2
CIV,Chlamydia_abortus,2,1,1,1
CIV,Bordetella_pertussis,2,1,1,1
CIV,Borrelia_garinii,2,1,1,1
CIV,Neisseria_cinerea,2,1,1,1
CIV,Bordetella_bronchiseptica,2,1,1,1
CIV,Mycobacterium_bovis,2,1,1,1
CIV,Shigella_flexneri,4,2,3,4
CIV,Mycobacterium_tuberculosis,4,2,3,2
DJI,Enterococcus_faecium,4,1,3,3
DJI,Staphylococcus_aureus,4,2,4,3
DJI,Klebsiella_pneumoniae,4,2,4,4
DJI,Acinetobacter_baumannii,4,2,3,4
DJI,Pseudomonas_aeruginosa,4,2,3,4
DJI,Enterobacter_cloacae,4,2,4,4
DJI,Neisseria_meningitidis,2,1,1,1
DJI,Listeria_monocytogenes,2,1,1,1
DJI,Corynebacterium_diphtheriae,2,1,1,1
DJI,Bacillus_cereus,2,1,1,1
DJI,Vibrio_cholerae,2,2,1,2
DJI,Neisseria_gonorrhoeae,3,2,2,3
DJI,Treponema_pallidum,2,1,1,1
DJI,Streptococcus_pneumoniae,2,2,1,1
DJI,Leptospira_interrogans,2,1,1,1
DJI,Helicobacter_pylori,2,1,1,1
DJI,Escherichia_coli,4,3,4,4
DJI,Chlamydia_trachomatis,2,1,1,1
DJI,Burkholderia_contaminans,2,2,1,2
DJI,Vibrio_parahaemolyticus,2,2,1,3
DJI,Streptococcus_agalactiae,2,1,1,1
DJI,Streptococcus_suis,2,1,1,1
DJI,Mycobacterium_abscessus,2,1,1,1
DJI,Mycobacterium_massiliense,2,1,1,1
DJI,Mammalicoccus_sciuri,2,1,1,1
DJI,Klebsiella_variicola,4,3,4,4
DJI,Haemophilus_influenzae,2,1,1,1
DJI,Haemophilus_haemolyticus,2,1,1,1
DJI,Haemophilus_parainfluenzae,2,1,1,1
DJI,Enterococcus_faecalis,4,2,3,3
DJI,Dichelobacter_nodosus,2,1,1,1
DJI,Cronobacter_malonaticus,2,2,1,2
DJI,Cronobacter_sakazakii,2,2,1,2
DJI,Clostridium_perfringens,2,2,1,2
DJI,Campylobacter_jejuni,3,2,2,2
DJI,Campylobacter_coli,3,2,2,2
DJI,Burkholderia_pseudomallei,2,2,1,2
DJI,Burkholderia_ambifaria,2,2,1,2
DJI,Burkholderia_cenocepacia,2,2,1,2
DJI,Burkholderia_cepacia,2,2,1,2
DJI,Burkholderia_multivorans,2,2,1,2
DJI,Burkholderia_ubonensis,2,2,1,2
DJI,Bordetella_parapertussis,2,1,1,1
DJI,Acinetobacter_nosocomialis,4,2,3,4
DJI,Acinetobacter_pittii,4,2,3,4
DJI,Listeria_innocua,2,1,1,1
DJI,Cronobacter_turicensis,2,2,1,2
DJI,Clostridium_chauvoei,2,1,1,1
DJI,Borrelia_bavariensis,2,1,1,1
DJI,Salmonella_enterica,4,2,3,3
DJI,Yersinia_enterocolitica,2,2,1,3
DJI,Neisseria_lactamica,2,1,1,1
DJI,Leptospira_borgpetersenii,2,1,1,1
DJI,Burkholderia_vietnamiensis,2,2,1,2
DJI,Streptococcus_uberis,2,1,1,1
DJI,Cronobacter_dublinensis,2,2,1,2
DJI,Chlamydia_abortus,2,1,1,1
DJI,Bordetella_pertussis,2,1,1,1
DJI,Borrelia_garinii,2,1,1,1
DJI,Neisseria_cinerea,2,1,1,1
DJI,Bordetella_bronchiseptica,2,1,1,1
DJI,Mycobacterium_bovis,2,1,1,1
DJI,Shigella_flexneri,4,2,3,4
DJI,Mycobacterium_tuberculosis,4,2,3,2
TLS,Enterococcus_faecium,4,1,3,3
TLS,Staphylococcus_aureus,4,2,4,3
TLS,Klebsiella_pneumoniae,4,2,4,4
TLS,Acinetobacter_baumannii,4,2,3,4
TLS,Pseudomonas_aeruginosa,4,2,3,4
TLS,Enterobacter_cloacae,4,2,4,4
TLS,Neisseria_meningitidis,2,1,1,1
TLS,Listeria_monocytogenes,2,1,1,1
TLS,Corynebacterium_diphtheriae,2,1,1,1
TLS,Bacillus_cereus,2,1,1,1
TLS,Vibrio_cholerae,2,2,1,2
TLS,Neisseria_gonorrhoeae,3,2,2,3
TLS,Treponema_pallidum,2,1,1,1
TLS,Streptococcus_pneumoniae,2,2,1,1
TLS,Leptospira_interrogans,2,1,1,1
TLS,Helicobacter_pylori,2,1,1,1
TLS,Escherichia_coli,4,3,4,4
TLS,Chlamydia_trachomatis,2,1,1,1
TLS,Burkholderia_contaminans,2,2,1,2
TLS,Vibrio_parahaemolyticus,2,2,1,3
TLS,Streptococcus_agalactiae,2,1,1,1
TLS,Streptococcus_suis,2,1,1,1
TLS,Mycobacterium_abscessus,2,1,1,1
TLS,Mycobacterium_massiliense,2,1,1,1
TLS,Mammalicoccus_sciuri,2,1,1,1
TLS,Klebsiella_variicola,4,3,4,4
TLS,Haemophilus_influenzae,2,1,1,1
TLS,Haemophilus_haemolyticus,2,1,1,1
TLS,Haemophilus_parainfluenzae,2,1,1,1
TLS,Enterococcus_faecalis,4,2,3,3
TLS,Dichelobacter_nodosus,2,1,1,1
TLS,Cronobacter_malonaticus,2,2,1,2
TLS,Cronobacter_sakazakii,2,2,1,2
TLS,Clostridium_perfringens,2,2,1,2
TLS,Campylobacter_jejuni,3,2,2,2
TLS,Campylobacter_coli,3,2,2,2
TLS,Burkholderia_pseudomallei,2,2,1,2
TLS,Burkholderia_ambifaria,2,2,1,2
TLS,Burkholderia_cenocepacia,2,2,1,2
TLS,Burkholderia_cepacia,2,2,1,2
TLS,Burkholderia_multivorans,2,2,1,2
TLS,Burkholderia_ubonensis,2,2,1,2
TLS,Bordetella_parapertussis,2,1,1,1
TLS,Acinetobacter_nosocomialis,4,2,3,4
TLS,Acinetobacter_pittii,4,2,3,4
TLS,Listeria_innocua,2,1,1,1
TLS,Cronobacter_turicensis,2,2,1,2
TLS,Clostridium_chauvoei,2,1,1,1
TLS,Borrelia_bavariensis,2,1,1,1
TLS,Salmonella_enterica,4,2,3,3
TLS,Yersinia_enterocolitica,2,2,1,3
TLS,Neisseria_lactamica,2,1,1,1
TLS,Leptospira_borgpetersenii,2,1,1,1
TLS,Burkholderia_vietnamiensis,2,2,1,2
TLS,Streptococcus_uberis,2,1,1,1
TLS,Cronobacter_dublinensis,2,2,1,2
TLS,Chlamydia_abortus,2,1,1,1
TLS,Bordetella_pertussis,2,1,1,1
TLS,Borrelia_garinii,2,1,1,1
TLS,Neisseria_cinerea,2,1,1,1
TLS,Bordetella_bronchiseptica,2,1,1,1
TLS,Mycobacterium_bovis,2,1,1,1
TLS,Shigella_flexneri,4,2,3,4
TLS,Mycobacterium_tuberculosis,4,2,3,2
EGY,Enterococcus_faecium,4,1,3,3
EGY,Staphylococcus_aureus,4,2,4,3
EGY,Klebsiella_pneumoniae,4,2,4,4
EGY,Acinetobacter_baumannii,4,2,3,4
EGY,Pseudomonas_aeruginosa,4,2,3,4
EGY,Enterobacter_cloacae,4,2,4,4
EGY,Neisseria_meningitidis,2,1,1,1
EGY,Listeria_monocytogenes,2,1,1,1
EGY,Corynebacterium_diphtheriae,2,1,1,1
EGY,Bacillus_cereus,2,1,1,1
EGY,Vibrio_cholerae,2,2,1,2
EGY,Neisseria_gonorrhoeae,3,2,2,3
EGY,Treponema_pallidum,2,1,1,1
EGY,Streptococcus_pneumoniae,2,2,1,1
EGY,Leptospira_interrogans,2,1,1,1
EGY,Helicobacter_pylori,2,1,1,1
EGY,Escherichia_coli,4,3,4,4
EGY,Chlamydia_trachomatis,2,1,1,1
EGY,Burkholderia_contaminans,2,2,1,2
EGY,Vibrio_parahaemolyticus,2,2,1,3
EGY,Streptococcus_agalactiae,2,1,1,1
EGY,Streptococcus_suis,2,1,1,1
EGY,Mycobacterium_abscessus,2,1,1,1
EGY,Mycobacterium_massiliense,2,1,1,1
EGY,Mammalicoccus_sciuri,2,1,1,1
EGY,Klebsiella_variicola,4,3,4,4
EGY,Haemophilus_influenzae,2,1,1,1
EGY,Haemophilus_haemolyticus,2,1,1,1
EGY,Haemophilus_parainfluenzae,2,1,1,1
EGY,Enterococcus_faecalis,4,2,3,3
EGY,Dichelobacter_nodosus,2,1,1,1
EGY,Cronobacter_malonaticus,2,2,1,2
EGY,Cronobacter_sakazakii,2,2,1,2
EGY,Clostridium_perfringens,2,2,1,2
EGY,Campylobacter_jejuni,3,2,2,2
EGY,Campylobacter_coli,3,2,2,2
EGY,Burkholderia_pseudomallei,2,2,1,2
EGY,Burkholderia_ambifaria,2,2,1,2
EGY,Burkholderia_cenocepacia,2,2,1,2
EGY,Burkholderia_cepacia,2,2,1,2
EGY,Burkholderia_multivorans,2,2,1,2
EGY,Burkholderia_ubonensis,2,2,1,2
EGY,Bordetella_parapertussis,2,1,1,1
EGY,Acinetobacter_nosocomialis,4,2,3,4
EGY,Acinetobacter_pittii,4,2,3,4
EGY,Listeria_innocua,2,1,1,1
EGY,Cronobacter_turicensis,2,2,1,2
EGY,Clostridium_chauvoei,2,1,1,1
EGY,Borrelia_bavariensis,2,1,1,1
EGY,Salmonella_enterica,4,2,3,3
EGY,Yersinia_enterocolitica,2,2,1,3
EGY,Neisseria_lactamica,2,1,1,1
EGY,Leptospira_borgpetersenii,2,1,1,1
EGY,Burkholderia_vietnamiensis,2,2,1,2
EGY,Streptococcus_uberis,2,1,1,1
EGY,Cronobacter_dublinensis,2,2,1,2
EGY,Chlamydia_abortus,2,1,1,1
EGY,Bordetella_pertussis,2,1,1,1
EGY,Borrelia_garinii,2,1,1,1
EGY,Neisseria_cinerea,2,1,1,1
EGY,Bordetella_bronchiseptica,2,1,1,1
EGY,Mycobacterium_bovis,2,1,1,1
EGY,Shigella_flexneri,4,2,3,4
EGY,Mycobacterium_tuberculosis,4,2,3,2
SWZ,Enterococcus_faecium,4,1,3,3
SWZ,Staphylococcus_aureus,4,2,4,3
SWZ,Klebsiella_pneumoniae,4,2,4,4
SWZ,Acinetobacter_baumannii,4,2,3,4
SWZ,Pseudomonas_aeruginosa,4,2,3,4
SWZ,Enterobacter_cloacae,4,2,4,4
SWZ,Neisseria_meningitidis,2,1,1,1
SWZ,Listeria_monocytogenes,2,1,1,1
SWZ,Corynebacterium_diphtheriae,2,1,1,1
SWZ,Bacillus_cereus,2,1,1,1
SWZ,Vibrio_cholerae,2,2,1,2
SWZ,Neisseria_gonorrhoeae,3,2,2,3
SWZ,Treponema_pallidum,2,1,1,1
SWZ,Streptococcus_pneumoniae,2,2,1,1
SWZ,Leptospira_interrogans,2,1,1,1
SWZ,Helicobacter_pylori,2,1,1,1
SWZ,Escherichia_coli,4,3,4,4
SWZ,Chlamydia_trachomatis,2,1,1,1
SWZ,Burkholderia_contaminans,2,2,1,2
SWZ,Vibrio_parahaemolyticus,2,2,1,3
SWZ,Streptococcus_agalactiae,2,1,1,1
SWZ,Streptococcus_suis,2,1,1,1
SWZ,Mycobacterium_abscessus,2,1,1,1
SWZ,Mycobacterium_massiliense,2,1,1,1
SWZ,Mammalicoccus_sciuri,2,1,1,1
SWZ,Klebsiella_variicola,4,3,4,4
SWZ,Haemophilus_influenzae,2,1,1,1
SWZ,Haemophilus_haemolyticus,2,1,1,1
SWZ,Haemophilus_parainfluenzae,2,1,1,1
SWZ,Enterococcus_faecalis,4,2,3,3
SWZ,Dichelobacter_nodosus,2,1,1,1
SWZ,Cronobacter_malonaticus,2,2,1,2
SWZ,Cronobacter_sakazakii,2,2,1,2
SWZ,Clostridium_perfringens,2,2,1,2
SWZ,Campylobacter_jejuni,3,2,2,2
SWZ,Campylobacter_coli,3,2,2,2
SWZ,Burkholderia_pseudomallei,2,2,1,2
SWZ,Burkholderia_ambifaria,2,2,1,2
SWZ,Burkholderia_cenocepacia,2,2,1,2
SWZ,Burkholderia_cepacia,2,2,1,2
SWZ,Burkholderia_multivorans,2,2,1,2
SWZ,Burkholderia_ubonensis,2,2,1,2
SWZ,Bordetella_parapertussis,2,1,1,1
SWZ,Acinetobacter_nosocomialis,4,2,3,4
SWZ,Acinetobacter_pittii,4,2,3,4
SWZ,Listeria_innocua,2,1,1,1
SWZ,Cronobacter_turicensis,2,2,1,2
SWZ,Clostridium_chauvoei,2,1,1,1
SWZ,Borrelia_bavariensis,2,1,1,1
SWZ,Salmonella_enterica,4,2,3,3
SWZ,Yersinia_enterocolitica,2,2,1,3
SWZ,Neisseria_lactamica,2,1,1,1
SWZ,Leptospira_borgpetersenii,2,1,1,1
SWZ,Burkholderia_vietnamiensis,2,2,1,2
SWZ,Streptococcus_uberis,2,1,1,1
SWZ,Cronobacter_dublinensis,2,2,1,2
SWZ,Chlamydia_abortus,2,1,1,1
SWZ,Bordetella_pertussis,2,1,1,1
SWZ,Borrelia_garinii,2,1,1,1
SWZ,Neisseria_cinerea,2,1,1,1
SWZ,Bordetella_bronchiseptica,2,1,1,1
SWZ,Mycobacterium_bovis,2,1,1,1
SWZ,Shigella_flexneri,4,2,3,4
SWZ,Mycobacterium_tuberculosis,4,2,3,2
GHA,Enterococcus_faecium,4,1,3,3
GHA,Staphylococcus_aureus,4,2,4,3
GHA,Klebsiella_pneumoniae,4,2,4,4
GHA,Acinetobacter_baumannii,4,2,3,4
GHA,Pseudomonas_aeruginosa,4,2,3,4
GHA,Enterobacter_cloacae,4,2,4,4
GHA,Neisseria_meningitidis,2,1,1,1
GHA,Listeria_monocytogenes,2,1,1,1
GHA,Corynebacterium_diphtheriae,2,1,1,1
GHA,Bacillus_cereus,2,1,1,1
GHA,Vibrio_cholerae,2,2,1,2
GHA,Neisseria_gonorrhoeae,3,3,2,3
GHA,Treponema_pallidum,2,1,1,1
GHA,Streptococcus_pneumoniae,2,2,1,1
GHA,Leptospira_interrogans,2,1,1,1
GHA,Helicobacter_pylori,2,1,1,1
GHA,Escherichia_coli,4,3,4,4
GHA,Chlamydia_trachomatis,2,1,1,1
GHA,Burkholderia_contaminans,2,2,1,2
GHA,Vibrio_parahaemolyticus,2,2,1,3
GHA,Streptococcus_agalactiae,2,1,1,1
GHA,Streptococcus_suis,2,1,1,1
GHA,Mycobacterium_abscessus,2,1,1,1
GHA,Mycobacterium_massiliense,2,1,1,1
GHA,Mammalicoccus_sciuri,2,1,1,1
GHA,Klebsiella_variicola,4,3,4,4
GHA,Haemophilus_influenzae,2,1,1,1
GHA,Haemophilus_haemolyticus,2,1,1,1
GHA,Haemophilus_parainfluenzae,2,1,1,1
GHA,Enterococcus_faecalis,4,2,3,3
GHA,Dichelobacter_nodosus,2,1,1,1
GHA,Cronobacter_malonaticus,2,2,1,2
GHA,Cronobacter_sakazakii,2,2,1,2
GHA,Clostridium_perfringens,2,2,1,2
GHA,Campylobacter_jejuni,3,2,2,2
GHA,Campylobacter_coli,3,2,2,2
GHA,Burkholderia_pseudomallei,2,2,1,2
GHA,Burkholderia_ambifaria,2,2,1,2
GHA,Burkholderia_cenocepacia,2,2,1,2
GHA,Burkholderia_cepacia,2,2,1,2
GHA,Burkholderia_multivorans,2,2,1,2
GHA,Burkholderia_ubonensis,2,2,1,2
GHA,Bordetella_parapertussis,2,1,1,1
GHA,Acinetobacter_nosocomialis,4,2,3,4
GHA,Acinetobacter_pittii,4,2,3,4
GHA,Listeria_innocua,2,1,1,1
GHA,Cronobacter_turicensis,2,2,1,2
GHA,Clostridium_chauvoei,2,1,1,1
GHA,Borrelia_bavariensis,2,1,1,1
GHA,Salmonella_enterica,4,2,3,3
GHA,Yersinia_enterocolitica,2,2,1,3
GHA,Neisseria_lactamica,2,1,1,1
GHA,Leptospira_borgpetersenii,2,1,1,1
GHA,Burkholderia_vietnamiensis,2,2,1,2
GHA,Streptococcus_uberis,2,1,1,1
GHA,Cronobacter_dublinensis,2,2,1,2
GHA,Chlamydia_abortus,2,1,1,1
GHA,Bordetella_pertussis,2,1,1,1
GHA,Borrelia_garinii,2,1,1,1
GHA,Neisseria_cinerea,2,1,1,1
GHA,Bordetella_bronchiseptica,2,1,1,1
GHA,Mycobacterium_bovis,2,1,1,1
GHA,Shigella_flexneri,4,2,3,4
GHA,Mycobacterium_tuberculosis,4,2,3,2
GIN,Enterococcus_faecium,4,1,3,3
GIN,Staphylococcus_aureus,4,2,4,3
GIN,Klebsiella_pneumoniae,4,2,4,4
GIN,Acinetobacter_baumannii,4,2,3,4
GIN,Pseudomonas_aeruginosa,4,2,3,4
GIN,Enterobacter_cloacae,4,2,4,4
GIN,Neisseria_meningitidis,2,1,1,1
GIN,Listeria_monocytogenes,2,1,1,1
GIN,Corynebacterium_diphtheriae,2,1,1,1
GIN,Bacillus_cereus,2,1,1,1
GIN,Vibrio_cholerae,2,2,1,2
GIN,Neisseria_gonorrhoeae,3,2,2,3
GIN,Treponema_pallidum,2,1,1,1
GIN,Streptococcus_pneumoniae,2,2,1,1
GIN,Leptospira_interrogans,2,1,1,1
GIN,Helicobacter_pylori,2,1,1,1
GIN,Escherichia_coli,4,3,4,4
GIN,Chlamydia_trachomatis,2,1,1,1
GIN,Burkholderia_contaminans,2,2,1,2
GIN,Vibrio_parahaemolyticus,2,2,1,3
GIN,Streptococcus_agalactiae,2,1,1,1
GIN,Streptococcus_suis,2,1,1,1
GIN,Mycobacterium_abscessus,2,1,1,1
GIN,Mycobacterium_massiliense,2,1,1,1
GIN,Mammalicoccus_sciuri,2,1,1,1
GIN,Klebsiella_variicola,4,3,4,4
GIN,Haemophilus_influenzae,2,1,1,1
GIN,Haemophilus_haemolyticus,2,1,1,1
GIN,Haemophilus_parainfluenzae,2,1,1,1
GIN,Enterococcus_faecalis,4,2,3,3
GIN,Dichelobacter_nodosus,2,1,1,1
GIN,Cronobacter_malonaticus,2,2,1,2
GIN,Cronobacter_sakazakii,2,2,1,2
GIN,Clostridium_perfringens,2,2,1,2
GIN,Campylobacter_jejuni,3,2,2,2
GIN,Campylobacter_coli,3,2,2,2
GIN,Burkholderia_pseudomallei,2,2,1,2
GIN,Burkholderia_ambifaria,2,2,1,2
GIN,Burkholderia_cenocepacia,2,2,1,2
GIN,Burkholderia_cepacia,2,2,1,2
GIN,Burkholderia_multivorans,2,2,1,2
GIN,Burkholderia_ubonensis,2,2,1,2
GIN,Bordetella_parapertussis,2,1,1,1
GIN,Acinetobacter_nosocomialis,4,2,3,4
GIN,Acinetobacter_pittii,4,2,3,4
GIN,Listeria_innocua,2,1,1,1
GIN,Cronobacter_turicensis,2,2,1,2
GIN,Clostridium_chauvoei,2,1,1,1
GIN,Borrelia_bavariensis,2,1,1,1
GIN,Salmonella_enterica,4,2,3,3
GIN,Yersinia_enterocolitica,2,2,1,3
GIN,Neisseria_lactamica,2,1,1,1
GIN,Leptospira_borgpetersenii,2,1,1,1
GIN,Burkholderia_vietnamiensis,2,2,1,2
GIN,Streptococcus_uberis,2,1,1,1
GIN,Cronobacter_dublinensis,2,2,1,2
GIN,Chlamydia_abortus,2,1,1,1
GIN,Bordetella_pertussis,2,1,1,1
GIN,Borrelia_garinii,2,1,1,1
GIN,Neisseria_cinerea,2,1,1,1
GIN,Bordetella_bronchiseptica,2,1,1,1
GIN,Mycobacterium_bovis,2,1,1,1
GIN,Shigella_flexneri,4,2,3,4
GIN,Mycobacterium_tuberculosis,4,2,3,2
HTI,Enterococcus_faecium,4,1,3,3
HTI,Staphylococcus_aureus,4,2,4,3
HTI,Klebsiella_pneumoniae,4,2,4,4
HTI,Acinetobacter_baumannii,4,2,3,4
HTI,Pseudomonas_aeruginosa,4,2,3,4
HTI,Enterobacter_cloacae,4,2,4,4
HTI,Neisseria_meningitidis,2,1,1,1
HTI,Listeria_monocytogenes,2,1,1,1
HTI,Corynebacterium_diphtheriae,2,1,1,1
HTI,Bacillus_cereus,2,1,1,1
HTI,Vibrio_cholerae,2,2,1,2
HTI,Neisseria_gonorrhoeae,3,2,2,3
HTI,Treponema_pallidum,2,1,1,1
HTI,Streptococcus_pneumoniae,2,2,1,1
HTI,Leptospira_interrogans,2,1,1,1
HTI,Helicobacter_pylori,2,1,1,1
HTI,Escherichia_coli,4,3,4,4
HTI,Chlamydia_trachomatis,2,1,1,1
HTI,Burkholderia_contaminans,2,2,1,2
HTI,Vibrio_parahaemolyticus,2,2,1,3
HTI,Streptococcus_agalactiae,2,1,1,1
HTI,Streptococcus_suis,2,1,1,1
HTI,Mycobacterium_abscessus,2,1,1,1
HTI,Mycobacterium_massiliense,2,1,1,1
HTI,Mammalicoccus_sciuri,2,1,1,1
HTI,Klebsiella_variicola,4,3,4,4
HTI,Haemophilus_influenzae,2,1,1,1
HTI,Haemophilus_haemolyticus,2,1,1,1
HTI,Haemophilus_parainfluenzae,2,1,1,1
HTI,Enterococcus_faecalis,4,2,3,3
HTI,Dichelobacter_nodosus,2,1,1,1
HTI,Cronobacter_malonaticus,2,2,1,2
HTI,Cronobacter_sakazakii,2,2,1,2
HTI,Clostridium_perfringens,2,2,1,2
HTI,Campylobacter_jejuni,3,2,2,2
HTI,Campylobacter_coli,3,2,2,2
HTI,Burkholderia_pseudomallei,2,2,1,2
HTI,Burkholderia_ambifaria,2,2,1,2
HTI,Burkholderia_cenocepacia,2,2,1,2
HTI,Burkholderia_cepacia,2,2,1,2
HTI,Burkholderia_multivorans,2,2,1,2
HTI,Burkholderia_ubonensis,2,2,1,2
HTI,Bordetella_parapertussis,2,1,1,1
HTI,Acinetobacter_nosocomialis,4,2,3,4
HTI,Acinetobacter_pittii,4,2,3,4
HTI,Listeria_innocua,2,1,1,1
HTI,Cronobacter_turicensis,2,2,1,2
HTI,Clostridium_chauvoei,2,1,1,1
HTI,Borrelia_bavariensis,2,1,1,1
HTI,Salmonella_enterica,4,2,3,3
HTI,Yersinia_enterocolitica,2,2,1,3
HTI,Neisseria_lactamica,2,1,1,1
HTI,Leptospira_borgpetersenii,2,1,1,1
HTI,Burkholderia_vietnamiensis,2,2,1,2
HTI,Streptococcus_uberis,2,1,1,1
HTI,Cronobacter_dublinensis,2,2,1,2
HTI,Chlamydia_abortus,2,1,1,1
HTI,Bordetella_pertussis,2,1,1,1
HTI,Borrelia_garinii,2,1,1,1
HTI,Neisseria_cinerea,2,1,1,1
HTI,Bordetella_bronchiseptica,2,1,1,1
HTI,Mycobacterium_bovis,2,1,1,1
HTI,Shigella_flexneri,4,2,3,4
HTI,Mycobacterium_tuberculosis,4,2,3,2
HND,Enterococcus_faecium,4,1,3,3
HND,Staphylococcus_aureus,4,2,4,3
HND,Klebsiella_pneumoniae,4,2,4,4
HND,Acinetobacter_baumannii,4,2,3,4
HND,Pseudomonas_aeruginosa,4,2,3,4
HND,Enterobacter_cloacae,4,2,4,4
HND,Neisseria_meningitidis,2,1,1,1
HND,Listeria_monocytogenes,2,1,1,1
HND,Corynebacterium_diphtheriae,2,1,1,1
HND,Bacillus_cereus,2,1,1,1
HND,Vibrio_cholerae,2,2,1,2
HND,Neisseria_gonorrhoeae,3,2,2,3
HND,Treponema_pallidum,2,1,1,1
HND,Streptococcus_pneumoniae,2,2,1,1
HND,Leptospira_interrogans,2,1,1,1
HND,Helicobacter_pylori,2,1,1,1
HND,Escherichia_coli,4,3,4,4
HND,Chlamydia_trachomatis,2,1,1,1
HND,Burkholderia_contaminans,2,2,1,2
HND,Vibrio_parahaemolyticus,2,2,1,3
HND,Streptococcus_agalactiae,2,1,1,1
HND,Streptococcus_suis,2,1,1,1
HND,Mycobacterium_abscessus,2,1,1,1
HND,Mycobacterium_massiliense,2,1,1,1
HND,Mammalicoccus_sciuri,2,1,1,1
HND,Klebsiella_variicola,4,3,4,4
HND,Haemophilus_influenzae,2,1,1,1
HND,Haemophilus_haemolyticus,2,1,1,1
HND,Haemophilus_parainfluenzae,2,1,1,1
HND,Enterococcus_faecalis,4,2,3,3
HND,Dichelobacter_nodosus,2,1,1,1
HND,Cronobacter_malonaticus,2,2,1,2
HND,Cronobacter_sakazakii,2,2,1,2
HND,Clostridium_perfringens,2,2,1,2
HND,Campylobacter_jejuni,3,2,2,2
HND,Campylobacter_coli,3,2,2,2
HND,Burkholderia_pseudomallei,2,2,1,2
HND,Burkholderia_ambifaria,2,2,1,2
HND,Burkholderia_cenocepacia,2,2,1,2
HND,Burkholderia_cepacia,2,2,1,2
HND,Burkholderia_multivorans,2,2,1,2
HND,Burkholderia_ubonensis,2,2,1,2
HND,Bordetella_parapertussis,2,1,1,1
HND,Acinetobacter_nosocomialis,4,2,3,4
HND,Acinetobacter_pittii,4,2,3,4
HND,Listeria_innocua,2,1,1,1
HND,Cronobacter_turicensis,2,2,1,2
HND,Clostridium_chauvoei,2,1,1,1
HND,Borrelia_bavariensis,2,1,1,1
HND,Salmonella_enterica,4,2,3,3
HND,Yersinia_enterocolitica,2,2,1,3
HND,Neisseria_lactamica,2,1,1,1
HND,Leptospira_borgpetersenii,2,1,1,1
HND,Burkholderia_vietnamiensis,2,2,1,2
HND,Streptococcus_uberis,2,1,1,1
HND,Cronobacter_dublinensis,2,2,1,2
HND,Chlamydia_abortus,2,1,1,1
HND,Bordetella_pertussis,2,1,1,1
HND,Borrelia_garinii,2,1,1,1
HND,Neisseria_cinerea,2,1,1,1
HND,Bordetella_bronchiseptica,2,1,1,1
HND,Mycobacterium_bovis,2,1,1,1
HND,Shigella_flexneri,4,2,3,4
HND,Mycobacterium_tuberculosis,4,2,3,2
IND,Enterococcus_faecium,4,1,3,3
IND,Staphylococcus_aureus,4,2,4,3
IND,Klebsiella_pneumoniae,4,2,4,4
IND,Acinetobacter_baumannii,4,2,3,4
IND,Pseudomonas_aeruginosa,4,2,3,4
IND,Enterobacter_cloacae,4,2,4,4
IND,Neisseria_meningitidis,2,1,1,1
IND,Listeria_monocytogenes,2,1,1,1
IND,Corynebacterium_diphtheriae,2,1,1,1
IND,Bacillus_cereus,2,1,1,1
IND,Vibrio_cholerae,2,2,1,2
IND,Neisseria_gonorrhoeae,3,2,2,3
IND,Treponema_pallidum,2,1,1,1
IND,Streptococcus_pneumoniae,2,2,1,1
IND,Leptospira_interrogans,2,1,1,1
IND,Helicobacter_pylori,2,1,1,1
IND,Escherichia_coli,4,3,4,4
IND,Chlamydia_trachomatis,2,1,1,1
IND,Burkholderia_contaminans,2,2,1,2
IND,Vibrio_parahaemolyticus,2,2,1,3
IND,Streptococcus_agalactiae,2,1,1,1
IND,Streptococcus_suis,2,1,1,1
IND,Mycobacterium_abscessus,2,1,1,1
IND,Mycobacterium_massiliense,2,1,1,1
IND,Mammalicoccus_sciuri,2,1,1,1
IND,Klebsiella_variicola,4,3,4,4
IND,Haemophilus_influenzae,2,1,1,1
IND,Haemophilus_haemolyticus,2,1,1,1
IND,Haemophilus_parainfluenzae,2,1,1,1
IND,Enterococcus_faecalis,4,2,3,3
IND,Dichelobacter_nodosus,2,1,1,1
IND,Cronobacter_malonaticus,2,2,1,2
IND,Cronobacter_sakazakii,2,2,1,2
IND,Clostridium_perfringens,2,2,1,2
IND,Campylobacter_jejuni,3,2,2,2
IND,Campylobacter_coli,3,2,2,2
IND,Burkholderia_pseudomallei,2,2,1,2
IND,Burkholderia_ambifaria,2,2,1,2
IND,Burkholderia_cenocepacia,2,2,1,2
IND,Burkholderia_cepacia,2,2,1,2
IND,Burkholderia_multivorans,2,2,1,2
IND,Burkholderia_ubonensis,2,2,1,2
IND,Bordetella_parapertussis,2,1,1,1
IND,Acinetobacter_nosocomialis,4,2,3,4
IND,Acinetobacter_pittii,4,2,3,4
IND,Listeria_innocua,2,1,1,1
IND,Cronobacter_turicensis,2,2,1,2
IND,Clostridium_chauvoei,2,1,1,1
IND,Borrelia_bavariensis,2,1,1,1
IND,Salmonella_enterica,4,2,3,3
IND,Yersinia_enterocolitica,2,2,1,3
IND,Neisseria_lactamica,2,1,1,1
IND,Leptospira_borgpetersenii,2,1,1,1
IND,Burkholderia_vietnamiensis,2,2,1,2
IND,Streptococcus_uberis,2,1,1,1
IND,Cronobacter_dublinensis,2,2,1,2
IND,Chlamydia_abortus,2,1,1,1
IND,Bordetella_pertussis,2,1,1,1
IND,Borrelia_garinii,2,1,1,1
IND,Neisseria_cinerea,2,1,1,1
IND,Bordetella_bronchiseptica,2,1,1,1
IND,Mycobacterium_bovis,2,1,1,1
IND,Shigella_flexneri,4,2,3,4
IND,Mycobacterium_tuberculosis,4,2,3,2
JOR,Enterococcus_faecium,4,1,3,3
JOR,Staphylococcus_aureus,4,2,4,3
JOR,Klebsiella_pneumoniae,4,2,4,4
JOR,Acinetobacter_baumannii,4,2,3,4
JOR,Pseudomonas_aeruginosa,4,2,3,4
JOR,Enterobacter_cloacae,4,2,4,4
JOR,Neisseria_meningitidis,2,1,1,1
JOR,Listeria_monocytogenes,2,1,1,1
JOR,Corynebacterium_diphtheriae,2,1,1,1
JOR,Bacillus_cereus,2,1,1,1
JOR,Vibrio_cholerae,2,2,1,2
JOR,Neisseria_gonorrhoeae,3,2,2,3
JOR,Treponema_pallidum,2,1,1,1
JOR,Streptococcus_pneumoniae,2,2,1,1
JOR,Leptospira_interrogans,2,1,1,1
JOR,Helicobacter_pylori,2,1,1,1
JOR,Escherichia_coli,4,3,4,4
JOR,Chlamydia_trachomatis,2,1,1,1
JOR,Burkholderia_contaminans,2,2,1,2
JOR,Vibrio_parahaemolyticus,2,2,1,3
JOR,Streptococcus_agalactiae,2,1,1,1
JOR,Streptococcus_suis,2,1,1,1
JOR,Mycobacterium_abscessus,2,1,1,1
JOR,Mycobacterium_massiliense,2,1,1,1
JOR,Mammalicoccus_sciuri,2,1,1,1
JOR,Klebsiella_variicola,4,3,4,4
JOR,Haemophilus_influenzae,2,1,1,1
JOR,Haemophilus_haemolyticus,2,1,1,1
JOR,Haemophilus_parainfluenzae,2,1,1,1
JOR,Enterococcus_faecalis,4,2,3,3
JOR,Dichelobacter_nodosus,2,1,1,1
JOR,Cronobacter_malonaticus,2,2,1,2
JOR,Cronobacter_sakazakii,2,2,1,2
JOR,Clostridium_perfringens,2,2,1,2
JOR,Campylobacter_jejuni,3,2,2,2
JOR,Campylobacter_coli,3,2,2,2
JOR,Burkholderia_pseudomallei,2,2,1,2
JOR,Burkholderia_ambifaria,2,2,1,2
JOR,Burkholderia_cenocepacia,2,2,1,2
JOR,Burkholderia_cepacia,2,2,1,2
JOR,Burkholderia_multivorans,2,2,1,2
JOR,Burkholderia_ubonensis,2,2,1,2
JOR,Bordetella_parapertussis,2,1,1,1
JOR,Acinetobacter_nosocomialis,4,2,3,4
JOR,Acinetobacter_pittii,4,2,3,4
JOR,Listeria_innocua,2,1,1,1
JOR,Cronobacter_turicensis,2,2,1,2
JOR,Clostridium_chauvoei,2,1,1,1
JOR,Borrelia_bavariensis,2,1,1,1
JOR,Salmonella_enterica,4,2,3,3
JOR,Yersinia_enterocolitica,2,2,1,3
JOR,Neisseria_lactamica,2,1,1,1
JOR,Leptospira_borgpetersenii,2,1,1,1
JOR,Burkholderia_vietnamiensis,2,2,1,2
JOR,Streptococcus_uberis,2,1,1,1
JOR,Cronobacter_dublinensis,2,2,1,2
JOR,Chlamydia_abortus,2,1,1,1
JOR,Bordetella_pertussis,2,1,1,1
JOR,Borrelia_garinii,2,1,1,1
JOR,Neisseria_cinerea,2,1,1,1
JOR,Bordetella_bronchiseptica,2,1,1,1
JOR,Mycobacterium_bovis,2,1,1,1
JOR,Shigella_flexneri,4,2,3,4
JOR,Mycobacterium_tuberculosis,4,2,3,2
KEN,Enterococcus_faecium,4,1,3,3
KEN,Staphylococcus_aureus,4,2,4,3
KEN,Klebsiella_pneumoniae,4,2,4,4
KEN,Acinetobacter_baumannii,4,2,3,4
KEN,Pseudomonas_aeruginosa,4,2,3,4
KEN,Enterobacter_cloacae,4,2,4,4
KEN,Neisseria_meningitidis,2,1,1,1
KEN,Listeria_monocytogenes,2,1,1,1
KEN,Corynebacterium_diphtheriae,2,1,1,1
KEN,Bacillus_cereus,2,1,1,1
KEN,Vibrio_cholerae,2,2,1,2
KEN,Neisseria_gonorrhoeae,3,3,2,3
KEN,Treponema_pallidum,2,1,1,1
KEN,Streptococcus_pneumoniae,2,2,1,1
KEN,Leptospira_interrogans,2,1,1,1
KEN,Helicobacter_pylori,2,1,1,1
KEN,Escherichia_coli,4,3,4,4
KEN,Chlamydia_trachomatis,2,1,1,1
KEN,Burkholderia_contaminans,2,2,1,2
KEN,Vibrio_parahaemolyticus,2,2,1,3
KEN,Streptococcus_agalactiae,2,1,1,1
KEN,Streptococcus_suis,2,1,1,1
KEN,Mycobacterium_abscessus,2,1,1,1
KEN,Mycobacterium_massiliense,2,1,1,1
KEN,Mammalicoccus_sciuri,2,1,1,1
KEN,Klebsiella_variicola,4,3,4,4
KEN,Haemophilus_influenzae,2,1,1,1
KEN,Haemophilus_haemolyticus,2,1,1,1
KEN,Haemophilus_parainfluenzae,2,1,1,1
KEN,Enterococcus_faecalis,4,2,3,3
KEN,Dichelobacter_nodosus,2,1,1,1
KEN,Cronobacter_malonaticus,2,2,1,2
KEN,Cronobacter_sakazakii,2,2,1,2
KEN,Clostridium_perfringens,2,2,1,2
KEN,Campylobacter_jejuni,3,2,2,2
KEN,Campylobacter_coli,3,2,2,2
KEN,Burkholderia_pseudomallei,2,2,1,2
KEN,Burkholderia_ambifaria,2,2,1,2
KEN,Burkholderia_cenocepacia,2,2,1,2
KEN,Burkholderia_cepacia,2,2,1,2
KEN,Burkholderia_multivorans,2,2,1,2
KEN,Burkholderia_ubonensis,2,2,1,2
KEN,Bordetella_parapertussis,2,1,1,1
KEN,Acinetobacter_nosocomialis,4,2,3,4
KEN,Acinetobacter_pittii,4,2,3,4
KEN,Listeria_innocua,2,1,1,1
KEN,Cronobacter_turicensis,2,2,1,2
KEN,Clostridium_chauvoei,2,1,1,1
KEN,Borrelia_bavariensis,2,1,1,1
KEN,Salmonella_enterica,4,2,3,3
KEN,Yersinia_enterocolitica,2,2,1,3
KEN,Neisseria_lactamica,2,1,1,1
KEN,Leptospira_borgpetersenii,2,1,1,1
KEN,Burkholderia_vietnamiensis,2,2,1,2
KEN,Streptococcus_uberis,2,1,1,1
KEN,Cronobacter_dublinensis,2,2,1,2
KEN,Chlamydia_abortus,2,1,1,1
KEN,Bordetella_pertussis,2,1,1,1
KEN,Borrelia_garinii,2,1,1,1
KEN,Neisseria_cinerea,2,1,1,1
KEN,Bordetella_bronchiseptica,2,1,1,1
KEN,Mycobacterium_bovis,2,1,1,1
KEN,Shigella_flexneri,4,2,3,4
KEN,Mycobacterium_tuberculosis,4,2,3,2
KIR,Enterococcus_faecium,4,1,3,3
KIR,Staphylococcus_aureus,4,2,4,3
KIR,Klebsiella_pneumoniae,4,2,4,4
KIR,Acinetobacter_baumannii,4,2,3,4
KIR,Pseudomonas_aeruginosa,4,2,3,4
KIR,Enterobacter_cloacae,4,2,4,4
KIR,Neisseria_meningitidis,2,1,1,1
KIR,Listeria_monocytogenes,2,1,1,1
KIR,Corynebacterium_diphtheriae,2,1,1,1
KIR,Bacillus_cereus,2,1,1,1
KIR,Vibrio_cholerae,2,2,1,2
KIR,Neisseria_gonorrhoeae,3,2,2,3
KIR,Treponema_pallidum,2,1,1,1
KIR,Streptococcus_pneumoniae,2,2,1,1
KIR,Leptospira_interrogans,2,1,1,1
KIR,Helicobacter_pylori,2,1,1,1
KIR,Escherichia_coli,4,3,4,4
KIR,Chlamydia_trachomatis,2,1,1,1
KIR,Burkholderia_contaminans,2,2,1,2
KIR,Vibrio_parahaemolyticus,2,2,1,3
KIR,Streptococcus_agalactiae,2,1,1,1
KIR,Streptococcus_suis,2,1,1,1
KIR,Mycobacterium_abscessus,2,1,1,1
KIR,Mycobacterium_massiliense,2,1,1,1
KIR,Mammalicoccus_sciuri,2,1,1,1
KIR,Klebsiella_variicola,4,3,4,4
KIR,Haemophilus_influenzae,2,1,1,1
KIR,Haemophilus_haemolyticus,2,1,1,1
KIR,Haemophilus_parainfluenzae,2,1,1,1
KIR,Enterococcus_faecalis,4,2,3,3
KIR,Dichelobacter_nodosus,2,1,1,1
KIR,Cronobacter_malonaticus,2,2,1,2
KIR,Cronobacter_sakazakii,2,2,1,2
KIR,Clostridium_perfringens,2,2,1,2
KIR,Campylobacter_jejuni,3,2,2,2
KIR,Campylobacter_coli,3,2,2,2
KIR,Burkholderia_pseudomallei,2,2,1,2
KIR,Burkholderia_ambifaria,2,2,1,2
KIR,Burkholderia_cenocepacia,2,2,1,2
KIR,Burkholderia_cepacia,2,2,1,2
KIR,Burkholderia_multivorans,2,2,1,2
KIR,Burkholderia_ubonensis,2,2,1,2
KIR,Bordetella_parapertussis,2,1,1,1
KIR,Acinetobacter_nosocomialis,4,2,3,4
KIR,Acinetobacter_pittii,4,2,3,4
KIR,Listeria_innocua,2,1,1,1
KIR,Cronobacter_turicensis,2,2,1,2
KIR,Clostridium_chauvoei,2,1,1,1
KIR,Borrelia_bavariensis,2,1,1,1
KIR,Salmonella_enterica,4,2,3,3
KIR,Yersinia_enterocolitica,2,2,1,3
KIR,Neisseria_lactamica,2,1,1,1
KIR,Leptospira_borgpetersenii,2,1,1,1
KIR,Burkholderia_vietnamiensis,2,2,1,2
KIR,Streptococcus_uberis,2,1,1,1
KIR,Cronobacter_dublinensis,2,2,1,2
KIR,Chlamydia_abortus,2,1,1,1
KIR,Bordetella_pertussis,2,1,1,1
KIR,Borrelia_garinii,2,1,1,1
KIR,Neisseria_cinerea,2,1,1,1
KIR,Bordetella_bronchiseptica,2,1,1,1
KIR,Mycobacterium_bovis,2,1,1,1
KIR,Shigella_flexneri,4,2,3,4
KIR,Mycobacterium_tuberculosis,4,2,3,2
KGZ,Enterococcus_faecium,4,1,3,3
KGZ,Staphylococcus_aureus,4,2,4,3
KGZ,Klebsiella_pneumoniae,4,2,4,4
KGZ,Acinetobacter_baumannii,4,2,3,4
KGZ,Pseudomonas_aeruginosa,4,2,3,4
KGZ,Enterobacter_cloacae,4,2,4,4
KGZ,Neisseria_meningitidis,2,1,1,1
KGZ,Listeria_monocytogenes,2,1,1,1
KGZ,Corynebacterium_diphtheriae,2,1,1,1
KGZ,Bacillus_cereus,2,1,1,1
KGZ,Vibrio_cholerae,2,2,1,2
KGZ,Neisseria_gonorrhoeae,3,2,2,3
KGZ,Treponema_pallidum,2,1,1,1
KGZ,Streptococcus_pneumoniae,2,2,1,1
KGZ,Leptospira_interrogans,2,1,1,1
KGZ,Helicobacter_pylori,2,1,1,1
KGZ,Escherichia_coli,4,3,4,4
KGZ,Chlamydia_trachomatis,2,1,1,1
KGZ,Burkholderia_contaminans,2,2,1,2
KGZ,Vibrio_parahaemolyticus,2,2,1,3
KGZ,Streptococcus_agalactiae,2,1,1,1
KGZ,Streptococcus_suis,2,1,1,1
KGZ,Mycobacterium_abscessus,2,1,1,1
KGZ,Mycobacterium_massiliense,2,1,1,1
KGZ,Mammalicoccus_sciuri,2,1,1,1
KGZ,Klebsiella_variicola,4,3,4,4
KGZ,Haemophilus_influenzae,2,1,1,1
KGZ,Haemophilus_haemolyticus,2,1,1,1
KGZ,Haemophilus_parainfluenzae,2,1,1,1
KGZ,Enterococcus_faecalis,4,2,3,3
KGZ,Dichelobacter_nodosus,2,1,1,1
KGZ,Cronobacter_malonaticus,2,2,1,2
KGZ,Cronobacter_sakazakii,2,2,1,2
KGZ,Clostridium_perfringens,2,2,1,2
KGZ,Campylobacter_jejuni,3,2,2,2
KGZ,Campylobacter_coli,3,2,2,2
KGZ,Burkholderia_pseudomallei,2,2,1,2
KGZ,Burkholderia_ambifaria,2,2,1,2
KGZ,Burkholderia_cenocepacia,2,2,1,2
KGZ,Burkholderia_cepacia,2,2,1,2
KGZ,Burkholderia_multivorans,2,2,1,2
KGZ,Burkholderia_ubonensis,2,2,1,2
KGZ,Bordetella_parapertussis,2,1,1,1
KGZ,Acinetobacter_nosocomialis,4,2,3,4
KGZ,Acinetobacter_pittii,4,2,3,4
KGZ,Listeria_innocua,2,1,1,1
KGZ,Cronobacter_turicensis,2,2,1,2
KGZ,Clostridium_chauvoei,2,1,1,1
KGZ,Borrelia_bavariensis,2,1,1,1
KGZ,Salmonella_enterica,4,2,3,3
KGZ,Yersinia_enterocolitica,2,2,1,3
KGZ,Neisseria_lactamica,2,1,1,1
KGZ,Leptospira_borgpetersenii,2,1,1,1
KGZ,Burkholderia_vietnamiensis,2,2,1,2
KGZ,Streptococcus_uberis,2,1,1,1
KGZ,Cronobacter_dublinensis,2,2,1,2
KGZ,Chlamydia_abortus,2,1,1,1
KGZ,Bordetella_pertussis,2,1,1,1
KGZ,Borrelia_garinii,2,1,1,1
KGZ,Neisseria_cinerea,2,1,1,1
KGZ,Bordetella_bronchiseptica,2,1,1,1
KGZ,Mycobacterium_bovis,2,1,1,1
KGZ,Shigella_flexneri,4,2,3,4
KGZ,Mycobacterium_tuberculosis,4,2,3,2
LAO,Enterococcus_faecium,4,1,3,3
LAO,Staphylococcus_aureus,4,2,4,3
LAO,Klebsiella_pneumoniae,4,2,4,4
LAO,Acinetobacter_baumannii,4,2,3,4
LAO,Pseudomonas_aeruginosa,4,2,3,4
LAO,Enterobacter_cloacae,4,2,4,4
LAO,Neisseria_meningitidis,2,1,1,1
LAO,Listeria_monocytogenes,2,1,1,1
LAO,Corynebacterium_diphtheriae,2,1,1,1
LAO,Bacillus_cereus,2,1,1,1
LAO,Vibrio_cholerae,2,2,1,2
LAO,Neisseria_gonorrhoeae,3,3,2,3
LAO,Treponema_pallidum,2,1,1,1
LAO,Streptococcus_pneumoniae,2,2,1,1
LAO,Leptospira_interrogans,2,1,1,1
LAO,Helicobacter_pylori,2,1,1,1
LAO,Escherichia_coli,4,3,4,4
LAO,Chlamydia_trachomatis,2,1,1,1
LAO,Burkholderia_contaminans,2,2,1,2
LAO,Vibrio_parahaemolyticus,2,2,1,3
LAO,Streptococcus_agalactiae,2,1,1,1
LAO,Streptococcus_suis,2,1,1,1
LAO,Mycobacterium_abscessus,2,1,1,1
LAO,Mycobacterium_massiliense,2,1,1,1
LAO,Mammalicoccus_sciuri,2,1,1,1
LAO,Klebsiella_variicola,4,3,4,4
LAO,Haemophilus_influenzae,2,1,1,1
LAO,Haemophilus_haemolyticus,2,1,1,1
LAO,Haemophilus_parainfluenzae,2,1,1,1
LAO,Enterococcus_faecalis,4,2,3,3
LAO,Dichelobacter_nodosus,2,1,1,1
LAO,Cronobacter_malonaticus,2,2,1,2
LAO,Cronobacter_sakazakii,2,2,1,2
LAO,Clostridium_perfringens,2,2,1,2
LAO,Campylobacter_jejuni,3,2,2,2
LAO,Campylobacter_coli,3,2,2,2
LAO,Burkholderia_pseudomallei,2,2,1,2
LAO,Burkholderia_ambifaria,2,2,1,2
LAO,Burkholderia_cenocepacia,2,2,1,2
LAO,Burkholderia_cepacia,2,2,1,2
LAO,Burkholderia_multivorans,2,2,1,2
LAO,Burkholderia_ubonensis,2,2,1,2
LAO,Bordetella_parapertussis,2,1,1,1
LAO,Acinetobacter_nosocomialis,4,2,3,4
LAO,Acinetobacter_pittii,4,2,3,4
LAO,Listeria_innocua,2,1,1,1
LAO,Cronobacter_turicensis,2,2,1,2
LAO,Clostridium_chauvoei,2,1,1,1
LAO,Borrelia_bavariensis,2,1,1,1
LAO,Salmonella_enterica,4,2,3,3
LAO,Yersinia_enterocolitica,2,2,1,3
LAO,Neisseria_lactamica,2,1,1,1
LAO,Leptospira_borgpetersenii,2,1,1,1
LAO,Burkholderia_vietnamiensis,2,2,1,2
LAO,Streptococcus_uberis,2,1,1,1
LAO,Cronobacter_dublinensis,2,2,1,2
LAO,Chlamydia_abortus,2,1,1,1
LAO,Bordetella_pertussis,2,1,1,1
LAO,Borrelia_garinii,2,1,1,1
LAO,Neisseria_cinerea,2,1,1,1
LAO,Bordetella_bronchiseptica,2,1,1,1
LAO,Mycobacterium_bovis,2,1,1,1
LAO,Shigella_flexneri,4,2,3,4
LAO,Mycobacterium_tuberculosis,4,2,3,2
LBN,Enterococcus_faecium,4,1,3,3
LBN,Staphylococcus_aureus,4,2,4,3
LBN,Klebsiella_pneumoniae,4,2,4,4
LBN,Acinetobacter_baumannii,4,2,3,4
LBN,Pseudomonas_aeruginosa,4,2,3,4
LBN,Enterobacter_cloacae,4,2,4,4
LBN,Neisseria_meningitidis,2,1,1,1
LBN,Listeria_monocytogenes,2,1,1,1
LBN,Corynebacterium_diphtheriae,2,1,1,1
LBN,Bacillus_cereus,2,1,1,1
LBN,Vibrio_cholerae,2,2,1,2
LBN,Neisseria_gonorrhoeae,3,2,2,3
LBN,Treponema_pallidum,2,1,1,1
LBN,Streptococcus_pneumoniae,2,2,1,1
LBN,Leptospira_interrogans,2,1,1,1
LBN,Helicobacter_pylori,2,1,1,1
LBN,Escherichia_coli,4,3,4,4
LBN,Chlamydia_trachomatis,2,1,1,1
LBN,Burkholderia_contaminans,2,2,1,2
LBN,Vibrio_parahaemolyticus,2,2,1,3
LBN,Streptococcus_agalactiae,2,1,1,1
LBN,Streptococcus_suis,2,1,1,1
LBN,Mycobacterium_abscessus,2,1,1,1
LBN,Mycobacterium_massiliense,2,1,1,1
LBN,Mammalicoccus_sciuri,2,1,1,1
LBN,Klebsiella_variicola,4,3,4,4
LBN,Haemophilus_influenzae,2,1,1,1
LBN,Haemophilus_haemolyticus,2,1,1,1
LBN,Haemophilus_parainfluenzae,2,1,1,1
LBN,Enterococcus_faecalis,4,2,3,3
LBN,Dichelobacter_nodosus,2,1,1,1
LBN,Cronobacter_malonaticus,2,2,1,2
LBN,Cronobacter_sakazakii,2,2,1,2
LBN,Clostridium_perfringens,2,2,1,2
LBN,Campylobacter_jejuni,3,2,2,2
LBN,Campylobacter_coli,3,2,2,2
LBN,Burkholderia_pseudomallei,2,2,1,2
LBN,Burkholderia_ambifaria,2,2,1,2
LBN,Burkholderia_cenocepacia,2,2,1,2
LBN,Burkholderia_cepacia,2,2,1,2
LBN,Burkholderia_multivorans,2,2,1,2
LBN,Burkholderia_ubonensis,2,2,1,2
LBN,Bordetella_parapertussis,2,1,1,1
LBN,Acinetobacter_nosocomialis,4,2,3,4
LBN,Acinetobacter_pittii,4,2,3,4
LBN,Listeria_innocua,2,1,1,1
LBN,Cronobacter_turicensis,2,2,1,2
LBN,Clostridium_chauvoei,2,1,1,1
LBN,Borrelia_bavariensis,2,1,1,1
LBN,Salmonella_enterica,4,2,3,3
LBN,Yersinia_enterocolitica,2,2,1,3
LBN,Neisseria_lactamica,2,1,1,1
LBN,Leptospira_borgpetersenii,2,1,1,1
LBN,Burkholderia_vietnamiensis,2,2,1,2
LBN,Streptococcus_uberis,2,1,1,1
LBN,Cronobacter_dublinensis,2,2,1,2
LBN,Chlamydia_abortus,2,1,1,1
LBN,Bordetella_pertussis,2,1,1,1
LBN,Borrelia_garinii,2,1,1,1
LBN,Neisseria_cinerea,2,1,1,1
LBN,Bordetella_bronchiseptica,2,1,1,1
LBN,Mycobacterium_bovis,2,1,1,1
LBN,Shigella_flexneri,4,2,3,4
LBN,Mycobacterium_tuberculosis,4,2,3,2
LSO,Enterococcus_faecium,4,1,3,3
LSO,Staphylococcus_aureus,4,2,4,3
LSO,Klebsiella_pneumoniae,4,2,4,4
LSO,Acinetobacter_baumannii,4,2,3,4
LSO,Pseudomonas_aeruginosa,4,2,3,4
LSO,Enterobacter_cloacae,4,2,4,4
LSO,Neisseria_meningitidis,2,1,1,1
LSO,Listeria_monocytogenes,2,1,1,1
LSO,Corynebacterium_diphtheriae,2,1,1,1
LSO,Bacillus_cereus,2,1,1,1
LSO,Vibrio_cholerae,2,2,1,2
LSO,Neisseria_gonorrhoeae,3,2,2,3
LSO,Treponema_pallidum,2,1,1,1
LSO,Streptococcus_pneumoniae,2,2,1,1
LSO,Leptospira_interrogans,2,1,1,1
LSO,Helicobacter_pylori,2,1,1,1
LSO,Escherichia_coli,4,3,4,4
LSO,Chlamydia_trachomatis,2,1,1,1
LSO,Burkholderia_contaminans,2,2,1,2
LSO,Vibrio_parahaemolyticus,2,2,1,3
LSO,Streptococcus_agalactiae,2,1,1,1
LSO,Streptococcus_suis,2,1,1,1
LSO,Mycobacterium_abscessus,2,1,1,1
LSO,Mycobacterium_massiliense,2,1,1,1
LSO,Mammalicoccus_sciuri,2,1,1,1
LSO,Klebsiella_variicola,4,3,4,4
LSO,Haemophilus_influenzae,2,1,1,1
LSO,Haemophilus_haemolyticus,2,1,1,1
LSO,Haemophilus_parainfluenzae,2,1,1,1
LSO,Enterococcus_faecalis,4,2,3,3
LSO,Dichelobacter_nodosus,2,1,1,1
LSO,Cronobacter_malonaticus,2,2,1,2
LSO,Cronobacter_sakazakii,2,2,1,2
LSO,Clostridium_perfringens,2,2,1,2
LSO,Campylobacter_jejuni,3,2,2,2
LSO,Campylobacter_coli,3,2,2,2
LSO,Burkholderia_pseudomallei,2,2,1,2
LSO,Burkholderia_ambifaria,2,2,1,2
LSO,Burkholderia_cenocepacia,2,2,1,2
LSO,Burkholderia_cepacia,2,2,1,2
LSO,Burkholderia_multivorans,2,2,1,2
LSO,Burkholderia_ubonensis,2,2,1,2
LSO,Bordetella_parapertussis,2,1,1,1
LSO,Acinetobacter_nosocomialis,4,2,3,4
LSO,Acinetobacter_pittii,4,2,3,4
LSO,Listeria_innocua,2,1,1,1
LSO,Cronobacter_turicensis,2,2,1,2
LSO,Clostridium_chauvoei,2,1,1,1
LSO,Borrelia_bavariensis,2,1,1,1
LSO,Salmonella_enterica,4,2,3,3
LSO,Yersinia_enterocolitica,2,2,1,3
LSO,Neisseria_lactamica,2,1,1,1
LSO,Leptospira_borgpetersenii,2,1,1,1
LSO,Burkholderia_vietnamiensis,2,2,1,2
LSO,Streptococcus_uberis,2,1,1,1
LSO,Cronobacter_dublinensis,2,2,1,2
LSO,Chlamydia_abortus,2,1,1,1
LSO,Bordetella_pertussis,2,1,1,1
LSO,Borrelia_garinii,2,1,1,1
LSO,Neisseria_cinerea,2,1,1,1
LSO,Bordetella_bronchiseptica,2,1,1,1
LSO,Mycobacterium_bovis,2,1,1,1
LSO,Shigella_flexneri,4,2,3,4
LSO,Mycobacterium_tuberculosis,4,2,3,2
MRT,Enterococcus_faecium,4,1,3,3
MRT,Staphylococcus_aureus,4,2,4,3
MRT,Klebsiella_pneumoniae,4,2,4,4
MRT,Acinetobacter_baumannii,4,2,3,4
MRT,Pseudomonas_aeruginosa,4,2,3,4
MRT,Enterobacter_cloacae,4,2,4,4
MRT,Neisseria_meningitidis,2,1,1,1
MRT,Listeria_monocytogenes,2,1,1,1
MRT,Corynebacterium_diphtheriae,2,1,1,1
MRT,Bacillus_cereus,2,1,1,1
MRT,Vibrio_cholerae,2,2,1,2
MRT,Neisseria_gonorrhoeae,3,2,2,3
MRT,Treponema_pallidum,2,1,1,1
MRT,Streptococcus_pneumoniae,2,2,1,1
MRT,Leptospira_interrogans,2,1,1,1
MRT,Helicobacter_pylori,2,1,1,1
MRT,Escherichia_coli,4,3,4,4
MRT,Chlamydia_trachomatis,2,1,1,1
MRT,Burkholderia_contaminans,2,2,1,2
MRT,Vibrio_parahaemolyticus,2,2,1,3
MRT,Streptococcus_agalactiae,2,1,1,1
MRT,Streptococcus_suis,2,1,1,1
MRT,Mycobacterium_abscessus,2,1,1,1
MRT,Mycobacterium_massiliense,2,1,1,1
MRT,Mammalicoccus_sciuri,2,1,1,1
MRT,Klebsiella_variicola,4,3,4,4
MRT,Haemophilus_influenzae,2,1,1,1
MRT,Haemophilus_haemolyticus,2,1,1,1
MRT,Haemophilus_parainfluenzae,2,1,1,1
MRT,Enterococcus_faecalis,4,2,3,3
MRT,Dichelobacter_nodosus,2,1,1,1
MRT,Cronobacter_malonaticus,2,2,1,2
MRT,Cronobacter_sakazakii,2,2,1,2
MRT,Clostridium_perfringens,2,2,1,2
MRT,Campylobacter_jejuni,3,2,2,2
MRT,Campylobacter_coli,3,2,2,2
MRT,Burkholderia_pseudomallei,2,2,1,2
MRT,Burkholderia_ambifaria,2,2,1,2
MRT,Burkholderia_cenocepacia,2,2,1,2
MRT,Burkholderia_cepacia,2,2,1,2
MRT,Burkholderia_multivorans,2,2,1,2
MRT,Burkholderia_ubonensis,2,2,1,2
MRT,Bordetella_parapertussis,2,1,1,1
MRT,Acinetobacter_nosocomialis,4,2,3,4
MRT,Acinetobacter_pittii,4,2,3,4
MRT,Listeria_innocua,2,1,1,1
MRT,Cronobacter_turicensis,2,2,1,2
MRT,Clostridium_chauvoei,2,1,1,1
MRT,Borrelia_bavariensis,2,1,1,1
MRT,Salmonella_enterica,4,2,3,3
MRT,Yersinia_enterocolitica,2,2,1,3
MRT,Neisseria_lactamica,2,1,1,1
MRT,Leptospira_borgpetersenii,2,1,1,1
MRT,Burkholderia_vietnamiensis,2,2,1,2
MRT,Streptococcus_uberis,2,1,1,1
MRT,Cronobacter_dublinensis,2,2,1,2
MRT,Chlamydia_abortus,2,1,1,1
MRT,Bordetella_pertussis,2,1,1,1
MRT,Borrelia_garinii,2,1,1,1
MRT,Neisseria_cinerea,2,1,1,1
MRT,Bordetella_bronchiseptica,2,1,1,1
MRT,Mycobacterium_bovis,2,1,1,1
MRT,Shigella_flexneri,4,2,3,4
MRT,Mycobacterium_tuberculosis,4,2,3,2
FSM,Enterococcus_faecium,4,1,3,3
FSM,Staphylococcus_aureus,4,2,4,3
FSM,Klebsiella_pneumoniae,4,2,4,4
FSM,Acinetobacter_baumannii,4,2,3,4
FSM,Pseudomonas_aeruginosa,4,2,3,4
FSM,Enterobacter_cloacae,4,2,4,4
FSM,Neisseria_meningitidis,2,1,1,1
FSM,Listeria_monocytogenes,2,1,1,1
FSM,Corynebacterium_diphtheriae,2,1,1,1
FSM,Bacillus_cereus,2,1,1,1
FSM,Vibrio_cholerae,2,2,1,2
FSM,Neisseria_gonorrhoeae,3,2,2,3
FSM,Treponema_pallidum,2,1,1,1
FSM,Streptococcus_pneumoniae,2,2,1,1
FSM,Leptospira_interrogans,2,1,1,1
FSM,Helicobacter_pylori,2,1,1,1
FSM,Escherichia_coli,4,3,4,4
FSM,Chlamydia_trachomatis,2,1,1,1
FSM,Burkholderia_contaminans,2,2,1,2
FSM,Vibrio_parahaemolyticus,2,2,1,3
FSM,Streptococcus_agalactiae,2,1,1,1
FSM,Streptococcus_suis,2,1,1,1
FSM,Mycobacterium_abscessus,2,1,1,1
FSM,Mycobacterium_massiliense,2,1,1,1
FSM,Mammalicoccus_sciuri,2,1,1,1
FSM,Klebsiella_variicola,4,3,4,4
FSM,Haemophilus_influenzae,2,1,1,1
FSM,Haemophilus_haemolyticus,2,1,1,1
FSM,Haemophilus_parainfluenzae,2,1,1,1
FSM,Enterococcus_faecalis,4,2,3,3
FSM,Dichelobacter_nodosus,2,1,1,1
FSM,Cronobacter_malonaticus,2,2,1,2
FSM,Cronobacter_sakazakii,2,2,1,2
FSM,Clostridium_perfringens,2,2,1,2
FSM,Campylobacter_jejuni,3,2,2,2
FSM,Campylobacter_coli,3,2,2,2
FSM,Burkholderia_pseudomallei,2,2,1,2
FSM,Burkholderia_ambifaria,2,2,1,2
FSM,Burkholderia_cenocepacia,2,2,1,2
FSM,Burkholderia_cepacia,2,2,1,2
FSM,Burkholderia_multivorans,2,2,1,2
FSM,Burkholderia_ubonensis,2,2,1,2
FSM,Bordetella_parapertussis,2,1,1,1
FSM,Acinetobacter_nosocomialis,4,2,3,4
FSM,Acinetobacter_pittii,4,2,3,4
FSM,Listeria_innocua,2,1,1,1
FSM,Cronobacter_turicensis,2,2,1,2
FSM,Clostridium_chauvoei,2,1,1,1
FSM,Borrelia_bavariensis,2,1,1,1
FSM,Salmonella_enterica,4,2,3,3
FSM,Yersinia_enterocolitica,2,2,1,3
FSM,Neisseria_lactamica,2,1,1,1
FSM,Leptospira_borgpetersenii,2,1,1,1
FSM,Burkholderia_vietnamiensis,2,2,1,2
FSM,Streptococcus_uberis,2,1,1,1
FSM,Cronobacter_dublinensis,2,2,1,2
FSM,Chlamydia_abortus,2,1,1,1
FSM,Bordetella_pertussis,2,1,1,1
FSM,Borrelia_garinii,2,1,1,1
FSM,Neisseria_cinerea,2,1,1,1
FSM,Bordetella_bronchiseptica,2,1,1,1
FSM,Mycobacterium_bovis,2,1,1,1
FSM,Shigella_flexneri,4,2,3,4
FSM,Mycobacterium_tuberculosis,4,2,3,2
MAR,Enterococcus_faecium,4,1,3,3
MAR,Staphylococcus_aureus,4,2,4,3
MAR,Klebsiella_pneumoniae,4,2,4,4
MAR,Acinetobacter_baumannii,4,2,3,4
MAR,Pseudomonas_aeruginosa,4,2,3,4
MAR,Enterobacter_cloacae,4,2,4,4
MAR,Neisseria_meningitidis,2,1,1,1
MAR,Listeria_monocytogenes,2,1,1,1
MAR,Corynebacterium_diphtheriae,2,1,1,1
MAR,Bacillus_cereus,2,1,1,1
MAR,Vibrio_cholerae,2,2,1,2
MAR,Neisseria_gonorrhoeae,3,2,2,3
MAR,Treponema_pallidum,2,1,1,1
MAR,Streptococcus_pneumoniae,2,2,1,1
MAR,Leptospira_interrogans,2,1,1,1
MAR,Helicobacter_pylori,2,1,1,1
MAR,Escherichia_coli,4,3,4,4
MAR,Chlamydia_trachomatis,2,1,1,1
MAR,Burkholderia_contaminans,2,2,1,2
MAR,Vibrio_parahaemolyticus,2,2,1,3
MAR,Streptococcus_agalactiae,2,1,1,1
MAR,Streptococcus_suis,2,1,1,1
MAR,Mycobacterium_abscessus,2,1,1,1
MAR,Mycobacterium_massiliense,2,1,1,1
MAR,Mammalicoccus_sciuri,2,1,1,1
MAR,Klebsiella_variicola,4,3,4,4
MAR,Haemophilus_influenzae,2,1,1,1
MAR,Haemophilus_haemolyticus,2,1,1,1
MAR,Haemophilus_parainfluenzae,2,1,1,1
MAR,Enterococcus_faecalis,4,2,3,3
MAR,Dichelobacter_nodosus,2,1,1,1
MAR,Cronobacter_malonaticus,2,2,1,2
MAR,Cronobacter_sakazakii,2,2,1,2
MAR,Clostridium_perfringens,2,2,1,2
MAR,Campylobacter_jejuni,3,2,2,2
MAR,Campylobacter_coli,3,2,2,2
MAR,Burkholderia_pseudomallei,2,2,1,2
MAR,Burkholderia_ambifaria,2,2,1,2
MAR,Burkholderia_cenocepacia,2,2,1,2
MAR,Burkholderia_cepacia,2,2,1,2
MAR,Burkholderia_multivorans,2,2,1,2
MAR,Burkholderia_ubonensis,2,2,1,2
MAR,Bordetella_parapertussis,2,1,1,1
MAR,Acinetobacter_nosocomialis,4,2,3,4
MAR,Acinetobacter_pittii,4,2,3,4
MAR,Listeria_innocua,2,1,1,1
MAR,Cronobacter_turicensis,2,2,1,2
MAR,Clostridium_chauvoei,2,1,1,1
MAR,Borrelia_bavariensis,2,1,1,1
MAR,Salmonella_enterica,4,2,3,3
MAR,Yersinia_enterocolitica,2,2,1,3
MAR,Neisseria_lactamica,2,1,1,1
MAR,Leptospira_borgpetersenii,2,1,1,1
MAR,Burkholderia_vietnamiensis,2,2,1,2
MAR,Streptococcus_uberis,2,1,1,1
MAR,Cronobacter_dublinensis,2,2,1,2
MAR,Chlamydia_abortus,2,1,1,1
MAR,Bordetella_pertussis,2,1,1,1
MAR,Borrelia_garinii,2,1,1,1
MAR,Neisseria_cinerea,2,1,1,1
MAR,Bordetella_bronchiseptica,2,1,1,1
MAR,Mycobacterium_bovis,2,1,1,1
MAR,Shigella_flexneri,4,2,3,4
MAR,Mycobacterium_tuberculosis,4,2,3,2
MMR,Enterococcus_faecium,4,1,3,3
MMR,Staphylococcus_aureus,4,2,4,3
MMR,Klebsiella_pneumoniae,4,2,4,4
MMR,Acinetobacter_baumannii,4,2,3,4
MMR,Pseudomonas_aeruginosa,4,2,3,4
MMR,Enterobacter_cloacae,4,2,4,4
MMR,Neisseria_meningitidis,2,1,1,1
MMR,Listeria_monocytogenes,2,1,1,1
MMR,Corynebacterium_diphtheriae,2,1,1,1
MMR,Bacillus_cereus,2,1,1,1
MMR,Vibrio_cholerae,2,2,1,2
MMR,Neisseria_gonorrhoeae,3,3,2,3
MMR,Treponema_pallidum,2,1,1,1
MMR,Streptococcus_pneumoniae,2,2,1,1
MMR,Leptospira_interrogans,2,1,1,1
MMR,Helicobacter_pylori,2,1,1,1
MMR,Escherichia_coli,4,3,4,4
MMR,Chlamydia_trachomatis,2,1,1,1
MMR,Burkholderia_contaminans,2,2,1,2
MMR,Vibrio_parahaemolyticus,2,2,1,3
MMR,Streptococcus_agalactiae,2,1,1,1
MMR,Streptococcus_suis,2,1,1,1
MMR,Mycobacterium_abscessus,2,1,1,1
MMR,Mycobacterium_massiliense,2,1,1,1
MMR,Mammalicoccus_sciuri,2,1,1,1
MMR,Klebsiella_variicola,4,3,4,4
MMR,Haemophilus_influenzae,2,1,1,1
MMR,Haemophilus_haemolyticus,2,1,1,1
MMR,Haemophilus_parainfluenzae,2,1,1,1
MMR,Enterococcus_faecalis,4,2,3,3
MMR,Dichelobacter_nodosus,2,1,1,1
MMR,Cronobacter_malonaticus,2,2,1,2
MMR,Cronobacter_sakazakii,2,2,1,2
MMR,Clostridium_perfringens,2,2,1,2
MMR,Campylobacter_jejuni,3,2,2,2
MMR,Campylobacter_coli,3,2,2,2
MMR,Burkholderia_pseudomallei,2,2,1,2
MMR,Burkholderia_ambifaria,2,2,1,2
MMR,Burkholderia_cenocepacia,2,2,1,2
MMR,Burkholderia_cepacia,2,2,1,2
MMR,Burkholderia_multivorans,2,2,1,2
MMR,Burkholderia_ubonensis,2,2,1,2
MMR,Bordetella_parapertussis,2,1,1,1
MMR,Acinetobacter_nosocomialis,4,2,3,4
MMR,Acinetobacter_pittii,4,2,3,4
MMR,Listeria_innocua,2,1,1,1
MMR,Cronobacter_turicensis,2,2,1,2
MMR,Clostridium_chauvoei,2,1,1,1
MMR,Borrelia_bavariensis,2,1,1,1
MMR,Salmonella_enterica,4,2,3,3
MMR,Yersinia_enterocolitica,2,2,1,3
MMR,Neisseria_lactamica,2,1,1,1
MMR,Leptospira_borgpetersenii,2,1,1,1
MMR,Burkholderia_vietnamiensis,2,2,1,2
MMR,Streptococcus_uberis,2,1,1,1
MMR,Cronobacter_dublinensis,2,2,1,2
MMR,Chlamydia_abortus,2,1,1,1
MMR,Bordetella_pertussis,2,1,1,1
MMR,Borrelia_garinii,2,1,1,1
MMR,Neisseria_cinerea,2,1,1,1
MMR,Bordetella_bronchiseptica,2,1,1,1
MMR,Mycobacterium_bovis,2,1,1,1
MMR,Shigella_flexneri,4,2,3,4
MMR,Mycobacterium_tuberculosis,4,2,3,2
NAM,Enterococcus_faecium,4,1,3,3
NAM,Staphylococcus_aureus,4,2,4,3
NAM,Klebsiella_pneumoniae,4,2,4,4
NAM,Acinetobacter_baumannii,4,2,3,4
NAM,Pseudomonas_aeruginosa,4,2,3,4
NAM,Enterobacter_cloacae,4,2,4,4
NAM,Neisseria_meningitidis,2,1,1,1
NAM,Listeria_monocytogenes,2,1,1,1
NAM,Corynebacterium_diphtheriae,2,1,1,1
NAM,Bacillus_cereus,2,1,1,1
NAM,Vibrio_cholerae,2,2,1,2
NAM,Neisseria_gonorrhoeae,3,2,2,3
NAM,Treponema_pallidum,2,1,1,1
NAM,Streptococcus_pneumoniae,2,2,1,1
NAM,Leptospira_interrogans,2,1,1,1
NAM,Helicobacter_pylori,2,1,1,1
NAM,Escherichia_coli,4,3,4,4
NAM,Chlamydia_trachomatis,2,1,1,1
NAM,Burkholderia_contaminans,2,2,1,2
NAM,Vibrio_parahaemolyticus,2,2,1,3
NAM,Streptococcus_agalactiae,2,1,1,1
NAM,Streptococcus_suis,2,1,1,1
NAM,Mycobacterium_abscessus,2,1,1,1
NAM,Mycobacterium_massiliense,2,1,1,1
NAM,Mammalicoccus_sciuri,2,1,1,1
NAM,Klebsiella_variicola,4,3,4,4
NAM,Haemophilus_influenzae,2,1,1,1
NAM,Haemophilus_haemolyticus,2,1,1,1
NAM,Haemophilus_parainfluenzae,2,1,1,1
NAM,Enterococcus_faecalis,4,2,3,3
NAM,Dichelobacter_nodosus,2,1,1,1
NAM,Cronobacter_malonaticus,2,2,1,2
NAM,Cronobacter_sakazakii,2,2,1,2
NAM,Clostridium_perfringens,2,2,1,2
NAM,Campylobacter_jejuni,3,2,2,2
NAM,Campylobacter_coli,3,2,2,2
NAM,Burkholderia_pseudomallei,2,2,1,2
NAM,Burkholderia_ambifaria,2,2,1,2
NAM,Burkholderia_cenocepacia,2,2,1,2
NAM,Burkholderia_cepacia,2,2,1,2
NAM,Burkholderia_multivorans,2,2,1,2
NAM,Burkholderia_ubonensis,2,2,1,2
NAM,Bordetella_parapertussis,2,1,1,1
NAM,Acinetobacter_nosocomialis,4,2,3,4
NAM,Acinetobacter_pittii,4,2,3,4
NAM,Listeria_innocua,2,1,1,1
NAM,Cronobacter_turicensis,2,2,1,2
NAM,Clostridium_chauvoei,2,1,1,1
NAM,Borrelia_bavariensis,2,1,1,1
NAM,Salmonella_enterica,4,2,3,3
NAM,Yersinia_enterocolitica,2,2,1,3
NAM,Neisseria_lactamica,2,1,1,1
NAM,Leptospira_borgpetersenii,2,1,1,1
NAM,Burkholderia_vietnamiensis,2,2,1,2
NAM,Streptococcus_uberis,2,1,1,1
NAM,Cronobacter_dublinensis,2,2,1,2
NAM,Chlamydia_abortus,2,1,1,1
NAM,Bordetella_pertussis,2,1,1,1
NAM,Borrelia_garinii,2,1,1,1
NAM,Neisseria_cinerea,2,1,1,1
NAM,Bordetella_bronchiseptica,2,1,1,1
NAM,Mycobacterium_bovis,2,1,1,1
NAM,Shigella_flexneri,4,2,3,4
NAM,Mycobacterium_tuberculosis,4,2,3,2
NPL,Enterococcus_faecium,4,1,3,3
NPL,Staphylococcus_aureus,4,2,4,3
NPL,Klebsiella_pneumoniae,4,2,4,4
NPL,Acinetobacter_baumannii,4,2,3,4
NPL,Pseudomonas_aeruginosa,4,2,3,4
NPL,Enterobacter_cloacae,4,2,4,4
NPL,Neisseria_meningitidis,2,1,1,1
NPL,Listeria_monocytogenes,2,1,1,1
NPL,Corynebacterium_diphtheriae,2,1,1,1
NPL,Bacillus_cereus,2,1,1,1
NPL,Vibrio_cholerae,2,2,1,2
NPL,Neisseria_gonorrhoeae,3,2,2,3
NPL,Treponema_pallidum,2,1,1,1
NPL,Streptococcus_pneumoniae,2,2,1,1
NPL,Leptospira_interrogans,2,1,1,1
NPL,Helicobacter_pylori,2,1,1,1
NPL,Escherichia_coli,4,3,4,4
NPL,Chlamydia_trachomatis,2,1,1,1
NPL,Burkholderia_contaminans,2,2,1,2
NPL,Vibrio_parahaemolyticus,2,2,1,3
NPL,Streptococcus_agalactiae,2,1,1,1
NPL,Streptococcus_suis,2,1,1,1
NPL,Mycobacterium_abscessus,2,1,1,1
NPL,Mycobacterium_massiliense,2,1,1,1
NPL,Mammalicoccus_sciuri,2,1,1,1
NPL,Klebsiella_variicola,4,3,4,4
NPL,Haemophilus_influenzae,2,1,1,1
NPL,Haemophilus_haemolyticus,2,1,1,1
NPL,Haemophilus_parainfluenzae,2,1,1,1
NPL,Enterococcus_faecalis,4,2,3,3
NPL,Dichelobacter_nodosus,2,1,1,1
NPL,Cronobacter_malonaticus,2,2,1,2
NPL,Cronobacter_sakazakii,2,2,1,2
NPL,Clostridium_perfringens,2,2,1,2
NPL,Campylobacter_jejuni,3,2,2,2
NPL,Campylobacter_coli,3,2,2,2
NPL,Burkholderia_pseudomallei,2,2,1,2
NPL,Burkholderia_ambifaria,2,2,1,2
NPL,Burkholderia_cenocepacia,2,2,1,2
NPL,Burkholderia_cepacia,2,2,1,2
NPL,Burkholderia_multivorans,2,2,1,2
NPL,Burkholderia_ubonensis,2,2,1,2
NPL,Bordetella_parapertussis,2,1,1,1
NPL,Acinetobacter_nosocomialis,4,2,3,4
NPL,Acinetobacter_pittii,4,2,3,4
NPL,Listeria_innocua,2,1,1,1
NPL,Cronobacter_turicensis,2,2,1,2
NPL,Clostridium_chauvoei,2,1,1,1
NPL,Borrelia_bavariensis,2,1,1,1
NPL,Salmonella_enterica,4,2,3,3
NPL,Yersinia_enterocolitica,2,2,1,3
NPL,Neisseria_lactamica,2,1,1,1
NPL,Leptospira_borgpetersenii,2,1,1,1
NPL,Burkholderia_vietnamiensis,2,2,1,2
NPL,Streptococcus_uberis,2,1,1,1
NPL,Cronobacter_dublinensis,2,2,1,2
NPL,Chlamydia_abortus,2,1,1,1
NPL,Bordetella_pertussis,2,1,1,1
NPL,Borrelia_garinii,2,1,1,1
NPL,Neisseria_cinerea,2,1,1,1
NPL,Bordetella_bronchiseptica,2,1,1,1
NPL,Mycobacterium_bovis,2,1,1,1
NPL,Shigella_flexneri,4,2,3,4
NPL,Mycobacterium_tuberculosis,4,2,3,2
NIC,Enterococcus_faecium,4,1,3,3
NIC,Staphylococcus_aureus,4,2,4,3
NIC,Klebsiella_pneumoniae,4,2,4,4
NIC,Acinetobacter_baumannii,4,2,3,4
NIC,Pseudomonas_aeruginosa,4,2,3,4
NIC,Enterobacter_cloacae,4,2,4,4
NIC,Neisseria_meningitidis,2,1,1,1
NIC,Listeria_monocytogenes,2,1,1,1
NIC,Corynebacterium_diphtheriae,2,1,1,1
NIC,Bacillus_cereus,2,1,1,1
NIC,Vibrio_cholerae,2,2,1,2
NIC,Neisseria_gonorrhoeae,3,2,2,3
NIC,Treponema_pallidum,2,1,1,1
NIC,Streptococcus_pneumoniae,2,2,1,1
NIC,Leptospira_interrogans,2,1,1,1
NIC,Helicobacter_pylori,2,1,1,1
NIC,Escherichia_coli,4,3,4,4
NIC,Chlamydia_trachomatis,2,1,1,1
NIC,Burkholderia_contaminans,2,2,1,2
NIC,Vibrio_parahaemolyticus,2,2,1,3
NIC,Streptococcus_agalactiae,2,1,1,1
NIC,Streptococcus_suis,2,1,1,1
NIC,Mycobacterium_abscessus,2,1,1,1
NIC,Mycobacterium_massiliense,2,1,1,1
NIC,Mammalicoccus_sciuri,2,1,1,1
NIC,Klebsiella_variicola,4,3,4,4
NIC,Haemophilus_influenzae,2,1,1,1
NIC,Haemophilus_haemolyticus,2,1,1,1
NIC,Haemophilus_parainfluenzae,2,1,1,1
NIC,Enterococcus_faecalis,4,2,3,3
NIC,Dichelobacter_nodosus,2,1,1,1
NIC,Cronobacter_malonaticus,2,2,1,2
NIC,Cronobacter_sakazakii,2,2,1,2
NIC,Clostridium_perfringens,2,2,1,2
NIC,Campylobacter_jejuni,3,2,2,2
NIC,Campylobacter_coli,3,2,2,2
NIC,Burkholderia_pseudomallei,2,2,1,2
NIC,Burkholderia_ambifaria,2,2,1,2
NIC,Burkholderia_cenocepacia,2,2,1,2
NIC,Burkholderia_cepacia,2,2,1,2
NIC,Burkholderia_multivorans,2,2,1,2
NIC,Burkholderia_ubonensis,2,2,1,2
NIC,Bordetella_parapertussis,2,1,1,1
NIC,Acinetobacter_nosocomialis,4,2,3,4
NIC,Acinetobacter_pittii,4,2,3,4
NIC,Listeria_innocua,2,1,1,1
NIC,Cronobacter_turicensis,2,2,1,2
NIC,Clostridium_chauvoei,2,1,1,1
NIC,Borrelia_bavariensis,2,1,1,1
NIC,Salmonella_enterica,4,2,3,3
NIC,Yersinia_enterocolitica,2,2,1,3
NIC,Neisseria_lactamica,2,1,1,1
NIC,Leptospira_borgpetersenii,2,1,1,1
NIC,Burkholderia_vietnamiensis,2,2,1,2
NIC,Streptococcus_uberis,2,1,1,1
NIC,Cronobacter_dublinensis,2,2,1,2
NIC,Chlamydia_abortus,2,1,1,1
NIC,Bordetella_pertussis,2,1,1,1
NIC,Borrelia_garinii,2,1,1,1
NIC,Neisseria_cinerea,2,1,1,1
NIC,Bordetella_bronchiseptica,2,1,1,1
NIC,Mycobacterium_bovis,2,1,1,1
NIC,Shigella_flexneri,4,2,3,4
NIC,Mycobacterium_tuberculosis,4,2,3,2
NGA,Enterococcus_faecium,4,1,3,3
NGA,Staphylococcus_aureus,4,2,4,3
NGA,Klebsiella_pneumoniae,4,2,4,4
NGA,Acinetobacter_baumannii,4,2,3,4
NGA,Pseudomonas_aeruginosa,4,2,3,4
NGA,Enterobacter_cloacae,4,2,4,4
NGA,Neisseria_meningitidis,2,1,1,1
NGA,Listeria_monocytogenes,2,1,1,1
NGA,Corynebacterium_diphtheriae,2,1,1,1
NGA,Bacillus_cereus,2,1,1,1
NGA,Vibrio_cholerae,2,2,1,2
NGA,Neisseria_gonorrhoeae,3,3,2,3
NGA,Treponema_pallidum,2,1,1,1
NGA,Streptococcus_pneumoniae,2,2,1,1
NGA,Leptospira_interrogans,2,1,1,1
NGA,Helicobacter_pylori,2,1,1,1
NGA,Escherichia_coli,4,3,4,4
NGA,Chlamydia_trachomatis,2,1,1,1
NGA,Burkholderia_contaminans,2,2,1,2
NGA,Vibrio_parahaemolyticus,2,2,1,3
NGA,Streptococcus_agalactiae,2,1,1,1
NGA,Streptococcus_suis,2,1,1,1
NGA,Mycobacterium_abscessus,2,1,1,1
NGA,Mycobacterium_massiliense,2,1,1,1
NGA,Mammalicoccus_sciuri,2,1,1,1
NGA,Klebsiella_variicola,4,3,4,4
NGA,Haemophilus_influenzae,2,1,1,1
NGA,Haemophilus_haemolyticus,2,1,1,1
NGA,Haemophilus_parainfluenzae,2,1,1,1
NGA,Enterococcus_faecalis,4,2,3,3
NGA,Dichelobacter_nodosus,2,1,1,1
NGA,Cronobacter_malonaticus,2,2,1,2
NGA,Cronobacter_sakazakii,2,2,1,2
NGA,Clostridium_perfringens,2,2,1,2
NGA,Campylobacter_jejuni,3,2,2,2
NGA,Campylobacter_coli,3,2,2,2
NGA,Burkholderia_pseudomallei,2,2,1,2
NGA,Burkholderia_ambifaria,2,2,1,2
NGA,Burkholderia_cenocepacia,2,2,1,2
NGA,Burkholderia_cepacia,2,2,1,2
NGA,Burkholderia_multivorans,2,2,1,2
NGA,Burkholderia_ubonensis,2,2,1,2
NGA,Bordetella_parapertussis,2,1,1,1
NGA,Acinetobacter_nosocomialis,4,2,3,4
NGA,Acinetobacter_pittii,4,2,3,4
NGA,Listeria_innocua,2,1,1,1
NGA,Cronobacter_turicensis,2,2,1,2
NGA,Clostridium_chauvoei,2,1,1,1
NGA,Borrelia_bavariensis,2,1,1,1
NGA,Salmonella_enterica,4,2,3,3
NGA,Yersinia_enterocolitica,2,2,1,3
NGA,Neisseria_lactamica,2,1,1,1
NGA,Leptospira_borgpetersenii,2,1,1,1
NGA,Burkholderia_vietnamiensis,2,2,1,2
NGA,Streptococcus_uberis,2,1,1,1
NGA,Cronobacter_dublinensis,2,2,1,2
NGA,Chlamydia_abortus,2,1,1,1
NGA,Bordetella_pertussis,2,1,1,1
NGA,Borrelia_garinii,2,1,1,1
NGA,Neisseria_cinerea,2,1,1,1
NGA,Bordetella_bronchiseptica,2,1,1,1
NGA,Mycobacterium_bovis,2,1,1,1
NGA,Shigella_flexneri,4,2,3,4
NGA,Mycobacterium_tuberculosis,4,2,3,2
PAK,Enterococcus_faecium,4,1,3,3
PAK,Staphylococcus_aureus,4,2,4,3
PAK,Klebsiella_pneumoniae,4,2,4,4
PAK,Acinetobacter_baumannii,4,2,3,4
PAK,Pseudomonas_aeruginosa,4,2,3,4
PAK,Enterobacter_cloacae,4,2,4,4
PAK,Neisseria_meningitidis,2,1,1,1
PAK,Listeria_monocytogenes,2,1,1,1
PAK,Corynebacterium_diphtheriae,2,1,1,1
PAK,Bacillus_cereus,2,1,1,1
PAK,Vibrio_cholerae,2,2,1,2
PAK,Neisseria_gonorrhoeae,3,2,2,3
PAK,Treponema_pallidum,2,1,1,1
PAK,Streptococcus_pneumoniae,2,2,1,1
PAK,Leptospira_interrogans,2,1,1,1
PAK,Helicobacter_pylori,2,1,1,1
PAK,Escherichia_coli,4,3,4,4
PAK,Chlamydia_trachomatis,2,1,1,1
PAK,Burkholderia_contaminans,2,2,1,2
PAK,Vibrio_parahaemolyticus,2,2,1,3
PAK,Streptococcus_agalactiae,2,1,1,1
PAK,Streptococcus_suis,2,1,1,1
PAK,Mycobacterium_abscessus,2,1,1,1
PAK,Mycobacterium_massiliense,2,1,1,1
PAK,Mammalicoccus_sciuri,2,1,1,1
PAK,Klebsiella_variicola,4,3,4,4
PAK,Haemophilus_influenzae,2,1,1,1
PAK,Haemophilus_haemolyticus,2,1,1,1
PAK,Haemophilus_parainfluenzae,2,1,1,1
PAK,Enterococcus_faecalis,4,2,3,3
PAK,Dichelobacter_nodosus,2,1,1,1
PAK,Cronobacter_malonaticus,2,2,1,2
PAK,Cronobacter_sakazakii,2,2,1,2
PAK,Clostridium_perfringens,2,2,1,2
PAK,Campylobacter_jejuni,3,2,2,2
PAK,Campylobacter_coli,3,2,2,2
PAK,Burkholderia_pseudomallei,2,2,1,2
PAK,Burkholderia_ambifaria,2,2,1,2
PAK,Burkholderia_cenocepacia,2,2,1,2
PAK,Burkholderia_cepacia,2,2,1,2
PAK,Burkholderia_multivorans,2,2,1,2
PAK,Burkholderia_ubonensis,2,2,1,2
PAK,Bordetella_parapertussis,2,1,1,1
PAK,Acinetobacter_nosocomialis,4,2,3,4
PAK,Acinetobacter_pittii,4,2,3,4
PAK,Listeria_innocua,2,1,1,1
PAK,Cronobacter_turicensis,2,2,1,2
PAK,Clostridium_chauvoei,2,1,1,1
PAK,Borrelia_bavariensis,2,1,1,1
PAK,Salmonella_enterica,4,2,3,3
PAK,Yersinia_enterocolitica,2,2,1,3
PAK,Neisseria_lactamica,2,1,1,1
PAK,Leptospira_borgpetersenii,2,1,1,1
PAK,Burkholderia_vietnamiensis,2,2,1,2
PAK,Streptococcus_uberis,2,1,1,1
PAK,Cronobacter_dublinensis,2,2,1,2
PAK,Chlamydia_abortus,2,1,1,1
PAK,Bordetella_pertussis,2,1,1,1
PAK,Borrelia_garinii,2,1,1,1
PAK,Neisseria_cinerea,2,1,1,1
PAK,Bordetella_bronchiseptica,2,1,1,1
PAK,Mycobacterium_bovis,2,1,1,1
PAK,Shigella_flexneri,4,2,3,4
PAK,Mycobacterium_tuberculosis,4,2,3,2
PSE,Enterococcus_faecium,4,1,3,3
PSE,Staphylococcus_aureus,4,2,4,3
PSE,Klebsiella_pneumoniae,4,2,4,4
PSE,Acinetobacter_baumannii,4,2,3,4
PSE,Pseudomonas_aeruginosa,4,2,3,4
PSE,Enterobacter_cloacae,4,2,4,4
PSE,Neisseria_meningitidis,2,1,1,1
PSE,Listeria_monocytogenes,2,1,1,1
PSE,Corynebacterium_diphtheriae,2,1,1,1
PSE,Bacillus_cereus,2,1,1,1
PSE,Vibrio_cholerae,2,2,1,2
PSE,Neisseria_gonorrhoeae,3,2,2,3
PSE,Treponema_pallidum,2,1,1,1
PSE,Streptococcus_pneumoniae,2,2,1,1
PSE,Leptospira_interrogans,2,1,1,1
PSE,Helicobacter_pylori,2,1,1,1
PSE,Escherichia_coli,4,3,4,4
PSE,Chlamydia_trachomatis,2,1,1,1
PSE,Burkholderia_contaminans,2,2,1,2
PSE,Vibrio_parahaemolyticus,2,2,1,3
PSE,Streptococcus_agalactiae,2,1,1,1
PSE,Streptococcus_suis,2,1,1,1
PSE,Mycobacterium_abscessus,2,1,1,1
PSE,Mycobacterium_massiliense,2,1,1,1
PSE,Mammalicoccus_sciuri,2,1,1,1
PSE,Klebsiella_variicola,4,3,4,4
PSE,Haemophilus_influenzae,2,1,1,1
PSE,Haemophilus_haemolyticus,2,1,1,1
PSE,Haemophilus_parainfluenzae,2,1,1,1
PSE,Enterococcus_faecalis,4,2,3,3
PSE,Dichelobacter_nodosus,2,1,1,1
PSE,Cronobacter_malonaticus,2,2,1,2
PSE,Cronobacter_sakazakii,2,2,1,2
PSE,Clostridium_perfringens,2,2,1,2
PSE,Campylobacter_jejuni,3,2,2,2
PSE,Campylobacter_coli,3,2,2,2
PSE,Burkholderia_pseudomallei,2,2,1,2
PSE,Burkholderia_ambifaria,2,2,1,2
PSE,Burkholderia_cenocepacia,2,2,1,2
PSE,Burkholderia_cepacia,2,2,1,2
PSE,Burkholderia_multivorans,2,2,1,2
PSE,Burkholderia_ubonensis,2,2,1,2
PSE,Bordetella_parapertussis,2,1,1,1
PSE,Acinetobacter_nosocomialis,4,2,3,4
PSE,Acinetobacter_pittii,4,2,3,4
PSE,Listeria_innocua,2,1,1,1
PSE,Cronobacter_turicensis,2,2,1,2
PSE,Clostridium_chauvoei,2,1,1,1
PSE,Borrelia_bavariensis,2,1,1,1
PSE,Salmonella_enterica,4,2,3,3
PSE,Yersinia_enterocolitica,2,2,1,3
PSE,Neisseria_lactamica,2,1,1,1
PSE,Leptospira_borgpetersenii,2,1,1,1
PSE,Burkholderia_vietnamiensis,2,2,1,2
PSE,Streptococcus_uberis,2,1,1,1
PSE,Cronobacter_dublinensis,2,2,1,2
PSE,Chlamydia_abortus,2,1,1,1
PSE,Bordetella_pertussis,2,1,1,1
PSE,Borrelia_garinii,2,1,1,1
PSE,Neisseria_cinerea,2,1,1,1
PSE,Bordetella_bronchiseptica,2,1,1,1
PSE,Mycobacterium_bovis,2,1,1,1
PSE,Shigella_flexneri,4,2,3,4
PSE,Mycobacterium_tuberculosis,4,2,3,2
PNG,Enterococcus_faecium,4,1,3,3
PNG,Staphylococcus_aureus,4,2,4,3
PNG,Klebsiella_pneumoniae,4,2,4,4
PNG,Acinetobacter_baumannii,4,2,3,4
PNG,Pseudomonas_aeruginosa,4,2,3,4
PNG,Enterobacter_cloacae,4,2,4,4
PNG,Neisseria_meningitidis,2,1,1,1
PNG,Listeria_monocytogenes,2,1,1,1
PNG,Corynebacterium_diphtheriae,2,1,1,1
PNG,Bacillus_cereus,2,1,1,1
PNG,Vibrio_cholerae,2,2,1,2
PNG,Neisseria_gonorrhoeae,3,2,2,3
PNG,Treponema_pallidum,2,1,1,1
PNG,Streptococcus_pneumoniae,2,2,1,1
PNG,Leptospira_interrogans,2,1,1,1
PNG,Helicobacter_pylori,2,1,1,1
PNG,Escherichia_coli,4,3,4,4
PNG,Chlamydia_trachomatis,2,1,1,1
PNG,Burkholderia_contaminans,2,2,1,2
PNG,Vibrio_parahaemolyticus,2,2,1,3
PNG,Streptococcus_agalactiae,2,1,1,1
PNG,Streptococcus_suis,2,1,1,1
PNG,Mycobacterium_abscessus,2,1,1,1
PNG,Mycobacterium_massiliense,2,1,1,1
PNG,Mammalicoccus_sciuri,2,1,1,1
PNG,Klebsiella_variicola,4,3,4,4
PNG,Haemophilus_influenzae,2,1,1,1
PNG,Haemophilus_haemolyticus,2,1,1,1
PNG,Haemophilus_parainfluenzae,2,1,1,1
PNG,Enterococcus_faecalis,4,2,3,3
PNG,Dichelobacter_nodosus,2,1,1,1
PNG,Cronobacter_malonaticus,2,2,1,2
PNG,Cronobacter_sakazakii,2,2,1,2
PNG,Clostridium_perfringens,2,2,1,2
PNG,Campylobacter_jejuni,3,2,2,2
PNG,Campylobacter_coli,3,2,2,2
PNG,Burkholderia_pseudomallei,2,2,1,2
PNG,Burkholderia_ambifaria,2,2,1,2
PNG,Burkholderia_cenocepacia,2,2,1,2
PNG,Burkholderia_cepacia,2,2,1,2
PNG,Burkholderia_multivorans,2,2,1,2
PNG,Burkholderia_ubonensis,2,2,1,2
PNG,Bordetella_parapertussis,2,1,1,1
PNG,Acinetobacter_nosocomialis,4,2,3,4
PNG,Acinetobacter_pittii,4,2,3,4
PNG,Listeria_innocua,2,1,1,1
PNG,Cronobacter_turicensis,2,2,1,2
PNG,Clostridium_chauvoei,2,1,1,1
PNG,Borrelia_bavariensis,2,1,1,1
PNG,Salmonella_enterica,4,2,3,3
PNG,Yersinia_enterocolitica,2,2,1,3
PNG,Neisseria_lactamica,2,1,1,1
PNG,Leptospira_borgpetersenii,2,1,1,1
PNG,Burkholderia_vietnamiensis,2,2,1,2
PNG,Streptococcus_uberis,2,1,1,1
PNG,Cronobacter_dublinensis,2,2,1,2
PNG,Chlamydia_abortus,2,1,1,1
PNG,Bordetella_pertussis,2,1,1,1
PNG,Borrelia_garinii,2,1,1,1
PNG,Neisseria_cinerea,2,1,1,1
PNG,Bordetella_bronchiseptica,2,1,1,1
PNG,Mycobacterium_bovis,2,1,1,1
PNG,Shigella_flexneri,4,2,3,4
PNG,Mycobacterium_tuberculosis,4,2,3,2
PHL,Enterococcus_faecium,4,1,3,3
PHL,Staphylococcus_aureus,4,2,4,3
PHL,Klebsiella_pneumoniae,4,2,4,4
PHL,Acinetobacter_baumannii,4,2,3,4
PHL,Pseudomonas_aeruginosa,4,2,3,4
PHL,Enterobacter_cloacae,4,2,4,4
PHL,Neisseria_meningitidis,2,1,1,1
PHL,Listeria_monocytogenes,2,1,1,1
PHL,Corynebacterium_diphtheriae,2,1,1,1
PHL,Bacillus_cereus,2,1,1,1
PHL,Vibrio_cholerae,2,2,1,2
PHL,Neisseria_gonorrhoeae,3,3,2,3
PHL,Treponema_pallidum,2,1,1,1
PHL,Streptococcus_pneumoniae,2,2,1,1
PHL,Leptospira_interrogans,2,1,1,1
PHL,Helicobacter_pylori,2,1,1,1
PHL,Escherichia_coli,4,3,4,4
PHL,Chlamydia_trachomatis,2,1,1,1
PHL,Burkholderia_contaminans,2,2,1,2
PHL,Vibrio_parahaemolyticus,2,2,1,3
PHL,Streptococcus_agalactiae,2,1,1,1
PHL,Streptococcus_suis,2,1,1,1
PHL,Mycobacterium_abscessus,2,1,1,1
PHL,Mycobacterium_massiliense,2,1,1,1
PHL,Mammalicoccus_sciuri,2,1,1,1
PHL,Klebsiella_variicola,4,3,4,4
PHL,Haemophilus_influenzae,2,1,1,1
PHL,Haemophilus_haemolyticus,2,1,1,1
PHL,Haemophilus_parainfluenzae,2,1,1,1
PHL,Enterococcus_faecalis,4,2,3,3
PHL,Dichelobacter_nodosus,2,1,1,1
PHL,Cronobacter_malonaticus,2,2,1,2
PHL,Cronobacter_sakazakii,2,2,1,2
PHL,Clostridium_perfringens,2,2,1,2
PHL,Campylobacter_jejuni,3,2,2,2
PHL,Campylobacter_coli,3,2,2,2
PHL,Burkholderia_pseudomallei,2,2,1,2
PHL,Burkholderia_ambifaria,2,2,1,2
PHL,Burkholderia_cenocepacia,2,2,1,2
PHL,Burkholderia_cepacia,2,2,1,2
PHL,Burkholderia_multivorans,2,2,1,2
PHL,Burkholderia_ubonensis,2,2,1,2
PHL,Bordetella_parapertussis,2,1,1,1
PHL,Acinetobacter_nosocomialis,4,2,3,4
PHL,Acinetobacter_pittii,4,2,3,4
PHL,Listeria_innocua,2,1,1,1
PHL,Cronobacter_turicensis,2,2,1,2
PHL,Clostridium_chauvoei,2,1,1,1
PHL,Borrelia_bavariensis,2,1,1,1
PHL,Salmonella_enterica,4,2,3,3
PHL,Yersinia_enterocolitica,2,2,1,3
PHL,Neisseria_lactamica,2,1,1,1
PHL,Leptospira_borgpetersenii,2,1,1,1
PHL,Burkholderia_vietnamiensis,2,2,1,2
PHL,Streptococcus_uberis,2,1,1,1
PHL,Cronobacter_dublinensis,2,2,1,2
PHL,Chlamydia_abortus,2,1,1,1
PHL,Bordetella_pertussis,2,1,1,1
PHL,Borrelia_garinii,2,1,1,1
PHL,Neisseria_cinerea,2,1,1,1
PHL,Bordetella_bronchiseptica,2,1,1,1
PHL,Mycobacterium_bovis,2,1,1,1
PHL,Shigella_flexneri,4,2,3,4
PHL,Mycobacterium_tuberculosis,4,2,3,2
STP,Enterococcus_faecium,4,1,3,3
STP,Staphylococcus_aureus,4,2,4,3
STP,Klebsiella_pneumoniae,4,2,4,4
STP,Acinetobacter_baumannii,4,2,3,4
STP,Pseudomonas_aeruginosa,4,2,3,4
STP,Enterobacter_cloacae,4,2,4,4
STP,Neisseria_meningitidis,2,1,1,1
STP,Listeria_monocytogenes,2,1,1,1
STP,Corynebacterium_diphtheriae,2,1,1,1
STP,Bacillus_cereus,2,1,1,1
STP,Vibrio_cholerae,2,2,1,2
STP,Neisseria_gonorrhoeae,3,2,2,3
STP,Treponema_pallidum,2,1,1,1
STP,Streptococcus_pneumoniae,2,2,1,1
STP,Leptospira_interrogans,2,1,1,1
STP,Helicobacter_pylori,2,1,1,1
STP,Escherichia_coli,4,3,4,4
STP,Chlamydia_trachomatis,2,1,1,1
STP,Burkholderia_contaminans,2,2,1,2
STP,Vibrio_parahaemolyticus,2,2,1,3
STP,Streptococcus_agalactiae,2,1,1,1
STP,Streptococcus_suis,2,1,1,1
STP,Mycobacterium_abscessus,2,1,1,1
STP,Mycobacterium_massiliense,2,1,1,1
STP,Mammalicoccus_sciuri,2,1,1,1
STP,Klebsiella_variicola,4,3,4,4
STP,Haemophilus_influenzae,2,1,1,1
STP,Haemophilus_haemolyticus,2,1,1,1
STP,Haemophilus_parainfluenzae,2,1,1,1
STP,Enterococcus_faecalis,4,2,3,3
STP,Dichelobacter_nodosus,2,1,1,1
STP,Cronobacter_malonaticus,2,2,1,2
STP,Cronobacter_sakazakii,2,2,1,2
STP,Clostridium_perfringens,2,2,1,2
STP,Campylobacter_jejuni,3,2,2,2
STP,Campylobacter_coli,3,2,2,2
STP,Burkholderia_pseudomallei,2,2,1,2
STP,Burkholderia_ambifaria,2,2,1,2
STP,Burkholderia_cenocepacia,2,2,1,2
STP,Burkholderia_cepacia,2,2,1,2
STP,Burkholderia_multivorans,2,2,1,2
STP,Burkholderia_ubonensis,2,2,1,2
STP,Bordetella_parapertussis,2,1,1,1
STP,Acinetobacter_nosocomialis,4,2,3,4
STP,Acinetobacter_pittii,4,2,3,4
STP,Listeria_innocua,2,1,1,1
STP,Cronobacter_turicensis,2,2,1,2
STP,Clostridium_chauvoei,2,1,1,1
STP,Borrelia_bavariensis,2,1,1,1
STP,Salmonella_enterica,4,2,3,3
STP,Yersinia_enterocolitica,2,2,1,3
STP,Neisseria_lactamica,2,1,1,1
STP,Leptospira_borgpetersenii,2,1,1,1
STP,Burkholderia_vietnamiensis,2,2,1,2
STP,Streptococcus_uberis,2,1,1,1
STP,Cronobacter_dublinensis,2,2,1,2
STP,Chlamydia_abortus,2,1,1,1
STP,Bordetella_pertussis,2,1,1,1
STP,Borrelia_garinii,2,1,1,1
STP,Neisseria_cinerea,2,1,1,1
STP,Bordetella_bronchiseptica,2,1,1,1
STP,Mycobacterium_bovis,2,1,1,1
STP,Shigella_flexneri,4,2,3,4
STP,Mycobacterium_tuberculosis,4,2,3,2
SEN,Enterococcus_faecium,4,1,3,3
SEN,Staphylococcus_aureus,4,2,4,3
SEN,Klebsiella_pneumoniae,4,2,4,4
SEN,Acinetobacter_baumannii,4,2,3,4
SEN,Pseudomonas_aeruginosa,4,2,3,4
SEN,Enterobacter_cloacae,4,2,4,4
SEN,Neisseria_meningitidis,2,1,1,1
SEN,Listeria_monocytogenes,2,1,1,1
SEN,Corynebacterium_diphtheriae,2,1,1,1
SEN,Bacillus_cereus,2,1,1,1
SEN,Vibrio_cholerae,2,2,1,2
SEN,Neisseria_gonorrhoeae,3,3,2,3
SEN,Treponema_pallidum,2,1,1,1
SEN,Streptococcus_pneumoniae,2,2,1,1
SEN,Leptospira_interrogans,2,1,1,1
SEN,Helicobacter_pylori,2,1,1,1
SEN,Escherichia_coli,4,3,4,4
SEN,Chlamydia_trachomatis,2,1,1,1
SEN,Burkholderia_contaminans,2,2,1,2
SEN,Vibrio_parahaemolyticus,2,2,1,3
SEN,Streptococcus_agalactiae,2,1,1,1
SEN,Streptococcus_suis,2,1,1,1
SEN,Mycobacterium_abscessus,2,1,1,1
SEN,Mycobacterium_massiliense,2,1,1,1
SEN,Mammalicoccus_sciuri,2,1,1,1
SEN,Klebsiella_variicola,4,3,4,4
SEN,Haemophilus_influenzae,2,1,1,1
SEN,Haemophilus_haemolyticus,2,1,1,1
SEN,Haemophilus_parainfluenzae,2,1,1,1
SEN,Enterococcus_faecalis,4,2,3,3
SEN,Dichelobacter_nodosus,2,1,1,1
SEN,Cronobacter_malonaticus,2,2,1,2
SEN,Cronobacter_sakazakii,2,2,1,2
SEN,Clostridium_perfringens,2,2,1,2
SEN,Campylobacter_jejuni,3,2,2,2
SEN,Campylobacter_coli,3,2,2,2
SEN,Burkholderia_pseudomallei,2,2,1,2
SEN,Burkholderia_ambifaria,2,2,1,2
SEN,Burkholderia_cenocepacia,2,2,1,2
SEN,Burkholderia_cepacia,2,2,1,2
SEN,Burkholderia_multivorans,2,2,1,2
SEN,Burkholderia_ubonensis,2,2,1,2
SEN,Bordetella_parapertussis,2,1,1,1
SEN,Acinetobacter_nosocomialis,4,2,3,4
SEN,Acinetobacter_pittii,4,2,3,4
SEN,Listeria_innocua,2,1,1,1
SEN,Cronobacter_turicensis,2,2,1,2
SEN,Clostridium_chauvoei,2,1,1,1
SEN,Borrelia_bavariensis,2,1,1,1
SEN,Salmonella_enterica,4,2,3,3
SEN,Yersinia_enterocolitica,2,2,1,3
SEN,Neisseria_lactamica,2,1,1,1
SEN,Leptospira_borgpetersenii,2,1,1,1
SEN,Burkholderia_vietnamiensis,2,2,1,2
SEN,Streptococcus_uberis,2,1,1,1
SEN,Cronobacter_dublinensis,2,2,1,2
SEN,Chlamydia_abortus,2,1,1,1
SEN,Bordetella_pertussis,2,1,1,1
SEN,Borrelia_garinii,2,1,1,1
SEN,Neisseria_cinerea,2,1,1,1
SEN,Bordetella_bronchiseptica,2,1,1,1
SEN,Mycobacterium_bovis,2,1,1,1
SEN,Shigella_flexneri,4,2,3,4
SEN,Mycobacterium_tuberculosis,4,2,3,2
SLB,Enterococcus_faecium,4,1,3,3
SLB,Staphylococcus_aureus,4,2,4,3
SLB,Klebsiella_pneumoniae,4,2,4,4
SLB,Acinetobacter_baumannii,4,2,3,4
SLB,Pseudomonas_aeruginosa,4,2,3,4
SLB,Enterobacter_cloacae,4,2,4,4
SLB,Neisseria_meningitidis,2,1,1,1
SLB,Listeria_monocytogenes,2,1,1,1
SLB,Corynebacterium_diphtheriae,2,1,1,1
SLB,Bacillus_cereus,2,1,1,1
SLB,Vibrio_cholerae,2,2,1,2
SLB,Neisseria_gonorrhoeae,3,2,2,3
SLB,Treponema_pallidum,2,1,1,1
SLB,Streptococcus_pneumoniae,2,2,1,1
SLB,Leptospira_interrogans,2,1,1,1
SLB,Helicobacter_pylori,2,1,1,1
SLB,Escherichia_coli,4,3,4,4
SLB,Chlamydia_trachomatis,2,1,1,1
SLB,Burkholderia_contaminans,2,2,1,2
SLB,Vibrio_parahaemolyticus,2,2,1,3
SLB,Streptococcus_agalactiae,2,1,1,1
SLB,Streptococcus_suis,2,1,1,1
SLB,Mycobacterium_abscessus,2,1,1,1
SLB,Mycobacterium_massiliense,2,1,1,1
SLB,Mammalicoccus_sciuri,2,1,1,1
SLB,Klebsiella_variicola,4,3,4,4
SLB,Haemophilus_influenzae,2,1,1,1
SLB,Haemophilus_haemolyticus,2,1,1,1
SLB,Haemophilus_parainfluenzae,2,1,1,1
SLB,Enterococcus_faecalis,4,2,3,3
SLB,Dichelobacter_nodosus,2,1,1,1
SLB,Cronobacter_malonaticus,2,2,1,2
SLB,Cronobacter_sakazakii,2,2,1,2
SLB,Clostridium_perfringens,2,2,1,2
SLB,Campylobacter_jejuni,3,2,2,2
SLB,Campylobacter_coli,3,2,2,2
SLB,Burkholderia_pseudomallei,2,2,1,2
SLB,Burkholderia_ambifaria,2,2,1,2
SLB,Burkholderia_cenocepacia,2,2,1,2
SLB,Burkholderia_cepacia,2,2,1,2
SLB,Burkholderia_multivorans,2,2,1,2
SLB,Burkholderia_ubonensis,2,2,1,2
SLB,Bordetella_parapertussis,2,1,1,1
SLB,Acinetobacter_nosocomialis,4,2,3,4
SLB,Acinetobacter_pittii,4,2,3,4
SLB,Listeria_innocua,2,1,1,1
SLB,Cronobacter_turicensis,2,2,1,2
SLB,Clostridium_chauvoei,2,1,1,1
SLB,Borrelia_bavariensis,2,1,1,1
SLB,Salmonella_enterica,4,2,3,3
SLB,Yersinia_enterocolitica,2,2,1,3
SLB,Neisseria_lactamica,2,1,1,1
SLB,Leptospira_borgpetersenii,2,1,1,1
SLB,Burkholderia_vietnamiensis,2,2,1,2
SLB,Streptococcus_uberis,2,1,1,1
SLB,Cronobacter_dublinensis,2,2,1,2
SLB,Chlamydia_abortus,2,1,1,1
SLB,Bordetella_pertussis,2,1,1,1
SLB,Borrelia_garinii,2,1,1,1
SLB,Neisseria_cinerea,2,1,1,1
SLB,Bordetella_bronchiseptica,2,1,1,1
SLB,Mycobacterium_bovis,2,1,1,1
SLB,Shigella_flexneri,4,2,3,4
SLB,Mycobacterium_tuberculosis,4,2,3,2
LKA,Enterococcus_faecium,4,1,3,3
LKA,Staphylococcus_aureus,4,2,4,3
LKA,Klebsiella_pneumoniae,4,2,4,4
LKA,Acinetobacter_baumannii,4,2,3,4
LKA,Pseudomonas_aeruginosa,4,2,3,4
LKA,Enterobacter_cloacae,4,2,4,4
LKA,Neisseria_meningitidis,2,1,1,1
LKA,Listeria_monocytogenes,2,1,1,1
LKA,Corynebacterium_diphtheriae,2,1,1,1
LKA,Bacillus_cereus,2,1,1,1
LKA,Vibrio_cholerae,2,2,1,2
LKA,Neisseria_gonorrhoeae,3,2,2,3
LKA,Treponema_pallidum,2,1,1,1
LKA,Streptococcus_pneumoniae,2,2,1,1
LKA,Leptospira_interrogans,2,1,1,1
LKA,Helicobacter_pylori,2,1,1,1
LKA,Escherichia_coli,4,3,4,4
LKA,Chlamydia_trachomatis,2,1,1,1
LKA,Burkholderia_contaminans,2,2,1,2
LKA,Vibrio_parahaemolyticus,2,2,1,3
LKA,Streptococcus_agalactiae,2,1,1,1
LKA,Streptococcus_suis,2,1,1,1
LKA,Mycobacterium_abscessus,2,1,1,1
LKA,Mycobacterium_massiliense,2,1,1,1
LKA,Mammalicoccus_sciuri,2,1,1,1
LKA,Klebsiella_variicola,4,3,4,4
LKA,Haemophilus_influenzae,2,1,1,1
LKA,Haemophilus_haemolyticus,2,1,1,1
LKA,Haemophilus_parainfluenzae,2,1,1,1
LKA,Enterococcus_faecalis,4,2,3,3
LKA,Dichelobacter_nodosus,2,1,1,1
LKA,Cronobacter_malonaticus,2,2,1,2
LKA,Cronobacter_sakazakii,2,2,1,2
LKA,Clostridium_perfringens,2,2,1,2
LKA,Campylobacter_jejuni,3,2,2,2
LKA,Campylobacter_coli,3,2,2,2
LKA,Burkholderia_pseudomallei,2,2,1,2
LKA,Burkholderia_ambifaria,2,2,1,2
LKA,Burkholderia_cenocepacia,2,2,1,2
LKA,Burkholderia_cepacia,2,2,1,2
LKA,Burkholderia_multivorans,2,2,1,2
LKA,Burkholderia_ubonensis,2,2,1,2
LKA,Bordetella_parapertussis,2,1,1,1
LKA,Acinetobacter_nosocomialis,4,2,3,4
LKA,Acinetobacter_pittii,4,2,3,4
LKA,Listeria_innocua,2,1,1,1
LKA,Cronobacter_turicensis,2,2,1,2
LKA,Clostridium_chauvoei,2,1,1,1
LKA,Borrelia_bavariensis,2,1,1,1
LKA,Salmonella_enterica,4,2,3,3
LKA,Yersinia_enterocolitica,2,2,1,3
LKA,Neisseria_lactamica,2,1,1,1
LKA,Leptospira_borgpetersenii,2,1,1,1
LKA,Burkholderia_vietnamiensis,2,2,1,2
LKA,Streptococcus_uberis,2,1,1,1
LKA,Cronobacter_dublinensis,2,2,1,2
LKA,Chlamydia_abortus,2,1,1,1
LKA,Bordetella_pertussis,2,1,1,1
LKA,Borrelia_garinii,2,1,1,1
LKA,Neisseria_cinerea,2,1,1,1
LKA,Bordetella_bronchiseptica,2,1,1,1
LKA,Mycobacterium_bovis,2,1,1,1
LKA,Shigella_flexneri,4,2,3,4
LKA,Mycobacterium_tuberculosis,4,2,3,2
TJK,Enterococcus_faecium,4,1,3,3
TJK,Staphylococcus_aureus,4,2,4,3
TJK,Klebsiella_pneumoniae,4,2,4,4
TJK,Acinetobacter_baumannii,4,2,3,4
TJK,Pseudomonas_aeruginosa,4,2,3,4
TJK,Enterobacter_cloacae,4,2,4,4
TJK,Neisseria_meningitidis,2,1,1,1
TJK,Listeria_monocytogenes,2,1,1,1
TJK,Corynebacterium_diphtheriae,2,1,1,1
TJK,Bacillus_cereus,2,1,1,1
TJK,Vibrio_cholerae,2,2,1,2
TJK,Neisseria_gonorrhoeae,3,2,2,3
TJK,Treponema_pallidum,2,1,1,1
TJK,Streptococcus_pneumoniae,2,2,1,1
TJK,Leptospira_interrogans,2,1,1,1
TJK,Helicobacter_pylori,2,1,1,1
TJK,Escherichia_coli,4,3,4,4
TJK,Chlamydia_trachomatis,2,1,1,1
TJK,Burkholderia_contaminans,2,2,1,2
TJK,Vibrio_parahaemolyticus,2,2,1,3
TJK,Streptococcus_agalactiae,2,1,1,1
TJK,Streptococcus_suis,2,1,1,1
TJK,Mycobacterium_abscessus,2,1,1,1
TJK,Mycobacterium_massiliense,2,1,1,1
TJK,Mammalicoccus_sciuri,2,1,1,1
TJK,Klebsiella_variicola,4,3,4,4
TJK,Haemophilus_influenzae,2,1,1,1
TJK,Haemophilus_haemolyticus,2,1,1,1
TJK,Haemophilus_parainfluenzae,2,1,1,1
TJK,Enterococcus_faecalis,4,2,3,3
TJK,Dichelobacter_nodosus,2,1,1,1
TJK,Cronobacter_malonaticus,2,2,1,2
TJK,Cronobacter_sakazakii,2,2,1,2
TJK,Clostridium_perfringens,2,2,1,2
TJK,Campylobacter_jejuni,3,2,2,2
TJK,Campylobacter_coli,3,2,2,2
TJK,Burkholderia_pseudomallei,2,2,1,2
TJK,Burkholderia_ambifaria,2,2,1,2
TJK,Burkholderia_cenocepacia,2,2,1,2
TJK,Burkholderia_cepacia,2,2,1,2
TJK,Burkholderia_multivorans,2,2,1,2
TJK,Burkholderia_ubonensis,2,2,1,2
TJK,Bordetella_parapertussis,2,1,1,1
TJK,Acinetobacter_nosocomialis,4,2,3,4
TJK,Acinetobacter_pittii,4,2,3,4
TJK,Listeria_innocua,2,1,1,1
TJK,Cronobacter_turicensis,2,2,1,2
TJK,Clostridium_chauvoei,2,1,1,1
TJK,Borrelia_bavariensis,2,1,1,1
TJK,Salmonella_enterica,4,2,3,3
TJK,Yersinia_enterocolitica,2,2,1,3
TJK,Neisseria_lactamica,2,1,1,1
TJK,Leptospira_borgpetersenii,2,1,1,1
TJK,Burkholderia_vietnamiensis,2,2,1,2
TJK,Streptococcus_uberis,2,1,1,1
TJK,Cronobacter_dublinensis,2,2,1,2
TJK,Chlamydia_abortus,2,1,1,1
TJK,Bordetella_pertussis,2,1,1,1
TJK,Borrelia_garinii,2,1,1,1
TJK,Neisseria_cinerea,2,1,1,1
TJK,Bordetella_bronchiseptica,2,1,1,1
TJK,Mycobacterium_bovis,2,1,1,1
TJK,Shigella_flexneri,4,2,3,4
TJK,Mycobacterium_tuberculosis,4,2,3,2
TZA,Enterococcus_faecium,4,1,3,3
TZA,Staphylococcus_aureus,4,2,4,3
TZA,Klebsiella_pneumoniae,4,2,4,4
TZA,Acinetobacter_baumannii,4,2,3,4
TZA,Pseudomonas_aeruginosa,4,2,3,4
TZA,Enterobacter_cloacae,4,2,4,4
TZA,Neisseria_meningitidis,2,1,1,1
TZA,Listeria_monocytogenes,2,1,1,1
TZA,Corynebacterium_diphtheriae,2,1,1,1
TZA,Bacillus_cereus,2,1,1,1
TZA,Vibrio_cholerae,2,2,1,2
TZA,Neisseria_gonorrhoeae,3,3,2,3
TZA,Treponema_pallidum,2,1,1,1
TZA,Streptococcus_pneumoniae,2,2,1,1
TZA,Leptospira_interrogans,2,1,1,1
TZA,Helicobacter_pylori,2,1,1,1
TZA,Escherichia_coli,4,3,4,4
TZA,Chlamydia_trachomatis,2,1,1,1
TZA,Burkholderia_contaminans,2,2,1,2
TZA,Vibrio_parahaemolyticus,2,2,1,3
TZA,Streptococcus_agalactiae,2,1,1,1
TZA,Streptococcus_suis,2,1,1,1
TZA,Mycobacterium_abscessus,2,1,1,1
TZA,Mycobacterium_massiliense,2,1,1,1
TZA,Mammalicoccus_sciuri,2,1,1,1
TZA,Klebsiella_variicola,4,3,4,4
TZA,Haemophilus_influenzae,2,1,1,1
TZA,Haemophilus_haemolyticus,2,1,1,1
TZA,Haemophilus_parainfluenzae,2,1,1,1
TZA,Enterococcus_faecalis,4,2,3,3
TZA,Dichelobacter_nodosus,2,1,1,1
TZA,Cronobacter_malonaticus,2,2,1,2
TZA,Cronobacter_sakazakii,2,2,1,2
TZA,Clostridium_perfringens,2,2,1,2
TZA,Campylobacter_jejuni,3,2,2,2
TZA,Campylobacter_coli,3,2,2,2
TZA,Burkholderia_pseudomallei,2,2,1,2
TZA,Burkholderia_ambifaria,2,2,1,2
TZA,Burkholderia_cenocepacia,2,2,1,2
TZA,Burkholderia_cepacia,2,2,1,2
TZA,Burkholderia_multivorans,2,2,1,2
TZA,Burkholderia_ubonensis,2,2,1,2
TZA,Bordetella_parapertussis,2,1,1,1
TZA,Acinetobacter_nosocomialis,4,2,3,4
TZA,Acinetobacter_pittii,4,2,3,4
TZA,Listeria_innocua,2,1,1,1
TZA,Cronobacter_turicensis,2,2,1,2
TZA,Clostridium_chauvoei,2,1,1,1
TZA,Borrelia_bavariensis,2,1,1,1
TZA,Salmonella_enterica,4,2,3,3
TZA,Yersinia_enterocolitica,2,2,1,3
TZA,Neisseria_lactamica,2,1,1,1
TZA,Leptospira_borgpetersenii,2,1,1,1
TZA,Burkholderia_vietnamiensis,2,2,1,2
TZA,Streptococcus_uberis,2,1,1,1
TZA,Cronobacter_dublinensis,2,2,1,2
TZA,Chlamydia_abortus,2,1,1,1
TZA,Bordetella_pertussis,2,1,1,1
TZA,Borrelia_garinii,2,1,1,1
TZA,Neisseria_cinerea,2,1,1,1
TZA,Bordetella_bronchiseptica,2,1,1,1
TZA,Mycobacterium_bovis,2,1,1,1
TZA,Shigella_flexneri,4,2,3,4
TZA,Mycobacterium_tuberculosis,4,2,3,2
TUN,Enterococcus_faecium,4,1,3,3
TUN,Staphylococcus_aureus,4,2,4,3
TUN,Klebsiella_pneumoniae,4,2,4,4
TUN,Acinetobacter_baumannii,4,2,3,4
TUN,Pseudomonas_aeruginosa,4,2,3,4
TUN,Enterobacter_cloacae,4,2,4,4
TUN,Neisseria_meningitidis,2,1,1,1
TUN,Listeria_monocytogenes,2,1,1,1
TUN,Corynebacterium_diphtheriae,2,1,1,1
TUN,Bacillus_cereus,2,1,1,1
TUN,Vibrio_cholerae,2,2,1,2
TUN,Neisseria_gonorrhoeae,3,2,2,3
TUN,Treponema_pallidum,2,1,1,1
TUN,Streptococcus_pneumoniae,2,2,1,1
TUN,Leptospira_interrogans,2,1,1,1
TUN,Helicobacter_pylori,2,1,1,1
TUN,Escherichia_coli,4,3,4,4
TUN,Chlamydia_trachomatis,2,1,1,1
TUN,Burkholderia_contaminans,2,2,1,2
TUN,Vibrio_parahaemolyticus,2,2,1,3
TUN,Streptococcus_agalactiae,2,1,1,1
TUN,Streptococcus_suis,2,1,1,1
TUN,Mycobacterium_abscessus,2,1,1,1
TUN,Mycobacterium_massiliense,2,1,1,1
TUN,Mammalicoccus_sciuri,2,1,1,1
TUN,Klebsiella_variicola,4,3,4,4
TUN,Haemophilus_influenzae,2,1,1,1
TUN,Haemophilus_haemolyticus,2,1,1,1
TUN,Haemophilus_parainfluenzae,2,1,1,1
TUN,Enterococcus_faecalis,4,2,3,3
TUN,Dichelobacter_nodosus,2,1,1,1
TUN,Cronobacter_malonaticus,2,2,1,2
TUN,Cronobacter_sakazakii,2,2,1,2
TUN,Clostridium_perfringens,2,2,1,2
TUN,Campylobacter_jejuni,3,2,2,2
TUN,Campylobacter_coli,3,2,2,2
TUN,Burkholderia_pseudomallei,2,2,1,2
TUN,Burkholderia_ambifaria,2,2,1,2
TUN,Burkholderia_cenocepacia,2,2,1,2
TUN,Burkholderia_cepacia,2,2,1,2
TUN,Burkholderia_multivorans,2,2,1,2
TUN,Burkholderia_ubonensis,2,2,1,2
TUN,Bordetella_parapertussis,2,1,1,1
TUN,Acinetobacter_nosocomialis,4,2,3,4
TUN,Acinetobacter_pittii,4,2,3,4
TUN,Listeria_innocua,2,1,1,1
TUN,Cronobacter_turicensis,2,2,1,2
TUN,Clostridium_chauvoei,2,1,1,1
TUN,Borrelia_bavariensis,2,1,1,1
TUN,Salmonella_enterica,4,2,3,3
TUN,Yersinia_enterocolitica,2,2,1,3
TUN,Neisseria_lactamica,2,1,1,1
TUN,Leptospira_borgpetersenii,2,1,1,1
TUN,Burkholderia_vietnamiensis,2,2,1,2
TUN,Streptococcus_uberis,2,1,1,1
TUN,Cronobacter_dublinensis,2,2,1,2
TUN,Chlamydia_abortus,2,1,1,1
TUN,Bordetella_pertussis,2,1,1,1
TUN,Borrelia_garinii,2,1,1,1
TUN,Neisseria_cinerea,2,1,1,1
TUN,Bordetella_bronchiseptica,2,1,1,1
TUN,Mycobacterium_bovis,2,1,1,1
TUN,Shigella_flexneri,4,2,3,4
TUN,Mycobacterium_tuberculosis,4,2,3,2
UZB,Enterococcus_faecium,4,1,3,3
UZB,Staphylococcus_aureus,4,2,4,3
UZB,Klebsiella_pneumoniae,4,2,4,4
UZB,Acinetobacter_baumannii,4,2,3,4
UZB,Pseudomonas_aeruginosa,4,2,3,4
UZB,Enterobacter_cloacae,4,2,4,4
UZB,Neisseria_meningitidis,2,1,1,1
UZB,Listeria_monocytogenes,2,1,1,1
UZB,Corynebacterium_diphtheriae,2,1,1,1
UZB,Bacillus_cereus,2,1,1,1
UZB,Vibrio_cholerae,2,2,1,2
UZB,Neisseria_gonorrhoeae,3,2,2,3
UZB,Treponema_pallidum,2,1,1,1
UZB,Streptococcus_pneumoniae,2,2,1,1
UZB,Leptospira_interrogans,2,1,1,1
UZB,Helicobacter_pylori,2,1,1,1
UZB,Escherichia_coli,4,3,4,4
UZB,Chlamydia_trachomatis,2,1,1,1
UZB,Burkholderia_contaminans,2,2,1,2
UZB,Vibrio_parahaemolyticus,2,2,1,3
UZB,Streptococcus_agalactiae,2,1,1,1
UZB,Streptococcus_suis,2,1,1,1
UZB,Mycobacterium_abscessus,2,1,1,1
UZB,Mycobacterium_massiliense,2,1,1,1
UZB,Mammalicoccus_sciuri,2,1,1,1
UZB,Klebsiella_variicola,4,3,4,4
UZB,Haemophilus_influenzae,2,1,1,1
UZB,Haemophilus_haemolyticus,2,1,1,1
UZB,Haemophilus_parainfluenzae,2,1,1,1
UZB,Enterococcus_faecalis,4,2,3,3
UZB,Dichelobacter_nodosus,2,1,1,1
UZB,Cronobacter_malonaticus,2,2,1,2
UZB,Cronobacter_sakazakii,2,2,1,2
UZB,Clostridium_perfringens,2,2,1,2
UZB,Campylobacter_jejuni,3,2,2,2
UZB,Campylobacter_coli,3,2,2,2
UZB,Burkholderia_pseudomallei,2,2,1,2
UZB,Burkholderia_ambifaria,2,2,1,2
UZB,Burkholderia_cenocepacia,2,2,1,2
UZB,Burkholderia_cepacia,2,2,1,2
UZB,Burkholderia_multivorans,2,2,1,2
UZB,Burkholderia_ubonensis,2,2,1,2
UZB,Bordetella_parapertussis,2,1,1,1
UZB,Acinetobacter_nosocomialis,4,2,3,4
UZB,Acinetobacter_pittii,4,2,3,4
UZB,Listeria_innocua,2,1,1,1
UZB,Cronobacter_turicensis,2,2,1,2
UZB,Clostridium_chauvoei,2,1,1,1
UZB,Borrelia_bavariensis,2,1,1,1
UZB,Salmonella_enterica,4,2,3,3
UZB,Yersinia_enterocolitica,2,2,1,3
UZB,Neisseria_lactamica,2,1,1,1
UZB,Leptospira_borgpetersenii,2,1,1,1
UZB,Burkholderia_vietnamiensis,2,2,1,2
UZB,Streptococcus_uberis,2,1,1,1
UZB,Cronobacter_dublinensis,2,2,1,2
UZB,Chlamydia_abortus,2,1,1,1
UZB,Bordetella_pertussis,2,1,1,1
UZB,Borrelia_garinii,2,1,1,1
UZB,Neisseria_cinerea,2,1,1,1
UZB,Bordetella_bronchiseptica,2,1,1,1
UZB,Mycobacterium_bovis,2,1,1,1
UZB,Shigella_flexneri,4,2,3,4
UZB,Mycobacterium_tuberculosis,4,2,3,2
VUT,Enterococcus_faecium,4,1,3,3
VUT,Staphylococcus_aureus,4,2,4,3
VUT,Klebsiella_pneumoniae,4,2,4,4
VUT,Acinetobacter_baumannii,4,2,3,4
VUT,Pseudomonas_aeruginosa,4,2,3,4
VUT,Enterobacter_cloacae,4,2,4,4
VUT,Neisseria_meningitidis,2,1,1,1
VUT,Listeria_monocytogenes,2,1,1,1
VUT,Corynebacterium_diphtheriae,2,1,1,1
VUT,Bacillus_cereus,2,1,1,1
VUT,Vibrio_cholerae,2,2,1,2
VUT,Neisseria_gonorrhoeae,3,2,2,3
VUT,Treponema_pallidum,2,1,1,1
VUT,Streptococcus_pneumoniae,2,2,1,1
VUT,Leptospira_interrogans,2,1,1,1
VUT,Helicobacter_pylori,2,1,1,1
VUT,Escherichia_coli,4,3,4,4
VUT,Chlamydia_trachomatis,2,1,1,1
VUT,Burkholderia_contaminans,2,2,1,2
VUT,Vibrio_parahaemolyticus,2,2,1,3
VUT,Streptococcus_agalactiae,2,1,1,1
VUT,Streptococcus_suis,2,1,1,1
VUT,Mycobacterium_abscessus,2,1,1,1
VUT,Mycobacterium_massiliense,2,1,1,1
VUT,Mammalicoccus_sciuri,2,1,1,1
VUT,Klebsiella_variicola,4,3,4,4
VUT,Haemophilus_influenzae,2,1,1,1
VUT,Haemophilus_haemolyticus,2,1,1,1
VUT,Haemophilus_parainfluenzae,2,1,1,1
VUT,Enterococcus_faecalis,4,2,3,3
VUT,Dichelobacter_nodosus,2,1,1,1
VUT,Cronobacter_malonaticus,2,2,1,2
VUT,Cronobacter_sakazakii,2,2,1,2
VUT,Clostridium_perfringens,2,2,1,2
VUT,Campylobacter_jejuni,3,2,2,2
VUT,Campylobacter_coli,3,2,2,2
VUT,Burkholderia_pseudomallei,2,2,1,2
VUT,Burkholderia_ambifaria,2,2,1,2
VUT,Burkholderia_cenocepacia,2,2,1,2
VUT,Burkholderia_cepacia,2,2,1,2
VUT,Burkholderia_multivorans,2,2,1,2
VUT,Burkholderia_ubonensis,2,2,1,2
VUT,Bordetella_parapertussis,2,1,1,1
VUT,Acinetobacter_nosocomialis,4,2,3,4
VUT,Acinetobacter_pittii,4,2,3,4
VUT,Listeria_innocua,2,1,1,1
VUT,Cronobacter_turicensis,2,2,1,2
VUT,Clostridium_chauvoei,2,1,1,1
VUT,Borrelia_bavariensis,2,1,1,1
VUT,Salmonella_enterica,4,2,3,3
VUT,Yersinia_enterocolitica,2,2,1,3
VUT,Neisseria_lactamica,2,1,1,1
VUT,Leptospira_borgpetersenii,2,1,1,1
VUT,Burkholderia_vietnamiensis,2,2,1,2
VUT,Streptococcus_uberis,2,1,1,1
VUT,Cronobacter_dublinensis,2,2,1,2
VUT,Chlamydia_abortus,2,1,1,1
VUT,Bordetella_pertussis,2,1,1,1
VUT,Borrelia_garinii,2,1,1,1
VUT,Neisseria_cinerea,2,1,1,1
VUT,Bordetella_bronchiseptica,2,1,1,1
VUT,Mycobacterium_bovis,2,1,1,1
VUT,Shigella_flexneri,4,2,3,4
VUT,Mycobacterium_tuberculosis,4,2,3,2
VNM,Enterococcus_faecium,4,1,3,3
VNM,Staphylococcus_aureus,4,2,4,3
VNM,Klebsiella_pneumoniae,4,2,4,4
VNM,Acinetobacter_baumannii,4,2,3,4
VNM,Pseudomonas_aeruginosa,4,2,3,4
VNM,Enterobacter_cloacae,4,2,4,4
VNM,Neisseria_meningitidis,2,1,1,1
VNM,Listeria_monocytogenes,2,1,1,1
VNM,Corynebacterium_diphtheriae,2,1,1,1
VNM,Bacillus_cereus,2,1,1,1
VNM,Vibrio_cholerae,2,2,1,2
VNM,Neisseria_gonorrhoeae,3,3,2,3
VNM,Treponema_pallidum,2,1,1,1
VNM,Streptococcus_pneumoniae,2,2,1,1
VNM,Leptospira_interrogans,2,1,1,1
VNM,Helicobacter_pylori,2,1,1,1
VNM,Escherichia_coli,4,3,4,4
VNM,Chlamydia_trachomatis,2,1,1,1
VNM,Burkholderia_contaminans,2,2,1,2
VNM,Vibrio_parahaemolyticus,2,2,1,3
VNM,Streptococcus_agalactiae,2,1,1,1
VNM,Streptococcus_suis,2,1,1,1
VNM,Mycobacterium_abscessus,2,1,1,1
VNM,Mycobacterium_massiliense,2,1,1,1
VNM,Mammalicoccus_sciuri,2,1,1,1
VNM,Klebsiella_variicola,4,3,4,4
VNM,Haemophilus_influenzae,2,1,1,1
VNM,Haemophilus_haemolyticus,2,1,1,1
VNM,Haemophilus_parainfluenzae,2,1,1,1
VNM,Enterococcus_faecalis,4,2,3,3
VNM,Dichelobacter_nodosus,2,1,1,1
VNM,Cronobacter_malonaticus,2,2,1,2
VNM,Cronobacter_sakazakii,2,2,1,2
VNM,Clostridium_perfringens,2,2,1,2
VNM,Campylobacter_jejuni,3,2,2,2
VNM,Campylobacter_coli,3,2,2,2
VNM,Burkholderia_pseudomallei,2,2,1,2
VNM,Burkholderia_ambifaria,2,2,1,2
VNM,Burkholderia_cenocepacia,2,2,1,2
VNM,Burkholderia_cepacia,2,2,1,2
VNM,Burkholderia_multivorans,2,2,1,2
VNM,Burkholderia_ubonensis,2,2,1,2
VNM,Bordetella_parapertussis,2,1,1,1
VNM,Acinetobacter_nosocomialis,4,2,3,4
VNM,Acinetobacter_pittii,4,2,3,4
VNM,Listeria_innocua,2,1,1,1
VNM,Cronobacter_turicensis,2,2,1,2
VNM,Clostridium_chauvoei,2,1,1,1
VNM,Borrelia_bavariensis,2,1,1,1
VNM,Salmonella_enterica,4,2,3,3
VNM,Yersinia_enterocolitica,2,2,1,3
VNM,Neisseria_lactamica,2,1,1,1
VNM,Leptospira_borgpetersenii,2,1,1,1
VNM,Burkholderia_vietnamiensis,2,2,1,2
VNM,Streptococcus_uberis,2,1,1,1
VNM,Cronobacter_dublinensis,2,2,1,2
VNM,Chlamydia_abortus,2,1,1,1
VNM,Bordetella_pertussis,2,1,1,1
VNM,Borrelia_garinii,2,1,1,1
VNM,Neisseria_cinerea,2,1,1,1
VNM,Bordetella_bronchiseptica,2,1,1,1
VNM,Mycobacterium_bovis,2,1,1,1
VNM,Shigella_flexneri,4,2,3,4
VNM,Mycobacterium_tuberculosis,4,2,3,2
ZMB,Enterococcus_faecium,4,1,3,3
ZMB,Staphylococcus_aureus,4,2,4,3
ZMB,Klebsiella_pneumoniae,4,2,4,4
ZMB,Acinetobacter_baumannii,4,2,3,4
ZMB,Pseudomonas_aeruginosa,4,2,3,4
ZMB,Enterobacter_cloacae,4,2,4,4
ZMB,Neisseria_meningitidis,2,1,1,1
ZMB,Listeria_monocytogenes,2,1,1,1
ZMB,Corynebacterium_diphtheriae,2,1,1,1
ZMB,Bacillus_cereus,2,1,1,1
ZMB,Vibrio_cholerae,2,2,1,2
ZMB,Neisseria_gonorrhoeae,3,2,2,3
ZMB,Treponema_pallidum,2,1,1,1
ZMB,Streptococcus_pneumoniae,2,2,1,1
ZMB,Leptospira_interrogans,2,1,1,1
ZMB,Helicobacter_pylori,2,1,1,1
ZMB,Escherichia_coli,4,3,4,4
ZMB,Chlamydia_trachomatis,2,1,1,1
ZMB,Burkholderia_contaminans,2,2,1,2
ZMB,Vibrio_parahaemolyticus,2,2,1,3
ZMB,Streptococcus_agalactiae,2,1,1,1
ZMB,Streptococcus_suis,2,1,1,1
ZMB,Mycobacterium_abscessus,2,1,1,1
ZMB,Mycobacterium_massiliense,2,1,1,1
ZMB,Mammalicoccus_sciuri,2,1,1,1
ZMB,Klebsiella_variicola,4,3,4,4
ZMB,Haemophilus_influenzae,2,1,1,1
ZMB,Haemophilus_haemolyticus,2,1,1,1
ZMB,Haemophilus_parainfluenzae,2,1,1,1
ZMB,Enterococcus_faecalis,4,2,3,3
ZMB,Dichelobacter_nodosus,2,1,1,1
ZMB,Cronobacter_malonaticus,2,2,1,2
ZMB,Cronobacter_sakazakii,2,2,1,2
ZMB,Clostridium_perfringens,2,2,1,2
ZMB,Campylobacter_jejuni,3,2,2,2
ZMB,Campylobacter_coli,3,2,2,2
ZMB,Burkholderia_pseudomallei,2,2,1,2
ZMB,Burkholderia_ambifaria,2,2,1,2
ZMB,Burkholderia_cenocepacia,2,2,1,2
ZMB,Burkholderia_cepacia,2,2,1,2
ZMB,Burkholderia_multivorans,2,2,1,2
ZMB,Burkholderia_ubonensis,2,2,1,2
ZMB,Bordetella_parapertussis,2,1,1,1
ZMB,Acinetobacter_nosocomialis,4,2,3,4
ZMB,Acinetobacter_pittii,4,2,3,4
ZMB,Listeria_innocua,2,1,1,1
ZMB,Cronobacter_turicensis,2,2,1,2
ZMB,Clostridium_chauvoei,2,1,1,1
ZMB,Borrelia_bavariensis,2,1,1,1
ZMB,Salmonella_enterica,4,2,3,3
ZMB,Yersinia_enterocolitica,2,2,1,3
ZMB,Neisseria_lactamica,2,1,1,1
ZMB,Leptospira_borgpetersenii,2,1,1,1
ZMB,Burkholderia_vietnamiensis,2,2,1,2
ZMB,Streptococcus_uberis,2,1,1,1
ZMB,Cronobacter_dublinensis,2,2,1,2
ZMB,Chlamydia_abortus,2,1,1,1
ZMB,Bordetella_pertussis,2,1,1,1
ZMB,Borrelia_garinii,2,1,1,1
ZMB,Neisseria_cinerea,2,1,1,1
ZMB,Bordetella_bronchiseptica,2,1,1,1
ZMB,Mycobacterium_bovis,2,1,1,1
ZMB,Shigella_flexneri,4,2,3,4
ZMB,Mycobacterium_tuberculosis,4,2,3,2
ZWE,Enterococcus_faecium,4,1,3,3
ZWE,Staphylococcus_aureus,4,2,4,3
ZWE,Klebsiella_pneumoniae,4,2,4,4
ZWE,Acinetobacter_baumannii,4,2,3,4
ZWE,Pseudomonas_aeruginosa,4,2,3,4
ZWE,Enterobacter_cloacae,4,2,4,4
ZWE,Neisseria_meningitidis,2,1,1,1
ZWE,Listeria_monocytogenes,2,1,1,1
ZWE,Corynebacterium_diphtheriae,2,1,1,1
ZWE,Bacillus_cereus,2,1,1,1
ZWE,Vibrio_cholerae,2,2,1,2
ZWE,Neisseria_gonorrhoeae,3,2,2,3
ZWE,Treponema_pallidum,2,1,1,1
ZWE,Streptococcus_pneumoniae,2,2,1,1
ZWE,Leptospira_interrogans,2,1,1,1
ZWE,Helicobacter_pylori,2,1,1,1
ZWE,Escherichia_coli,4,3,4,4
ZWE,Chlamydia_trachomatis,2,1,1,1
ZWE,Burkholderia_contaminans,2,2,1,2
ZWE,Vibrio_parahaemolyticus,2,2,1,3
ZWE,Streptococcus_agalactiae,2,1,1,1
ZWE,Streptococcus_suis,2,1,1,1
ZWE,Mycobacterium_abscessus,2,1,1,1
ZWE,Mycobacterium_massiliense,2,1,1,1
ZWE,Mammalicoccus_sciuri,2,1,1,1
ZWE,Klebsiella_variicola,4,3,4,4
ZWE,Haemophilus_influenzae,2,1,1,1
ZWE,Haemophilus_haemolyticus,2,1,1,1
ZWE,Haemophilus_parainfluenzae,2,1,1,1
ZWE,Enterococcus_faecalis,4,2,3,3
ZWE,Dichelobacter_nodosus,2,1,1,1
ZWE,Cronobacter_malonaticus,2,2,1,2
ZWE,Cronobacter_sakazakii,2,2,1,2
ZWE,Clostridium_perfringens,2,2,1,2
ZWE,Campylobacter_jejuni,3,2,2,2
ZWE,Campylobacter_coli,3,2,2,2
ZWE,Burkholderia_pseudomallei,2,2,1,2
ZWE,Burkholderia_ambifaria,2,2,1,2
ZWE,Burkholderia_cenocepacia,2,2,1,2
ZWE,Burkholderia_cepacia,2,2,1,2
ZWE,Burkholderia_multivorans,2,2,1,2
ZWE,Burkholderia_ubonensis,2,2,1,2
ZWE,Bordetella_parapertussis,2,1,1,1
ZWE,Acinetobacter_nosocomialis,4,2,3,4
ZWE,Acinetobacter_pittii,4,2,3,4
ZWE,Listeria_innocua,2,1,1,1
ZWE,Cronobacter_turicensis,2,2,1,2
ZWE,Clostridium_chauvoei,2,1,1,1
ZWE,Borrelia_bavariensis,2,1,1,1
ZWE,Salmonella_enterica,4,2,3,3
ZWE,Yersinia_enterocolitica,2,2,1,3
ZWE,Neisseria_lactamica,2,1,1,1
ZWE,Leptospira_borgpetersenii,2,1,1,1
ZWE,Burkholderia_vietnamiensis,2,2,1,2
ZWE,Streptococcus_uberis,2,1,1,1
ZWE,Cronobacter_dublinensis,2,2,1,2
ZWE,Chlamydia_abortus,2,1,1,1
ZWE,Bordetella_pertussis,2,1,1,1
ZWE,Borrelia_garinii,2,1,1,1
ZWE,Neisseria_cinerea,2,1,1,1
ZWE,Bordetella_bronchiseptica,2,1,1,1
ZWE,Mycobacterium_bovis,2,1,1,1
ZWE,Shigella_flexneri,4,2,3,4
ZWE,Mycobacterium_tuberculosis,4,2,3,2
AFG,Enterococcus_faecium,4,1,3,3
AFG,Staphylococcus_aureus,4,2,4,3
AFG,Klebsiella_pneumoniae,4,2,4,4
AFG,Acinetobacter_baumannii,4,2,3,4
AFG,Pseudomonas_aeruginosa,4,2,3,4
AFG,Enterobacter_cloacae,4,2,4,4
AFG,Neisseria_meningitidis,2,1,1,1
AFG,Listeria_monocytogenes,2,1,1,1
AFG,Corynebacterium_diphtheriae,2,1,1,1
AFG,Bacillus_cereus,2,1,1,1
AFG,Vibrio_cholerae,2,2,1,2
AFG,Neisseria_gonorrhoeae,3,2,2,3
AFG,Treponema_pallidum,2,1,1,1
AFG,Streptococcus_pneumoniae,2,2,1,1
AFG,Leptospira_interrogans,2,1,1,1
AFG,Helicobacter_pylori,2,1,1,1
AFG,Escherichia_coli,4,3,4,4
AFG,Chlamydia_trachomatis,2,1,1,1
AFG,Burkholderia_contaminans,2,2,1,2
AFG,Vibrio_parahaemolyticus,2,2,1,3
AFG,Streptococcus_agalactiae,2,1,1,1
AFG,Streptococcus_suis,2,1,1,1
AFG,Mycobacterium_abscessus,2,1,1,1
AFG,Mycobacterium_massiliense,2,1,1,1
AFG,Mammalicoccus_sciuri,2,1,1,1
AFG,Klebsiella_variicola,4,3,4,4
AFG,Haemophilus_influenzae,2,1,1,1
AFG,Haemophilus_haemolyticus,2,1,1,1
AFG,Haemophilus_parainfluenzae,2,1,1,1
AFG,Enterococcus_faecalis,4,2,3,3
AFG,Dichelobacter_nodosus,2,1,1,1
AFG,Cronobacter_malonaticus,2,2,1,2
AFG,Cronobacter_sakazakii,2,2,1,2
AFG,Clostridium_perfringens,2,2,1,2
AFG,Campylobacter_jejuni,3,2,2,2
AFG,Campylobacter_coli,3,2,2,2
AFG,Burkholderia_pseudomallei,2,2,1,2
AFG,Burkholderia_ambifaria,2,2,1,2
AFG,Burkholderia_cenocepacia,2,2,1,2
AFG,Burkholderia_cepacia,2,2,1,2
AFG,Burkholderia_multivorans,2,2,1,2
AFG,Burkholderia_ubonensis,2,2,1,2
AFG,Bordetella_parapertussis,2,1,1,1
AFG,Acinetobacter_nosocomialis,4,2,3,4
AFG,Acinetobacter_pittii,4,2,3,4
AFG,Listeria_innocua,2,1,1,1
AFG,Cronobacter_turicensis,2,2,1,2
AFG,Clostridium_chauvoei,2,1,1,1
AFG,Borrelia_bavariensis,2,1,1,1
AFG,Salmonella_enterica,4,2,3,3
AFG,Yersinia_enterocolitica,2,2,1,3
AFG,Neisseria_lactamica,2,1,1,1
AFG,Leptospira_borgpetersenii,2,1,1,1
AFG,Burkholderia_vietnamiensis,2,2,1,2
AFG,Streptococcus_uberis,2,1,1,1
AFG,Cronobacter_dublinensis,2,2,1,2
AFG,Chlamydia_abortus,2,1,1,1
AFG,Bordetella_pertussis,2,1,1,1
AFG,Borrelia_garinii,2,1,1,1
AFG,Neisseria_cinerea,2,1,1,1
AFG,Bordetella_bronchiseptica,2,1,1,1
AFG,Mycobacterium_bovis,2,1,1,1
AFG,Shigella_flexneri,4,2,3,4
AFG,Mycobacterium_tuberculosis,4,2,3,2
BFA,Enterococcus_faecium,4,1,3,3
BFA,Staphylococcus_aureus,4,2,4,3
BFA,Klebsiella_pneumoniae,4,2,4,4
BFA,Acinetobacter_baumannii,4,2,3,4
BFA,Pseudomonas_aeruginosa,4,2,3,4
BFA,Enterobacter_cloacae,4,2,4,4
BFA,Neisseria_meningitidis,2,1,1,1
BFA,Listeria_monocytogenes,2,1,1,1
BFA,Corynebacterium_diphtheriae,2,1,1,1
BFA,Bacillus_cereus,2,1,1,1
BFA,Vibrio_cholerae,2,2,1,2
BFA,Neisseria_gonorrhoeae,3,2,2,3
BFA,Treponema_pallidum,2,1,1,1
BFA,Streptococcus_pneumoniae,2,2,1,1
BFA,Leptospira_interrogans,2,1,1,1
BFA,Helicobacter_pylori,2,1,1,1
BFA,Escherichia_coli,4,3,4,4
BFA,Chlamydia_trachomatis,2,1,1,1
BFA,Burkholderia_contaminans,2,2,1,2
BFA,Vibrio_parahaemolyticus,2,2,1,3
BFA,Streptococcus_agalactiae,2,1,1,1
BFA,Streptococcus_suis,2,1,1,1
BFA,Mycobacterium_abscessus,2,1,1,1
BFA,Mycobacterium_massiliense,2,1,1,1
BFA,Mammalicoccus_sciuri,2,1,1,1
BFA,Klebsiella_variicola,4,3,4,4
BFA,Haemophilus_influenzae,2,1,1,1
BFA,Haemophilus_haemolyticus,2,1,1,1
BFA,Haemophilus_parainfluenzae,2,1,1,1
BFA,Enterococcus_faecalis,4,2,3,3
BFA,Dichelobacter_nodosus,2,1,1,1
BFA,Cronobacter_malonaticus,2,2,1,2
BFA,Cronobacter_sakazakii,2,2,1,2
BFA,Clostridium_perfringens,2,2,1,2
BFA,Campylobacter_jejuni,3,2,2,2
BFA,Campylobacter_coli,3,2,2,2
BFA,Burkholderia_pseudomallei,2,2,1,2
BFA,Burkholderia_ambifaria,2,2,1,2
BFA,Burkholderia_cenocepacia,2,2,1,2
BFA,Burkholderia_cepacia,2,2,1,2
BFA,Burkholderia_multivorans,2,2,1,2
BFA,Burkholderia_ubonensis,2,2,1,2
BFA,Bordetella_parapertussis,2,1,1,1
BFA,Acinetobacter_nosocomialis,4,2,3,4
BFA,Acinetobacter_pittii,4,2,3,4
BFA,Listeria_innocua,2,1,1,1
BFA,Cronobacter_turicensis,2,2,1,2
BFA,Clostridium_chauvoei,2,1,1,1
BFA,Borrelia_bavariensis,2,1,1,1
BFA,Salmonella_enterica,4,2,3,3
BFA,Yersinia_enterocolitica,2,2,1,3
BFA,Neisseria_lactamica,2,1,1,1
BFA,Leptospira_borgpetersenii,2,1,1,1
BFA,Burkholderia_vietnamiensis,2,2,1,2
BFA,Streptococcus_uberis,2,1,1,1
BFA,Cronobacter_dublinensis,2,2,1,2
BFA,Chlamydia_abortus,2,1,1,1
BFA,Bordetella_pertussis,2,1,1,1
BFA,Borrelia_garinii,2,1,1,1
BFA,Neisseria_cinerea,2,1,1,1
BFA,Bordetella_bronchiseptica,2,1,1,1
BFA,Mycobacterium_bovis,2,1,1,1
BFA,Shigella_flexneri,4,2,3,4
BFA,Mycobacterium_tuberculosis,4,2,3,2
BDI,Enterococcus_faecium,4,1,3,3
BDI,Staphylococcus_aureus,4,2,4,3
BDI,Klebsiella_pneumoniae,4,2,4,4
BDI,Acinetobacter_baumannii,4,2,3,4
BDI,Pseudomonas_aeruginosa,4,2,3,4
BDI,Enterobacter_cloacae,4,2,4,4
BDI,Neisseria_meningitidis,2,1,1,1
BDI,Listeria_monocytogenes,2,1,1,1
BDI,Corynebacterium_diphtheriae,2,1,1,1
BDI,Bacillus_cereus,2,1,1,1
BDI,Vibrio_cholerae,2,2,1,2
BDI,Neisseria_gonorrhoeae,3,2,2,3
BDI,Treponema_pallidum,2,1,1,1
BDI,Streptococcus_pneumoniae,2,2,1,1
BDI,Leptospira_interrogans,2,1,1,1
BDI,Helicobacter_pylori,2,1,1,1
BDI,Escherichia_coli,4,3,4,4
BDI,Chlamydia_trachomatis,2,1,1,1
BDI,Burkholderia_contaminans,2,2,1,2
BDI,Vibrio_parahaemolyticus,2,2,1,3
BDI,Streptococcus_agalactiae,2,1,1,1
BDI,Streptococcus_suis,2,1,1,1
BDI,Mycobacterium_abscessus,2,1,1,1
BDI,Mycobacterium_massiliense,2,1,1,1
BDI,Mammalicoccus_sciuri,2,1,1,1
BDI,Klebsiella_variicola,4,3,4,4
BDI,Haemophilus_influenzae,2,1,1,1
BDI,Haemophilus_haemolyticus,2,1,1,1
BDI,Haemophilus_parainfluenzae,2,1,1,1
BDI,Enterococcus_faecalis,4,2,3,3
BDI,Dichelobacter_nodosus,2,1,1,1
BDI,Cronobacter_malonaticus,2,2,1,2
BDI,Cronobacter_sakazakii,2,2,1,2
BDI,Clostridium_perfringens,2,2,1,2
BDI,Campylobacter_jejuni,3,2,2,2
BDI,Campylobacter_coli,3,2,2,2
BDI,Burkholderia_pseudomallei,2,2,1,2
BDI,Burkholderia_ambifaria,2,2,1,2
BDI,Burkholderia_cenocepacia,2,2,1,2
BDI,Burkholderia_cepacia,2,2,1,2
BDI,Burkholderia_multivorans,2,2,1,2
BDI,Burkholderia_ubonensis,2,2,1,2
BDI,Bordetella_parapertussis,2,1,1,1
BDI,Acinetobacter_nosocomialis,4,2,3,4
BDI,Acinetobacter_pittii,4,2,3,4
BDI,Listeria_innocua,2,1,1,1
BDI,Cronobacter_turicensis,2,2,1,2
BDI,Clostridium_chauvoei,2,1,1,1
BDI,Borrelia_bavariensis,2,1,1,1
BDI,Salmonella_enterica,4,2,3,3
BDI,Yersinia_enterocolitica,2,2,1,3
BDI,Neisseria_lactamica,2,1,1,1
BDI,Leptospira_borgpetersenii,2,1,1,1
BDI,Burkholderia_vietnamiensis,2,2,1,2
BDI,Streptococcus_uberis,2,1,1,1
BDI,Cronobacter_dublinensis,2,2,1,2
BDI,Chlamydia_abortus,2,1,1,1
BDI,Bordetella_pertussis,2,1,1,1
BDI,Borrelia_garinii,2,1,1,1
BDI,Neisseria_cinerea,2,1,1,1
BDI,Bordetella_bronchiseptica,2,1,1,1
BDI,Mycobacterium_bovis,2,1,1,1
BDI,Shigella_flexneri,4,2,3,4
BDI,Mycobacterium_tuberculosis,4,2,3,2
CAF,Enterococcus_faecium,4,1,3,3
CAF,Staphylococcus_aureus,4,2,4,3
CAF,Klebsiella_pneumoniae,4,2,4,4
CAF,Acinetobacter_baumannii,4,2,3,4
CAF,Pseudomonas_aeruginosa,4,2,3,4
CAF,Enterobacter_cloacae,4,2,4,4
CAF,Neisseria_meningitidis,2,1,1,1
CAF,Listeria_monocytogenes,2,1,1,1
CAF,Corynebacterium_diphtheriae,2,1,1,1
CAF,Bacillus_cereus,2,1,1,1
CAF,Vibrio_cholerae,2,2,1,2
CAF,Neisseria_gonorrhoeae,3,2,2,3
CAF,Treponema_pallidum,2,1,1,1
CAF,Streptococcus_pneumoniae,2,2,1,1
CAF,Leptospira_interrogans,2,1,1,1
CAF,Helicobacter_pylori,2,1,1,1
CAF,Escherichia_coli,4,3,4,4
CAF,Chlamydia_trachomatis,2,1,1,1
CAF,Burkholderia_contaminans,2,2,1,2
CAF,Vibrio_parahaemolyticus,2,2,1,3
CAF,Streptococcus_agalactiae,2,1,1,1
CAF,Streptococcus_suis,2,1,1,1
CAF,Mycobacterium_abscessus,2,1,1,1
CAF,Mycobacterium_massiliense,2,1,1,1
CAF,Mammalicoccus_sciuri,2,1,1,1
CAF,Klebsiella_variicola,4,3,4,4
CAF,Haemophilus_influenzae,2,1,1,1
CAF,Haemophilus_haemolyticus,2,1,1,1
CAF,Haemophilus_parainfluenzae,2,1,1,1
CAF,Enterococcus_faecalis,4,2,3,3
CAF,Dichelobacter_nodosus,2,1,1,1
CAF,Cronobacter_malonaticus,2,2,1,2
CAF,Cronobacter_sakazakii,2,2,1,2
CAF,Clostridium_perfringens,2,2,1,2
CAF,Campylobacter_jejuni,3,2,2,2
CAF,Campylobacter_coli,3,2,2,2
CAF,Burkholderia_pseudomallei,2,2,1,2
CAF,Burkholderia_ambifaria,2,2,1,2
CAF,Burkholderia_cenocepacia,2,2,1,2
CAF,Burkholderia_cepacia,2,2,1,2
CAF,Burkholderia_multivorans,2,2,1,2
CAF,Burkholderia_ubonensis,2,2,1,2
CAF,Bordetella_parapertussis,2,1,1,1
CAF,Acinetobacter_nosocomialis,4,2,3,4
CAF,Acinetobacter_pittii,4,2,3,4
CAF,Listeria_innocua,2,1,1,1
CAF,Cronobacter_turicensis,2,2,1,2
CAF,Clostridium_chauvoei,2,1,1,1
CAF,Borrelia_bavariensis,2,1,1,1
CAF,Salmonella_enterica,4,2,3,3
CAF,Yersinia_enterocolitica,2,2,1,3
CAF,Neisseria_lactamica,2,1,1,1
CAF,Leptospira_borgpetersenii,2,1,1,1
CAF,Burkholderia_vietnamiensis,2,2,1,2
CAF,Streptococcus_uberis,2,1,1,1
CAF,Cronobacter_dublinensis,2,2,1,2
CAF,Chlamydia_abortus,2,1,1,1
CAF,Bordetella_pertussis,2,1,1,1
CAF,Borrelia_garinii,2,1,1,1
CAF,Neisseria_cinerea,2,1,1,1
CAF,Bordetella_bronchiseptica,2,1,1,1
CAF,Mycobacterium_bovis,2,1,1,1
CAF,Shigella_flexneri,4,2,3,4
CAF,Mycobacterium_tuberculosis,4,2,3,2
TCD,Enterococcus_faecium,4,1,3,3
TCD,Staphylococcus_aureus,4,2,4,3
TCD,Klebsiella_pneumoniae,4,2,4,4
TCD,Acinetobacter_baumannii,4,2,3,4
TCD,Pseudomonas_aeruginosa,4,2,3,4
TCD,Enterobacter_cloacae,4,2,4,4
TCD,Neisseria_meningitidis,2,1,1,1
TCD,Listeria_monocytogenes,2,1,1,1
TCD,Corynebacterium_diphtheriae,2,1,1,1
TCD,Bacillus_cereus,2,1,1,1
TCD,Vibrio_cholerae,2,2,1,2
TCD,Neisseria_gonorrhoeae,3,2,2,3
TCD,Treponema_pallidum,2,1,1,1
TCD,Streptococcus_pneumoniae,2,2,1,1
TCD,Leptospira_interrogans,2,1,1,1
TCD,Helicobacter_pylori,2,1,1,1
TCD,Escherichia_coli,4,3,4,4
TCD,Chlamydia_trachomatis,2,1,1,1
TCD,Burkholderia_contaminans,2,2,1,2
TCD,Vibrio_parahaemolyticus,2,2,1,3
TCD,Streptococcus_agalactiae,2,1,1,1
TCD,Streptococcus_suis,2,1,1,1
TCD,Mycobacterium_abscessus,2,1,1,1
TCD,Mycobacterium_massiliense,2,1,1,1
TCD,Mammalicoccus_sciuri,2,1,1,1
TCD,Klebsiella_variicola,4,3,4,4
TCD,Haemophilus_influenzae,2,1,1,1
TCD,Haemophilus_haemolyticus,2,1,1,1
TCD,Haemophilus_parainfluenzae,2,1,1,1
TCD,Enterococcus_faecalis,4,2,3,3
TCD,Dichelobacter_nodosus,2,1,1,1
TCD,Cronobacter_malonaticus,2,2,1,2
TCD,Cronobacter_sakazakii,2,2,1,2
TCD,Clostridium_perfringens,2,2,1,2
TCD,Campylobacter_jejuni,3,2,2,2
TCD,Campylobacter_coli,3,2,2,2
TCD,Burkholderia_pseudomallei,2,2,1,2
TCD,Burkholderia_ambifaria,2,2,1,2
TCD,Burkholderia_cenocepacia,2,2,1,2
TCD,Burkholderia_cepacia,2,2,1,2
TCD,Burkholderia_multivorans,2,2,1,2
TCD,Burkholderia_ubonensis,2,2,1,2
TCD,Bordetella_parapertussis,2,1,1,1
TCD,Acinetobacter_nosocomialis,4,2,3,4
TCD,Acinetobacter_pittii,4,2,3,4
TCD,Listeria_innocua,2,1,1,1
TCD,Cronobacter_turicensis,2,2,1,2
TCD,Clostridium_chauvoei,2,1,1,1
TCD,Borrelia_bavariensis,2,1,1,1
TCD,Salmonella_enterica,4,2,3,3
TCD,Yersinia_enterocolitica,2,2,1,3
TCD,Neisseria_lactamica,2,1,1,1
TCD,Leptospira_borgpetersenii,2,1,1,1
TCD,Burkholderia_vietnamiensis,2,2,1,2
TCD,Streptococcus_uberis,2,1,1,1
TCD,Cronobacter_dublinensis,2,2,1,2
TCD,Chlamydia_abortus,2,1,1,1
TCD,Bordetella_pertussis,2,1,1,1
TCD,Borrelia_garinii,2,1,1,1
TCD,Neisseria_cinerea,2,1,1,1
TCD,Bordetella_bronchiseptica,2,1,1,1
TCD,Mycobacterium_bovis,2,1,1,1
TCD,Shigella_flexneri,4,2,3,4
TCD,Mycobacterium_tuberculosis,4,2,3,2
COD,Enterococcus_faecium,4,1,3,3
COD,Staphylococcus_aureus,4,2,4,3
COD,Klebsiella_pneumoniae,4,2,4,4
COD,Acinetobacter_baumannii,4,2,3,4
COD,Pseudomonas_aeruginosa,4,2,3,4
COD,Enterobacter_cloacae,4,2,4,4
COD,Neisseria_meningitidis,2,1,1,1
COD,Listeria_monocytogenes,2,1,1,1
COD,Corynebacterium_diphtheriae,2,1,1,1
COD,Bacillus_cereus,2,1,1,1
COD,Vibrio_cholerae,2,2,1,2
COD,Neisseria_gonorrhoeae,3,2,2,3
COD,Treponema_pallidum,2,1,1,1
COD,Streptococcus_pneumoniae,2,2,1,1
COD,Leptospira_interrogans,2,1,1,1
COD,Helicobacter_pylori,2,1,1,1
COD,Escherichia_coli,4,3,4,4
COD,Chlamydia_trachomatis,2,1,1,1
COD,Burkholderia_contaminans,2,2,1,2
COD,Vibrio_parahaemolyticus,2,2,1,3
COD,Streptococcus_agalactiae,2,1,1,1
COD,Streptococcus_suis,2,1,1,1
COD,Mycobacterium_abscessus,2,1,1,1
COD,Mycobacterium_massiliense,2,1,1,1
COD,Mammalicoccus_sciuri,2,1,1,1
COD,Klebsiella_variicola,4,3,4,4
COD,Haemophilus_influenzae,2,1,1,1
COD,Haemophilus_haemolyticus,2,1,1,1
COD,Haemophilus_parainfluenzae,2,1,1,1
COD,Enterococcus_faecalis,4,2,3,3
COD,Dichelobacter_nodosus,2,1,1,1
COD,Cronobacter_malonaticus,2,2,1,2
COD,Cronobacter_sakazakii,2,2,1,2
COD,Clostridium_perfringens,2,2,1,2
COD,Campylobacter_jejuni,3,2,2,2
COD,Campylobacter_coli,3,2,2,2
COD,Burkholderia_pseudomallei,2,2,1,2
COD,Burkholderia_ambifaria,2,2,1,2
COD,Burkholderia_cenocepacia,2,2,1,2
COD,Burkholderia_cepacia,2,2,1,2
COD,Burkholderia_multivorans,2,2,1,2
COD,Burkholderia_ubonensis,2,2,1,2
COD,Bordetella_parapertussis,2,1,1,1
COD,Acinetobacter_nosocomialis,4,2,3,4
COD,Acinetobacter_pittii,4,2,3,4
COD,Listeria_innocua,2,1,1,1
COD,Cronobacter_turicensis,2,2,1,2
COD,Clostridium_chauvoei,2,1,1,1
COD,Borrelia_bavariensis,2,1,1,1
COD,Salmonella_enterica,4,2,3,3
COD,Yersinia_enterocolitica,2,2,1,3
COD,Neisseria_lactamica,2,1,1,1
COD,Leptospira_borgpetersenii,2,1,1,1
COD,Burkholderia_vietnamiensis,2,2,1,2
COD,Streptococcus_uberis,2,1,1,1
COD,Cronobacter_dublinensis,2,2,1,2
COD,Chlamydia_abortus,2,1,1,1
COD,Bordetella_pertussis,2,1,1,1
COD,Borrelia_garinii,2,1,1,1
COD,Neisseria_cinerea,2,1,1,1
COD,Bordetella_bronchiseptica,2,1,1,1
COD,Mycobacterium_bovis,2,1,1,1
COD,Shigella_flexneri,4,2,3,4
COD,Mycobacterium_tuberculosis,4,2,3,2
ERI,Enterococcus_faecium,4,1,3,3
ERI,Staphylococcus_aureus,4,2,4,3
ERI,Klebsiella_pneumoniae,4,2,4,4
ERI,Acinetobacter_baumannii,4,2,3,4
ERI,Pseudomonas_aeruginosa,4,2,3,4
ERI,Enterobacter_cloacae,4,2,4,4
ERI,Neisseria_meningitidis,2,1,1,1
ERI,Listeria_monocytogenes,2,1,1,1
ERI,Corynebacterium_diphtheriae,2,1,1,1
ERI,Bacillus_cereus,2,1,1,1
ERI,Vibrio_cholerae,2,2,1,2
ERI,Neisseria_gonorrhoeae,3,2,2,3
ERI,Treponema_pallidum,2,1,1,1
ERI,Streptococcus_pneumoniae,2,2,1,1
ERI,Leptospira_interrogans,2,1,1,1
ERI,Helicobacter_pylori,2,1,1,1
ERI,Escherichia_coli,4,3,4,4
ERI,Chlamydia_trachomatis,2,1,1,1
ERI,Burkholderia_contaminans,2,2,1,2
ERI,Vibrio_parahaemolyticus,2,2,1,3
ERI,Streptococcus_agalactiae,2,1,1,1
ERI,Streptococcus_suis,2,1,1,1
ERI,Mycobacterium_abscessus,2,1,1,1
ERI,Mycobacterium_massiliense,2,1,1,1
ERI,Mammalicoccus_sciuri,2,1,1,1
ERI,Klebsiella_variicola,4,3,4,4
ERI,Haemophilus_influenzae,2,1,1,1
ERI,Haemophilus_haemolyticus,2,1,1,1
ERI,Haemophilus_parainfluenzae,2,1,1,1
ERI,Enterococcus_faecalis,4,2,3,3
ERI,Dichelobacter_nodosus,2,1,1,1
ERI,Cronobacter_malonaticus,2,2,1,2
ERI,Cronobacter_sakazakii,2,2,1,2
ERI,Clostridium_perfringens,2,2,1,2
ERI,Campylobacter_jejuni,3,2,2,2
ERI,Campylobacter_coli,3,2,2,2
ERI,Burkholderia_pseudomallei,2,2,1,2
ERI,Burkholderia_ambifaria,2,2,1,2
ERI,Burkholderia_cenocepacia,2,2,1,2
ERI,Burkholderia_cepacia,2,2,1,2
ERI,Burkholderia_multivorans,2,2,1,2
ERI,Burkholderia_ubonensis,2,2,1,2
ERI,Bordetella_parapertussis,2,1,1,1
ERI,Acinetobacter_nosocomialis,4,2,3,4
ERI,Acinetobacter_pittii,4,2,3,4
ERI,Listeria_innocua,2,1,1,1
ERI,Cronobacter_turicensis,2,2,1,2
ERI,Clostridium_chauvoei,2,1,1,1
ERI,Borrelia_bavariensis,2,1,1,1
ERI,Salmonella_enterica,4,2,3,3
ERI,Yersinia_enterocolitica,2,2,1,3
ERI,Neisseria_lactamica,2,1,1,1
ERI,Leptospira_borgpetersenii,2,1,1,1
ERI,Burkholderia_vietnamiensis,2,2,1,2
ERI,Streptococcus_uberis,2,1,1,1
ERI,Cronobacter_dublinensis,2,2,1,2
ERI,Chlamydia_abortus,2,1,1,1
ERI,Bordetella_pertussis,2,1,1,1
ERI,Borrelia_garinii,2,1,1,1
ERI,Neisseria_cinerea,2,1,1,1
ERI,Bordetella_bronchiseptica,2,1,1,1
ERI,Mycobacterium_bovis,2,1,1,1
ERI,Shigella_flexneri,4,2,3,4
ERI,Mycobacterium_tuberculosis,4,2,3,2
ETH,Enterococcus_faecium,4,1,3,3
ETH,Staphylococcus_aureus,4,2,4,3
ETH,Klebsiella_pneumoniae,4,2,4,4
ETH,Acinetobacter_baumannii,4,2,3,4
ETH,Pseudomonas_aeruginosa,4,2,3,4
ETH,Enterobacter_cloacae,4,2,4,4
ETH,Neisseria_meningitidis,2,1,1,1
ETH,Listeria_monocytogenes,2,1,1,1
ETH,Corynebacterium_diphtheriae,2,1,1,1
ETH,Bacillus_cereus,2,1,1,1
ETH,Vibrio_cholerae,2,2,1,2
ETH,Neisseria_gonorrhoeae,3,3,2,3
ETH,Treponema_pallidum,2,1,1,1
ETH,Streptococcus_pneumoniae,2,2,1,1
ETH,Leptospira_interrogans,2,1,1,1
ETH,Helicobacter_pylori,2,1,1,1
ETH,Escherichia_coli,4,3,4,4
ETH,Chlamydia_trachomatis,2,1,1,1
ETH,Burkholderia_contaminans,2,2,1,2
ETH,Vibrio_parahaemolyticus,2,2,1,3
ETH,Streptococcus_agalactiae,2,1,1,1
ETH,Streptococcus_suis,2,1,1,1
ETH,Mycobacterium_abscessus,2,1,1,1
ETH,Mycobacterium_massiliense,2,1,1,1
ETH,Mammalicoccus_sciuri,2,1,1,1
ETH,Klebsiella_variicola,4,3,4,4
ETH,Haemophilus_influenzae,2,1,1,1
ETH,Haemophilus_haemolyticus,2,1,1,1
ETH,Haemophilus_parainfluenzae,2,1,1,1
ETH,Enterococcus_faecalis,4,2,3,3
ETH,Dichelobacter_nodosus,2,1,1,1
ETH,Cronobacter_malonaticus,2,2,1,2
ETH,Cronobacter_sakazakii,2,2,1,2
ETH,Clostridium_perfringens,2,2,1,2
ETH,Campylobacter_jejuni,3,2,2,2
ETH,Campylobacter_coli,3,2,2,2
ETH,Burkholderia_pseudomallei,2,2,1,2
ETH,Burkholderia_ambifaria,2,2,1,2
ETH,Burkholderia_cenocepacia,2,2,1,2
ETH,Burkholderia_cepacia,2,2,1,2
ETH,Burkholderia_multivorans,2,2,1,2
ETH,Burkholderia_ubonensis,2,2,1,2
ETH,Bordetella_parapertussis,2,1,1,1
ETH,Acinetobacter_nosocomialis,4,2,3,4
ETH,Acinetobacter_pittii,4,2,3,4
ETH,Listeria_innocua,2,1,1,1
ETH,Cronobacter_turicensis,2,2,1,2
ETH,Clostridium_chauvoei,2,1,1,1
ETH,Borrelia_bavariensis,2,1,1,1
ETH,Salmonella_enterica,4,2,3,3
ETH,Yersinia_enterocolitica,2,2,1,3
ETH,Neisseria_lactamica,2,1,1,1
ETH,Leptospira_borgpetersenii,2,1,1,1
ETH,Burkholderia_vietnamiensis,2,2,1,2
ETH,Streptococcus_uberis,2,1,1,1
ETH,Cronobacter_dublinensis,2,2,1,2
ETH,Chlamydia_abortus,2,1,1,1
ETH,Bordetella_pertussis,2,1,1,1
ETH,Borrelia_garinii,2,1,1,1
ETH,Neisseria_cinerea,2,1,1,1
ETH,Bordetella_bronchiseptica,2,1,1,1
ETH,Mycobacterium_bovis,2,1,1,1
ETH,Shigella_flexneri,4,2,3,4
ETH,Mycobacterium_tuberculosis,4,2,3,2
GMB,Enterococcus_faecium,4,1,3,3
GMB,Staphylococcus_aureus,4,2,4,3
GMB,Klebsiella_pneumoniae,4,2,4,4
GMB,Acinetobacter_baumannii,4,2,3,4
GMB,Pseudomonas_aeruginosa,4,2,3,4
GMB,Enterobacter_cloacae,4,2,4,4
GMB,Neisseria_meningitidis,2,1,1,1
GMB,Listeria_monocytogenes,2,1,1,1
GMB,Corynebacterium_diphtheriae,2,1,1,1
GMB,Bacillus_cereus,2,1,1,1
GMB,Vibrio_cholerae,2,2,1,2
GMB,Neisseria_gonorrhoeae,3,2,2,3
GMB,Treponema_pallidum,2,1,1,1
GMB,Streptococcus_pneumoniae,2,2,1,1
GMB,Leptospira_interrogans,2,1,1,1
GMB,Helicobacter_pylori,2,1,1,1
GMB,Escherichia_coli,4,3,4,4
GMB,Chlamydia_trachomatis,2,1,1,1
GMB,Burkholderia_contaminans,2,2,1,2
GMB,Vibrio_parahaemolyticus,2,2,1,3
GMB,Streptococcus_agalactiae,2,1,1,1
GMB,Streptococcus_suis,2,1,1,1
GMB,Mycobacterium_abscessus,2,1,1,1
GMB,Mycobacterium_massiliense,2,1,1,1
GMB,Mammalicoccus_sciuri,2,1,1,1
GMB,Klebsiella_variicola,4,3,4,4
GMB,Haemophilus_influenzae,2,1,1,1
GMB,Haemophilus_haemolyticus,2,1,1,1
GMB,Haemophilus_parainfluenzae,2,1,1,1
GMB,Enterococcus_faecalis,4,2,3,3
GMB,Dichelobacter_nodosus,2,1,1,1
GMB,Cronobacter_malonaticus,2,2,1,2
GMB,Cronobacter_sakazakii,2,2,1,2
GMB,Clostridium_perfringens,2,2,1,2
GMB,Campylobacter_jejuni,3,2,2,2
GMB,Campylobacter_coli,3,2,2,2
GMB,Burkholderia_pseudomallei,2,2,1,2
GMB,Burkholderia_ambifaria,2,2,1,2
GMB,Burkholderia_cenocepacia,2,2,1,2
GMB,Burkholderia_cepacia,2,2,1,2
GMB,Burkholderia_multivorans,2,2,1,2
GMB,Burkholderia_ubonensis,2,2,1,2
GMB,Bordetella_parapertussis,2,1,1,1
GMB,Acinetobacter_nosocomialis,4,2,3,4
GMB,Acinetobacter_pittii,4,2,3,4
GMB,Listeria_innocua,2,1,1,1
GMB,Cronobacter_turicensis,2,2,1,2
GMB,Clostridium_chauvoei,2,1,1,1
GMB,Borrelia_bavariensis,2,1,1,1
GMB,Salmonella_enterica,4,2,3,3
GMB,Yersinia_enterocolitica,2,2,1,3
GMB,Neisseria_lactamica,2,1,1,1
GMB,Leptospira_borgpetersenii,2,1,1,1
GMB,Burkholderia_vietnamiensis,2,2,1,2
GMB,Streptococcus_uberis,2,1,1,1
GMB,Cronobacter_dublinensis,2,2,1,2
GMB,Chlamydia_abortus,2,1,1,1
GMB,Bordetella_pertussis,2,1,1,1
GMB,Borrelia_garinii,2,1,1,1
GMB,Neisseria_cinerea,2,1,1,1
GMB,Bordetella_bronchiseptica,2,1,1,1
GMB,Mycobacterium_bovis,2,1,1,1
GMB,Shigella_flexneri,4,2,3,4
GMB,Mycobacterium_tuberculosis,4,2,3,2
GNB,Enterococcus_faecium,4,1,3,3
GNB,Staphylococcus_aureus,4,2,4,3
GNB,Klebsiella_pneumoniae,4,2,4,4
GNB,Acinetobacter_baumannii,4,2,3,4
GNB,Pseudomonas_aeruginosa,4,2,3,4
GNB,Enterobacter_cloacae,4,2,4,4
GNB,Neisseria_meningitidis,2,1,1,1
GNB,Listeria_monocytogenes,2,1,1,1
GNB,Corynebacterium_diphtheriae,2,1,1,1
GNB,Bacillus_cereus,2,1,1,1
GNB,Vibrio_cholerae,2,2,1,2
GNB,Neisseria_gonorrhoeae,3,2,2,3
GNB,Treponema_pallidum,2,1,1,1
GNB,Streptococcus_pneumoniae,2,2,1,1
GNB,Leptospira_interrogans,2,1,1,1
GNB,Helicobacter_pylori,2,1,1,1
GNB,Escherichia_coli,4,3,4,4
GNB,Chlamydia_trachomatis,2,1,1,1
GNB,Burkholderia_contaminans,2,2,1,2
GNB,Vibrio_parahaemolyticus,2,2,1,3
GNB,Streptococcus_agalactiae,2,1,1,1
GNB,Streptococcus_suis,2,1,1,1
GNB,Mycobacterium_abscessus,2,1,1,1
GNB,Mycobacterium_massiliense,2,1,1,1
GNB,Mammalicoccus_sciuri,2,1,1,1
GNB,Klebsiella_variicola,4,3,4,4
GNB,Haemophilus_influenzae,2,1,1,1
GNB,Haemophilus_haemolyticus,2,1,1,1
GNB,Haemophilus_parainfluenzae,2,1,1,1
GNB,Enterococcus_faecalis,4,2,3,3
GNB,Dichelobacter_nodosus,2,1,1,1
GNB,Cronobacter_malonaticus,2,2,1,2
GNB,Cronobacter_sakazakii,2,2,1,2
GNB,Clostridium_perfringens,2,2,1,2
GNB,Campylobacter_jejuni,3,2,2,2
GNB,Campylobacter_coli,3,2,2,2
GNB,Burkholderia_pseudomallei,2,2,1,2
GNB,Burkholderia_ambifaria,2,2,1,2
GNB,Burkholderia_cenocepacia,2,2,1,2
GNB,Burkholderia_cepacia,2,2,1,2
GNB,Burkholderia_multivorans,2,2,1,2
GNB,Burkholderia_ubonensis,2,2,1,2
GNB,Bordetella_parapertussis,2,1,1,1
GNB,Acinetobacter_nosocomialis,4,2,3,4
GNB,Acinetobacter_pittii,4,2,3,4
GNB,Listeria_innocua,2,1,1,1
GNB,Cronobacter_turicensis,2,2,1,2
GNB,Clostridium_chauvoei,2,1,1,1
GNB,Borrelia_bavariensis,2,1,1,1
GNB,Salmonella_enterica,4,2,3,3
GNB,Yersinia_enterocolitica,2,2,1,3
GNB,Neisseria_lactamica,2,1,1,1
GNB,Leptospira_borgpetersenii,2,1,1,1
GNB,Burkholderia_vietnamiensis,2,2,1,2
GNB,Streptococcus_uberis,2,1,1,1
GNB,Cronobacter_dublinensis,2,2,1,2
GNB,Chlamydia_abortus,2,1,1,1
GNB,Bordetella_pertussis,2,1,1,1
GNB,Borrelia_garinii,2,1,1,1
GNB,Neisseria_cinerea,2,1,1,1
GNB,Bordetella_bronchiseptica,2,1,1,1
GNB,Mycobacterium_bovis,2,1,1,1
GNB,Shigella_flexneri,4,2,3,4
GNB,Mycobacterium_tuberculosis,4,2,3,2
LBR,Enterococcus_faecium,4,1,3,3
LBR,Staphylococcus_aureus,4,2,4,3
LBR,Klebsiella_pneumoniae,4,2,4,4
LBR,Acinetobacter_baumannii,4,2,3,4
LBR,Pseudomonas_aeruginosa,4,2,3,4
LBR,Enterobacter_cloacae,4,2,4,4
LBR,Neisseria_meningitidis,2,1,1,1
LBR,Listeria_monocytogenes,2,1,1,1
LBR,Corynebacterium_diphtheriae,2,1,1,1
LBR,Bacillus_cereus,2,1,1,1
LBR,Vibrio_cholerae,2,2,1,2
LBR,Neisseria_gonorrhoeae,3,2,2,3
LBR,Treponema_pallidum,2,1,1,1
LBR,Streptococcus_pneumoniae,2,2,1,1
LBR,Leptospira_interrogans,2,1,1,1
LBR,Helicobacter_pylori,2,1,1,1
LBR,Escherichia_coli,4,3,4,4
LBR,Chlamydia_trachomatis,2,1,1,1
LBR,Burkholderia_contaminans,2,2,1,2
LBR,Vibrio_parahaemolyticus,2,2,1,3
LBR,Streptococcus_agalactiae,2,1,1,1
LBR,Streptococcus_suis,2,1,1,1
LBR,Mycobacterium_abscessus,2,1,1,1
LBR,Mycobacterium_massiliense,2,1,1,1
LBR,Mammalicoccus_sciuri,2,1,1,1
LBR,Klebsiella_variicola,4,3,4,4
LBR,Haemophilus_influenzae,2,1,1,1
LBR,Haemophilus_haemolyticus,2,1,1,1
LBR,Haemophilus_parainfluenzae,2,1,1,1
LBR,Enterococcus_faecalis,4,2,3,3
LBR,Dichelobacter_nodosus,2,1,1,1
LBR,Cronobacter_malonaticus,2,2,1,2
LBR,Cronobacter_sakazakii,2,2,1,2
LBR,Clostridium_perfringens,2,2,1,2
LBR,Campylobacter_jejuni,3,2,2,2
LBR,Campylobacter_coli,3,2,2,2
LBR,Burkholderia_pseudomallei,2,2,1,2
LBR,Burkholderia_ambifaria,2,2,1,2
LBR,Burkholderia_cenocepacia,2,2,1,2
LBR,Burkholderia_cepacia,2,2,1,2
LBR,Burkholderia_multivorans,2,2,1,2
LBR,Burkholderia_ubonensis,2,2,1,2
LBR,Bordetella_parapertussis,2,1,1,1
LBR,Acinetobacter_nosocomialis,4,2,3,4
LBR,Acinetobacter_pittii,4,2,3,4
LBR,Listeria_innocua,2,1,1,1
LBR,Cronobacter_turicensis,2,2,1,2
LBR,Clostridium_chauvoei,2,1,1,1
LBR,Borrelia_bavariensis,2,1,1,1
LBR,Salmonella_enterica,4,2,3,3
LBR,Yersinia_enterocolitica,2,2,1,3
LBR,Neisseria_lactamica,2,1,1,1
LBR,Leptospira_borgpetersenii,2,1,1,1
LBR,Burkholderia_vietnamiensis,2,2,1,2
LBR,Streptococcus_uberis,2,1,1,1
LBR,Cronobacter_dublinensis,2,2,1,2
LBR,Chlamydia_abortus,2,1,1,1
LBR,Bordetella_pertussis,2,1,1,1
LBR,Borrelia_garinii,2,1,1,1
LBR,Neisseria_cinerea,2,1,1,1
LBR,Bordetella_bronchiseptica,2,1,1,1
LBR,Mycobacterium_bovis,2,1,1,1
LBR,Shigella_flexneri,4,2,3,4
LBR,Mycobacterium_tuberculosis,4,2,3,2
MDG,Enterococcus_faecium,4,1,3,3
MDG,Staphylococcus_aureus,4,2,4,3
MDG,Klebsiella_pneumoniae,4,2,4,4
MDG,Acinetobacter_baumannii,4,2,3,4
MDG,Pseudomonas_aeruginosa,4,2,3,4
MDG,Enterobacter_cloacae,4,2,4,4
MDG,Neisseria_meningitidis,2,1,1,1
MDG,Listeria_monocytogenes,2,1,1,1
MDG,Corynebacterium_diphtheriae,2,1,1,1
MDG,Bacillus_cereus,2,1,1,1
MDG,Vibrio_cholerae,2,2,1,2
MDG,Neisseria_gonorrhoeae,3,2,2,3
MDG,Treponema_pallidum,2,1,1,1
MDG,Streptococcus_pneumoniae,2,2,1,1
MDG,Leptospira_interrogans,2,1,1,1
MDG,Helicobacter_pylori,2,1,1,1
MDG,Escherichia_coli,4,3,4,4
MDG,Chlamydia_trachomatis,2,1,1,1
MDG,Burkholderia_contaminans,2,2,1,2
MDG,Vibrio_parahaemolyticus,2,2,1,3
MDG,Streptococcus_agalactiae,2,1,1,1
MDG,Streptococcus_suis,2,1,1,1
MDG,Mycobacterium_abscessus,2,1,1,1
MDG,Mycobacterium_massiliense,2,1,1,1
MDG,Mammalicoccus_sciuri,2,1,1,1
MDG,Klebsiella_variicola,4,3,4,4
MDG,Haemophilus_influenzae,2,1,1,1
MDG,Haemophilus_haemolyticus,2,1,1,1
MDG,Haemophilus_parainfluenzae,2,1,1,1
MDG,Enterococcus_faecalis,4,2,3,3
MDG,Dichelobacter_nodosus,2,1,1,1
MDG,Cronobacter_malonaticus,2,2,1,2
MDG,Cronobacter_sakazakii,2,2,1,2
MDG,Clostridium_perfringens,2,2,1,2
MDG,Campylobacter_jejuni,3,2,2,2
MDG,Campylobacter_coli,3,2,2,2
MDG,Burkholderia_pseudomallei,2,2,1,2
MDG,Burkholderia_ambifaria,2,2,1,2
MDG,Burkholderia_cenocepacia,2,2,1,2
MDG,Burkholderia_cepacia,2,2,1,2
MDG,Burkholderia_multivorans,2,2,1,2
MDG,Burkholderia_ubonensis,2,2,1,2
MDG,Bordetella_parapertussis,2,1,1,1
MDG,Acinetobacter_nosocomialis,4,2,3,4
MDG,Acinetobacter_pittii,4,2,3,4
MDG,Listeria_innocua,2,1,1,1
MDG,Cronobacter_turicensis,2,2,1,2
MDG,Clostridium_chauvoei,2,1,1,1
MDG,Borrelia_bavariensis,2,1,1,1
MDG,Salmonella_enterica,4,2,3,3
MDG,Yersinia_enterocolitica,2,2,1,3
MDG,Neisseria_lactamica,2,1,1,1
MDG,Leptospira_borgpetersenii,2,1,1,1
MDG,Burkholderia_vietnamiensis,2,2,1,2
MDG,Streptococcus_uberis,2,1,1,1
MDG,Cronobacter_dublinensis,2,2,1,2
MDG,Chlamydia_abortus,2,1,1,1
MDG,Bordetella_pertussis,2,1,1,1
MDG,Borrelia_garinii,2,1,1,1
MDG,Neisseria_cinerea,2,1,1,1
MDG,Bordetella_bronchiseptica,2,1,1,1
MDG,Mycobacterium_bovis,2,1,1,1
MDG,Shigella_flexneri,4,2,3,4
MDG,Mycobacterium_tuberculosis,4,2,3,2
MWI,Enterococcus_faecium,4,1,3,3
MWI,Staphylococcus_aureus,4,2,4,3
MWI,Klebsiella_pneumoniae,4,2,4,4
MWI,Acinetobacter_baumannii,4,2,3,4
MWI,Pseudomonas_aeruginosa,4,2,3,4
MWI,Enterobacter_cloacae,4,2,4,4
MWI,Neisseria_meningitidis,2,1,1,1
MWI,Listeria_monocytogenes,2,1,1,1
MWI,Corynebacterium_diphtheriae,2,1,1,1
MWI,Bacillus_cereus,2,1,1,1
MWI,Vibrio_cholerae,2,2,1,2
MWI,Neisseria_gonorrhoeae,3,2,2,3
MWI,Treponema_pallidum,2,1,1,1
MWI,Streptococcus_pneumoniae,2,2,1,1
MWI,Leptospira_interrogans,2,1,1,1
MWI,Helicobacter_pylori,2,1,1,1
MWI,Escherichia_coli,4,3,4,4
MWI,Chlamydia_trachomatis,2,1,1,1
MWI,Burkholderia_contaminans,2,2,1,2
MWI,Vibrio_parahaemolyticus,2,2,1,3
MWI,Streptococcus_agalactiae,2,1,1,1
MWI,Streptococcus_suis,2,1,1,1
MWI,Mycobacterium_abscessus,2,1,1,1
MWI,Mycobacterium_massiliense,2,1,1,1
MWI,Mammalicoccus_sciuri,2,1,1,1
MWI,Klebsiella_variicola,4,3,4,4
MWI,Haemophilus_influenzae,2,1,1,1
MWI,Haemophilus_haemolyticus,2,1,1,1
MWI,Haemophilus_parainfluenzae,2,1,1,1
MWI,Enterococcus_faecalis,4,2,3,3
MWI,Dichelobacter_nodosus,2,1,1,1
MWI,Cronobacter_malonaticus,2,2,1,2
MWI,Cronobacter_sakazakii,2,2,1,2
MWI,Clostridium_perfringens,2,2,1,2
MWI,Campylobacter_jejuni,3,2,2,2
MWI,Campylobacter_coli,3,2,2,2
MWI,Burkholderia_pseudomallei,2,2,1,2
MWI,Burkholderia_ambifaria,2,2,1,2
MWI,Burkholderia_cenocepacia,2,2,1,2
MWI,Burkholderia_cepacia,2,2,1,2
MWI,Burkholderia_multivorans,2,2,1,2
MWI,Burkholderia_ubonensis,2,2,1,2
MWI,Bordetella_parapertussis,2,1,1,1
MWI,Acinetobacter_nosocomialis,4,2,3,4
MWI,Acinetobacter_pittii,4,2,3,4
MWI,Listeria_innocua,2,1,1,1
MWI,Cronobacter_turicensis,2,2,1,2
MWI,Clostridium_chauvoei,2,1,1,1
MWI,Borrelia_bavariensis,2,1,1,1
MWI,Salmonella_enterica,4,2,3,3
MWI,Yersinia_enterocolitica,2,2,1,3
MWI,Neisseria_lactamica,2,1,1,1
MWI,Leptospira_borgpetersenii,2,1,1,1
MWI,Burkholderia_vietnamiensis,2,2,1,2
MWI,Streptococcus_uberis,2,1,1,1
MWI,Cronobacter_dublinensis,2,2,1,2
MWI,Chlamydia_abortus,2,1,1,1
MWI,Bordetella_pertussis,2,1,1,1
MWI,Borrelia_garinii,2,1,1,1
MWI,Neisseria_cinerea,2,1,1,1
MWI,Bordetella_bronchiseptica,2,1,1,1
MWI,Mycobacterium_bovis,2,1,1,1
MWI,Shigella_flexneri,4,2,3,4
MWI,Mycobacterium_tuberculosis,4,2,3,2
MLI,Enterococcus_faecium,4,1,3,3
MLI,Staphylococcus_aureus,4,2,4,3
MLI,Klebsiella_pneumoniae,4,2,4,4
MLI,Acinetobacter_baumannii,4,2,3,4
MLI,Pseudomonas_aeruginosa,4,2,3,4
MLI,Enterobacter_cloacae,4,2,4,4
MLI,Neisseria_meningitidis,2,1,1,1
MLI,Listeria_monocytogenes,2,1,1,1
MLI,Corynebacterium_diphtheriae,2,1,1,1
MLI,Bacillus_cereus,2,1,1,1
MLI,Vibrio_cholerae,2,2,1,2
MLI,Neisseria_gonorrhoeae,3,2,2,3
MLI,Treponema_pallidum,2,1,1,1
MLI,Streptococcus_pneumoniae,2,2,1,1
MLI,Leptospira_interrogans,2,1,1,1
MLI,Helicobacter_pylori,2,1,1,1
MLI,Escherichia_coli,4,3,4,4
MLI,Chlamydia_trachomatis,2,1,1,1
MLI,Burkholderia_contaminans,2,2,1,2
MLI,Vibrio_parahaemolyticus,2,2,1,3
MLI,Streptococcus_agalactiae,2,1,1,1
MLI,Streptococcus_suis,2,1,1,1
MLI,Mycobacterium_abscessus,2,1,1,1
MLI,Mycobacterium_massiliense,2,1,1,1
MLI,Mammalicoccus_sciuri,2,1,1,1
MLI,Klebsiella_variicola,4,3,4,4
MLI,Haemophilus_influenzae,2,1,1,1
MLI,Haemophilus_haemolyticus,2,1,1,1
MLI,Haemophilus_parainfluenzae,2,1,1,1
MLI,Enterococcus_faecalis,4,2,3,3
MLI,Dichelobacter_nodosus,2,1,1,1
MLI,Cronobacter_malonaticus,2,2,1,2
MLI,Cronobacter_sakazakii,2,2,1,2
MLI,Clostridium_perfringens,2,2,1,2
MLI,Campylobacter_jejuni,3,2,2,2
MLI,Campylobacter_coli,3,2,2,2
MLI,Burkholderia_pseudomallei,2,2,1,2
MLI,Burkholderia_ambifaria,2,2,1,2
MLI,Burkholderia_cenocepacia,2,2,1,2
MLI,Burkholderia_cepacia,2,2,1,2
MLI,Burkholderia_multivorans,2,2,1,2
MLI,Burkholderia_ubonensis,2,2,1,2
MLI,Bordetella_parapertussis,2,1,1,1
MLI,Acinetobacter_nosocomialis,4,2,3,4
MLI,Acinetobacter_pittii,4,2,3,4
MLI,Listeria_innocua,2,1,1,1
MLI,Cronobacter_turicensis,2,2,1,2
MLI,Clostridium_chauvoei,2,1,1,1
MLI,Borrelia_bavariensis,2,1,1,1
MLI,Salmonella_enterica,4,2,3,3
MLI,Yersinia_enterocolitica,2,2,1,3
MLI,Neisseria_lactamica,2,1,1,1
MLI,Leptospira_borgpetersenii,2,1,1,1
MLI,Burkholderia_vietnamiensis,2,2,1,2
MLI,Streptococcus_uberis,2,1,1,1
MLI,Cronobacter_dublinensis,2,2,1,2
MLI,Chlamydia_abortus,2,1,1,1
MLI,Bordetella_pertussis,2,1,1,1
MLI,Borrelia_garinii,2,1,1,1
MLI,Neisseria_cinerea,2,1,1,1
MLI,Bordetella_bronchiseptica,2,1,1,1
MLI,Mycobacterium_bovis,2,1,1,1
MLI,Shigella_flexneri,4,2,3,4
MLI,Mycobacterium_tuberculosis,4,2,3,2
MOZ,Enterococcus_faecium,4,1,3,3
MOZ,Staphylococcus_aureus,4,2,4,3
MOZ,Klebsiella_pneumoniae,4,2,4,4
MOZ,Acinetobacter_baumannii,4,2,3,4
MOZ,Pseudomonas_aeruginosa,4,2,3,4
MOZ,Enterobacter_cloacae,4,2,4,4
MOZ,Neisseria_meningitidis,2,1,1,1
MOZ,Listeria_monocytogenes,2,1,1,1
MOZ,Corynebacterium_diphtheriae,2,1,1,1
MOZ,Bacillus_cereus,2,1,1,1
MOZ,Vibrio_cholerae,2,2,1,2
MOZ,Neisseria_gonorrhoeae,3,2,2,3
MOZ,Treponema_pallidum,2,1,1,1
MOZ,Streptococcus_pneumoniae,2,2,1,1
MOZ,Leptospira_interrogans,2,1,1,1
MOZ,Helicobacter_pylori,2,1,1,1
MOZ,Escherichia_coli,4,3,4,4
MOZ,Chlamydia_trachomatis,2,1,1,1
MOZ,Burkholderia_contaminans,2,2,1,2
MOZ,Vibrio_parahaemolyticus,2,2,1,3
MOZ,Streptococcus_agalactiae,2,1,1,1
MOZ,Streptococcus_suis,2,1,1,1
MOZ,Mycobacterium_abscessus,2,1,1,1
MOZ,Mycobacterium_massiliense,2,1,1,1
MOZ,Mammalicoccus_sciuri,2,1,1,1
MOZ,Klebsiella_variicola,4,3,4,4
MOZ,Haemophilus_influenzae,2,1,1,1
MOZ,Haemophilus_haemolyticus,2,1,1,1
MOZ,Haemophilus_parainfluenzae,2,1,1,1
MOZ,Enterococcus_faecalis,4,2,3,3
MOZ,Dichelobacter_nodosus,2,1,1,1
MOZ,Cronobacter_malonaticus,2,2,1,2
MOZ,Cronobacter_sakazakii,2,2,1,2
MOZ,Clostridium_perfringens,2,2,1,2
MOZ,Campylobacter_jejuni,3,2,2,2
MOZ,Campylobacter_coli,3,2,2,2
MOZ,Burkholderia_pseudomallei,2,2,1,2
MOZ,Burkholderia_ambifaria,2,2,1,2
MOZ,Burkholderia_cenocepacia,2,2,1,2
MOZ,Burkholderia_cepacia,2,2,1,2
MOZ,Burkholderia_multivorans,2,2,1,2
MOZ,Burkholderia_ubonensis,2,2,1,2
MOZ,Bordetella_parapertussis,2,1,1,1
MOZ,Acinetobacter_nosocomialis,4,2,3,4
MOZ,Acinetobacter_pittii,4,2,3,4
MOZ,Listeria_innocua,2,1,1,1
MOZ,Cronobacter_turicensis,2,2,1,2
MOZ,Clostridium_chauvoei,2,1,1,1
MOZ,Borrelia_bavariensis,2,1,1,1
MOZ,Salmonella_enterica,4,2,3,3
MOZ,Yersinia_enterocolitica,2,2,1,3
MOZ,Neisseria_lactamica,2,1,1,1
MOZ,Leptospira_borgpetersenii,2,1,1,1
MOZ,Burkholderia_vietnamiensis,2,2,1,2
MOZ,Streptococcus_uberis,2,1,1,1
MOZ,Cronobacter_dublinensis,2,2,1,2
MOZ,Chlamydia_abortus,2,1,1,1
MOZ,Bordetella_pertussis,2,1,1,1
MOZ,Borrelia_garinii,2,1,1,1
MOZ,Neisseria_cinerea,2,1,1,1
MOZ,Bordetella_bronchiseptica,2,1,1,1
MOZ,Mycobacterium_bovis,2,1,1,1
MOZ,Shigella_flexneri,4,2,3,4
MOZ,Mycobacterium_tuberculosis,4,2,3,2
NER,Enterococcus_faecium,4,1,3,3
NER,Staphylococcus_aureus,4,2,4,3
NER,Klebsiella_pneumoniae,4,2,4,4
NER,Acinetobacter_baumannii,4,2,3,4
NER,Pseudomonas_aeruginosa,4,2,3,4
NER,Enterobacter_cloacae,4,2,4,4
NER,Neisseria_meningitidis,2,1,1,1
NER,Listeria_monocytogenes,2,1,1,1
NER,Corynebacterium_diphtheriae,2,1,1,1
NER,Bacillus_cereus,2,1,1,1
NER,Vibrio_cholerae,2,2,1,2
NER,Neisseria_gonorrhoeae,3,2,2,3
NER,Treponema_pallidum,2,1,1,1
NER,Streptococcus_pneumoniae,2,2,1,1
NER,Leptospira_interrogans,2,1,1,1
NER,Helicobacter_pylori,2,1,1,1
NER,Escherichia_coli,4,3,4,4
NER,Chlamydia_trachomatis,2,1,1,1
NER,Burkholderia_contaminans,2,2,1,2
NER,Vibrio_parahaemolyticus,2,2,1,3
NER,Streptococcus_agalactiae,2,1,1,1
NER,Streptococcus_suis,2,1,1,1
NER,Mycobacterium_abscessus,2,1,1,1
NER,Mycobacterium_massiliense,2,1,1,1
NER,Mammalicoccus_sciuri,2,1,1,1
NER,Klebsiella_variicola,4,3,4,4
NER,Haemophilus_influenzae,2,1,1,1
NER,Haemophilus_haemolyticus,2,1,1,1
NER,Haemophilus_parainfluenzae,2,1,1,1
NER,Enterococcus_faecalis,4,2,3,3
NER,Dichelobacter_nodosus,2,1,1,1
NER,Cronobacter_malonaticus,2,2,1,2
NER,Cronobacter_sakazakii,2,2,1,2
NER,Clostridium_perfringens,2,2,1,2
NER,Campylobacter_jejuni,3,2,2,2
NER,Campylobacter_coli,3,2,2,2
NER,Burkholderia_pseudomallei,2,2,1,2
NER,Burkholderia_ambifaria,2,2,1,2
NER,Burkholderia_cenocepacia,2,2,1,2
NER,Burkholderia_cepacia,2,2,1,2
NER,Burkholderia_multivorans,2,2,1,2
NER,Burkholderia_ubonensis,2,2,1,2
NER,Bordetella_parapertussis,2,1,1,1
NER,Acinetobacter_nosocomialis,4,2,3,4
NER,Acinetobacter_pittii,4,2,3,4
NER,Listeria_innocua,2,1,1,1
NER,Cronobacter_turicensis,2,2,1,2
NER,Clostridium_chauvoei,2,1,1,1
NER,Borrelia_bavariensis,2,1,1,1
NER,Salmonella_enterica,4,2,3,3
NER,Yersinia_enterocolitica,2,2,1,3
NER,Neisseria_lactamica,2,1,1,1
NER,Leptospira_borgpetersenii,2,1,1,1
NER,Burkholderia_vietnamiensis,2,2,1,2
NER,Streptococcus_uberis,2,1,1,1
NER,Cronobacter_dublinensis,2,2,1,2
NER,Chlamydia_abortus,2,1,1,1
NER,Bordetella_pertussis,2,1,1,1
NER,Borrelia_garinii,2,1,1,1
NER,Neisseria_cinerea,2,1,1,1
NER,Bordetella_bronchiseptica,2,1,1,1
NER,Mycobacterium_bovis,2,1,1,1
NER,Shigella_flexneri,4,2,3,4
NER,Mycobacterium_tuberculosis,4,2,3,2
PRK,Enterococcus_faecium,4,1,3,3
PRK,Staphylococcus_aureus,4,2,4,3
PRK,Klebsiella_pneumoniae,4,2,4,4
PRK,Acinetobacter_baumannii,4,2,3,4
PRK,Pseudomonas_aeruginosa,4,2,3,4
PRK,Enterobacter_cloacae,4,2,4,4
PRK,Neisseria_meningitidis,2,1,1,1
PRK,Listeria_monocytogenes,2,1,1,1
PRK,Corynebacterium_diphtheriae,2,1,1,1
PRK,Bacillus_cereus,2,1,1,1
PRK,Vibrio_cholerae,2,2,1,2
PRK,Neisseria_gonorrhoeae,3,2,2,3
PRK,Treponema_pallidum,2,1,1,1
PRK,Streptococcus_pneumoniae,2,2,1,1
PRK,Leptospira_interrogans,2,1,1,1
PRK,Helicobacter_pylori,2,1,1,1
PRK,Escherichia_coli,4,3,4,4
PRK,Chlamydia_trachomatis,2,1,1,1
PRK,Burkholderia_contaminans,2,2,1,2
PRK,Vibrio_parahaemolyticus,2,2,1,3
PRK,Streptococcus_agalactiae,2,1,1,1
PRK,Streptococcus_suis,2,1,1,1
PRK,Mycobacterium_abscessus,2,1,1,1
PRK,Mycobacterium_massiliense,2,1,1,1
PRK,Mammalicoccus_sciuri,2,1,1,1
PRK,Klebsiella_variicola,4,3,4,4
PRK,Haemophilus_influenzae,2,1,1,1
PRK,Haemophilus_haemolyticus,2,1,1,1
PRK,Haemophilus_parainfluenzae,2,1,1,1
PRK,Enterococcus_faecalis,4,2,3,3
PRK,Dichelobacter_nodosus,2,1,1,1
PRK,Cronobacter_malonaticus,2,2,1,2
PRK,Cronobacter_sakazakii,2,2,1,2
PRK,Clostridium_perfringens,2,2,1,2
PRK,Campylobacter_jejuni,3,2,2,2
PRK,Campylobacter_coli,3,2,2,2
PRK,Burkholderia_pseudomallei,2,2,1,2
PRK,Burkholderia_ambifaria,2,2,1,2
PRK,Burkholderia_cenocepacia,2,2,1,2
PRK,Burkholderia_cepacia,2,2,1,2
PRK,Burkholderia_multivorans,2,2,1,2
PRK,Burkholderia_ubonensis,2,2,1,2
PRK,Bordetella_parapertussis,2,1,1,1
PRK,Acinetobacter_nosocomialis,4,2,3,4
PRK,Acinetobacter_pittii,4,2,3,4
PRK,Listeria_innocua,2,1,1,1
PRK,Cronobacter_turicensis,2,2,1,2
PRK,Clostridium_chauvoei,2,1,1,1
PRK,Borrelia_bavariensis,2,1,1,1
PRK,Salmonella_enterica,4,2,3,3
PRK,Yersinia_enterocolitica,2,2,1,3
PRK,Neisseria_lactamica,2,1,1,1
PRK,Leptospira_borgpetersenii,2,1,1,1
PRK,Burkholderia_vietnamiensis,2,2,1,2
PRK,Streptococcus_uberis,2,1,1,1
PRK,Cronobacter_dublinensis,2,2,1,2
PRK,Chlamydia_abortus,2,1,1,1
PRK,Bordetella_pertussis,2,1,1,1
PRK,Borrelia_garinii,2,1,1,1
PRK,Neisseria_cinerea,2,1,1,1
PRK,Bordetella_bronchiseptica,2,1,1,1
PRK,Mycobacterium_bovis,2,1,1,1
PRK,Shigella_flexneri,4,2,3,4
PRK,Mycobacterium_tuberculosis,4,2,3,2
RWA,Enterococcus_faecium,4,1,3,3
RWA,Staphylococcus_aureus,4,2,4,3
RWA,Klebsiella_pneumoniae,4,2,4,4
RWA,Acinetobacter_baumannii,4,2,3,4
RWA,Pseudomonas_aeruginosa,4,2,3,4
RWA,Enterobacter_cloacae,4,2,4,4
RWA,Neisseria_meningitidis,2,1,1,1
RWA,Listeria_monocytogenes,2,1,1,1
RWA,Corynebacterium_diphtheriae,2,1,1,1
RWA,Bacillus_cereus,2,1,1,1
RWA,Vibrio_cholerae,2,2,1,2
RWA,Neisseria_gonorrhoeae,3,2,2,3
RWA,Treponema_pallidum,2,1,1,1
RWA,Streptococcus_pneumoniae,2,2,1,1
RWA,Leptospira_interrogans,2,1,1,1
RWA,Helicobacter_pylori,2,1,1,1
RWA,Escherichia_coli,4,3,4,4
RWA,Chlamydia_trachomatis,2,1,1,1
RWA,Burkholderia_contaminans,2,2,1,2
RWA,Vibrio_parahaemolyticus,2,2,1,3
RWA,Streptococcus_agalactiae,2,1,1,1
RWA,Streptococcus_suis,2,1,1,1
RWA,Mycobacterium_abscessus,2,1,1,1
RWA,Mycobacterium_massiliense,2,1,1,1
RWA,Mammalicoccus_sciuri,2,1,1,1
RWA,Klebsiella_variicola,4,3,4,4
RWA,Haemophilus_influenzae,2,1,1,1
RWA,Haemophilus_haemolyticus,2,1,1,1
RWA,Haemophilus_parainfluenzae,2,1,1,1
RWA,Enterococcus_faecalis,4,2,3,3
RWA,Dichelobacter_nodosus,2,1,1,1
RWA,Cronobacter_malonaticus,2,2,1,2
RWA,Cronobacter_sakazakii,2,2,1,2
RWA,Clostridium_perfringens,2,2,1,2
RWA,Campylobacter_jejuni,3,2,2,2
RWA,Campylobacter_coli,3,2,2,2
RWA,Burkholderia_pseudomallei,2,2,1,2
RWA,Burkholderia_ambifaria,2,2,1,2
RWA,Burkholderia_cenocepacia,2,2,1,2
RWA,Burkholderia_cepacia,2,2,1,2
RWA,Burkholderia_multivorans,2,2,1,2
RWA,Burkholderia_ubonensis,2,2,1,2
RWA,Bordetella_parapertussis,2,1,1,1
RWA,Acinetobacter_nosocomialis,4,2,3,4
RWA,Acinetobacter_pittii,4,2,3,4
RWA,Listeria_innocua,2,1,1,1
RWA,Cronobacter_turicensis,2,2,1,2
RWA,Clostridium_chauvoei,2,1,1,1
RWA,Borrelia_bavariensis,2,1,1,1
RWA,Salmonella_enterica,4,2,3,3
RWA,Yersinia_enterocolitica,2,2,1,3
RWA,Neisseria_lactamica,2,1,1,1
RWA,Leptospira_borgpetersenii,2,1,1,1
RWA,Burkholderia_vietnamiensis,2,2,1,2
RWA,Streptococcus_uberis,2,1,1,1
RWA,Cronobacter_dublinensis,2,2,1,2
RWA,Chlamydia_abortus,2,1,1,1
RWA,Bordetella_pertussis,2,1,1,1
RWA,Borrelia_garinii,2,1,1,1
RWA,Neisseria_cinerea,2,1,1,1
RWA,Bordetella_bronchiseptica,2,1,1,1
RWA,Mycobacterium_bovis,2,1,1,1
RWA,Shigella_flexneri,4,2,3,4
RWA,Mycobacterium_tuberculosis,4,2,3,2
SLE,Enterococcus_faecium,4,1,3,3
SLE,Staphylococcus_aureus,4,2,4,3
SLE,Klebsiella_pneumoniae,4,2,4,4
SLE,Acinetobacter_baumannii,4,2,3,4
SLE,Pseudomonas_aeruginosa,4,2,3,4
SLE,Enterobacter_cloacae,4,2,4,4
SLE,Neisseria_meningitidis,2,1,1,1
SLE,Listeria_monocytogenes,2,1,1,1
SLE,Corynebacterium_diphtheriae,2,1,1,1
SLE,Bacillus_cereus,2,1,1,1
SLE,Vibrio_cholerae,2,2,1,2
SLE,Neisseria_gonorrhoeae,3,2,2,3
SLE,Treponema_pallidum,2,1,1,1
SLE,Streptococcus_pneumoniae,2,2,1,1
SLE,Leptospira_interrogans,2,1,1,1
SLE,Helicobacter_pylori,2,1,1,1
SLE,Escherichia_coli,4,3,4,4
SLE,Chlamydia_trachomatis,2,1,1,1
SLE,Burkholderia_contaminans,2,2,1,2
SLE,Vibrio_parahaemolyticus,2,2,1,3
SLE,Streptococcus_agalactiae,2,1,1,1
SLE,Streptococcus_suis,2,1,1,1
SLE,Mycobacterium_abscessus,2,1,1,1
SLE,Mycobacterium_massiliense,2,1,1,1
SLE,Mammalicoccus_sciuri,2,1,1,1
SLE,Klebsiella_variicola,4,3,4,4
SLE,Haemophilus_influenzae,2,1,1,1
SLE,Haemophilus_haemolyticus,2,1,1,1
SLE,Haemophilus_parainfluenzae,2,1,1,1
SLE,Enterococcus_faecalis,4,2,3,3
SLE,Dichelobacter_nodosus,2,1,1,1
SLE,Cronobacter_malonaticus,2,2,1,2
SLE,Cronobacter_sakazakii,2,2,1,2
SLE,Clostridium_perfringens,2,2,1,2
SLE,Campylobacter_jejuni,3,2,2,2
SLE,Campylobacter_coli,3,2,2,2
SLE,Burkholderia_pseudomallei,2,2,1,2
SLE,Burkholderia_ambifaria,2,2,1,2
SLE,Burkholderia_cenocepacia,2,2,1,2
SLE,Burkholderia_cepacia,2,2,1,2
SLE,Burkholderia_multivorans,2,2,1,2
SLE,Burkholderia_ubonensis,2,2,1,2
SLE,Bordetella_parapertussis,2,1,1,1
SLE,Acinetobacter_nosocomialis,4,2,3,4
SLE,Acinetobacter_pittii,4,2,3,4
SLE,Listeria_innocua,2,1,1,1
SLE,Cronobacter_turicensis,2,2,1,2
SLE,Clostridium_chauvoei,2,1,1,1
SLE,Borrelia_bavariensis,2,1,1,1
SLE,Salmonella_enterica,4,2,3,3
SLE,Yersinia_enterocolitica,2,2,1,3
SLE,Neisseria_lactamica,2,1,1,1
SLE,Leptospira_borgpetersenii,2,1,1,1
SLE,Burkholderia_vietnamiensis,2,2,1,2
SLE,Streptococcus_uberis,2,1,1,1
SLE,Cronobacter_dublinensis,2,2,1,2
SLE,Chlamydia_abortus,2,1,1,1
SLE,Bordetella_pertussis,2,1,1,1
SLE,Borrelia_garinii,2,1,1,1
SLE,Neisseria_cinerea,2,1,1,1
SLE,Bordetella_bronchiseptica,2,1,1,1
SLE,Mycobacterium_bovis,2,1,1,1
SLE,Shigella_flexneri,4,2,3,4
SLE,Mycobacterium_tuberculosis,4,2,3,2
SOM,Enterococcus_faecium,4,1,3,3
SOM,Staphylococcus_aureus,4,2,4,3
SOM,Klebsiella_pneumoniae,4,2,4,4
SOM,Acinetobacter_baumannii,4,2,3,4
SOM,Pseudomonas_aeruginosa,4,2,3,4
SOM,Enterobacter_cloacae,4,2,4,4
SOM,Neisseria_meningitidis,2,1,1,1
SOM,Listeria_monocytogenes,2,1,1,1
SOM,Corynebacterium_diphtheriae,2,1,1,1
SOM,Bacillus_cereus,2,1,1,1
SOM,Vibrio_cholerae,2,2,1,2
SOM,Neisseria_gonorrhoeae,3,2,2,3
SOM,Treponema_pallidum,2,1,1,1
SOM,Streptococcus_pneumoniae,2,2,1,1
SOM,Leptospira_interrogans,2,1,1,1
SOM,Helicobacter_pylori,2,1,1,1
SOM,Escherichia_coli,4,3,4,4
SOM,Chlamydia_trachomatis,2,1,1,1
SOM,Burkholderia_contaminans,2,2,1,2
SOM,Vibrio_parahaemolyticus,2,2,1,3
SOM,Streptococcus_agalactiae,2,1,1,1
SOM,Streptococcus_suis,2,1,1,1
SOM,Mycobacterium_abscessus,2,1,1,1
SOM,Mycobacterium_massiliense,2,1,1,1
SOM,Mammalicoccus_sciuri,2,1,1,1
SOM,Klebsiella_variicola,4,3,4,4
SOM,Haemophilus_influenzae,2,1,1,1
SOM,Haemophilus_haemolyticus,2,1,1,1
SOM,Haemophilus_parainfluenzae,2,1,1,1
SOM,Enterococcus_faecalis,4,2,3,3
SOM,Dichelobacter_nodosus,2,1,1,1
SOM,Cronobacter_malonaticus,2,2,1,2
SOM,Cronobacter_sakazakii,2,2,1,2
SOM,Clostridium_perfringens,2,2,1,2
SOM,Campylobacter_jejuni,3,2,2,2
SOM,Campylobacter_coli,3,2,2,2
SOM,Burkholderia_pseudomallei,2,2,1,2
SOM,Burkholderia_ambifaria,2,2,1,2
SOM,Burkholderia_cenocepacia,2,2,1,2
SOM,Burkholderia_cepacia,2,2,1,2
SOM,Burkholderia_multivorans,2,2,1,2
SOM,Burkholderia_ubonensis,2,2,1,2
SOM,Bordetella_parapertussis,2,1,1,1
SOM,Acinetobacter_nosocomialis,4,2,3,4
SOM,Acinetobacter_pittii,4,2,3,4
SOM,Listeria_innocua,2,1,1,1
SOM,Cronobacter_turicensis,2,2,1,2
SOM,Clostridium_chauvoei,2,1,1,1
SOM,Borrelia_bavariensis,2,1,1,1
SOM,Salmonella_enterica,4,2,3,3
SOM,Yersinia_enterocolitica,2,2,1,3
SOM,Neisseria_lactamica,2,1,1,1
SOM,Leptospira_borgpetersenii,2,1,1,1
SOM,Burkholderia_vietnamiensis,2,2,1,2
SOM,Streptococcus_uberis,2,1,1,1
SOM,Cronobacter_dublinensis,2,2,1,2
SOM,Chlamydia_abortus,2,1,1,1
SOM,Bordetella_pertussis,2,1,1,1
SOM,Borrelia_garinii,2,1,1,1
SOM,Neisseria_cinerea,2,1,1,1
SOM,Bordetella_bronchiseptica,2,1,1,1
SOM,Mycobacterium_bovis,2,1,1,1
SOM,Shigella_flexneri,4,2,3,4
SOM,Mycobacterium_tuberculosis,4,2,3,2
SSD,Enterococcus_faecium,4,1,3,3
SSD,Staphylococcus_aureus,4,2,4,3
SSD,Klebsiella_pneumoniae,4,2,4,4
SSD,Acinetobacter_baumannii,4,2,3,4
SSD,Pseudomonas_aeruginosa,4,2,3,4
SSD,Enterobacter_cloacae,4,2,4,4
SSD,Neisseria_meningitidis,2,1,1,1
SSD,Listeria_monocytogenes,2,1,1,1
SSD,Corynebacterium_diphtheriae,2,1,1,1
SSD,Bacillus_cereus,2,1,1,1
SSD,Vibrio_cholerae,2,2,1,2
SSD,Neisseria_gonorrhoeae,3,2,2,3
SSD,Treponema_pallidum,2,1,1,1
SSD,Streptococcus_pneumoniae,2,2,1,1
SSD,Leptospira_interrogans,2,1,1,1
SSD,Helicobacter_pylori,2,1,1,1
SSD,Escherichia_coli,4,3,4,4
SSD,Chlamydia_trachomatis,2,1,1,1
SSD,Burkholderia_contaminans,2,2,1,2
SSD,Vibrio_parahaemolyticus,2,2,1,3
SSD,Streptococcus_agalactiae,2,1,1,1
SSD,Streptococcus_suis,2,1,1,1
SSD,Mycobacterium_abscessus,2,1,1,1
SSD,Mycobacterium_massiliense,2,1,1,1
SSD,Mammalicoccus_sciuri,2,1,1,1
SSD,Klebsiella_variicola,4,3,4,4
SSD,Haemophilus_influenzae,2,1,1,1
SSD,Haemophilus_haemolyticus,2,1,1,1
SSD,Haemophilus_parainfluenzae,2,1,1,1
SSD,Enterococcus_faecalis,4,2,3,3
SSD,Dichelobacter_nodosus,2,1,1,1
SSD,Cronobacter_malonaticus,2,2,1,2
SSD,Cronobacter_sakazakii,2,2,1,2
SSD,Clostridium_perfringens,2,2,1,2
SSD,Campylobacter_jejuni,3,2,2,2
SSD,Campylobacter_coli,3,2,2,2
SSD,Burkholderia_pseudomallei,2,2,1,2
SSD,Burkholderia_ambifaria,2,2,1,2
SSD,Burkholderia_cenocepacia,2,2,1,2
SSD,Burkholderia_cepacia,2,2,1,2
SSD,Burkholderia_multivorans,2,2,1,2
SSD,Burkholderia_ubonensis,2,2,1,2
SSD,Bordetella_parapertussis,2,1,1,1
SSD,Acinetobacter_nosocomialis,4,2,3,4
SSD,Acinetobacter_pittii,4,2,3,4
SSD,Listeria_innocua,2,1,1,1
SSD,Cronobacter_turicensis,2,2,1,2
SSD,Clostridium_chauvoei,2,1,1,1
SSD,Borrelia_bavariensis,2,1,1,1
SSD,Salmonella_enterica,4,2,3,3
SSD,Yersinia_enterocolitica,2,2,1,3
SSD,Neisseria_lactamica,2,1,1,1
SSD,Leptospira_borgpetersenii,2,1,1,1
SSD,Burkholderia_vietnamiensis,2,2,1,2
SSD,Streptococcus_uberis,2,1,1,1
SSD,Cronobacter_dublinensis,2,2,1,2
SSD,Chlamydia_abortus,2,1,1,1
SSD,Bordetella_pertussis,2,1,1,1
SSD,Borrelia_garinii,2,1,1,1
SSD,Neisseria_cinerea,2,1,1,1
SSD,Bordetella_bronchiseptica,2,1,1,1
SSD,Mycobacterium_bovis,2,1,1,1
SSD,Shigella_flexneri,4,2,3,4
SSD,Mycobacterium_tuberculosis,4,2,3,2
SDN,Enterococcus_faecium,4,1,3,3
SDN,Staphylococcus_aureus,4,2,4,3
SDN,Klebsiella_pneumoniae,4,2,4,4
SDN,Acinetobacter_baumannii,4,2,3,4
SDN,Pseudomonas_aeruginosa,4,2,3,4
SDN,Enterobacter_cloacae,4,2,4,4
SDN,Neisseria_meningitidis,2,1,1,1
SDN,Listeria_monocytogenes,2,1,1,1
SDN,Corynebacterium_diphtheriae,2,1,1,1
SDN,Bacillus_cereus,2,1,1,1
SDN,Vibrio_cholerae,2,2,1,2
SDN,Neisseria_gonorrhoeae,3,2,2,3
SDN,Treponema_pallidum,2,1,1,1
SDN,Streptococcus_pneumoniae,2,2,1,1
SDN,Leptospira_interrogans,2,1,1,1
SDN,Helicobacter_pylori,2,1,1,1
SDN,Escherichia_coli,4,3,4,4
SDN,Chlamydia_trachomatis,2,1,1,1
SDN,Burkholderia_contaminans,2,2,1,2
SDN,Vibrio_parahaemolyticus,2,2,1,3
SDN,Streptococcus_agalactiae,2,1,1,1
SDN,Streptococcus_suis,2,1,1,1
SDN,Mycobacterium_abscessus,2,1,1,1
SDN,Mycobacterium_massiliense,2,1,1,1
SDN,Mammalicoccus_sciuri,2,1,1,1
SDN,Klebsiella_variicola,4,3,4,4
SDN,Haemophilus_influenzae,2,1,1,1
SDN,Haemophilus_haemolyticus,2,1,1,1
SDN,Haemophilus_parainfluenzae,2,1,1,1
SDN,Enterococcus_faecalis,4,2,3,3
SDN,Dichelobacter_nodosus,2,1,1,1
SDN,Cronobacter_malonaticus,2,2,1,2
SDN,Cronobacter_sakazakii,2,2,1,2
SDN,Clostridium_perfringens,2,2,1,2
SDN,Campylobacter_jejuni,3,2,2,2
SDN,Campylobacter_coli,3,2,2,2
SDN,Burkholderia_pseudomallei,2,2,1,2
SDN,Burkholderia_ambifaria,2,2,1,2
SDN,Burkholderia_cenocepacia,2,2,1,2
SDN,Burkholderia_cepacia,2,2,1,2
SDN,Burkholderia_multivorans,2,2,1,2
SDN,Burkholderia_ubonensis,2,2,1,2
SDN,Bordetella_parapertussis,2,1,1,1
SDN,Acinetobacter_nosocomialis,4,2,3,4
SDN,Acinetobacter_pittii,4,2,3,4
SDN,Listeria_innocua,2,1,1,1
SDN,Cronobacter_turicensis,2,2,1,2
SDN,Clostridium_chauvoei,2,1,1,1
SDN,Borrelia_bavariensis,2,1,1,1
SDN,Salmonella_enterica,4,2,3,3
SDN,Yersinia_enterocolitica,2,2,1,3
SDN,Neisseria_lactamica,2,1,1,1
SDN,Leptospira_borgpetersenii,2,1,1,1
SDN,Burkholderia_vietnamiensis,2,2,1,2
SDN,Streptococcus_uberis,2,1,1,1
SDN,Cronobacter_dublinensis,2,2,1,2
SDN,Chlamydia_abortus,2,1,1,1
SDN,Bordetella_pertussis,2,1,1,1
SDN,Borrelia_garinii,2,1,1,1
SDN,Neisseria_cinerea,2,1,1,1
SDN,Bordetella_bronchiseptica,2,1,1,1
SDN,Mycobacterium_bovis,2,1,1,1
SDN,Shigella_flexneri,4,2,3,4
SDN,Mycobacterium_tuberculosis,4,2,3,2
SYR,Enterococcus_faecium,4,1,3,3
SYR,Staphylococcus_aureus,4,2,4,3
SYR,Klebsiella_pneumoniae,4,2,4,4
SYR,Acinetobacter_baumannii,4,2,3,4
SYR,Pseudomonas_aeruginosa,4,2,3,4
SYR,Enterobacter_cloacae,4,2,4,4
SYR,Neisseria_meningitidis,2,1,1,1
SYR,Listeria_monocytogenes,2,1,1,1
SYR,Corynebacterium_diphtheriae,2,1,1,1
SYR,Bacillus_cereus,2,1,1,1
SYR,Vibrio_cholerae,2,2,1,2
SYR,Neisseria_gonorrhoeae,3,2,2,3
SYR,Treponema_pallidum,2,1,1,1
SYR,Streptococcus_pneumoniae,2,2,1,1
SYR,Leptospira_interrogans,2,1,1,1
SYR,Helicobacter_pylori,2,1,1,1
SYR,Escherichia_coli,4,3,4,4
SYR,Chlamydia_trachomatis,2,1,1,1
SYR,Burkholderia_contaminans,2,2,1,2
SYR,Vibrio_parahaemolyticus,2,2,1,3
SYR,Streptococcus_agalactiae,2,1,1,1
SYR,Streptococcus_suis,2,1,1,1
SYR,Mycobacterium_abscessus,2,1,1,1
SYR,Mycobacterium_massiliense,2,1,1,1
SYR,Mammalicoccus_sciuri,2,1,1,1
SYR,Klebsiella_variicola,4,3,4,4
SYR,Haemophilus_influenzae,2,1,1,1
SYR,Haemophilus_haemolyticus,2,1,1,1
SYR,Haemophilus_parainfluenzae,2,1,1,1
SYR,Enterococcus_faecalis,4,2,3,3
SYR,Dichelobacter_nodosus,2,1,1,1
SYR,Cronobacter_malonaticus,2,2,1,2
SYR,Cronobacter_sakazakii,2,2,1,2
SYR,Clostridium_perfringens,2,2,1,2
SYR,Campylobacter_jejuni,3,2,2,2
SYR,Campylobacter_coli,3,2,2,2
SYR,Burkholderia_pseudomallei,2,2,1,2
SYR,Burkholderia_ambifaria,2,2,1,2
SYR,Burkholderia_cenocepacia,2,2,1,2
SYR,Burkholderia_cepacia,2,2,1,2
SYR,Burkholderia_multivorans,2,2,1,2
SYR,Burkholderia_ubonensis,2,2,1,2
SYR,Bordetella_parapertussis,2,1,1,1
SYR,Acinetobacter_nosocomialis,4,2,3,4
SYR,Acinetobacter_pittii,4,2,3,4
SYR,Listeria_innocua,2,1,1,1
SYR,Cronobacter_turicensis,2,2,1,2
SYR,Clostridium_chauvoei,2,1,1,1
SYR,Borrelia_bavariensis,2,1,1,1
SYR,Salmonella_enterica,4,2,3,3
SYR,Yersinia_enterocolitica,2,2,1,3
SYR,Neisseria_lactamica,2,1,1,1
SYR,Leptospira_borgpetersenii,2,1,1,1
SYR,Burkholderia_vietnamiensis,2,2,1,2
SYR,Streptococcus_uberis,2,1,1,1
SYR,Cronobacter_dublinensis,2,2,1,2
SYR,Chlamydia_abortus,2,1,1,1
SYR,Bordetella_pertussis,2,1,1,1
SYR,Borrelia_garinii,2,1,1,1
SYR,Neisseria_cinerea,2,1,1,1
SYR,Bordetella_bronchiseptica,2,1,1,1
SYR,Mycobacterium_bovis,2,1,1,1
SYR,Shigella_flexneri,4,2,3,4
SYR,Mycobacterium_tuberculosis,4,2,3,2
TGO,Enterococcus_faecium,4,1,3,3
TGO,Staphylococcus_aureus,4,2,4,3
TGO,Klebsiella_pneumoniae,4,2,4,4
TGO,Acinetobacter_baumannii,4,2,3,4
TGO,Pseudomonas_aeruginosa,4,2,3,4
TGO,Enterobacter_cloacae,4,2,4,4
TGO,Neisseria_meningitidis,2,1,1,1
TGO,Listeria_monocytogenes,2,1,1,1
TGO,Corynebacterium_diphtheriae,2,1,1,1
TGO,Bacillus_cereus,2,1,1,1
TGO,Vibrio_cholerae,2,2,1,2
TGO,Neisseria_gonorrhoeae,3,2,2,3
TGO,Treponema_pallidum,2,1,1,1
TGO,Streptococcus_pneumoniae,2,2,1,1
TGO,Leptospira_interrogans,2,1,1,1
TGO,Helicobacter_pylori,2,1,1,1
TGO,Escherichia_coli,4,3,4,4
TGO,Chlamydia_trachomatis,2,1,1,1
TGO,Burkholderia_contaminans,2,2,1,2
TGO,Vibrio_parahaemolyticus,2,2,1,3
TGO,Streptococcus_agalactiae,2,1,1,1
TGO,Streptococcus_suis,2,1,1,1
TGO,Mycobacterium_abscessus,2,1,1,1
TGO,Mycobacterium_massiliense,2,1,1,1
TGO,Mammalicoccus_sciuri,2,1,1,1
TGO,Klebsiella_variicola,4,3,4,4
TGO,Haemophilus_influenzae,2,1,1,1
TGO,Haemophilus_haemolyticus,2,1,1,1
TGO,Haemophilus_parainfluenzae,2,1,1,1
TGO,Enterococcus_faecalis,4,2,3,3
TGO,Dichelobacter_nodosus,2,1,1,1
TGO,Cronobacter_malonaticus,2,2,1,2
TGO,Cronobacter_sakazakii,2,2,1,2
TGO,Clostridium_perfringens,2,2,1,2
TGO,Campylobacter_jejuni,3,2,2,2
TGO,Campylobacter_coli,3,2,2,2
TGO,Burkholderia_pseudomallei,2,2,1,2
TGO,Burkholderia_ambifaria,2,2,1,2
TGO,Burkholderia_cenocepacia,2,2,1,2
TGO,Burkholderia_cepacia,2,2,1,2
TGO,Burkholderia_multivorans,2,2,1,2
TGO,Burkholderia_ubonensis,2,2,1,2
TGO,Bordetella_parapertussis,2,1,1,1
TGO,Acinetobacter_nosocomialis,4,2,3,4
TGO,Acinetobacter_pittii,4,2,3,4
TGO,Listeria_innocua,2,1,1,1
TGO,Cronobacter_turicensis,2,2,1,2
TGO,Clostridium_chauvoei,2,1,1,1
TGO,Borrelia_bavariensis,2,1,1,1
TGO,Salmonella_enterica,4,2,3,3
TGO,Yersinia_enterocolitica,2,2,1,3
TGO,Neisseria_lactamica,2,1,1,1
TGO,Leptospira_borgpetersenii,2,1,1,1
TGO,Burkholderia_vietnamiensis,2,2,1,2
TGO,Streptococcus_uberis,2,1,1,1
TGO,Cronobacter_dublinensis,2,2,1,2
TGO,Chlamydia_abortus,2,1,1,1
TGO,Bordetella_pertussis,2,1,1,1
TGO,Borrelia_garinii,2,1,1,1
TGO,Neisseria_cinerea,2,1,1,1
TGO,Bordetella_bronchiseptica,2,1,1,1
TGO,Mycobacterium_bovis,2,1,1,1
TGO,Shigella_flexneri,4,2,3,4
TGO,Mycobacterium_tuberculosis,4,2,3,2
UGA,Enterococcus_faecium,4,1,3,3
UGA,Staphylococcus_aureus,4,2,4,3
UGA,Klebsiella_pneumoniae,4,2,4,4
UGA,Acinetobacter_baumannii,4,2,3,4
UGA,Pseudomonas_aeruginosa,4,2,3,4
UGA,Enterobacter_cloacae,4,2,4,4
UGA,Neisseria_meningitidis,2,1,1,1
UGA,Listeria_monocytogenes,2,1,1,1
UGA,Corynebacterium_diphtheriae,2,1,1,1
UGA,Bacillus_cereus,2,1,1,1
UGA,Vibrio_cholerae,2,2,1,2
UGA,Neisseria_gonorrhoeae,3,3,2,3
UGA,Treponema_pallidum,2,1,1,1
UGA,Streptococcus_pneumoniae,2,2,1,1
UGA,Leptospira_interrogans,2,1,1,1
UGA,Helicobacter_pylori,2,1,1,1
UGA,Escherichia_coli,4,3,4,4
UGA,Chlamydia_trachomatis,2,1,1,1
UGA,Burkholderia_contaminans,2,2,1,2
UGA,Vibrio_parahaemolyticus,2,2,1,3
UGA,Streptococcus_agalactiae,2,1,1,1
UGA,Streptococcus_suis,2,1,1,1
UGA,Mycobacterium_abscessus,2,1,1,1
UGA,Mycobacterium_massiliense,2,1,1,1
UGA,Mammalicoccus_sciuri,2,1,1,1
UGA,Klebsiella_variicola,4,3,4,4
UGA,Haemophilus_influenzae,2,1,1,1
UGA,Haemophilus_haemolyticus,2,1,1,1
UGA,Haemophilus_parainfluenzae,2,1,1,1
UGA,Enterococcus_faecalis,4,2,3,3
UGA,Dichelobacter_nodosus,2,1,1,1
UGA,Cronobacter_malonaticus,2,2,1,2
UGA,Cronobacter_sakazakii,2,2,1,2
UGA,Clostridium_perfringens,2,2,1,2
UGA,Campylobacter_jejuni,3,2,2,2
UGA,Campylobacter_coli,3,2,2,2
UGA,Burkholderia_pseudomallei,2,2,1,2
UGA,Burkholderia_ambifaria,2,2,1,2
UGA,Burkholderia_cenocepacia,2,2,1,2
UGA,Burkholderia_cepacia,2,2,1,2
UGA,Burkholderia_multivorans,2,2,1,2
UGA,Burkholderia_ubonensis,2,2,1,2
UGA,Bordetella_parapertussis,2,1,1,1
UGA,Acinetobacter_nosocomialis,4,2,3,4
UGA,Acinetobacter_pittii,4,2,3,4
UGA,Listeria_innocua,2,1,1,1
UGA,Cronobacter_turicensis,2,2,1,2
UGA,Clostridium_chauvoei,2,1,1,1
UGA,Borrelia_bavariensis,2,1,1,1
UGA,Salmonella_enterica,4,2,3,3
UGA,Yersinia_enterocolitica,2,2,1,3
UGA,Neisseria_lactamica,2,1,1,1
UGA,Leptospira_borgpetersenii,2,1,1,1
UGA,Burkholderia_vietnamiensis,2,2,1,2
UGA,Streptococcus_uberis,2,1,1,1
UGA,Cronobacter_dublinensis,2,2,1,2
UGA,Chlamydia_abortus,2,1,1,1
UGA,Bordetella_pertussis,2,1,1,1
UGA,Borrelia_garinii,2,1,1,1
UGA,Neisseria_cinerea,2,1,1,1
UGA,Bordetella_bronchiseptica,2,1,1,1
UGA,Mycobacterium_bovis,2,1,1,1
UGA,Shigella_flexneri,4,2,3,4
UGA,Mycobacterium_tuberculosis,4,2,3,2
YEM,Enterococcus_faecium,4,1,3,3
YEM,Staphylococcus_aureus,4,2,4,3
YEM,Klebsiella_pneumoniae,4,2,4,4
YEM,Acinetobacter_baumannii,4,2,3,4
YEM,Pseudomonas_aeruginosa,4,2,3,4
YEM,Enterobacter_cloacae,4,2,4,4
YEM,Neisseria_meningitidis,2,1,1,1
YEM,Listeria_monocytogenes,2,1,1,1
YEM,Corynebacterium_diphtheriae,2,1,1,1
YEM,Bacillus_cereus,2,1,1,1
YEM,Vibrio_cholerae,2,2,1,2
YEM,Neisseria_gonorrhoeae,3,2,2,3
YEM,Treponema_pallidum,2,1,1,1
YEM,Streptococcus_pneumoniae,2,2,1,1
YEM,Leptospira_interrogans,2,1,1,1
YEM,Helicobacter_pylori,2,1,1,1
YEM,Escherichia_coli,4,3,4,4
YEM,Chlamydia_trachomatis,2,1,1,1
YEM,Burkholderia_contaminans,2,2,1,2
YEM,Vibrio_parahaemolyticus,2,2,1,3
YEM,Streptococcus_agalactiae,2,1,1,1
YEM,Streptococcus_suis,2,1,1,1
YEM,Mycobacterium_abscessus,2,1,1,1
YEM,Mycobacterium_massiliense,2,1,1,1
YEM,Mammalicoccus_sciuri,2,1,1,1
YEM,Klebsiella_variicola,4,3,4,4
YEM,Haemophilus_influenzae,2,1,1,1
YEM,Haemophilus_haemolyticus,2,1,1,1
YEM,Haemophilus_parainfluenzae,2,1,1,1
YEM,Enterococcus_faecalis,4,2,3,3
YEM,Dichelobacter_nodosus,2,1,1,1
YEM,Cronobacter_malonaticus,2,2,1,2
YEM,Cronobacter_sakazakii,2,2,1,2
YEM,Clostridium_perfringens,2,2,1,2
YEM,Campylobacter_jejuni,3,2,2,2
YEM,Campylobacter_coli,3,2,2,2
YEM,Burkholderia_pseudomallei,2,2,1,2
YEM,Burkholderia_ambifaria,2,2,1,2
YEM,Burkholderia_cenocepacia,2,2,1,2
YEM,Burkholderia_cepacia,2,2,1,2
YEM,Burkholderia_multivorans,2,2,1,2
YEM,Burkholderia_ubonensis,2,2,1,2
YEM,Bordetella_parapertussis,2,1,1,1
YEM,Acinetobacter_nosocomialis,4,2,3,4
YEM,Acinetobacter_pittii,4,2,3,4
YEM,Listeria_innocua,2,1,1,1
YEM,Cronobacter_turicensis,2,2,1,2
YEM,Clostridium_chauvoei,2,1,1,1
YEM,Borrelia_bavariensis,2,1,1,1
YEM,Salmonella_enterica,4,2,3,3
YEM,Yersinia_enterocolitica,2,2,1,3
YEM,Neisseria_lactamica,2,1,1,1
YEM,Leptospira_borgpetersenii,2,1,1,1
YEM,Burkholderia_vietnamiensis,2,2,1,2
YEM,Streptococcus_uberis,2,1,1,1
YEM,Cronobacter_dublinensis,2,2,1,2
YEM,Chlamydia_abortus,2,1,1,1
YEM,Bordetella_pertussis,2,1,1,1
YEM,Borrelia_garinii,2,1,1,1
YEM,Neisseria_cinerea,2,1,1,1
YEM,Bordetella_bronchiseptica,2,1,1,1
YEM,Mycobacterium_bovis,2,1,1,1
YEM,Shigella_flexneri,4,2,3,4
YEM,Mycobacterium_tuberculosis,4,2,3,2